도,시군,품목,작기,농가명,조사일자,개체번호,초장,엽장,엽폭,줄기굵기
경북,성주,참외,1,1,2019-01-23,1,,13.2,12.6,5.1
경북,성주,참외,1,1,2019-01-23,2,,15.5,12.9,5.4
경북,성주,참외,1,1,2019-01-23,3,,14.5,12.6,6.4
경북,성주,참외,1,1,2019-01-23,4,,13.9,12.1,5.7
경북,성주,참외,1,1,2019-01-30,1,,15.5,13.8,5.4
경북,성주,참외,1,1,2019-01-30,2,,12.5,11.4,5.9
경북,성주,참외,1,1,2019-01-30,3,,14.4,11.9,6.2
경북,성주,참외,1,1,2019-01-30,4,,13.8,15.2,4.7
경북,성주,참외,1,1,2019-02-08,1,,14.9,15.2,5.5
경북,성주,참외,1,1,2019-02-08,2,,13.2,11.2,6.0
경북,성주,참외,1,1,2019-02-08,3,,13.7,12.9,5.1
경북,성주,참외,1,1,2019-02-08,4,,14.2,12.8,5.7
경북,성주,참외,1,1,2019-02-13,1,,15.2,14.8,5.3
경북,성주,참외,1,1,2019-02-13,2,,11.2,10.6,6.2
경북,성주,참외,1,1,2019-02-13,3,,11.6,10.4,6.1
경북,성주,참외,1,1,2019-02-13,4,,13.5,12.4,6.2
경북,성주,참외,1,1,2019-02-20,1,,14.7,14.4,5.2
경북,성주,참외,1,1,2019-02-20,2,,13.8,11.2,5.3
경북,성주,참외,1,1,2019-02-20,3,,13.7,12.4,6.2
경북,성주,참외,1,1,2019-02-20,4,,12.8,11.4,5.9
경북,성주,참외,1,1,2019-02-27,1,,14.7,14.8,5.4
경북,성주,참외,1,1,2019-02-27,2,,13.4,12.4,5.5
경북,성주,참외,1,1,2019-02-27,3,,13.8,12.1,5.2
경북,성주,참외,1,1,2019-02-27,4,,10.6,9.5,5.8
경북,성주,참외,1,1,2019-03-07,1,,13.9,11.4,3.7
경북,성주,참외,1,1,2019-03-07,2,,10.9,11.2,4.3
경북,성주,참외,1,1,2019-03-07,3,,12.4,13.1,4.7
경북,성주,참외,1,1,2019-03-07,4,,12.4,12.6,4.5
경북,성주,참외,1,1,2019-03-13,1,,8.6,8.2,3.6
경북,성주,참외,1,1,2019-03-13,2,,10.0,9.1,4.4
경북,성주,참외,1,1,2019-03-13,3,,8.4,8.3,4.2
경북,성주,참외,1,1,2019-03-13,4,,9.1,8.5,4.4
경북,성주,참외,1,1,2019-03-21,1,,9.8,8.1,4.5
경북,성주,참외,1,1,2019-03-21,2,,10.4,9.5,5.0
경북,성주,참외,1,1,2019-03-21,3,,10.0,9.0,4.2
경북,성주,참외,1,1,2019-03-21,4,,10.6,9.3,4.4
경북,성주,참외,1,1,2019-03-28,1,,10.5,8.9,3.8
경북,성주,참외,1,1,2019-03-28,2,,10.3,9.4,4.1
경북,성주,참외,1,1,2019-03-28,3,,11.0,9.6,4.4
경북,성주,참외,1,1,2019-03-28,4,,10.0,8.6,4.5
경북,성주,참외,1,1,2019-04-04,1,,9.4,7.6,4.5
경북,성주,참외,1,1,2019-04-04,2,,8.9,7.2,3.9
경북,성주,참외,1,1,2019-04-04,3,,10.8,10.1,4.4
경북,성주,참외,1,1,2019-04-04,4,,9.7,8.3,4.0
경북,성주,참외,1,1,2019-04-11,1,,10.3,8.7,4.8
경북,성주,참외,1,1,2019-04-11,2,,9.2,8.7,4.6
경북,성주,참외,1,1,2019-04-11,3,,9.4,9.4,4.4
경북,성주,참외,1,1,2019-04-11,4,,10.2,9.9,4.5
경북,성주,참외,1,1,2019-04-18,1,,13.8,12.3,4.8
경북,성주,참외,1,1,2019-04-18,2,,12.9,11.6,4.7
경북,성주,참외,1,1,2019-04-18,3,,11.4,9.2,4.9
경북,성주,참외,1,1,2019-04-18,4,,10.2,9.2,5.0
경북,성주,참외,1,1,2019-04-24,1,,11.6,10.5,4.5
경북,성주,참외,1,1,2019-04-24,2,,12.2,11.0,4.8
경북,성주,참외,1,1,2019-04-24,3,,13.1,10.8,4.9
경북,성주,참외,1,1,2019-04-24,4,,11.9,11.2,5.0
경북,성주,참외,1,1,2019-05-03,1,,11.1,11.0,4.7
경북,성주,참외,1,1,2019-05-03,2,,11.0,9.8,5.4
경북,성주,참외,1,1,2019-05-03,3,,11.5,11.5,4.7
경북,성주,참외,1,1,2019-05-03,4,,10.1,9.5,4.3
경북,성주,참외,1,1,2019-05-09,1,,10.7,9.4,5.0
경북,성주,참외,1,1,2019-05-09,2,,10.6,10.2,5.1
경북,성주,참외,1,1,2019-05-09,3,,10.3,9.6,4.4
경북,성주,참외,1,1,2019-05-09,4,,9.5,9.4,4.6
경북,성주,참외,1,1,2019-05-15,1,,7.6,7.3,3.9
경북,성주,참외,1,1,2019-05-15,2,,8.1,9.1,4.8
경북,성주,참외,1,1,2019-05-15,3,,9.2,8.8,4.7
경북,성주,참외,1,1,2019-05-15,4,,9.6,9.2,4.4
경북,성주,참외,1,1,2019-05-22,1,,8.3,8.4,4.2
경북,성주,참외,1,1,2019-05-22,2,,7.7,7.2,5.4
경북,성주,참외,1,1,2019-05-22,3,,8.2,8.3,3.4
경북,성주,참외,1,1,2019-05-22,4,,10.2,9.4,4.5
경북,성주,참외,1,1,2019-05-29,1,,7.2,9.0,4.7
경북,성주,참외,1,1,2019-05-29,2,,6.6,9.1,3.9
경북,성주,참외,1,1,2019-05-29,3,,7.4,8.5,4.4
경북,성주,참외,1,1,2019-05-29,4,,7.4,8.1,5.1
경북,성주,참외,1,1,2019-06-05,1,,9.3,9.6,4.1
경북,성주,참외,1,1,2019-06-05,2,,8.6,9.0,3.7
경북,성주,참외,1,1,2019-06-05,3,,7.7,8.0,3.3
경북,성주,참외,1,1,2019-06-05,4,,8.5,7.8,3.1
경북,성주,참외,1,1,2019-06-13,1,,7.6,7.7,4.7
경북,성주,참외,1,1,2019-06-13,2,,8.8,8.2,4.5
경북,성주,참외,1,1,2019-06-13,3,,9.1,9.0,5.2
경북,성주,참외,1,1,2019-06-13,4,,9.8,9.7,4.4
경북,성주,참외,1,1,2019-06-19,1,,8.7,7.9,4.5
경북,성주,참외,1,1,2019-06-19,2,,6.8,7.2,4.8
경북,성주,참외,1,1,2019-06-19,3,,8.8,8.4,5.1
경북,성주,참외,1,1,2019-06-19,4,,7.6,8.1,5.1
경북,성주,참외,1,1,2019-06-26,1,,8.9,7.6,4.9
경북,성주,참외,1,1,2019-06-26,2,,8.1,8.2,5.5
경북,성주,참외,1,1,2019-06-26,3,,8.9,8.1,4.9
경북,성주,참외,1,1,2019-06-26,4,,10.2,9.1,4.8
경북,성주,참외,1,1,2019-07-03,1,,,,
경북,성주,참외,1,1,2019-07-03,2,,,,
경북,성주,참외,1,1,2019-07-03,3,,,,
경북,성주,참외,1,1,2019-07-03,4,,,,
경북,성주,참외,1,3,2019-01-24,1,126.0,11.9,11.5,3.9
경북,성주,참외,1,3,2019-01-24,2,114.3,12.3,11.6,4.2
경북,성주,참외,1,3,2019-01-24,3,116.3,12.2,12.6,4.1
경북,성주,참외,1,3,2019-01-24,4,103.5,11.5,12.6,4.2
경북,성주,참외,1,3,2019-01-30,1,128.3,13.5,13.2,4.1
경북,성주,참외,1,3,2019-01-30,2,134.2,14.0,13.9,4.5
경북,성주,참외,1,3,2019-01-30,3,139.4,14.1,12.9,4.5
경북,성주,참외,1,3,2019-01-30,4,136.8,13.8,12.3,4.6
경북,성주,참외,1,3,2019-02-08,1,228.3,16.3,14.7,5.1
경북,성주,참외,1,3,2019-02-08,2,221.6,15.8,13.4,5.3
경북,성주,참외,1,3,2019-02-08,3,210.8,15.7,14.1,5.6
경북,성주,참외,1,3,2019-02-08,4,203.3,16.5,13.8,5.1
경북,성주,참외,1,3,2019-02-13,1,,15.2,13.0,5.2
경북,성주,참외,1,3,2019-02-13,2,,16.0,14.2,5.2
경북,성주,참외,1,3,2019-02-13,3,,15.9,14.1,5.2
경북,성주,참외,1,3,2019-02-13,4,,16.1,13.1,5.7
경북,성주,참외,1,3,2019-02-20,1,,15.1,13.3,5.4
경북,성주,참외,1,3,2019-02-20,2,,15.3,12.7,5.4
경북,성주,참외,1,3,2019-02-20,3,,14.7,14.0,5.0
경북,성주,참외,1,3,2019-02-20,4,,16.1,14.6,4.9
경북,성주,참외,1,3,2019-02-27,1,,16.8,13.2,5.5
경북,성주,참외,1,3,2019-02-27,2,,17.2,14.1,5.6
경북,성주,참외,1,3,2019-02-27,3,,17.6,14.6,5.4
경북,성주,참외,1,3,2019-02-27,4,,15.9,13.2,5.2
경북,성주,참외,1,3,2019-03-07,1,,15.3,13.0,5.1
경북,성주,참외,1,3,2019-03-07,2,,15.2,13.2,5.4
경북,성주,참외,1,3,2019-03-07,3,,14.7,13.5,5.0
경북,성주,참외,1,3,2019-03-07,4,,15.8,14.2,5.2
경북,성주,참외,1,3,2019-03-13,1,,13.8,11.4,5.0
경북,성주,참외,1,3,2019-03-13,2,,17.0,14.2,5.2
경북,성주,참외,1,3,2019-03-13,3,,16.8,15.3,5.7
경북,성주,참외,1,3,2019-03-13,4,,16.4,13.2,4.9
경북,성주,참외,1,3,2019-03-20,1,,15.8,13.8,4.8
경북,성주,참외,1,3,2019-03-20,2,,15.5,13.1,5.0
경북,성주,참외,1,3,2019-03-20,3,,16.1,13.2,4.9
경북,성주,참외,1,3,2019-03-20,4,,15.3,13.1,5.2
경북,성주,참외,1,3,2019-03-27,1,,14.2,12.0,4.7
경북,성주,참외,1,3,2019-03-27,2,,13.8,11.5,5.1
경북,성주,참외,1,3,2019-03-27,3,,14.6,12.3,5.0
경북,성주,참외,1,3,2019-03-27,4,,14.7,12.9,5.5
경북,성주,참외,1,3,2019-04-03,1,,14.3,13.2,4.9
경북,성주,참외,1,3,2019-04-03,2,,15.1,13.8,5.3
경북,성주,참외,1,3,2019-04-03,3,,14.6,12.8,6.0
경북,성주,참외,1,3,2019-04-03,4,,14.3,13.2,5.5
경북,성주,참외,1,3,2019-04-10,1,,15.3,13.2,5.8
경북,성주,참외,1,3,2019-04-10,2,,13.2,11.5,5.0
경북,성주,참외,1,3,2019-04-10,3,,14.6,12.7,5.2
경북,성주,참외,1,3,2019-04-10,4,,14.7,13.0,5.5
경북,성주,참외,1,3,2019-04-17,1,,16.2,13.9,5.0
경북,성주,참외,1,3,2019-04-17,2,,16.1,14.1,5.5
경북,성주,참외,1,3,2019-04-17,3,,15.1,14.2,5.4
경북,성주,참외,1,3,2019-04-17,4,,17.4,15.1,5.3
경북,성주,참외,1,3,2019-04-23,1,,14.4,12.6,5.5
경북,성주,참외,1,3,2019-04-23,2,,15.4,13.6,5.4
경북,성주,참외,1,3,2019-04-23,3,,15.3,13.3,5.6
경북,성주,참외,1,3,2019-04-23,4,,15.6,13.9,6.0
경북,성주,참외,1,3,2019-05-02,1,,12.0,9.2,5.7
경북,성주,참외,1,3,2019-05-02,2,,13.6,12.8,5.8
경북,성주,참외,1,3,2019-05-02,3,,12.1,11.6,5.5
경북,성주,참외,1,3,2019-05-02,4,,13.5,11.3,6.0
경북,성주,참외,1,3,2019-05-08,1,,15.9,15.3,5.0
경북,성주,참외,1,3,2019-05-08,2,,15.0,14.0,5.1
경북,성주,참외,1,3,2019-05-08,3,,14.2,13.1,5.7
경북,성주,참외,1,3,2019-05-08,4,,16.8,14.9,5.5
경북,성주,참외,1,3,2019-05-15,1,,14.5,11.7,6.0
경북,성주,참외,1,3,2019-05-15,2,,13.6,11.0,5.2
경북,성주,참외,1,3,2019-05-15,3,,14.4,12.7,5.5
경북,성주,참외,1,3,2019-05-15,4,,13.2,12.9,5.7
경북,성주,참외,1,3,2019-05-22,1,,12.6,10.1,5.7
경북,성주,참외,1,3,2019-05-22,2,,13.2,12.4,5.7
경북,성주,참외,1,3,2019-05-22,3,,13.4,12.3,6.1
경북,성주,참외,1,3,2019-05-22,4,,15.0,12.8,6.0
경북,성주,참외,1,3,2019-05-29,1,,11.4,9.9,5.5
경북,성주,참외,1,3,2019-05-29,2,,10.1,10.2,5.7
경북,성주,참외,1,3,2019-05-29,3,,10.1,8.4,6.2
경북,성주,참외,1,3,2019-05-29,4,,11.7,10.1,6.6
경북,성주,참외,1,3,2019-06-07,1,,12.5,10.3,6.1
경북,성주,참외,1,3,2019-06-07,2,,11.2,11.0,6.3
경북,성주,참외,1,3,2019-06-07,3,,10.1,10.1,4.9
경북,성주,참외,1,3,2019-06-07,4,,12.0,11.2,5.5
경북,성주,참외,1,3,2019-06-13,1,,11.3,10.5,5.8
경북,성주,참외,1,3,2019-06-13,2,,12.3,11.0,5.2
경북,성주,참외,1,3,2019-06-13,3,,10.3,9.7,6.1
경북,성주,참외,1,3,2019-06-13,4,,9.8,8.2,5.9
경북,성주,참외,1,3,2019-06-19,1,,10.2,9.7,5.6
경북,성주,참외,1,3,2019-06-19,2,,10.8,9.9,5.5
경북,성주,참외,1,3,2019-06-19,3,,10.3,10.0,5.4
경북,성주,참외,1,3,2019-06-19,4,,9.7,8.5,6.0
경북,성주,참외,1,3,2019-06-26,1,,10.8,10.0,5.6
경북,성주,참외,1,3,2019-06-26,2,,11.3,10.3,5.5
경북,성주,참외,1,3,2019-06-26,3,,10.9,10.7,5.7
경북,성주,참외,1,3,2019-06-26,4,,10.1,8.6,5.6
경북,성주,참외,1,3,2019-07-03,1,,11.4,10.4,4.9
경북,성주,참외,1,3,2019-07-03,2,,12.8,10.6,4.8
경북,성주,참외,1,3,2019-07-03,3,,12.1,10.9,5.1
경북,성주,참외,1,3,2019-07-03,4,,10.5,8.8,5.6
경북,성주,참외,1,3,2019-07-10,1,,11.8,9.6,5.2
경북,성주,참외,1,3,2019-07-10,2,,13.4,10.3,5.3
경북,성주,참외,1,3,2019-07-10,3,,12.8,10.6,4.9
경북,성주,참외,1,3,2019-07-10,4,,10.9,9.7,4.7
경북,성주,참외,1,4,2018-12-19,1,59.2,9.2,7.8,3.9
경북,성주,참외,1,4,2018-12-19,2,57.5,9.5,10.5,
경북,성주,참외,1,4,2018-12-19,3,37.5,8.2,8.5,
경북,성주,참외,1,4,2018-12-19,4,65.5,9.2,10.0,4.3
경북,성주,참외,1,4,2018-12-26,1,55.9,6.3,6.8,2.3
경북,성주,참외,1,4,2018-12-26,2,105.5,8.5,9.1,
경북,성주,참외,1,4,2018-12-26,3,68.1,9.0,9.2,3.1
경북,성주,참외,1,4,2018-12-26,4,71.0,8.1,8.9,1.9
경북,성주,참외,1,4,2019-01-03,1,118.4,13.0,11.5,4.5
경북,성주,참외,1,4,2019-01-03,2,141.3,13.3,11.9,3.2
경북,성주,참외,1,4,2019-01-03,3,139.0,13.2,12.0,2.7
경북,성주,참외,1,4,2019-01-03,4,102.1,12.2,11.9,3.6
경북,성주,참외,1,4,2019-01-08,1,117.6,12.5,12.5,4.3
경북,성주,참외,1,4,2019-01-08,2,,14.6,14.2,5.6
경북,성주,참외,1,4,2019-01-08,3,133.4,13.4,12.0,4.3
경북,성주,참외,1,4,2019-01-08,4,136.6,14.2,13.4,4.8
경북,성주,참외,1,4,2019-01-15,1,,15.3,14.1,6.7
경북,성주,참외,1,4,2019-01-15,2,,14.1,11.6,6.0
경북,성주,참외,1,4,2019-01-15,3,,15.1,13.6,5.3
경북,성주,참외,1,4,2019-01-15,4,,15.4,14.0,6.1
경북,성주,참외,1,4,2019-01-22,1,,14.1,12.3,5.2
경북,성주,참외,1,4,2019-01-22,2,,16.9,14.1,5.4
경북,성주,참외,1,4,2019-01-22,3,,13.9,12.5,5.2
경북,성주,참외,1,4,2019-01-22,4,,13.6,12.1,5.3
경북,성주,참외,1,4,2019-01-29,1,,15.3,14.5,6.4
경북,성주,참외,1,4,2019-01-29,2,,15.6,14.6,5.8
경북,성주,참외,1,4,2019-01-29,3,,15.6,14.2,6.3
경북,성주,참외,1,4,2019-01-29,4,,16.8,14.1,5.4
경북,성주,참외,1,4,2019-02-07,1,,15.4,15.6,6.1
경북,성주,참외,1,4,2019-02-07,2,,16.1,14.4,6.1
경북,성주,참외,1,4,2019-02-07,3,,15.9,13.2,5.6
경북,성주,참외,1,4,2019-02-07,4,,16.2,15.0,5.5
경북,성주,참외,1,4,2019-02-12,1,,13.3,13.1,6.0
경북,성주,참외,1,4,2019-02-12,2,,17.4,14.1,6.1
경북,성주,참외,1,4,2019-02-12,3,,15.2,14.3,5.4
경북,성주,참외,1,4,2019-02-12,4,,16.0,13.4,5.6
경북,성주,참외,1,4,2019-02-19,1,,16.1,14.5,6.1
경북,성주,참외,1,4,2019-02-19,2,,16.3,14.7,5.9
경북,성주,참외,1,4,2019-02-19,3,,16.0,13.5,6.0
경북,성주,참외,1,4,2019-02-19,4,,14.7,13.6,6.2
경북,성주,참외,1,4,2019-02-26,1,,15.2,13.2,6.0
경북,성주,참외,1,4,2019-02-26,2,,15.6,13.1,5.9
경북,성주,참외,1,4,2019-02-26,3,,15.8,14.1,5.8
경북,성주,참외,1,4,2019-02-26,4,,16.4,15.3,6.0
경북,성주,참외,1,4,2019-03-04,1,,13.5,12.8,6.1
경북,성주,참외,1,4,2019-03-04,2,,13.2,11.8,5.8
경북,성주,참외,1,4,2019-03-04,3,,15.1,12.8,5.7
경북,성주,참외,1,4,2019-03-04,4,,15.2,11.9,5.9
경북,성주,참외,1,4,2019-03-12,1,,14.1,13.8,5.7
경북,성주,참외,1,4,2019-03-12,2,,12.3,11.2,5.9
경북,성주,참외,1,4,2019-03-12,3,,13.1,11.9,6.0
경북,성주,참외,1,4,2019-03-12,4,,12.6,11.5,6.1
경북,성주,참외,1,4,2019-03-19,1,,12.3,11.4,5.8
경북,성주,참외,1,4,2019-03-19,2,,12.5,10.5,5.8
경북,성주,참외,1,4,2019-03-19,3,,13.1,11.8,5.9
경북,성주,참외,1,4,2019-03-19,4,,12.1,10.4,6.2
경북,성주,참외,1,4,2019-03-26,1,,11.9,11.1,5.6
경북,성주,참외,1,4,2019-03-26,2,,11.3,10.1,6.0
경북,성주,참외,1,4,2019-03-26,3,,12.6,11.3,5.7
경북,성주,참외,1,4,2019-03-26,4,,13.6,12.4,5.9
경북,성주,참외,1,4,2019-04-02,1,,12.8,10.7,5.9
경북,성주,참외,1,4,2019-04-02,2,,11.8,10.7,5.5
경북,성주,참외,1,4,2019-04-02,3,,11.0,9.8,5.9
경북,성주,참외,1,4,2019-04-02,4,,12.1,10.6,4.5
경북,성주,참외,1,4,2019-04-09,1,,11.3,9.4,5.5
경북,성주,참외,1,4,2019-04-09,2,,12.2,10.1,5.6
경북,성주,참외,1,4,2019-04-09,3,,12.4,10.9,5.5
경북,성주,참외,1,4,2019-04-09,4,,11.4,10.8,5.4
경북,성주,참외,1,4,2019-04-16,1,,9.1,8.7,5.2
경북,성주,참외,1,4,2019-04-16,2,,10.1,8.9,5.3
경북,성주,참외,1,4,2019-04-16,3,,9.7,8.2,5.0
경북,성주,참외,1,4,2019-04-16,4,,8.6,6.3,5.5
경북,성주,참외,1,4,2019-04-22,1,,10.1,9.5,4.9
경북,성주,참외,1,4,2019-04-22,2,,11.9,8.6,5.3
경북,성주,참외,1,4,2019-04-22,3,,12.6,11.5,5.1
경북,성주,참외,1,4,2019-04-22,4,,10.9,9.7,5.5
경북,성주,참외,1,4,2019-04-30,1,,9.4,9.1,4.4
경북,성주,참외,1,4,2019-04-30,2,,11.0,10.7,4.8
경북,성주,참외,1,4,2019-04-30,3,,10.5,9.8,4.7
경북,성주,참외,1,4,2019-04-30,4,,10.2,10.1,5.0
경북,성주,참외,1,4,2019-05-07,1,,12.0,11.0,4.6
경북,성주,참외,1,4,2019-05-07,2,,10.5,10.0,6.1
경북,성주,참외,1,4,2019-05-07,3,,9.7,9.1,5.2
경북,성주,참외,1,4,2019-05-07,4,,10.1,9.4,4.9
경북,성주,참외,1,4,2019-05-14,1,,9.2,8.8,4.4
경북,성주,참외,1,4,2019-05-14,2,,10.5,9.5,4.7
경북,성주,참외,1,4,2019-05-14,3,,10.8,9.9,4.9
경북,성주,참외,1,4,2019-05-14,4,,10.5,9.2,4.8
경북,성주,참외,1,4,2019-05-21,1,,11.4,10.2,6.1
경북,성주,참외,1,4,2019-05-21,2,,8.6,7.7,5.8
경북,성주,참외,1,4,2019-05-21,3,,9.9,9.5,5.3
경북,성주,참외,1,4,2019-05-21,4,,10.2,8.8,5.5
경북,성주,참외,1,4,2019-05-28,1,,9.4,8.0,5.5
경북,성주,참외,1,4,2019-05-28,2,,8.8,8.1,5.6
경북,성주,참외,1,4,2019-05-28,3,,8.4,7.9,5.2
경북,성주,참외,1,4,2019-05-28,4,,8.8,7.6,6.0
경북,성주,참외,1,4,2019-06-05,1,,11.2,10.7,6.0
경북,성주,참외,1,4,2019-06-05,2,,10.6,9.2,6.3
경북,성주,참외,1,4,2019-06-05,3,,9.4,8.2,6.5
경북,성주,참외,1,4,2019-06-05,4,,10.6,10.1,5.2
경북,성주,참외,1,4,2019-06-12,1,,8.2,7.2,5.4
경북,성주,참외,1,4,2019-06-12,2,,9.1,8.7,5.2
경북,성주,참외,1,4,2019-06-12,3,,8.4,6.9,5.1
경북,성주,참외,1,4,2019-06-12,4,,8.6,7.0,5.3
경북,성주,참외,1,4,2019-06-18,1,,8.8,8.1,5.5
경북,성주,참외,1,4,2019-06-18,2,,9.3,9.1,5.4
경북,성주,참외,1,4,2019-06-18,3,,10.1,10.0,4.8
경북,성주,참외,1,4,2019-06-18,4,,8.8,8.0,5.6
경북,성주,참외,1,4,2019-06-25,1,,8.9,8.4,5.7
경북,성주,참외,1,4,2019-06-25,2,,9.5,9.5,5.5
경북,성주,참외,1,4,2019-06-25,3,,10.8,10.9,5.2
경북,성주,참외,1,4,2019-06-25,4,,8.7,8.1,5.8
경북,성주,참외,1,4,2019-07-02,1,,9.2,8.8,5.9
경북,성주,참외,1,4,2019-07-02,2,,9.7,9.7,5.7
경북,성주,참외,1,4,2019-07-02,3,,11.3,11.1,5.5
경북,성주,참외,1,4,2019-07-02,4,,8.9,8.7,5.7
경북,성주,참외,1,4,2019-07-09,1,,9.5,9.3,5.7
경북,성주,참외,1,4,2019-07-09,2,,10.2,10.5,5.2
경북,성주,참외,1,4,2019-07-09,3,,11.8,12.7,5.4
경북,성주,참외,1,4,2019-07-09,4,,9.4,9.8,5.6
경북,성주,참외,1,5,2019-01-23,1,,16.1,14.1,2.6
경북,성주,참외,1,5,2019-01-23,2,,17.8,15.3,3.6
경북,성주,참외,1,5,2019-01-23,3,,16.8,15.0,3.6
경북,성주,참외,1,5,2019-01-23,4,,15.5,15.4,2.5
경북,성주,참외,1,5,2019-01-30,1,,17.6,12.6,6.5
경북,성주,참외,1,5,2019-01-30,2,,18.2,14.3,6.1
경북,성주,참외,1,5,2019-01-30,3,,18.1,15.5,6.5
경북,성주,참외,1,5,2019-01-30,4,,18.8,14.9,6.3
경북,성주,참외,1,5,2019-02-08,1,,16.1,13.5,5.4
경북,성주,참외,1,5,2019-02-08,2,,14.0,13.1,4.5
경북,성주,참외,1,5,2019-02-08,3,,16.0,14.5,4.2
경북,성주,참외,1,5,2019-02-08,4,,14.6,14.6,5.3
경북,성주,참외,1,5,2019-02-13,1,,14.2,12.8,6.5
경북,성주,참외,1,5,2019-02-13,2,,14.6,12.8,6.5
경북,성주,참외,1,5,2019-02-13,3,,14.8,14.0,7.7
경북,성주,참외,1,5,2019-02-13,4,,14.5,13.8,5.7
경북,성주,참외,1,5,2019-02-20,1,,16.1,15.1,4.9
경북,성주,참외,1,5,2019-02-20,2,,11.5,9.8,6.2
경북,성주,참외,1,5,2019-02-20,3,,15.5,14.2,6.5
경북,성주,참외,1,5,2019-02-20,4,,14.8,13.2,6.6
경북,성주,참외,1,5,2019-02-27,1,,11.8,10.6,6.2
경북,성주,참외,1,5,2019-02-27,2,,11.5,8.9,5.6
경북,성주,참외,1,5,2019-02-27,3,,9.6,8.8,4.8
경북,성주,참외,1,5,2019-02-27,4,,10.8,9.3,4.4
경북,성주,참외,1,5,2019-03-07,1,,11.3,10.9,4.3
경북,성주,참외,1,5,2019-03-07,2,,12.6,10.4,4.3
경북,성주,참외,1,5,2019-03-07,3,,13.2,9.6,4.2
경북,성주,참외,1,5,2019-03-07,4,,7.9,8.1,3.5
경북,성주,참외,1,5,2019-03-13,1,,10.6,10.5,4.6
경북,성주,참외,1,5,2019-03-13,2,,11.8,10.2,3.8
경북,성주,참외,1,5,2019-03-13,3,,9.6,8.8,4.6
경북,성주,참외,1,5,2019-03-13,4,,9.9,9.0,4.4
경북,성주,참외,1,5,2019-03-21,1,,12.8,11.0,5.1
경북,성주,참외,1,5,2019-03-21,2,,12.2,11.2,5.0
경북,성주,참외,1,5,2019-03-21,3,,11.8,10.1,4.8
경북,성주,참외,1,5,2019-03-21,4,,12.0,10.8,5.0
경북,성주,참외,1,5,2019-03-28,1,,11.9,10.5,5.3
경북,성주,참외,1,5,2019-03-28,2,,10.8,10.0,4.7
경북,성주,참외,1,5,2019-03-28,3,,11.1,10.5,4.4
경북,성주,참외,1,5,2019-03-28,4,,12.2,10.9,4.8
경북,성주,참외,1,5,2019-04-04,1,,11.5,10.4,5.1
경북,성주,참외,1,5,2019-04-04,2,,11.6,9.8,5.3
경북,성주,참외,1,5,2019-04-04,3,,10.8,9.4,5.0
경북,성주,참외,1,5,2019-04-04,4,,11.2,9.7,4.8
경북,성주,참외,1,5,2019-04-11,1,,13.5,11.7,4.4
경북,성주,참외,1,5,2019-04-11,2,,12.1,10.9,4.6
경북,성주,참외,1,5,2019-04-11,3,,12.3,10.7,4.8
경북,성주,참외,1,5,2019-04-11,4,,12.3,9.6,4.8
경북,성주,참외,1,5,2019-04-18,1,,14.6,13.1,4.6
경북,성주,참외,1,5,2019-04-18,2,,13.9,11.3,4.5
경북,성주,참외,1,5,2019-04-18,3,,13.7,12.4,4.4
경북,성주,참외,1,5,2019-04-18,4,,12.8,11.4,4.5
경북,성주,참외,1,5,2019-04-24,1,,12.3,11.6,4.8
경북,성주,참외,1,5,2019-04-24,2,,13.7,12.7,5.1
경북,성주,참외,1,5,2019-04-24,3,,11.8,10.1,4.4
경북,성주,참외,1,5,2019-04-24,4,,14.0,12.9,4.7
경북,성주,참외,1,5,2019-05-03,1,,10.5,9.4,3.8
경북,성주,참외,1,5,2019-05-03,2,,9.8,9.3,4.5
경북,성주,참외,1,5,2019-05-03,3,,9.6,9.2,4.6
경북,성주,참외,1,5,2019-05-03,4,,9.2,8.8,4.0
경북,성주,참외,1,5,2019-05-09,1,,10.4,9.2,4.2
경북,성주,참외,1,5,2019-05-09,2,,10.1,8.5,4.4
경북,성주,참외,1,5,2019-05-09,3,,10.5,8.5,4.6
경북,성주,참외,1,5,2019-05-09,4,,12.6,10.1,4.2
경북,성주,참외,1,5,2019-05-15,1,,10.5,10.3,4.5
경북,성주,참외,1,5,2019-05-15,2,,8.7,8.4,4.7
경북,성주,참외,1,5,2019-05-15,3,,9.3,8.7,4.9
경북,성주,참외,1,5,2019-05-15,4,,9.3,8.6,5.1
경북,성주,참외,1,5,2019-05-22,1,,9.4,9.1,4.6
경북,성주,참외,1,5,2019-05-22,2,,8.6,9.0,5.3
경북,성주,참외,1,5,2019-05-22,3,,8.7,8.5,3.2
경북,성주,참외,1,5,2019-05-22,4,,8.6,7.8,5.1
경북,성주,참외,1,5,2019-05-29,1,,9.4,9.4,4.7
경북,성주,참외,1,5,2019-05-29,2,,7.5,8.4,4.6
경북,성주,참외,1,5,2019-05-29,3,,10.5,10.4,5.3
경북,성주,참외,1,5,2019-05-29,4,,6.6,8.1,5.2
경북,성주,참외,1,5,2019-06-05,1,,8.6,10.1,4.6
경북,성주,참외,1,5,2019-06-05,2,,8.7,8.6,5.2
경북,성주,참외,1,5,2019-06-05,3,,9.4,8.6,3.2
경북,성주,참외,1,5,2019-06-05,4,,10.4,9.6,3.9
경북,성주,참외,1,5,2019-06-13,1,,9.4,9.2,4.5
경북,성주,참외,1,5,2019-06-13,2,,8.7,9.0,5.1
경북,성주,참외,1,5,2019-06-13,3,,8.5,8.3,4.7
경북,성주,참외,1,5,2019-06-13,4,,8.1,8.2,4.7
경북,성주,참외,1,5,2019-06-19,1,,9.1,9.6,4.7
경북,성주,참외,1,5,2019-06-19,2,,8.6,9.4,4.4
경북,성주,참외,1,5,2019-06-19,3,,7.7,7.8,5.1
경북,성주,참외,1,5,2019-06-19,4,,8.6,7.8,3.8
경북,성주,참외,1,5,2019-06-26,1,,9.3,9.7,4.9
경북,성주,참외,1,5,2019-06-26,2,,8.6,9.1,4.8
경북,성주,참외,1,5,2019-06-26,3,,7.2,7.6,5.5
경북,성주,참외,1,5,2019-06-26,4,,8.4,7.8,5.1
경북,성주,참외,1,5,2019-07-03,1,,9.5,8.9,5.5
경북,성주,참외,1,5,2019-07-03,2,,10.3,8.2,5.0
경북,성주,참외,1,5,2019-07-03,3,,9.5,9.0,5.2
경북,성주,참외,1,5,2019-07-03,4,,9.5,9.1,6.3
경북,성주,참외,1,5,2019-07-09,1,,9.4,9.2,5.0
경북,성주,참외,1,5,2019-07-09,2,,10.1,9.3,4.8
경북,성주,참외,1,5,2019-07-09,3,,9.5,9.1,4.9
경북,성주,참외,1,5,2019-07-09,4,,10.2,9.0,5.2
경북,성주,참외,1,6,2019-01-04,1,,16.0,14.5,5.6
경북,성주,참외,1,6,2019-01-04,2,120.5,14.7,13.3,5.2
경북,성주,참외,1,6,2019-01-04,3,102.8,14.2,12.2,0.0
경북,성주,참외,1,6,2019-01-04,4,78.6,18.9,10.0,4.4
경북,성주,참외,1,6,2019-01-09,1,,16.9,15.4,5.3
경북,성주,참외,1,6,2019-01-09,2,,18.1,15.2,5.1
경북,성주,참외,1,6,2019-01-09,3,123.6,15.1,13.8,4.9
경북,성주,참외,1,6,2019-01-09,4,96.2,14.3,12.0,4.9
경북,성주,참외,1,6,2019-01-16,1,,14.2,15.1,5.9
경북,성주,참외,1,6,2019-01-16,2,,13.5,11.8,6.1
경북,성주,참외,1,6,2019-01-16,3,,12.4,13.2,6.1
경북,성주,참외,1,6,2019-01-16,4,,13.3,13.0,5.4
경북,성주,참외,1,6,2019-01-23,1,,16.3,14.2,5.8
경북,성주,참외,1,6,2019-01-23,2,,15.8,14.7,5.9
경북,성주,참외,1,6,2019-01-23,3,,13.8,14.6,5.7
경북,성주,참외,1,6,2019-01-23,4,,15.1,12.4,6.3
경북,성주,참외,1,6,2019-01-30,1,,15.4,16.5,6.7
경북,성주,참외,1,6,2019-01-30,2,,17.0,15.8,6.0
경북,성주,참외,1,6,2019-01-30,3,,14.5,15.2,5.7
경북,성주,참외,1,6,2019-01-30,4,,16.4,14.2,6.1
경북,성주,참외,1,6,2019-02-08,1,,17.3,16.3,5.5
경북,성주,참외,1,6,2019-02-08,2,,16.5,16.2,6.2
경북,성주,참외,1,6,2019-02-08,3,,15.3,14.8,5.5
경북,성주,참외,1,6,2019-02-08,4,,15.7,14.2,6.0
경북,성주,참외,1,6,2019-02-13,1,,16.4,15.4,5.5
경북,성주,참외,1,6,2019-02-13,2,,15.5,14.6,5.9
경북,성주,참외,1,6,2019-02-13,3,,15.4,14.2,6.3
경북,성주,참외,1,6,2019-02-13,4,,15.5,14.2,5.2
경북,성주,참외,1,6,2019-02-20,1,,16.4,15.4,5.6
경북,성주,참외,1,6,2019-02-20,2,,15.2,14.8,5.1
경북,성주,참외,1,6,2019-02-20,3,,14.9,14.0,6.0
경북,성주,참외,1,6,2019-02-20,4,,15.3,14.8,5.4
경북,성주,참외,1,6,2019-02-27,1,,13.6,12.4,5.6
경북,성주,참외,1,6,2019-02-27,2,,14.5,13.3,6.4
경북,성주,참외,1,6,2019-02-27,3,,15.1,14.6,6.4
경북,성주,참외,1,6,2019-02-27,4,,14.9,13.2,6.0
경북,성주,참외,1,6,2019-03-07,1,,13.1,11.8,5.8
경북,성주,참외,1,6,2019-03-07,2,,13.6,11.9,6.3
경북,성주,참외,1,6,2019-03-07,3,,14.6,13.7,6.1
경북,성주,참외,1,6,2019-03-07,4,,13.3,12.5,5.7
경북,성주,참외,1,6,2019-03-13,1,,11.2,10.3,5.9
경북,성주,참외,1,6,2019-03-13,2,,10.9,9.2,6.2
경북,성주,참외,1,6,2019-03-13,3,,12.2,10.6,5.9
경북,성주,참외,1,6,2019-03-13,4,,12.5,12.3,5.5
경북,성주,참외,1,6,2019-03-20,1,,11.8,8.4,5.8
경북,성주,참외,1,6,2019-03-20,2,,12.1,9.6,5.9
경북,성주,참외,1,6,2019-03-20,3,,10.9,9.3,6.2
경북,성주,참외,1,6,2019-03-20,4,,11.4,9.8,6.0
경북,성주,참외,1,6,2019-03-27,1,,10.1,9.0,5.0
경북,성주,참외,1,6,2019-03-27,2,,12.4,10.9,5.2
경북,성주,참외,1,6,2019-03-27,3,,10.2,9.8,5.7
경북,성주,참외,1,6,2019-03-27,4,,11.0,9.2,5.7
경북,성주,참외,1,6,2019-04-03,1,,12.4,11.1,5.5
경북,성주,참외,1,6,2019-04-03,2,,13.2,12.4,6.5
경북,성주,참외,1,6,2019-04-03,3,,12.6,11.3,6.0
경북,성주,참외,1,6,2019-04-03,4,,12.8,11.2,6.3
경북,성주,참외,1,6,2019-04-10,1,,11.4,10.3,5.7
경북,성주,참외,1,6,2019-04-10,2,,10.7,9.2,5.7
경북,성주,참외,1,6,2019-04-10,3,,11.4,11.0,6.0
경북,성주,참외,1,6,2019-04-10,4,,12.9,10.1,5.8
경북,성주,참외,1,6,2019-04-17,1,,13.4,12.4,6.3
경북,성주,참외,1,6,2019-04-17,2,,14.9,13.2,5.5
경북,성주,참외,1,6,2019-04-17,3,,12.9,10.2,5.7
경북,성주,참외,1,6,2019-04-17,4,,13.3,11.5,5.8
경북,성주,참외,1,6,2019-04-23,1,,11.2,10.6,6.1
경북,성주,참외,1,6,2019-04-23,2,,13.7,12.7,6.0
경북,성주,참외,1,6,2019-04-23,3,,13.9,12.2,5.9
경북,성주,참외,1,6,2019-04-23,4,,14.0,13.5,6.3
경북,성주,참외,1,6,2019-05-02,1,,9.8,9.4,5.8
경북,성주,참외,1,6,2019-05-02,2,,12.3,10.1,6.1
경북,성주,참외,1,6,2019-05-02,3,,12.2,10.2,5.5
경북,성주,참외,1,6,2019-05-02,4,,10.1,9.4,5.9
경북,성주,참외,1,6,2019-05-08,1,,11.2,10.1,5.5
경북,성주,참외,1,6,2019-05-08,2,,13.7,12.3,5.8
경북,성주,참외,1,6,2019-05-08,3,,12.7,11.4,5.6
경북,성주,참외,1,6,2019-05-08,4,,12.9,12.7,6.0
경북,성주,참외,1,6,2019-05-15,1,,14.2,12.2,6.0
경북,성주,참외,1,6,2019-05-15,2,,15.3,14.4,6.2
경북,성주,참외,1,6,2019-05-15,3,,14.2,13.0,5.8
경북,성주,참외,1,6,2019-05-15,4,,13.4,11.9,5.9
경북,성주,참외,1,6,2019-05-22,1,,14.7,13.1,5.9
경북,성주,참외,1,6,2019-05-22,2,,13.5,11.8,5.7
경북,성주,참외,1,6,2019-05-22,3,,10.6,9.7,6.0
경북,성주,참외,1,6,2019-05-22,4,,13.0,12.4,5.5
경북,성주,참외,1,6,2019-05-29,1,,13.2,12.0,6.1
경북,성주,참외,1,6,2019-05-29,2,,12.1,11.7,6.0
경북,성주,참외,1,6,2019-05-29,3,,11.6,10.2,5.5
경북,성주,참외,1,6,2019-05-29,4,,13.3,10.7,4.9
경북,성주,참외,1,6,2019-06-07,1,,11.0,10.7,5.9
경북,성주,참외,1,6,2019-06-07,2,,10.5,10.4,5.3
경북,성주,참외,1,6,2019-06-07,3,,10.1,9.9,6.1
경북,성주,참외,1,6,2019-06-07,4,,10.1,9.2,6.0
경북,성주,참외,1,6,2019-06-13,1,,10.4,9.6,5.1
경북,성주,참외,1,6,2019-06-13,2,,10.7,10.4,5.5
경북,성주,참외,1,6,2019-06-13,3,,9.2,9.2,5.7
경북,성주,참외,1,6,2019-06-13,4,,9.4,8.1,5.4
경북,성주,참외,1,6,2019-06-19,1,,10.3,9.4,6.1
경북,성주,참외,1,6,2019-06-19,2,,11.3,10.2,6.3
경북,성주,참외,1,6,2019-06-19,3,,10.7,10.0,5.7
경북,성주,참외,1,6,2019-06-19,4,,9.5,9.1,5.4
경북,성주,참외,1,6,2019-06-26,1,,10.5,9.5,6.5
경북,성주,참외,1,6,2019-06-26,2,,11.8,10.8,6.4
경북,성주,참외,1,6,2019-06-26,3,,10.5,9.5,5.8
경북,성주,참외,1,6,2019-06-26,4,,9.7,9.5,5.4
경북,성주,참외,1,6,2019-07-03,1,,11.2,9.9,6.7
경북,성주,참외,1,6,2019-07-03,2,,12.3,11.1,6.5
경북,성주,참외,1,6,2019-07-03,3,,11.3,10.2,6.0
경북,성주,참외,1,6,2019-07-03,4,,10.5,10.3,6.1
경북,성주,참외,1,6,2019-07-10,1,,12.6,10.7,6.5
경북,성주,참외,1,6,2019-07-10,2,,12.8,11.7,6.4
경북,성주,참외,1,6,2019-07-10,3,,11.7,10.6,5.7
경북,성주,참외,1,6,2019-07-10,4,,10.9,10.8,5.6
경북,성주,참외,1,7,2019-01-03,1,33.8,5.9,5.6,
경북,성주,참외,1,7,2019-01-03,2,22.2,5.2,4.9,
경북,성주,참외,1,7,2019-01-03,3,33.4,4.1,4.1,
경북,성주,참외,1,7,2019-01-03,4,27.8,5.3,4.9,
경북,성주,참외,1,7,2019-01-08,1,37.5,6.1,5.3,
경북,성주,참외,1,7,2019-01-08,2,22.5,5.2,5.2,
경북,성주,참외,1,7,2019-01-08,3,29.6,4.5,4.6,
경북,성주,참외,1,7,2019-01-08,4,29.7,5.2,5.0,
경북,성주,참외,1,7,2019-01-15,1,44.6,6.9,6.8,
경북,성주,참외,1,7,2019-01-15,2,26.8,5.9,5.5,
경북,성주,참외,1,7,2019-01-15,3,35.6,4.8,5.4,
경북,성주,참외,1,7,2019-01-15,4,37.2,5.1,5.0,
경북,성주,참외,1,7,2019-01-22,1,66.9,7.8,9.1,
경북,성주,참외,1,7,2019-01-22,2,43.0,7.8,8.9,
경북,성주,참외,1,7,2019-01-22,3,46.1,8.0,8.6,
경북,성주,참외,1,7,2019-01-22,4,59.2,9.2,9.1,
경북,성주,참외,1,7,2019-01-30,1,89.5,12.9,11.8,
경북,성주,참외,1,7,2019-01-30,2,79.8,10.2,10.6,
경북,성주,참외,1,7,2019-01-30,3,87.8,11.9,11.0,
경북,성주,참외,1,7,2019-01-30,4,75.0,13.2,11.5,
경북,성주,참외,1,7,2019-02-08,1,97.1,11.6,12.5,
경북,성주,참외,1,7,2019-02-08,2,104.5,13.2,10.0,
경북,성주,참외,1,7,2019-02-08,3,111.6,12.5,12.4,
경북,성주,참외,1,7,2019-02-08,4,99.7,11.7,13.0,
경북,성주,참외,1,7,2019-02-13,1,,12.0,12.6,
경북,성주,참외,1,7,2019-02-13,2,,14.3,12.5,
경북,성주,참외,1,7,2019-02-13,3,,12.6,11.5,
경북,성주,참외,1,7,2019-02-13,4,,13.3,13.0,
경북,성주,참외,1,7,2019-02-20,1,,12.8,14.0,
경북,성주,참외,1,7,2019-02-20,2,,14.2,13.1,
경북,성주,참외,1,7,2019-02-20,3,,13.3,12.1,
경북,성주,참외,1,7,2019-02-20,4,,13.8,14.0,
경북,성주,참외,1,7,2019-02-27,1,,16.2,15.2,
경북,성주,참외,1,7,2019-02-27,2,,15.7,14.0,
경북,성주,참외,1,7,2019-02-27,3,,14.4,13.1,
경북,성주,참외,1,7,2019-02-27,4,,14.3,12.9,
경북,성주,참외,1,7,2019-03-07,1,,16.5,16.2,
경북,성주,참외,1,7,2019-03-07,2,,16.4,15.8,
경북,성주,참외,1,7,2019-03-07,3,,16.9,16.5,
경북,성주,참외,1,7,2019-03-07,4,,15.9,14.8,
경북,성주,참외,1,7,2019-03-13,1,,15.8,15.4,
경북,성주,참외,1,7,2019-03-13,2,,16.2,16.0,
경북,성주,참외,1,7,2019-03-13,3,,15.9,15.5,
경북,성주,참외,1,7,2019-03-13,4,,16.3,16.1,
경북,성주,참외,1,7,2019-03-20,1,,14.9,14.3,
경북,성주,참외,1,7,2019-03-20,2,,15.3,14.4,
경북,성주,참외,1,7,2019-03-20,3,,16.7,15.2,
경북,성주,참외,1,7,2019-03-20,4,,14.8,13.9,
경북,성주,참외,1,7,2019-03-27,1,,15.3,14.0,
경북,성주,참외,1,7,2019-03-27,2,,16.1,15.8,
경북,성주,참외,1,7,2019-03-27,3,,14.9,12.5,
경북,성주,참외,1,7,2019-03-27,4,,15.0,13.7,
경북,성주,참외,1,7,2019-04-03,1,,13.7,13.2,
경북,성주,참외,1,7,2019-04-03,2,,13.5,13.5,
경북,성주,참외,1,7,2019-04-03,3,,13.7,13.7,
경북,성주,참외,1,7,2019-04-03,4,,14.0,12.3,
경북,성주,참외,1,7,2019-04-10,1,,14.7,13.3,
경북,성주,참외,1,7,2019-04-10,2,,12.9,13.6,
경북,성주,참외,1,7,2019-04-10,3,,13.0,12.7,
경북,성주,참외,1,7,2019-04-10,4,,14.0,12.1,
경북,성주,참외,1,7,2019-04-17,1,,13.4,11.7,
경북,성주,참외,1,7,2019-04-17,2,,14.9,14.2,
경북,성주,참외,1,7,2019-04-17,3,,13.4,14.3,
경북,성주,참외,1,7,2019-04-17,4,,14.3,12.7,
경북,성주,참외,1,7,2019-04-23,1,,14.8,12.6,
경북,성주,참외,1,7,2019-04-23,2,,14.6,15.2,
경북,성주,참외,1,7,2019-04-23,3,,14.0,13.9,
경북,성주,참외,1,7,2019-04-23,4,,14.8,11.6,
경북,성주,참외,1,7,2019-05-03,1,,14.0,12.4,
경북,성주,참외,1,7,2019-05-03,2,,13.6,13.0,
경북,성주,참외,1,7,2019-05-03,3,,13.5,13.3,
경북,성주,참외,1,7,2019-05-03,4,,12.9,11.2,
경북,성주,참외,1,7,2019-05-08,1,,13.7,11.5,
경북,성주,참외,1,7,2019-05-08,2,,13.8,11.6,
경북,성주,참외,1,7,2019-05-08,3,,13.0,11.7,
경북,성주,참외,1,7,2019-05-08,4,,13.0,11.0,
경북,성주,참외,1,7,2019-05-15,1,,11.9,10.0,
경북,성주,참외,1,7,2019-05-15,2,,12.4,10.4,
경북,성주,참외,1,7,2019-05-15,3,,10.7,9.8,
경북,성주,참외,1,7,2019-05-15,4,,11.3,10.6,
경북,성주,참외,1,7,2019-05-22,1,,,,
경북,성주,참외,1,7,2019-05-22,2,,,,
경북,성주,참외,1,7,2019-05-22,3,,,,
경북,성주,참외,1,7,2019-05-22,4,,,,
경북,성주,참외,1,7,2019-05-28,1,,,,
경북,성주,참외,1,7,2019-05-28,2,,,,
경북,성주,참외,1,7,2019-05-28,3,,,,
경북,성주,참외,1,7,2019-05-28,4,,,,
경북,성주,참외,1,7,2019-06-04,1,,,,
경북,성주,참외,1,7,2019-06-04,2,,,,
경북,성주,참외,1,7,2019-06-04,3,,,,
경북,성주,참외,1,7,2019-06-04,4,,,,
경북,성주,참외,1,7,2019-06-11,1,,,,
경북,성주,참외,1,7,2019-06-11,2,,,,
경북,성주,참외,1,7,2019-06-11,3,,,,
경북,성주,참외,1,7,2019-06-11,4,,,,
경북,성주,참외,1,7,2019-06-18,1,,,,
경북,성주,참외,1,7,2019-06-18,2,,,,
경북,성주,참외,1,7,2019-06-18,3,,,,
경북,성주,참외,1,7,2019-06-18,4,,,,
경북,성주,참외,1,7,2019-06-25,1,,,,
경북,성주,참외,1,7,2019-06-25,2,,,,
경북,성주,참외,1,7,2019-06-25,3,,,,
경북,성주,참외,1,7,2019-06-25,4,,,,
경북,성주,참외,1,7,2019-07-02,1,,,,
경북,성주,참외,1,7,2019-07-02,2,,,,
경북,성주,참외,1,7,2019-07-02,3,,,,
경북,성주,참외,1,7,2019-07-02,4,,,,
경북,성주,참외,1,7,2019-07-10,1,,,,
경북,성주,참외,1,7,2019-07-10,2,,,,
경북,성주,참외,1,7,2019-07-10,3,,,,
경북,성주,참외,1,7,2019-07-10,4,,,,
경북,성주,참외,1,8,2018-12-19,1,39.8,10.3,8.9,1.7
경북,성주,참외,1,8,2018-12-19,2,28.6,9.9,8.8,
경북,성주,참외,1,8,2018-12-19,3,29.3,10.2,10.5,
경북,성주,참외,1,8,2018-12-19,4,53.5,10.2,6.5,
경북,성주,참외,1,8,2018-12-26,1,86.8,11.2,10.9,
경북,성주,참외,1,8,2018-12-26,2,75.4,9.0,8.4,
경북,성주,참외,1,8,2018-12-26,3,60.1,9.5,8.3,
경북,성주,참외,1,8,2018-12-26,4,63.5,7.0,8.1,
경북,성주,참외,1,8,2019-01-04,1,120.8,14.0,13.0,
경북,성주,참외,1,8,2019-01-04,2,78.5,14.3,13.3,
경북,성주,참외,1,8,2019-01-04,3,110.0,16.9,14.2,
경북,성주,참외,1,8,2019-01-04,4,135.2,17.2,15.5,
경북,성주,참외,1,8,2019-01-09,1,,17.9,15.6,5.0
경북,성주,참외,1,8,2019-01-09,2,,13.8,15.5,4.5
경북,성주,참외,1,8,2019-01-09,3,,16.9,15.3,5.6
경북,성주,참외,1,8,2019-01-09,4,,17.1,15.5,6.0
경북,성주,참외,1,8,2019-01-16,1,,18.4,14.6,5.9
경북,성주,참외,1,8,2019-01-16,2,,18.1,15.3,5.4
경북,성주,참외,1,8,2019-01-16,3,,16.4,16.8,5.6
경북,성주,참외,1,8,2019-01-16,4,,16.5,14.1,6.2
경북,성주,참외,1,8,2019-01-23,1,,17.4,14.9,5.2
경북,성주,참외,1,8,2019-01-23,2,,18.5,16.9,5.9
경북,성주,참외,1,8,2019-01-23,3,,16.3,15.8,5.5
경북,성주,참외,1,8,2019-01-23,4,,15.5,16.1,6.6
경북,성주,참외,1,8,2019-01-30,1,,19.5,15.6,7.2
경북,성주,참외,1,8,2019-01-30,2,,18.3,15.5,6.5
경북,성주,참외,1,8,2019-01-30,3,,8.4,16.5,5.2
경북,성주,참외,1,8,2019-01-30,4,,17.2,16.4,5.2
경북,성주,참외,1,8,2019-02-08,1,,17.2,15.6,5.6
경북,성주,참외,1,8,2019-02-08,2,,17.1,15.4,5.6
경북,성주,참외,1,8,2019-02-08,3,,17.4,17.2,5.4
경북,성주,참외,1,8,2019-02-08,4,,18.2,17.6,5.3
경북,성주,참외,1,8,2019-02-13,1,,18.1,15.0,5.8
경북,성주,참외,1,8,2019-02-13,2,,18.2,18.0,6.0
경북,성주,참외,1,8,2019-02-13,3,,17.2,16.3,5.7
경북,성주,참외,1,8,2019-02-13,4,,18.6,17.2,5.5
경북,성주,참외,1,8,2019-02-20,1,,16.1,14.3,5.4
경북,성주,참외,1,8,2019-02-20,2,,17.1,15.8,6.2
경북,성주,참외,1,8,2019-02-20,3,,16.4,15.6,5.8
경북,성주,참외,1,8,2019-02-20,4,,15.7,13.6,5.4
경북,성주,참외,1,8,2019-02-27,1,,14.5,13.3,5.1
경북,성주,참외,1,8,2019-02-27,2,,13.4,12.6,5.7
경북,성주,참외,1,8,2019-02-27,3,,14.9,12.5,5.5
경북,성주,참외,1,8,2019-02-27,4,,15.1,12.9,5.6
경북,성주,참외,1,8,2019-03-07,1,,13.8,11.2,5.2
경북,성주,참외,1,8,2019-03-07,2,,14.3,12.0,5.5
경북,성주,참외,1,8,2019-03-07,3,,14.6,12.2,5.4
경북,성주,참외,1,8,2019-03-07,4,,14.3,11.8,6.0
경북,성주,참외,1,8,2019-03-13,1,,13.0,12.0,5.3
경북,성주,참외,1,8,2019-03-13,2,,13.2,10.3,5.0
경북,성주,참외,1,8,2019-03-13,3,,12.9,10.6,6.4
경북,성주,참외,1,8,2019-03-13,4,,13.5,11.9,6.1
경북,성주,참외,1,8,2019-03-20,1,,12.5,11.4,5.5
경북,성주,참외,1,8,2019-03-20,2,,12.1,10.7,5.7
경북,성주,참외,1,8,2019-03-20,3,,12.8,10.6,5.8
경북,성주,참외,1,8,2019-03-20,4,,13.1,12.0,5.5
경북,성주,참외,1,8,2019-03-27,1,,13.9,11.0,5.5
경북,성주,참외,1,8,2019-03-27,2,,13.8,11.2,5.9
경북,성주,참외,1,8,2019-03-27,3,,14.0,11.6,6.0
경북,성주,참외,1,8,2019-03-27,4,,13.0,12.0,6.1
경북,성주,참외,1,8,2019-04-03,1,,12.6,10.5,4.8
경북,성주,참외,1,8,2019-04-03,2,,13.6,10.8,5.2
경북,성주,참외,1,8,2019-04-03,3,,13.1,11.1,4.8
경북,성주,참외,1,8,2019-04-03,4,,13.4,12.2,4.7
경북,성주,참외,1,8,2019-04-10,1,,13.2,11.9,4.8
경북,성주,참외,1,8,2019-04-10,2,,14.3,12.3,4.4
경북,성주,참외,1,8,2019-04-10,3,,13.9,11.3,4.7
경북,성주,참외,1,8,2019-04-10,4,,12.2,10.2,5.0
경북,성주,참외,1,8,2019-04-17,1,,13.5,11.8,5.2
경북,성주,참외,1,8,2019-04-17,2,,11.6,10.2,5.0
경북,성주,참외,1,8,2019-04-17,3,,12.4,10.4,5.3
경북,성주,참외,1,8,2019-04-17,4,,13.2,11.8,4.8
경북,성주,참외,1,8,2019-04-23,1,,12.3,10.7,5.0
경북,성주,참외,1,8,2019-04-23,2,,13.8,13.8,4.8
경북,성주,참외,1,8,2019-04-23,3,,11.1,9.2,4.9
경북,성주,참외,1,8,2019-04-23,4,,12.5,10.6,5.2
경북,성주,참외,1,8,2019-05-02,1,,11.4,9.2,4.8
경북,성주,참외,1,8,2019-05-02,2,,11.6,10.9,4.9
경북,성주,참외,1,8,2019-05-02,3,,11.6,9.4,5.0
경북,성주,참외,1,8,2019-05-02,4,,11.7,10.3,5.0
경북,성주,참외,1,8,2019-05-08,1,,13.1,12.0,4.8
경북,성주,참외,1,8,2019-05-08,2,,12.5,12.2,5.0
경북,성주,참외,1,8,2019-05-08,3,,13.1,12.0,5.5
경북,성주,참외,1,8,2019-05-08,4,,14.0,13.2,5.1
경북,성주,참외,1,8,2019-05-15,1,,8.2,7.3,5.1
경북,성주,참외,1,8,2019-05-15,2,,9.3,7.1,4.8
경북,성주,참외,1,8,2019-05-15,3,,10.4,8.2,4.7
경북,성주,참외,1,8,2019-05-15,4,,9.6,8.3,4.4
경북,성주,참외,1,8,2019-05-22,1,,9.3,7.6,5.0
경북,성주,참외,1,8,2019-05-22,2,,10.7,8.4,5.1
경북,성주,참외,1,8,2019-05-22,3,,9.2,8.3,6.0
경북,성주,참외,1,8,2019-05-22,4,,9.4,8.2,4.5
경북,성주,참외,1,8,2019-05-29,1,,12.1,11.8,5.5
경북,성주,참외,1,8,2019-05-29,2,,11.8,9.4,4.8
경북,성주,참외,1,8,2019-05-29,3,,10.3,9.1,6.1
경북,성주,참외,1,8,2019-05-29,4,,11.9,9.3,5.7
경북,성주,참외,1,8,2019-06-07,1,,10.4,9.3,5.1
경북,성주,참외,1,8,2019-06-07,2,,11.2,8.4,6.5
경북,성주,참외,1,8,2019-06-07,3,,9.6,7.7,6.5
경북,성주,참외,1,8,2019-06-07,4,,10.9,8.7,4.4
경북,성주,참외,1,8,2019-06-13,1,,8.6,7.2,5.1
경북,성주,참외,1,8,2019-06-13,2,,7.4,7.4,5.2
경북,성주,참외,1,8,2019-06-13,3,,8.2,8.5,5.3
경북,성주,참외,1,8,2019-06-13,4,,9.1,8.8,6.2
경북,성주,참외,1,8,2019-06-19,1,,8.7,8.0,5.7
경북,성주,참외,1,8,2019-06-19,2,,9.9,9.0,5.1
경북,성주,참외,1,8,2019-06-19,3,,9.2,8.5,5.5
경북,성주,참외,1,8,2019-06-19,4,,8.8,7.8,4.9
경북,성주,참외,1,8,2019-06-26,1,,13.4,12.1,5.4
경북,성주,참외,1,8,2019-06-26,2,,14.7,12.6,5.3
경북,성주,참외,1,8,2019-06-26,3,,13.8,11.8,4.8
경북,성주,참외,1,8,2019-06-26,4,,12.5,11.7,4.7
경북,성주,참외,1,8,2019-07-03,1,,14.8,12.5,5.7
경북,성주,참외,1,8,2019-07-03,2,,15.2,13.1,5.4
경북,성주,참외,1,8,2019-07-03,3,,14.5,12.5,5.3
경북,성주,참외,1,8,2019-07-03,4,,13.2,13.0,4.6
경북,성주,참외,1,8,2019-07-10,1,,15.2,14.2,5.7
경북,성주,참외,1,8,2019-07-10,2,,16.7,15.3,6.2
경북,성주,참외,1,8,2019-07-10,3,,15.3,12.8,6.0
경북,성주,참외,1,8,2019-07-10,4,,13.8,10.2,5.8
경북,성주,참외,1,9,2019-01-23,1,,13.2,12.4,5.0
경북,성주,참외,1,9,2019-01-23,2,,13.9,11.8,4.6
경북,성주,참외,1,9,2019-01-23,3,,13.1,12.4,3.3
경북,성주,참외,1,9,2019-01-23,4,,13.9,12.8,4.0
경북,성주,참외,1,9,2019-01-30,1,,14.5,12.3,4.0
경북,성주,참외,1,9,2019-01-30,2,,13.8,12.8,4.4
경북,성주,참외,1,9,2019-01-30,3,,12.4,12.3,3.8
경북,성주,참외,1,9,2019-01-30,4,,10.8,7.9,3.6
경북,성주,참외,1,9,2019-02-08,1,,11.3,10.6,4.6
경북,성주,참외,1,9,2019-02-08,2,,13.1,11.6,5.0
경북,성주,참외,1,9,2019-02-08,3,,15.3,14.2,4.6
경북,성주,참외,1,9,2019-02-08,4,,12.0,10.3,5.0
경북,성주,참외,1,9,2019-02-13,1,,11.8,8.0,4.5
경북,성주,참외,1,9,2019-02-13,2,,11.2,9.5,4.5
경북,성주,참외,1,9,2019-02-13,3,,12.8,12.2,4.8
경북,성주,참외,1,9,2019-02-13,4,,11.8,9.5,6.0
경북,성주,참외,1,9,2019-02-20,1,,15.8,12.7,4.7
경북,성주,참외,1,9,2019-02-20,2,,10.8,10.5,5.4
경북,성주,참외,1,9,2019-02-20,3,,14.7,13.5,4.7
경북,성주,참외,1,9,2019-02-20,4,,12.9,10.2,5.9
경북,성주,참외,1,9,2019-02-27,1,,13.2,11.3,4.7
경북,성주,참외,1,9,2019-02-27,2,,11.4,10.1,6.0
경북,성주,참외,1,9,2019-02-27,3,,13.1,11.5,4.6
경북,성주,참외,1,9,2019-02-27,4,,11.0,10.2,5.3
경북,성주,참외,1,9,2019-03-07,1,,11.3,11.2,4.5
경북,성주,참외,1,9,2019-03-07,2,,13.6,12.6,4.7
경북,성주,참외,1,9,2019-03-07,3,,10.1,11.3,4.3
경북,성주,참외,1,9,2019-03-07,4,,11.6,10.6,4.9
경북,성주,참외,1,9,2019-03-13,1,,13.9,11.9,4.8
경북,성주,참외,1,9,2019-03-13,2,,13.6,12.1,4.6
경북,성주,참외,1,9,2019-03-13,3,,10.6,9.0,4.6
경북,성주,참외,1,9,2019-03-13,4,,10.8,10.9,4.8
경북,성주,참외,1,9,2019-03-21,1,,10.7,9.8,5.4
경북,성주,참외,1,9,2019-03-21,2,,12.6,10.7,4.9
경북,성주,참외,1,9,2019-03-21,3,,11.4,9.6,5.3
경북,성주,참외,1,9,2019-03-21,4,,13.1,11.9,5.0
경북,성주,참외,1,9,2019-03-28,1,,10.4,9.1,5.1
경북,성주,참외,1,9,2019-03-28,2,,11.1,10.0,5.0
경북,성주,참외,1,9,2019-03-28,3,,12.0,11.0,4.4
경북,성주,참외,1,9,2019-03-28,4,,11.5,10.8,4.6
경북,성주,참외,1,9,2019-04-02,1,,13.5,11.5,5.1
경북,성주,참외,1,9,2019-04-02,2,,12.4,10.9,5.3
경북,성주,참외,1,9,2019-04-02,3,,13.6,11.2,4.4
경북,성주,참외,1,9,2019-04-02,4,,13.4,10.8,4.9
경북,성주,참외,1,9,2019-04-09,1,,14.4,12.0,5.2
경북,성주,참외,1,9,2019-04-09,2,,13.4,11.5,5.4
경북,성주,참외,1,9,2019-04-09,3,,14.3,11.3,5.4
경북,성주,참외,1,9,2019-04-09,4,,13.7,11.4,5.5
경북,성주,참외,1,9,2019-04-16,1,,10.1,8.4,5.1
경북,성주,참외,1,9,2019-04-16,2,,11.5,9.5,5.4
경북,성주,참외,1,9,2019-04-16,3,,10.6,8.5,5.3
경북,성주,참외,1,9,2019-04-16,4,,9.6,8.8,5.1
경북,성주,참외,1,9,2019-04-22,1,,12.1,11.0,5.4
경북,성주,참외,1,9,2019-04-22,2,,11.0,9.1,5.6
경북,성주,참외,1,9,2019-04-22,3,,9.8,8.2,5.7
경북,성주,참외,1,9,2019-04-22,4,,10.7,8.8,5.5
경북,성주,참외,1,9,2019-04-30,1,,11.7,10.8,5.5
경북,성주,참외,1,9,2019-04-30,2,,11.9,11.0,5.1
경북,성주,참외,1,9,2019-04-30,3,,12.2,11.1,5.6
경북,성주,참외,1,9,2019-04-30,4,,10.8,9.8,5.4
경북,성주,참외,1,9,2019-05-07,1,,12.0,10.3,4.3
경북,성주,참외,1,9,2019-05-07,2,,10.5,9.5,4.6
경북,성주,참외,1,9,2019-05-07,3,,9.9,9.2,4.8
경북,성주,참외,1,9,2019-05-07,4,,11.3,10.5,5.0
경북,성주,참외,1,9,2019-05-14,1,,9.2,8.0,4.8
경북,성주,참외,1,9,2019-05-14,2,,11.8,10.7,4.5
경북,성주,참외,1,9,2019-05-14,3,,12.9,11.9,5.5
경북,성주,참외,1,9,2019-05-14,4,,10.3,10.1,5.1
경북,성주,참외,1,9,2019-05-21,1,,9.8,8.4,5.2
경북,성주,참외,1,9,2019-05-21,2,,8.5,7.3,5.3
경북,성주,참외,1,9,2019-05-21,3,,10.2,9.6,5.1
경북,성주,참외,1,9,2019-05-21,4,,9.3,8.7,5.0
경북,성주,참외,1,9,2019-05-28,1,,10.1,9.0,5.2
경북,성주,참외,1,9,2019-05-28,2,,8.5,8.3,4.8
경북,성주,참외,1,9,2019-05-28,3,,8.7,8.5,5.5
경북,성주,참외,1,9,2019-05-28,4,,9.3,9.0,6.1
경북,성주,참외,1,9,2019-06-05,1,,10.1,9.2,4.4
경북,성주,참외,1,9,2019-06-05,2,,9.0,8.8,5.9
경북,성주,참외,1,9,2019-06-05,3,,8.9,8.5,5.2
경북,성주,참외,1,9,2019-06-05,4,,12.0,12.1,5.1
경북,성주,참외,1,10,2019-01-08,1,85.3,10.1,10.6,3.3
경북,성주,참외,1,10,2019-01-08,2,90.2,10.2,10.4,3.8
경북,성주,참외,1,10,2019-01-08,3,76.3,10.3,10.8,3.9
경북,성주,참외,1,10,2019-01-08,4,77.2,11.1,11.4,3.3
경북,성주,참외,1,10,2019-01-15,1,90.7,10.1,10.6,4.4
경북,성주,참외,1,10,2019-01-15,2,95.0,10.8,11.2,4.7
경북,성주,참외,1,10,2019-01-15,3,80.2,9.8,9.4,
경북,성주,참외,1,10,2019-01-15,4,92.7,8.4,9.1,5.1
경북,성주,참외,1,10,2019-01-22,1,100.3,10.4,10.1,5.0
경북,성주,참외,1,10,2019-01-22,2,103.9,10.6,9.7,4.9
경북,성주,참외,1,10,2019-01-22,3,101.8,11.3,9.4,4.9
경북,성주,참외,1,10,2019-01-22,4,138.2,8.9,8.8,4.7
경북,성주,참외,1,10,2019-01-29,1,,13.9,10.3,5.1
경북,성주,참외,1,10,2019-01-29,2,,10.5,8.4,6.4
경북,성주,참외,1,10,2019-01-29,3,,12.5,10.5,5.9
경북,성주,참외,1,10,2019-01-29,4,,13.2,9.3,5.5
경북,성주,참외,1,10,2019-02-07,1,,13.0,11.1,6.2
경북,성주,참외,1,10,2019-02-07,2,,11.5,9.4,4.9
경북,성주,참외,1,10,2019-02-07,3,,10.1,8.6,6.0
경북,성주,참외,1,10,2019-02-07,4,,13.0,9.1,4.8
경북,성주,참외,1,10,2019-02-12,1,,12.6,11.5,3.6
경북,성주,참외,1,10,2019-02-12,2,,12.3,10.7,4.3
경북,성주,참외,1,10,2019-02-12,3,,11.9,10.4,4.9
경북,성주,참외,1,10,2019-02-12,4,,10.5,9.4,4.0
경북,성주,참외,1,10,2019-02-19,1,,10.9,10.2,4.9
경북,성주,참외,1,10,2019-02-19,2,,11.3,11.2,6.3
경북,성주,참외,1,10,2019-02-19,3,,11.6,11.0,5.5
경북,성주,참외,1,10,2019-02-19,4,,13.0,10.4,4.8
경북,성주,참외,1,10,2019-02-26,1,,12.5,11.1,3.8
경북,성주,참외,1,10,2019-02-26,2,,11.6,8.5,3.8
경북,성주,참외,1,10,2019-02-26,3,,12.3,11.1,5.0
경북,성주,참외,1,10,2019-02-26,4,,13.2,12.1,4.3
경북,성주,참외,1,10,2019-03-04,1,,12.8,9.9,3.6
경북,성주,참외,1,10,2019-03-04,2,,10.2,8.6,3.7
경북,성주,참외,1,10,2019-03-04,3,,12.3,9.8,3.2
경북,성주,참외,1,10,2019-03-04,4,,12.8,9.7,4.9
경북,성주,참외,1,10,2019-03-12,1,,12.6,10.6,4.0
경북,성주,참외,1,10,2019-03-12,2,,11.6,9.4,3.6
경북,성주,참외,1,10,2019-03-12,3,,14.7,12.5,3.6
경북,성주,참외,1,10,2019-03-12,4,,14.0,12.2,4.0
경북,성주,참외,1,10,2019-03-20,1,,14.6,11.7,4.3
경북,성주,참외,1,10,2019-03-20,2,,13.3,10.9,4.7
경북,성주,참외,1,10,2019-03-20,3,,12.3,10.7,4.1
경북,성주,참외,1,10,2019-03-20,4,,13.1,11.5,4.3
경북,성주,참외,1,10,2019-03-28,1,,18.0,13.5,3.5
경북,성주,참외,1,10,2019-03-28,2,,17.3,16.2,5.4
경북,성주,참외,1,10,2019-03-28,3,,17.1,17.5,4.9
경북,성주,참외,1,10,2019-03-28,4,,15.3,13.8,5.4
경북,성주,참외,1,10,2019-04-04,1,,14.8,13.9,5.9
경북,성주,참외,1,10,2019-04-04,2,,15.9,13.0,5.1
경북,성주,참외,1,10,2019-04-04,3,,14.8,13.1,5.3
경북,성주,참외,1,10,2019-04-04,4,,14.7,14.2,5.5
경북,성주,참외,1,10,2019-04-11,1,,12.9,10.5,5.8
경북,성주,참외,1,10,2019-04-11,2,,13.5,10.1,5.7
경북,성주,참외,1,10,2019-04-11,3,,13.6,12.0,5.3
경북,성주,참외,1,10,2019-04-11,4,,13.7,11.0,5.8
경북,성주,참외,1,10,2019-04-19,1,,14.5,11.7,5.3
경북,성주,참외,1,10,2019-04-19,2,,12.4,10.1,5.3
경북,성주,참외,1,10,2019-04-19,3,,12.9,10.4,5.2
경북,성주,참외,1,10,2019-04-19,4,,13.9,12.3,5.9
경북,성주,참외,1,10,2019-04-24,1,,13.3,11.0,5.5
경북,성주,참외,1,10,2019-04-24,2,,13.7,10.9,6.3
경북,성주,참외,1,10,2019-04-24,3,,12.8,10.3,5.9
경북,성주,참외,1,10,2019-04-24,4,,13.5,11.8,5.6
경북,성주,참외,1,10,2019-05-02,1,,13.9,11.4,5.7
경북,성주,참외,1,10,2019-05-02,2,,12.1,11.3,5.8
경북,성주,참외,1,10,2019-05-02,3,,12.4,10.1,5.3
경북,성주,참외,1,10,2019-05-02,4,,12.4,10.4,5.4
경북,성주,참외,1,10,2019-05-09,1,,12.9,10.4,5.5
경북,성주,참외,1,10,2019-05-09,2,,12.4,10.5,5.3
경북,성주,참외,1,10,2019-05-09,3,,12.5,11.2,5.9
경북,성주,참외,1,10,2019-05-09,4,,12.8,12.2,5.0
경북,성주,참외,1,10,2019-05-15,1,,10.5,9.2,5.9
경북,성주,참외,1,10,2019-05-15,2,,11.5,10.6,5.3
경북,성주,참외,1,10,2019-05-15,3,,10.6,9.0,5.2
경북,성주,참외,1,10,2019-05-15,4,,12.6,12.2,5.6
경북,성주,참외,1,10,2019-05-21,1,,12.5,12.7,5.5
경북,성주,참외,1,10,2019-05-21,2,,10.3,10.0,6.0
경북,성주,참외,1,10,2019-05-21,3,,12.8,12.0,5.3
경북,성주,참외,1,10,2019-05-21,4,,13.2,12.9,5.7
경북,성주,참외,1,10,2019-05-28,1,,12.3,12.6,5.6
경북,성주,참외,1,10,2019-05-28,2,,10.1,10.2,5.8
경북,성주,참외,1,10,2019-05-28,3,,13.1,12.5,5.5
경북,성주,참외,1,10,2019-05-28,4,,13.0,12.4,5.7
경북,성주,참외,1,10,2019-06-04,1,,12.9,11.7,6.5
경북,성주,참외,1,10,2019-06-04,2,,13.3,12.5,5.5
경북,성주,참외,1,10,2019-06-04,3,,13.0,11.9,5.8
경북,성주,참외,1,10,2019-06-04,4,,12.4,12.0,5.1
경북,성주,참외,1,10,2019-06-11,1,,12.6,11.8,4.9
경북,성주,참외,1,10,2019-06-11,2,,12.4,11.0,5.1
경북,성주,참외,1,10,2019-06-11,3,,12.0,11.3,5.3
경북,성주,참외,1,10,2019-06-11,4,,11.5,10.6,5.8
경북,성주,참외,1,10,2019-06-18,1,,11.3,10.4,5.2
경북,성주,참외,1,10,2019-06-18,2,,11.2,9.9,6.3
경북,성주,참외,1,10,2019-06-18,3,,13.3,13.6,4.9
경북,성주,참외,1,10,2019-06-18,4,,13.0,11.2,5.8
경북,성주,참외,1,10,2019-06-25,1,,13.5,12.2,2.4
경북,성주,참외,1,10,2019-06-25,2,,14.9,13.7,5.6
경북,성주,참외,1,10,2019-06-25,3,,14.0,12.9,5.9
경북,성주,참외,1,10,2019-06-25,4,,13.6,12.4,7.1
경북,성주,참외,1,10,2019-07-02,1,,11.9,9.7,6.5
경북,성주,참외,1,10,2019-07-02,2,,12.7,11.0,6.9
경북,성주,참외,1,10,2019-07-02,3,,12.8,12.5,7.3
경북,성주,참외,1,10,2019-07-02,4,,12.1,10.6,6.8
경북,성주,참외,1,10,2019-07-09,1,,12.4,10.2,5.7
경북,성주,참외,1,10,2019-07-09,2,,11.9,10.6,5.8
경북,성주,참외,1,10,2019-07-09,3,,11.7,10.5,5.3
경북,성주,참외,1,10,2019-07-09,4,,11.4,12.0,5.2
경북,성주,참외,1,10,2019-07-16,1,,12.3,11.5,5.2
경북,성주,참외,1,10,2019-07-16,2,,11.7,10.8,5.8
경북,성주,참외,1,10,2019-07-16,3,,11.9,10.0,5.7
경북,성주,참외,1,10,2019-07-16,4,,12.4,11.0,5.4
경북,성주,참외,1,10,2019-07-23,1,,11.5,11.2,4.7
경북,성주,참외,1,10,2019-07-23,2,,10.3,10.0,5.3
경북,성주,참외,1,10,2019-07-23,3,,12.8,11.7,5.2
경북,성주,참외,1,10,2019-07-23,4,,12.5,11.8,5.4
경북,성주,참외,1,10,2019-07-30,1,,11.3,11.2,5.0
경북,성주,참외,1,10,2019-07-30,2,,10.5,9.9,5.2
경북,성주,참외,1,10,2019-07-30,3,,11.9,11.5,5.4
경북,성주,참외,1,10,2019-07-30,4,,12.7,11.8,5.7
경북,성주,참외,1,10,2019-08-06,1,,,,
경북,성주,참외,1,10,2019-08-06,2,,10.4,10.2,5.6
경북,성주,참외,1,10,2019-08-06,3,,12.1,11.5,5.2
경북,성주,참외,1,10,2019-08-06,4,,12.3,10.9,5.9
경북,성주,참외,1,11,2019-01-03,1,26.1,5.0,5.6,3.6
경북,성주,참외,1,11,2019-01-03,2,28.8,5.6,5.9,2.9
경북,성주,참외,1,11,2019-01-03,3,27.8,7.1,6.4,2.5
경북,성주,참외,1,11,2019-01-03,4,23.2,6.9,6.4,3.0
경북,성주,참외,1,11,2019-01-08,1,39.5,7.0,7.0,
경북,성주,참외,1,11,2019-01-08,2,24.9,6.5,6.5,
경북,성주,참외,1,11,2019-01-08,3,40.8,8.0,8.0,
경북,성주,참외,1,11,2019-01-08,4,34.8,7.9,7.9,
경북,성주,참외,1,11,2019-01-15,1,63.5,9.2,9.8,
경북,성주,참외,1,11,2019-01-15,2,57.3,8.4,8.6,
경북,성주,참외,1,11,2019-01-15,3,65.2,9.7,9.0,
경북,성주,참외,1,11,2019-01-15,4,50.1,8.6,8.7,
경북,성주,참외,1,11,2019-01-22,1,70.2,11.6,9.8,
경북,성주,참외,1,11,2019-01-22,2,69.9,11.0,8.2,
경북,성주,참외,1,11,2019-01-22,3,83.4,10.9,9.5,
경북,성주,참외,1,11,2019-01-22,4,69.5,11.2,9.5,
경북,성주,참외,1,11,2019-01-29,1,120.3,13.5,11.9,4.5
경북,성주,참외,1,11,2019-01-29,2,107.7,15.6,13.0,4.8
경북,성주,참외,1,11,2019-01-29,3,119.3,12.8,12.3,4.3
경북,성주,참외,1,11,2019-01-29,4,102.8,14.8,12.2,4.1
경북,성주,참외,1,11,2019-02-07,1,168.3,18.1,16.5,5.2
경북,성주,참외,1,11,2019-02-07,2,139.4,16.2,14.8,5.8
경북,성주,참외,1,11,2019-02-07,3,163.2,15.8,14.5,5.7
경북,성주,참외,1,11,2019-02-07,4,160.8,17.5,15.3,5.1
경북,성주,참외,1,11,2019-02-12,1,,17.3,14.0,6.4
경북,성주,참외,1,11,2019-02-12,2,,16.7,16.1,6.5
경북,성주,참외,1,11,2019-02-12,3,,18.4,16.4,6.3
경북,성주,참외,1,11,2019-02-12,4,,15.8,15.4,5.9
경북,성주,참외,1,11,2019-02-19,1,,15.6,15.7,6.2
경북,성주,참외,1,11,2019-02-19,2,,16.1,15.3,6.5
경북,성주,참외,1,11,2019-02-19,3,,17.9,16.4,6.2
경북,성주,참외,1,11,2019-02-19,4,,16.9,14.7,5.9
경북,성주,참외,1,11,2019-02-26,1,,16.2,16.3,6.0
경북,성주,참외,1,11,2019-02-26,2,,16.7,15.9,5.9
경북,성주,참외,1,11,2019-02-26,3,,16.4,15.7,6.1
경북,성주,참외,1,11,2019-02-26,4,,17.1,15.8,5.9
경북,성주,참외,1,11,2019-03-04,1,,13.2,12.5,6.0
경북,성주,참외,1,11,2019-03-04,2,,15.2,14.2,6.1
경북,성주,참외,1,11,2019-03-04,3,,14.4,13.9,5.5
경북,성주,참외,1,11,2019-03-04,4,,14.2,13.2,5.9
경북,성주,참외,1,11,2019-03-12,1,,14.5,14.2,5.9
경북,성주,참외,1,11,2019-03-12,2,,14.9,12.6,6.1
경북,성주,참외,1,11,2019-03-12,3,,14.1,13.3,6.3
경북,성주,참외,1,11,2019-03-12,4,,15.4,14.3,5.5
경북,성주,참외,1,11,2019-03-19,1,,14.1,13.6,5.8
경북,성주,참외,1,11,2019-03-19,2,,14.4,12.2,6.1
경북,성주,참외,1,11,2019-03-19,3,,14.1,13.3,6.1
경북,성주,참외,1,11,2019-03-19,4,,12.6,13.2,6.0
경북,성주,참외,1,11,2019-03-26,1,,11.0,9.6,5.5
경북,성주,참외,1,11,2019-03-26,2,,12.5,10.4,5.9
경북,성주,참외,1,11,2019-03-26,3,,12.9,10.5,5.8
경북,성주,참외,1,11,2019-03-26,4,,13.1,10.8,6.0
경북,성주,참외,1,11,2019-04-02,1,,13.5,11.6,5.4
경북,성주,참외,1,11,2019-04-02,2,,11.8,11.5,5.0
경북,성주,참외,1,11,2019-04-02,3,,12.9,11.3,5.2
경북,성주,참외,1,11,2019-04-02,4,,13.6,11.3,5.3
경북,성주,참외,1,11,2019-04-09,1,,13.2,11.5,5.0
경북,성주,참외,1,11,2019-04-09,2,,12.8,11.6,4.9
경북,성주,참외,1,11,2019-04-09,3,,13.3,11.4,4.8
경북,성주,참외,1,11,2019-04-09,4,,12.7,10.8,5.2
경북,성주,참외,1,11,2019-04-16,1,,10.2,9.8,5.0
경북,성주,참외,1,11,2019-04-16,2,,10.4,8.2,5.1
경북,성주,참외,1,11,2019-04-16,3,,11.6,9.1,4.9
경북,성주,참외,1,11,2019-04-16,4,,12.4,10.1,4.8
경북,성주,참외,1,11,2019-04-22,1,,8.2,7.8,4.4
경북,성주,참외,1,11,2019-04-22,2,,7.3,6.4,4.6
경북,성주,참외,1,11,2019-04-22,3,,7.4,6.6,4.6
경북,성주,참외,1,11,2019-04-22,4,,8.9,6.3,4.5
경북,성주,참외,1,11,2019-04-30,1,,7.8,7.5,4.2
경북,성주,참외,1,11,2019-04-30,2,,8.8,8.7,4.6
경북,성주,참외,1,11,2019-04-30,3,,8.5,8.3,4.4
경북,성주,참외,1,11,2019-04-30,4,,9.8,8.0,4.6
경북,성주,참외,1,11,2019-05-07,1,,9.1,9.6,5.2
경북,성주,참외,1,11,2019-05-07,2,,7.7,8.3,4.9
경북,성주,참외,1,11,2019-05-07,3,,9.3,9.7,5.3
경북,성주,참외,1,11,2019-05-07,4,,9.2,8.6,4.1
경북,성주,참외,1,11,2019-05-14,1,,8.8,8.0,5.2
경북,성주,참외,1,11,2019-05-14,2,,9.5,8.2,5.5
경북,성주,참외,1,11,2019-05-14,3,,9.2,8.8,5.0
경북,성주,참외,1,11,2019-05-14,4,,8.5,7.5,5.3
경북,성주,참외,1,11,2019-05-21,1,,12.6,11.0,5.1
경북,성주,참외,1,11,2019-05-21,2,,12.4,11.7,4.6
경북,성주,참외,1,11,2019-05-21,3,,11.2,10.1,4.7
경북,성주,참외,1,11,2019-05-21,4,,13.4,12.9,5.3
경북,성주,참외,1,11,2019-05-28,1,,12.5,11.0,4.9
경북,성주,참외,1,11,2019-05-28,2,,12.0,10.6,5.1
경북,성주,참외,1,11,2019-05-28,3,,12.9,13.5,5.2
경북,성주,참외,1,11,2019-05-28,4,,12.5,11.4,5.0
경북,성주,참외,1,11,2019-06-05,1,,11.4,12.3,5.1
경북,성주,참외,1,11,2019-06-05,2,,7.8,9.6,5.2
경북,성주,참외,1,11,2019-06-05,3,,10.2,12.0,5.5
경북,성주,참외,1,11,2019-06-05,4,,11.3,12.0,4.8
경북,성주,참외,1,11,2019-06-12,1,,10.6,9.1,4.0
경북,성주,참외,1,11,2019-06-12,2,,11.4,11.2,4.4
경북,성주,참외,1,11,2019-06-12,3,,12.7,11.9,5.0
경북,성주,참외,1,11,2019-06-12,4,,12.4,10.2,4.2
경북,성주,참외,1,11,2019-06-18,1,,11.5,10.7,4.0
경북,성주,참외,1,11,2019-06-18,2,,12.1,11.8,4.0
경북,성주,참외,1,11,2019-06-18,3,,12.0,12.0,4.5
경북,성주,참외,1,11,2019-06-18,4,,13.0,12.7,4.3
경북,성주,참외,1,11,2019-06-25,1,,12.7,10.9,5.2
경북,성주,참외,1,11,2019-06-25,2,,11.6,10.7,4.4
경북,성주,참외,1,11,2019-06-25,3,,13.7,12.3,4.8
경북,성주,참외,1,11,2019-06-25,4,,12.8,11.5,4.5
경북,성주,참외,1,11,2019-07-02,1,,12.8,11.5,5.0
경북,성주,참외,1,11,2019-07-02,2,,12.5,11.2,4.7
경북,성주,참외,1,11,2019-07-02,3,,12.7,13.5,4.5
경북,성주,참외,1,11,2019-07-02,4,,11.8,12.1,4.9
경북,성주,참외,1,11,2019-07-09,1,,13.2,11.8,4.7
경북,성주,참외,1,11,2019-07-09,2,,13.0,11.4,4.8
경북,성주,참외,1,11,2019-07-09,3,,13.1,13.8,4.5
경북,성주,참외,1,11,2019-07-09,4,,12.5,12.5,3.8
경북,성주,참외,1,12,2018-12-24,1,46.4,8.2,9.5,
경북,성주,참외,1,12,2018-12-24,2,58.4,11.6,13.9,
경북,성주,참외,1,12,2018-12-24,3,35.4,10.1,10.3,
경북,성주,참외,1,12,2018-12-24,4,50.1,10.3,10.6,
경북,성주,참외,1,12,2019-01-08,1,,16.8,13.6,5.7
경북,성주,참외,1,12,2019-01-08,2,,15.3,14.7,5.5
경북,성주,참외,1,12,2019-01-08,3,,11.8,11.7,5.0
경북,성주,참외,1,12,2019-01-08,4,,15.1,15.3,6.0
경북,성주,참외,1,12,2019-01-15,1,,17.1,15.9,5.8
경북,성주,참외,1,12,2019-01-15,2,,16.5,15.9,6.3
경북,성주,참외,1,12,2019-01-15,3,,14.3,15.2,6.5
경북,성주,참외,1,12,2019-01-15,4,,12.8,12.2,4.3
경북,성주,참외,1,12,2019-01-22,1,,14.2,12.6,4.7
경북,성주,참외,1,12,2019-01-22,2,,17.2,16.5,7.4
경북,성주,참외,1,12,2019-01-22,3,,17.3,17.3,6.9
경북,성주,참외,1,12,2019-01-22,4,,18.6,16.2,7.0
경북,성주,참외,1,12,2019-01-29,1,,15.4,10.6,5.8
경북,성주,참외,1,12,2019-01-29,2,,16.8,16.3,6.1
경북,성주,참외,1,12,2019-01-29,3,,18.3,17.2,5.8
경북,성주,참외,1,12,2019-01-29,4,,16.8,15.4,6.6
경북,성주,참외,1,12,2019-02-07,1,,17.2,13.9,4.2
경북,성주,참외,1,12,2019-02-07,2,,12.3,11.1,5.2
경북,성주,참외,1,12,2019-02-07,3,,14.3,13.1,4.5
경북,성주,참외,1,12,2019-02-07,4,,20.1,16.8,5.1
경북,성주,참외,1,12,2019-02-12,1,,15.6,13.1,5.7
경북,성주,참외,1,12,2019-02-12,2,,15.2,14.3,4.5
경북,성주,참외,1,12,2019-02-12,3,,13.9,13.0,6.9
경북,성주,참외,1,12,2019-02-12,4,,13.2,12.3,4.3
경북,성주,참외,1,12,2019-02-19,1,,16.3,12.5,5.8
경북,성주,참외,1,12,2019-02-19,2,,15.1,13.1,4.4
경북,성주,참외,1,12,2019-02-19,3,,15.8,12.9,6.8
경북,성주,참외,1,12,2019-02-19,4,,13.5,11.8,5.7
경북,성주,참외,1,12,2019-02-26,1,,14.0,11.5,4.5
경북,성주,참외,1,12,2019-02-26,2,,14.5,13.1,4.2
경북,성주,참외,1,12,2019-02-26,3,,14.2,14.1,4.4
경북,성주,참외,1,12,2019-02-26,4,,13.0,12.8,4.3
경북,성주,참외,1,12,2019-03-04,1,,11.6,10.2,4.2
경북,성주,참외,1,12,2019-03-04,2,,11.8,12.7,3.5
경북,성주,참외,1,12,2019-03-04,3,,14.8,11.8,4.3
경북,성주,참외,1,12,2019-03-04,4,,12.8,11.4,4.2
경북,성주,참외,1,12,2019-03-12,1,,13.2,11.1,3.0
경북,성주,참외,1,12,2019-03-12,2,,11.3,10.5,4.6
경북,성주,참외,1,12,2019-03-12,3,,9.6,9.5,3.8
경북,성주,참외,1,12,2019-03-12,4,,12.1,11.2,4.0
경북,성주,참외,1,12,2019-03-20,1,,17.1,15.2,3.1
경북,성주,참외,1,12,2019-03-20,2,,16.0,14.3,2.5
경북,성주,참외,1,12,2019-03-20,3,,15.0,15.2,3.5
경북,성주,참외,1,12,2019-03-20,4,,15.1,12.0,2.3
경북,성주,참외,1,12,2019-03-28,1,,15.3,12.4,5.9
경북,성주,참외,1,12,2019-03-28,2,,14.8,11.5,5.6
경북,성주,참외,1,12,2019-03-28,3,,15.3,11.7,5.5
경북,성주,참외,1,12,2019-03-28,4,,14.3,11.7,5.9
경북,성주,참외,1,12,2019-04-04,1,,14.7,13.1,5.7
경북,성주,참외,1,12,2019-04-04,2,,17.7,15.1,5.3
경북,성주,참외,1,12,2019-04-04,3,,15.1,12.3,6.1
경북,성주,참외,1,12,2019-04-04,4,,15.3,16.1,5.4
경북,성주,참외,1,12,2019-04-11,1,,13.0,12.7,5.4
경북,성주,참외,1,12,2019-04-11,2,,13.8,12.9,6.5
경북,성주,참외,1,12,2019-04-11,3,,13.5,12.8,5.9
경북,성주,참외,1,12,2019-04-11,4,,14.1,12.3,5.9
경북,성주,참외,1,12,2019-04-19,1,,13.4,12.3,5.7
경북,성주,참외,1,12,2019-04-19,2,,14.6,13.2,5.7
경북,성주,참외,1,12,2019-04-19,3,,13.8,12.1,6.3
경북,성주,참외,1,12,2019-04-19,4,,14.0,11.9,5.8
경북,성주,참외,1,12,2019-04-24,1,,13.1,10.7,6.2
경북,성주,참외,1,12,2019-04-24,2,,12.8,11.5,6.4
경북,성주,참외,1,12,2019-04-24,3,,12.0,12.8,5.4
경북,성주,참외,1,12,2019-04-24,4,,12.2,10.9,5.8
경북,성주,참외,1,12,2019-05-02,1,,12.6,10.9,5.9
경북,성주,참외,1,12,2019-05-02,2,,12.8,12.0,6.3
경북,성주,참외,1,12,2019-05-02,3,,12.3,11.7,6.1
경북,성주,참외,1,12,2019-05-02,4,,12.0,11.4,6.0
경북,성주,참외,1,12,2019-05-09,1,,14.2,12.8,5.3
경북,성주,참외,1,12,2019-05-09,2,,13.3,13.0,5.8
경북,성주,참외,1,12,2019-05-09,3,,13.1,12.0,5.5
경북,성주,참외,1,12,2019-05-09,4,,13.0,12.6,5.3
경북,성주,참외,1,12,2019-05-15,1,,12.0,12.1,5.8
경북,성주,참외,1,12,2019-05-15,2,,12.7,12.0,5.3
경북,성주,참외,1,12,2019-05-15,3,,12.7,12.8,5.4
경북,성주,참외,1,12,2019-05-15,4,,12.8,11.2,6.0
경북,성주,참외,1,12,2019-05-21,1,,11.3,11.2,5.8
경북,성주,참외,1,12,2019-05-21,2,,13.0,10.2,5.4
경북,성주,참외,1,12,2019-05-21,3,,13.1,11.1,5.6
경북,성주,참외,1,12,2019-05-21,4,,12.8,10.9,5.4
경북,성주,참외,1,12,2019-05-28,1,,12.5,12.2,5.7
경북,성주,참외,1,12,2019-05-28,2,,12.0,11.3,6.2
경북,성주,참외,1,12,2019-05-28,3,,11.9,10.4,5.2
경북,성주,참외,1,12,2019-05-28,4,,12.0,9.9,6.4
경북,성주,참외,1,12,2019-06-04,1,,10.3,9.5,7.1
경북,성주,참외,1,12,2019-06-04,2,,11.0,11.0,5.7
경북,성주,참외,1,12,2019-06-04,3,,10.3,9.5,6.1
경북,성주,참외,1,12,2019-06-04,4,,11.0,11.2,6.5
경북,성주,참외,1,12,2019-06-11,1,,9.9,8.7,5.2
경북,성주,참외,1,12,2019-06-11,2,,10.5,10.8,5.1
경북,성주,참외,1,12,2019-06-11,3,,12.0,11.2,4.9
경북,성주,참외,1,12,2019-06-11,4,,10.7,11.6,5.3
경북,성주,참외,1,12,2019-06-18,1,,10.0,10.2,5.9
경북,성주,참외,1,12,2019-06-18,2,,12.0,12.0,5.7
경북,성주,참외,1,12,2019-06-18,3,,11.7,10.0,6.2
경북,성주,참외,1,12,2019-06-18,4,,11.0,9.1,5.1
경북,성주,참외,1,12,2019-06-25,1,,10.5,10.4,5.0
경북,성주,참외,1,12,2019-06-25,2,,11.0,10.6,5.9
경북,성주,참외,1,12,2019-06-25,3,,9.6,9.1,5.4
경북,성주,참외,1,12,2019-06-25,4,,10.1,9.8,6.6
경북,성주,참외,1,12,2019-07-02,1,,9.2,8.7,5.2
경북,성주,참외,1,12,2019-07-02,2,,9.9,9.3,5.3
경북,성주,참외,1,12,2019-07-02,3,,9.6,8.7,5.4
경북,성주,참외,1,12,2019-07-02,4,,9.4,9.0,5.5
경북,성주,참외,1,12,2019-07-09,1,,11.4,9.7,5.9
경북,성주,참외,1,12,2019-07-09,2,,10.5,10.8,6.3
경북,성주,참외,1,12,2019-07-09,3,,10.7,8.9,5.8
경북,성주,참외,1,12,2019-07-09,4,,10.5,9.9,5.0
경북,성주,참외,1,12,2019-07-16,1,,10.5,8.4,5.4
경북,성주,참외,1,12,2019-07-16,2,,9.3,9.1,6.0
경북,성주,참외,1,12,2019-07-16,3,,9.1,9.1,6.4
경북,성주,참외,1,12,2019-07-16,4,,8.0,8.9,5.4
경북,성주,참외,1,12,2019-07-23,1,,9.9,8.4,
경북,성주,참외,1,12,2019-07-23,2,,9.9,8.9,
경북,성주,참외,1,12,2019-07-23,3,,10.5,9.4,
경북,성주,참외,1,12,2019-07-23,4,,10.5,10.5,
경북,성주,참외,1,12,2019-07-30,1,,9.9,9.4,
경북,성주,참외,1,12,2019-07-30,2,,10.9,8.5,
경북,성주,참외,1,12,2019-07-30,3,,9.3,9.6,
경북,성주,참외,1,12,2019-07-30,4,,11.2,9.8,
경북,성주,참외,1,12,2019-08-06,1,,10.3,8.9,
경북,성주,참외,1,12,2019-08-06,2,,10.0,8.7,
경북,성주,참외,1,12,2019-08-06,3,,9.7,9.5,
경북,성주,참외,1,12,2019-08-06,4,,,,
경북,칠곡,참외,1,2,2018-12-26,1,40.2,9.5,8.2,
경북,칠곡,참외,1,2,2018-12-26,2,37.2,9.8,9.0,
경북,칠곡,참외,1,2,2018-12-26,3,30.2,11.0,9.1,
경북,칠곡,참외,1,2,2018-12-26,4,41.2,11.0,8.4,
경북,칠곡,참외,1,2,2019-01-08,1,90.2,16.2,14.1,
경북,칠곡,참외,1,2,2019-01-08,2,93.7,13.9,13.8,
경북,칠곡,참외,1,2,2019-01-08,3,113.0,15.8,14.4,
경북,칠곡,참외,1,2,2019-01-08,4,111.0,15.2,13.9,
경북,칠곡,참외,1,2,2019-01-15,1,,13.2,12.2,
경북,칠곡,참외,1,2,2019-01-15,2,,11.3,10.2,
경북,칠곡,참외,1,2,2019-01-15,3,,13.2,13.8,
경북,칠곡,참외,1,2,2019-01-15,4,,15.7,14.7,
경북,칠곡,참외,1,2,2019-01-22,1,,14.4,13.9,
경북,칠곡,참외,1,2,2019-01-22,2,,13.4,11.4,
경북,칠곡,참외,1,2,2019-01-22,3,,14.2,12.5,
경북,칠곡,참외,1,2,2019-01-22,4,,14.3,13.9,
경북,칠곡,참외,1,2,2019-01-30,1,,12.2,12.3,
경북,칠곡,참외,1,2,2019-01-30,2,,12.4,14.2,
경북,칠곡,참외,1,2,2019-01-30,3,,13.0,13.7,
경북,칠곡,참외,1,2,2019-01-30,4,,14.2,15.2,
경북,칠곡,참외,1,2,2019-02-08,1,,14.6,14.4,
경북,칠곡,참외,1,2,2019-02-08,2,,14.9,15.8,
경북,칠곡,참외,1,2,2019-02-08,3,,15.8,15.1,
경북,칠곡,참외,1,2,2019-02-08,4,,19.0,18.8,
경북,칠곡,참외,1,2,2019-02-13,1,,17.2,10.5,
경북,칠곡,참외,1,2,2019-02-13,2,,16.4,15.6,
경북,칠곡,참외,1,2,2019-02-13,3,,15.5,15.8,
경북,칠곡,참외,1,2,2019-02-13,4,,18.2,18.7,
경북,칠곡,참외,1,2,2019-02-20,1,,16.1,16.8,
경북,칠곡,참외,1,2,2019-02-20,2,,17.3,16.3,
경북,칠곡,참외,1,2,2019-02-20,3,,16.1,16.2,
경북,칠곡,참외,1,2,2019-02-20,4,,17.4,19.2,
경북,칠곡,참외,1,2,2019-02-27,1,,18.2,16.8,
경북,칠곡,참외,1,2,2019-02-27,2,,18.3,16.2,
경북,칠곡,참외,1,2,2019-02-27,3,,16.3,16.5,
경북,칠곡,참외,1,2,2019-02-27,4,,17.0,17.0,
경북,칠곡,참외,1,2,2019-03-07,1,,18.2,16.1,
경북,칠곡,참외,1,2,2019-03-07,2,,18.0,17.3,
경북,칠곡,참외,1,2,2019-03-07,3,,18.5,16.9,
경북,칠곡,참외,1,2,2019-03-07,4,,18.2,17.3,
경북,칠곡,참외,1,2,2019-03-13,1,,17.3,15.1,
경북,칠곡,참외,1,2,2019-03-13,2,,17.3,15.9,
경북,칠곡,참외,1,2,2019-03-13,3,,16.5,16.6,
경북,칠곡,참외,1,2,2019-03-13,4,,18.3,17.1,
경북,칠곡,참외,1,2,2019-03-20,1,,15.6,14.8,
경북,칠곡,참외,1,2,2019-03-20,2,,16.3,15.1,
경북,칠곡,참외,1,2,2019-03-20,3,,16.2,13.8,
경북,칠곡,참외,1,2,2019-03-20,4,,19.3,17.8,
경북,칠곡,참외,1,2,2019-03-27,1,,17.4,15.1,
경북,칠곡,참외,1,2,2019-03-27,2,,17.1,13.8,
경북,칠곡,참외,1,2,2019-03-27,3,,16.2,15.5,
경북,칠곡,참외,1,2,2019-03-27,4,,15.9,13.5,
경북,칠곡,참외,1,2,2019-04-03,1,,14.8,15.2,
경북,칠곡,참외,1,2,2019-04-03,2,,16.3,13.7,
경북,칠곡,참외,1,2,2019-04-03,3,,14.7,14.3,
경북,칠곡,참외,1,2,2019-04-03,4,,14.1,13.8,
경북,칠곡,참외,1,2,2019-04-10,1,,14.8,13.3,
경북,칠곡,참외,1,2,2019-04-10,2,,15.7,14.9,
경북,칠곡,참외,1,2,2019-04-10,3,,14.8,13.6,
경북,칠곡,참외,1,2,2019-04-10,4,,14.7,14.4,
경북,칠곡,참외,1,2,2019-04-17,1,,13.0,13.7,
경북,칠곡,참외,1,2,2019-04-17,2,,15.1,14.6,
경북,칠곡,참외,1,2,2019-04-17,3,,13.7,12.6,
경북,칠곡,참외,1,2,2019-04-17,4,,13.4,10.9,
경북,칠곡,참외,1,2,2019-04-23,1,,15.4,13.2,
경북,칠곡,참외,1,2,2019-04-23,2,,16.8,12.8,
경북,칠곡,참외,1,2,2019-04-23,3,,14.3,11.7,
경북,칠곡,참외,1,2,2019-04-23,4,,16.3,14.9,
경북,칠곡,참외,1,2,2019-05-03,1,,13.5,11.9,
경북,칠곡,참외,1,2,2019-05-03,2,,13.5,11.6,
경북,칠곡,참외,1,2,2019-05-03,3,,13.2,12.1,
경북,칠곡,참외,1,2,2019-05-03,4,,15.3,14.3,
경북,칠곡,참외,1,2,2019-05-08,1,,8.9,8.2,
경북,칠곡,참외,1,2,2019-05-08,2,,10.2,9.3,
경북,칠곡,참외,1,2,2019-05-08,3,,9.8,9.1,
경북,칠곡,참외,1,2,2019-05-08,4,,13.1,12.4,
경북,칠곡,참외,1,2,2019-05-15,1,,9.7,9.2,
경북,칠곡,참외,1,2,2019-05-15,2,,11.8,10.0,
경북,칠곡,참외,1,2,2019-05-15,3,,9.6,9.7,
경북,칠곡,참외,1,2,2019-05-15,4,,9.6,8.7,
경북,칠곡,참외,1,2,2019-05-22,1,,9.7,8.9,
경북,칠곡,참외,1,2,2019-05-22,2,,9.8,9.4,
경북,칠곡,참외,1,2,2019-05-22,3,,9.7,8.3,
경북,칠곡,참외,1,2,2019-05-22,4,,7.7,8.1,
경북,칠곡,참외,1,2,2019-05-29,1,,9.2,9.3,
경북,칠곡,참외,1,2,2019-05-29,2,,8.2,9.3,
경북,칠곡,참외,1,2,2019-05-29,3,,7.3,7.4,
경북,칠곡,참외,1,2,2019-05-29,4,,8.2,8.6,
경북,칠곡,참외,1,2,2019-06-05,1,,9.5,8.8,
경북,칠곡,참외,1,2,2019-06-05,2,,9.3,8.6,
경북,칠곡,참외,1,2,2019-06-05,3,,9.6,8.3,
경북,칠곡,참외,1,2,2019-06-05,4,,9.1,8.4,
경북,칠곡,참외,1,2,2019-06-13,1,,7.7,7.4,
경북,칠곡,참외,1,2,2019-06-13,2,,10.6,9.3,
경북,칠곡,참외,1,2,2019-06-13,3,,9.6,8.7,
경북,칠곡,참외,1,2,2019-06-13,4,,9.5,9.4,
경북,칠곡,참외,1,2,2019-06-19,1,,9.0,8.4,
경북,칠곡,참외,1,2,2019-06-19,2,,8.2,8.6,
경북,칠곡,참외,1,2,2019-06-19,3,,6.9,7.0,
경북,칠곡,참외,1,2,2019-06-19,4,,8.6,8.4,
경북,칠곡,참외,1,2,2019-06-26,1,,7.7,7.4,
경북,칠곡,참외,1,2,2019-06-26,2,,8.4,8.9,
경북,칠곡,참외,1,2,2019-06-26,3,,10.1,8.1,
경북,칠곡,참외,1,2,2019-06-26,4,,8.6,7.4,
경북,칠곡,참외,1,2,2019-07-03,1,,,,
경북,칠곡,참외,1,2,2019-07-03,2,,,,
경북,칠곡,참외,1,2,2019-07-03,3,,,,
경북,칠곡,참외,1,2,2019-07-03,4,,,,
경북,칠곡,참외,1,2,2019-07-10,1,,,,
경북,칠곡,참외,1,2,2019-07-10,2,,,,
경북,칠곡,참외,1,2,2019-07-10,3,,,,
경북,칠곡,참외,1,2,2019-07-10,4,,,,
경북,성주,참외,1,1,2019-12-11,1,39.0,8.5,9.5,
경북,성주,참외,1,1,2019-12-11,2,23.0,7.5,5.5,
경북,성주,참외,1,1,2019-12-11,3,43.0,8.5,10.0,
경북,성주,참외,1,1,2019-12-11,4,34.0,8.5,10.0,
경북,성주,참외,1,1,2019-12-17,1,94.0,12.5,14.0,
경북,성주,참외,1,1,2019-12-17,2,71.0,10.4,11.6,
경북,성주,참외,1,1,2019-12-17,3,103.0,12.3,13.0,
경북,성주,참외,1,1,2019-12-17,4,90.0,12.6,13.5,
경북,성주,참외,1,1,2019-12-24,1,143.6,14.3,15.2,4.28
경북,성주,참외,1,1,2019-12-24,2,91.7,11.8,11.0,3.32
경북,성주,참외,1,1,2019-12-24,3,148.2,14.3,14.2,4.2
경북,성주,참외,1,1,2019-12-24,4,134.5,12.9,12.6,4.25
경북,성주,참외,1,1,2020-01-03,1,,15.3,14.8,5.91
경북,성주,참외,1,1,2020-01-03,2,130.8,11.3,12.0,3.79
경북,성주,참외,1,1,2020-01-03,3,,15.3,16.3,6.86
경북,성주,참외,1,1,2020-01-03,4,,13.5,14.7,4.69
경북,성주,참외,1,1,2020-01-07,1,192.2,12.3,16.9,5.14
경북,성주,참외,1,1,2020-01-07,2,213.7,16.7,16.9,4.01
경북,성주,참외,1,1,2020-01-07,3,170.4,16.2,16.5,4.63
경북,성주,참외,1,1,2020-01-07,4,180.5,16.3,17.4,6.08
경북,성주,참외,1,1,2020-01-14,1,,14.4,16.0,5.92
경북,성주,참외,1,1,2020-01-14,2,,16.3,16.2,5.06
경북,성주,참외,1,1,2020-01-14,3,,14.3,16.5,5.64
경북,성주,참외,1,1,2020-01-14,4,,16.0,17.3,5.35
경북,성주,참외,1,1,2020-01-21,1,,15.3,15.3,5.62
경북,성주,참외,1,1,2020-01-21,2,,12.0,11.5,4.28
경북,성주,참외,1,1,2020-01-21,3,,15.3,17.2,5.69
경북,성주,참외,1,1,2020-01-21,4,,14.3,16.3,4.9
경북,성주,참외,1,1,2020-01-28,1,,15.3,15.7,5.81
경북,성주,참외,1,1,2020-01-28,2,,15.6,16.7,5.55
경북,성주,참외,1,1,2020-01-28,3,,15.6,14.7,6.23
경북,성주,참외,1,1,2020-01-28,4,,15.0,17.0,5.54
경북,성주,참외,1,1,2020-02-04,1,,12.4,11.8,4.29
경북,성주,참외,1,1,2020-02-04,2,,11.9,13.5,5.59
경북,성주,참외,1,1,2020-02-04,3,,14.3,15.0,5.91
경북,성주,참외,1,1,2020-02-04,4,,12.1,13.4,4.66
경북,성주,참외,1,1,2020-02-11,1,,14.7,14.0,5.61
경북,성주,참외,1,1,2020-02-11,2,,13.0,13.2,5.22
경북,성주,참외,1,1,2020-02-11,3,,12.0,15.0,4.98
경북,성주,참외,1,1,2020-02-11,4,,11.0,11.2,4.05
경북,성주,참외,1,1,2020-02-18,1,,10.0,11.0,4.17
경북,성주,참외,1,1,2020-02-18,2,,11.3,12.0,5.35
경북,성주,참외,1,1,2020-02-18,3,,13.0,14.0,5.9
경북,성주,참외,1,1,2020-02-18,4,,11.3,10.6,4.2
경북,성주,참외,1,1,2020-02-27,1,,13.0,12.3,4.6
경북,성주,참외,1,1,2020-02-27,2,,12.2,12.9,5.56
경북,성주,참외,1,1,2020-02-27,3,,14.1,14.8,4.67
경북,성주,참외,1,1,2020-02-27,4,,13.1,13.1,4.82
경북,성주,참외,1,1,2020-03-03,1,,10.8,9.4,4.06
경북,성주,참외,1,1,2020-03-03,2,,12.4,9.9,4.51
경북,성주,참외,1,1,2020-03-03,3,,11.6,11.8,5.36
경북,성주,참외,1,1,2020-03-03,4,,11.4,10.0,2.71
경북,성주,참외,1,1,2020-03-10,1,,12.7,13.2,4.86
경북,성주,참외,1,1,2020-03-10,2,,12.9,10.3,4.49
경북,성주,참외,1,1,2020-03-10,3,,12.0,11.8,5.09
경북,성주,참외,1,1,2020-03-10,4,,11.5,11.0,4.43
경북,성주,참외,1,1,2020-03-17,1,,12.3,11.5,4.8
경북,성주,참외,1,1,2020-03-17,2,,11.5,11.2,4.5
경북,성주,참외,1,1,2020-03-17,3,,11.6,10.0,5.8
경북,성주,참외,1,1,2020-03-17,4,,10.0,10.8,5.1
경북,성주,참외,1,1,2020-04-08,1,,9.0,9.4,5.5
경북,성주,참외,1,1,2020-04-08,2,,9.8,9.7,5.0
경북,성주,참외,1,1,2020-04-08,3,,9.8,9.9,5.3
경북,성주,참외,1,1,2020-04-08,4,,10.0,10.0,5.6
경북,성주,참외,1,1,2020-04-13,1,,8.2,9.8,5.6
경북,성주,참외,1,1,2020-04-13,2,,9.4,10.4,5.1
경북,성주,참외,1,1,2020-04-13,3,,9.4,10.2,5.2
경북,성주,참외,1,1,2020-04-13,4,,9.8,10.3,4.9
경북,성주,참외,1,1,2020-04-22,1,,8.0,10.0,4.3
경북,성주,참외,1,1,2020-04-22,2,,8.2,10.0,5.2
경북,성주,참외,1,1,2020-04-22,3,,8.7,9.5,5.0
경북,성주,참외,1,1,2020-04-22,4,,10.3,10.0,4.8
경북,성주,참외,1,1,2020-04-29,1,,9.0,9.5,4.5
경북,성주,참외,1,1,2020-04-29,2,,8.5,10.0,5.0
경북,성주,참외,1,1,2020-04-29,3,,8.0,9.5,4.3
경북,성주,참외,1,1,2020-04-29,4,,8.5,9.2,5.2
경북,성주,참외,1,1,2020-05-07,1,,7.3,8.1,4.7
경북,성주,참외,1,1,2020-05-07,2,,8.1,9.3,4.4
경북,성주,참외,1,1,2020-05-07,3,,7.2,8.5,5.5
경북,성주,참외,1,1,2020-05-07,4,,7.5,7.9,3.6
경북,성주,참외,1,1,2020-05-13,1,,9.1,9.6,4.2
경북,성주,참외,1,1,2020-05-13,2,,8.1,9.2,4.7
경북,성주,참외,1,1,2020-05-13,3,,8.3,9.0,4.8
경북,성주,참외,1,1,2020-05-13,4,,7.3,7.2,3.8
경북,성주,참외,1,1,2020-05-20,1,,8.2,9.1,4.1
경북,성주,참외,1,1,2020-05-20,2,,6.8,7.4,3.9
경북,성주,참외,1,1,2020-05-20,3,,6.6,7.5,4.3
경북,성주,참외,1,1,2020-05-20,4,,6.5,7.4,3.8
경북,성주,참외,1,1,2020-05-27,1,,7.1,8.5,4.3
경북,성주,참외,1,1,2020-05-27,2,,7.5,9.7,3.7
경북,성주,참외,1,1,2020-05-27,3,,7.2,8.4,4.2
경북,성주,참외,1,1,2020-05-27,4,,6.3,7.7,4.4
경북,성주,참외,1,1,2020-06-03,1,,7.1,9.0,4.2
경북,성주,참외,1,1,2020-06-03,2,,7.2,7.5,4.4
경북,성주,참외,1,1,2020-06-03,3,,7.4,8.3,4.6
경북,성주,참외,1,1,2020-06-03,4,,7.0,8.5,4.1
경북,성주,참외,1,1,2020-06-10,1,,7.4,8.2,4.1
경북,성주,참외,1,1,2020-06-10,2,,7.1,8.0,4.5
경북,성주,참외,1,1,2020-06-10,3,,7.0,9.0,4.3
경북,성주,참외,1,1,2020-06-10,4,,8.0,9.1,4.0
경북,성주,참외,1,1,2020-06-17,1,,9.3,11.0,3.9
경북,성주,참외,1,1,2020-06-17,2,,7.6,8.5,3.8
경북,성주,참외,1,1,2020-06-17,3,,8.6,10.5,4.4
경북,성주,참외,1,1,2020-06-17,4,,6.6,7.7,4.6
경북,성주,참외,1,1,2020-06-24,1,,8.9,10.0,4.4
경북,성주,참외,1,1,2020-06-24,2,,8.5,9.2,4.3
경북,성주,참외,1,1,2020-06-24,3,,8.5,8.6,4.4
경북,성주,참외,1,1,2020-06-24,4,,8.0,9.5,4.5
경북,성주,참외,1,1,2020-07-01,1,,7.9,9.2,4.2
경북,성주,참외,1,1,2020-07-01,2,,8.7,9.4,4.2
경북,성주,참외,1,1,2020-07-01,3,,8.3,9.7,4.0
경북,성주,참외,1,1,2020-07-01,4,,8.9,10.3,4.1
경북,성주,참외,1,1,2020-07-08,1,,8.3,11.3,3.7
경북,성주,참외,1,1,2020-07-08,2,,8.4,9.0,4.2
경북,성주,참외,1,1,2020-07-08,3,,9.3,11.0,4.3
경북,성주,참외,1,1,2020-07-08,4,,8.5,10.4,3.8
경북,성주,참외,1,1,2020-07-13,1,,7.5,8.5,3.6
경북,성주,참외,1,1,2020-07-13,2,,9.1,9.8,4.0
경북,성주,참외,1,1,2020-07-13,3,,8.3,9.4,4.1
경북,성주,참외,1,1,2020-07-13,4,,8.6,10.0,3.8
경북,성주,참외,1,1,2020-07-22,1,,9.1,10.0,3.8
경북,성주,참외,1,1,2020-07-22,2,,9.5,9.4,4.2
경북,성주,참외,1,1,2020-07-22,3,,10.0,10.7,4.0
경북,성주,참외,1,1,2020-07-22,4,,9.5,11.2,4.3
경북,성주,참외,1,1,2020-07-29,1,,7.4,8.0,3.8
경북,성주,참외,1,1,2020-07-29,2,,7.0,8.1,4.1
경북,성주,참외,1,1,2020-07-29,3,,6.9,7.5,4.1
경북,성주,참외,1,1,2020-07-29,4,,8.3,9.4,4.0
경북,성주,참외,1,1,2020-08-05,1,,7.4,8.5,3.8
경북,성주,참외,1,1,2020-08-05,2,,7.5,8.1,3.9
경북,성주,참외,1,1,2020-08-05,3,,8.0,8.3,3.5
경북,성주,참외,1,1,2020-08-05,4,,7.4,7.8,3.8
경북,성주,참외,1,1,2020-08-12,1,,8.3,8.0,3.3
경북,성주,참외,1,1,2020-08-12,2,,6.2,8.8,3.5
경북,성주,참외,1,1,2020-08-12,3,,8.6,10.0,3.4
경북,성주,참외,1,1,2020-08-12,4,,10.2,9.8,3.3
경북,성주,참외,1,3,2019-12-09,1,64.0,10.0,11.5,
경북,성주,참외,1,3,2019-12-09,2,60.0,9.5,10.0,
경북,성주,참외,1,3,2019-12-09,3,57.0,8.5,10.0,
경북,성주,참외,1,3,2019-12-09,4,65.0,9.5,10.5,
경북,성주,참외,1,3,2019-12-17,1,111.0,15.0,13.0,
경북,성주,참외,1,3,2019-12-17,2,93.0,13.0,11.0,
경북,성주,참외,1,3,2019-12-17,3,93.0,13.0,11.5,
경북,성주,참외,1,3,2019-12-17,4,109.0,14.0,14.0,
경북,성주,참외,1,3,2019-12-27,1,177.0,16.3,13.4,4.38
경북,성주,참외,1,3,2019-12-27,2,154.5,14.0,12.0,3.61
경북,성주,참외,1,3,2019-12-27,3,153.0,15.0,12.0,4.25
경북,성주,참외,1,3,2019-12-27,4,168.0,15.0,13.0,4.6
경북,성주,참외,1,3,2020-01-03,1,204.0,14.0,13.8,5.69
경북,성주,참외,1,3,2020-01-03,2,174.0,13.2,14.5,5.32
경북,성주,참외,1,3,2020-01-03,3,178.0,13.5,12.0,4.73
경북,성주,참외,1,3,2020-01-03,4,206.2,15.9,13.5,5.6
경북,성주,참외,1,3,2020-01-07,1,235.0,14.8,12.8,5.81
경북,성주,참외,1,3,2020-01-07,2,186.0,14.5,14.7,5.59
경북,성주,참외,1,3,2020-01-07,3,201.3,13.9,12.0,5.59
경북,성주,참외,1,3,2020-01-07,4,216.0,16.9,14.0,6.07
경북,성주,참외,1,3,2020-01-14,1,,16.7,15.8,6.82
경북,성주,참외,1,3,2020-01-14,2,,14.8,12.9,4.83
경북,성주,참외,1,3,2020-01-14,3,,15.9,14.1,5.05
경북,성주,참외,1,3,2020-01-14,4,,17.2,14.2,5.48
경북,성주,참외,1,3,2020-01-21,1,,14.0,13.1,6.05
경북,성주,참외,1,3,2020-01-21,2,,15.0,12.6,5.58
경북,성주,참외,1,3,2020-01-21,3,,15.0,13.5,4.98
경북,성주,참외,1,3,2020-01-21,4,,17.5,14.7,5.6
경북,성주,참외,1,3,2020-01-28,1,,15.1,13.3,6.31
경북,성주,참외,1,3,2020-01-28,2,,13.4,11.3,4.46
경북,성주,참외,1,3,2020-01-28,3,,13.0,12.2,5.1
경북,성주,참외,1,3,2020-01-28,4,,14.9,14.0,5.41
경북,성주,참외,1,3,2020-02-04,1,,11.2,10.0,5.73
경북,성주,참외,1,3,2020-02-04,2,,13.5,12.8,4.2
경북,성주,참외,1,3,2020-02-04,3,,12.9,13.0,3.54
경북,성주,참외,1,3,2020-02-04,4,,12.5,10.0,4.29
경북,성주,참외,1,3,2020-02-11,1,,11.1,10.8,5.73
경북,성주,참외,1,3,2020-02-11,2,,14.0,11.7,4.13
경북,성주,참외,1,3,2020-02-11,3,,11.1,10.6,4.36
경북,성주,참외,1,3,2020-02-11,4,,11.4,9.5,4.43
경북,성주,참외,1,3,2020-02-18,1,,10.5,8.9,4.49
경북,성주,참외,1,3,2020-02-18,2,,11.5,9.6,4.44
경북,성주,참외,1,3,2020-02-18,3,,12.9,10.5,3.75
경북,성주,참외,1,3,2020-02-18,4,,11.6,10.8,5.42
경북,성주,참외,1,3,2020-02-25,1,,9.4,8.3,5.7
경북,성주,참외,1,3,2020-02-25,2,,11.4,9.7,5.96
경북,성주,참외,1,3,2020-02-25,3,,10.7,8.5,6.62
경북,성주,참외,1,3,2020-02-25,4,,11.5,10.4,5.4
경북,성주,참외,1,3,2020-03-03,1,,12.6,11.2,5.91
경북,성주,참외,1,3,2020-03-03,2,,12.2,10.1,5.65
경북,성주,참외,1,3,2020-03-03,3,,13.2,11.3,5.66
경북,성주,참외,1,3,2020-03-03,4,,13.1,11.6,5.59
경북,성주,참외,1,3,2020-03-10,1,,14.0,12.3,5.42
경북,성주,참외,1,3,2020-03-10,2,,11.0,9.8,4.81
경북,성주,참외,1,3,2020-03-10,3,,12.0,9.9,4.88
경북,성주,참외,1,3,2020-03-10,4,,14.6,12.0,5.35
경북,성주,참외,1,3,2020-03-17,1,,10.7,10.3,5.0
경북,성주,참외,1,3,2020-03-17,2,,11.8,10.0,5.2
경북,성주,참외,1,3,2020-03-17,3,,12.1,9.7,4.7
경북,성주,참외,1,3,2020-03-17,4,,11.8,10.8,5.7
경북,성주,참외,1,3,2020-04-07,1,,11.5,10.0,4.7
경북,성주,참외,1,3,2020-04-07,2,,9.8,10.0,4.2
경북,성주,참외,1,3,2020-04-07,3,,10.0,9.6,4.8
경북,성주,참외,1,3,2020-04-07,4,,9.2,9.2,4.2
경북,성주,참외,1,3,2020-04-13,1,,10.8,9.3,4.3
경북,성주,참외,1,3,2020-04-13,2,,10.5,9.2,3.8
경북,성주,참외,1,3,2020-04-13,3,,12.6,11.5,3.8
경북,성주,참외,1,3,2020-04-13,4,,11.5,10.3,4.5
경북,성주,참외,1,3,2020-04-21,1,,13.0,10.8,5.1
경북,성주,참외,1,3,2020-04-21,2,,11.3,10.3,4.9
경북,성주,참외,1,3,2020-04-21,3,,12.4,12.4,4.7
경북,성주,참외,1,3,2020-04-21,4,,11.1,10.0,5.2
경북,성주,참외,1,3,2020-04-28,1,,12.0,9.8,5.7
경북,성주,참외,1,3,2020-04-28,2,,12.2,10.1,4.3
경북,성주,참외,1,3,2020-04-28,3,,11.1,10.7,4.8
경북,성주,참외,1,3,2020-04-28,4,,12.6,11.6,4.2
경북,성주,참외,1,3,2020-05-04,1,,12.2,10.3,4.7
경북,성주,참외,1,3,2020-05-04,2,,11.1,9.4,4.1
경북,성주,참외,1,3,2020-05-04,3,,9.9,8.1,4.1
경북,성주,참외,1,3,2020-05-04,4,,12.7,10.9,4.7
경북,성주,참외,1,3,2020-05-12,1,,8.6,8.6,4.8
경북,성주,참외,1,3,2020-05-12,2,,9.2,8.5,5.5
경북,성주,참외,1,3,2020-05-12,3,,9.0,9.2,4.8
경북,성주,참외,1,3,2020-05-12,4,,9.6,9.7,4.7
경북,성주,참외,1,3,2020-05-19,1,,10.0,10.6,5.7
경북,성주,참외,1,3,2020-05-19,2,,9.2,9.1,4.4
경북,성주,참외,1,3,2020-05-19,3,,9.5,9.8,4.3
경북,성주,참외,1,3,2020-05-19,4,,9.5,10.2,4.3
경북,성주,참외,1,3,2020-05-26,1,,10.0,11.0,4.0
경북,성주,참외,1,3,2020-05-26,2,,11.0,10.5,4.2
경북,성주,참외,1,3,2020-05-26,3,,10.5,10.2,4.3
경북,성주,참외,1,3,2020-05-26,4,,9.0,9.5,4.7
경북,성주,참외,1,3,2020-06-02,1,,10.6,11.6,3.9
경북,성주,참외,1,3,2020-06-02,2,,10.0,10.2,3.5
경북,성주,참외,1,3,2020-06-02,3,,9.2,10.2,4.3
경북,성주,참외,1,3,2020-06-02,4,,8.5,9.8,3.5
경북,성주,참외,1,3,2020-06-09,1,,9.5,11.6,4.3
경북,성주,참외,1,3,2020-06-09,2,,9.5,11.0,3.7
경북,성주,참외,1,3,2020-06-09,3,,8.0,9.3,4.3
경북,성주,참외,1,3,2020-06-09,4,,9.5,10.0,4.7
경북,성주,참외,1,3,2020-06-16,1,,8.0,10.0,3.5
경북,성주,참외,1,3,2020-06-16,2,,8.6,10.1,4.3
경북,성주,참외,1,3,2020-06-16,3,,9.5,10.5,4.6
경북,성주,참외,1,3,2020-06-16,4,,9.6,10.6,5.0
경북,성주,참외,1,3,2020-06-23,1,,9.2,10.0,4.3
경북,성주,참외,1,3,2020-06-23,2,,9.5,9.5,4.6
경북,성주,참외,1,3,2020-06-23,3,,10.0,10.3,3.6
경북,성주,참외,1,3,2020-06-23,4,,8.5,10.2,4.9
경북,성주,참외,1,3,2020-06-30,1,,11.8,10.6,4.6
경북,성주,참외,1,3,2020-06-30,2,,9.5,9.5,4.8
경북,성주,참외,1,3,2020-06-30,3,,9.4,8.5,4.0
경북,성주,참외,1,3,2020-06-30,4,,10.4,9.8,5.2
경북,성주,참외,1,3,2020-07-07,1,,10.2,10.7,4.4
경북,성주,참외,1,3,2020-07-07,2,,10.6,9.8,4.9
경북,성주,참외,1,3,2020-07-07,3,,8.6,8.1,3.7
경북,성주,참외,1,3,2020-07-07,4,,11.0,10.0,4.9
경북,성주,참외,1,3,2020-07-14,1,,12.2,10.3,4.9
경북,성주,참외,1,3,2020-07-14,2,,9.6,9.0,4.8
경북,성주,참외,1,3,2020-07-14,3,,9.7,9.3,4.1
경북,성주,참외,1,3,2020-07-14,4,,8.9,8.5,5.2
경북,성주,참외,1,3,2020-07-21,1,,10.1,8.6,4.5
경북,성주,참외,1,3,2020-07-21,2,,11.1,10.4,4.6
경북,성주,참외,1,3,2020-07-21,3,,9.9,9.7,4.4
경북,성주,참외,1,3,2020-07-21,4,,9.7,9.5,4.9
경북,성주,참외,1,3,2020-07-28,1,,13.1,11.4,5.3
경북,성주,참외,1,3,2020-07-28,2,,8.8,8.0,4.6
경북,성주,참외,1,3,2020-07-28,3,,8.6,8.2,3.8
경북,성주,참외,1,3,2020-07-28,4,,10.4,8.7,5.2
경북,성주,참외,1,3,2020-08-04,1,,10.4,8.3,4.5
경북,성주,참외,1,3,2020-08-04,2,,9.1,7.1,3.9
경북,성주,참외,1,3,2020-08-04,3,,9.8,8.8,3.2
경북,성주,참외,1,3,2020-08-04,4,,10.0,9.0,4.6
경북,성주,참외,1,3,2020-08-11,1,,9.8,8.7,3.7
경북,성주,참외,1,3,2020-08-11,2,,10.4,9.5,3.5
경북,성주,참외,1,3,2020-08-11,3,,10.7,10.0,3.5
경북,성주,참외,1,3,2020-08-11,4,,10.8,10.8,4.0
경북,성주,참외,1,4,2020-01-08,1,129.8,13.0,13.0,
경북,성주,참외,1,4,2020-01-08,2,149.7,13.5,13.0,
경북,성주,참외,1,4,2020-01-08,3,127.7,13.3,12.0,
경북,성주,참외,1,4,2020-01-08,4,173.2,14.0,14.0,
경북,성주,참외,1,4,2020-01-14,1,141.0,14.5,14.5,3.9
경북,성주,참외,1,4,2020-01-14,2,123.0,11.5,11.7,
경북,성주,참외,1,4,2020-01-14,3,120.0,13.2,14.0,
경북,성주,참외,1,4,2020-01-14,4,145.0,12.0,13.0,
경북,성주,참외,1,4,2020-01-21,1,,13.2,14.0,4.8
경북,성주,참외,1,4,2020-01-21,2,,12.0,11.9,3.2
경북,성주,참외,1,4,2020-01-21,3,,13.9,13.5,4.5
경북,성주,참외,1,4,2020-01-21,4,,12.7,14.5,4.3
경북,성주,참외,1,4,2020-01-30,1,,14.0,10.6,4.2
경북,성주,참외,1,4,2020-01-30,2,,14.2,12.7,5.1
경북,성주,참외,1,4,2020-01-30,3,,14.1,13.5,5.2
경북,성주,참외,1,4,2020-01-30,4,,13.5,14.5,4.3
경북,성주,참외,1,4,2020-02-06,1,,14.2,12.0,4.3
경북,성주,참외,1,4,2020-02-06,2,,14.5,13.0,3.1
경북,성주,참외,1,4,2020-02-06,3,,14.2,13.7,5.2
경북,성주,참외,1,4,2020-02-06,4,,13.8,15.0,2.6
경북,성주,참외,1,4,2020-02-13,1,,14.8,12.0,5.2
경북,성주,참외,1,4,2020-02-13,2,,14.7,14.6,5.7
경북,성주,참외,1,4,2020-02-13,3,,15.0,13.7,3.8
경북,성주,참외,1,4,2020-02-13,4,,15.0,15.7,5.0
경북,성주,참외,1,4,2020-02-18,1,,14.9,12.1,4.5
경북,성주,참외,1,4,2020-02-18,2,,14.9,15.0,5.0
경북,성주,참외,1,4,2020-02-18,3,,14.5,15.0,4.8
경북,성주,참외,1,4,2020-02-18,4,,15.0,15.8,4.7
경북,성주,참외,1,4,2020-02-27,1,,14.9,13.0,5.1
경북,성주,참외,1,4,2020-02-27,2,,15.2,15.3,5.1
경북,성주,참외,1,4,2020-02-27,3,,16.0,15.0,6.0
경북,성주,참외,1,4,2020-02-27,4,,15.5,15.8,4.9
경북,성주,참외,1,4,2020-03-03,1,,15.0,13.2,5.1
경북,성주,참외,1,4,2020-03-03,2,,15.5,15.7,5.3
경북,성주,참외,1,4,2020-03-03,3,,16.5,15.5,4.8
경북,성주,참외,1,4,2020-03-03,4,,15.5,15.9,4.3
경북,성주,참외,1,4,2020-03-12,1,,13.0,11.8,4.5
경북,성주,참외,1,4,2020-03-12,2,,11.3,10.7,4.7
경북,성주,참외,1,4,2020-03-12,3,,10.1,9.9,5.6
경북,성주,참외,1,4,2020-03-12,4,,10.5,9.3,5.6
경북,성주,참외,1,4,2020-03-19,1,,11.2,9.9,4.6
경북,성주,참외,1,4,2020-03-19,2,,11.5,10.0,4.7
경북,성주,참외,1,4,2020-03-19,3,,10.1,9.4,5.7
경북,성주,참외,1,4,2020-03-19,4,,10.2,9.0,4.6
경북,성주,참외,1,4,2020-04-07,1,,11.5,10.0,5.6
경북,성주,참외,1,4,2020-04-07,2,,10.5,10.4,4.4
경북,성주,참외,1,4,2020-04-07,3,,11.2,10.9,5.9
경북,성주,참외,1,4,2020-04-07,4,,11.4,11.2,4.9
경북,성주,참외,1,4,2020-04-13,1,,8.0,7.6,6.1
경북,성주,참외,1,4,2020-04-13,2,,7.9,7.6,5.6
경북,성주,참외,1,4,2020-04-13,3,,7.4,7.3,6.5
경북,성주,참외,1,4,2020-04-13,4,,8.1,7.7,6.9
경북,성주,참외,1,4,2020-04-21,1,,12.3,11.6,3.5
경북,성주,참외,1,4,2020-04-21,2,,10.5,10.2,7.9
경북,성주,참외,1,4,2020-04-21,3,,10.7,10.5,6.2
경북,성주,참외,1,4,2020-04-21,4,,10.8,9.2,5.2
경북,성주,참외,1,4,2020-04-28,1,,10.5,10.4,6.8
경북,성주,참외,1,4,2020-04-28,2,,9.4,8.6,4.1
경북,성주,참외,1,4,2020-04-28,3,,12.0,9.5,5.5
경북,성주,참외,1,4,2020-04-28,4,,11.3,11.1,6.3
경북,성주,참외,1,4,2020-05-06,1,,10.6,10.1,6.7
경북,성주,참외,1,4,2020-05-06,2,,11.0,9.6,4.3
경북,성주,참외,1,4,2020-05-06,3,,12.6,9.8,5.0
경북,성주,참외,1,4,2020-05-06,4,,10.2,8.5,4.4
경북,성주,참외,1,4,2020-05-12,1,,9.0,8.9,4.2
경북,성주,참외,1,4,2020-05-12,2,,9.2,8.8,4.1
경북,성주,참외,1,4,2020-05-12,3,,12.1,10.9,5.1
경북,성주,참외,1,4,2020-05-12,4,,11.0,9.1,4.4
경북,성주,참외,1,4,2020-05-20,1,,9.5,9.2,4.6
경북,성주,참외,1,4,2020-05-20,2,,9.8,8.7,4.5
경북,성주,참외,1,4,2020-05-20,3,,10.0,8.9,4.8
경북,성주,참외,1,4,2020-05-20,4,,11.3,9.2,4.0
경북,성주,참외,1,4,2020-05-26,1,,10.2,9.8,3.9
경북,성주,참외,1,4,2020-05-26,2,,9.0,7.8,4.4
경북,성주,참외,1,4,2020-05-26,3,,10.7,9.9,4.4
경북,성주,참외,1,4,2020-05-26,4,,11.5,9.6,4.1
경북,성주,참외,1,4,2020-06-01,1,,9.0,10.5,3.8
경북,성주,참외,1,4,2020-06-01,2,,8.1,9.0,5.0
경북,성주,참외,1,4,2020-06-01,3,,9.0,9.1,5.1
경북,성주,참외,1,4,2020-06-01,4,,8.5,8.7,4.0
경북,성주,참외,1,4,2020-06-08,1,,7.6,8.5,4.0
경북,성주,참외,1,4,2020-06-08,2,,7.6,8.0,4.4
경북,성주,참외,1,4,2020-06-08,3,,7.3,8.4,4.2
경북,성주,참외,1,4,2020-06-08,4,,8.2,8.7,4.4
경북,성주,참외,1,4,2020-06-15,1,,8.5,10.0,4.7
경북,성주,참외,1,4,2020-06-15,2,,7.1,7.3,4.9
경북,성주,참외,1,4,2020-06-15,3,,9.0,9.5,4.5
경북,성주,참외,1,4,2020-06-15,4,,8.6,9.4,4.8
경북,성주,참외,1,4,2020-06-22,1,,8.6,9.3,4.8
경북,성주,참외,1,4,2020-06-22,2,,7.1,7.2,4.9
경북,성주,참외,1,4,2020-06-22,3,,9.0,9.8,4.5
경북,성주,참외,1,4,2020-06-22,4,,8.4,8.0,4.4
경북,성주,참외,1,4,2020-06-30,1,,8.9,9.5,4.6
경북,성주,참외,1,4,2020-06-30,2,,8.0,9.3,4.6
경북,성주,참외,1,4,2020-06-30,3,,9.6,11.2,4.1
경북,성주,참외,1,4,2020-06-30,4,,8.3,8.6,3.8
경북,성주,참외,1,4,2020-07-07,1,,9.0,9.3,4.4
경북,성주,참외,1,4,2020-07-07,2,,7.7,8.2,4.8
경북,성주,참외,1,4,2020-07-07,3,,9.2,9.7,5.1
경북,성주,참외,1,4,2020-07-07,4,,7.7,8.2,4.1
경북,성주,참외,1,4,2020-07-14,1,,8.2,8.5,3.6
경북,성주,참외,1,4,2020-07-14,2,,8.0,8.5,4.0
경북,성주,참외,1,4,2020-07-14,3,,9.8,11.2,3.7
경북,성주,참외,1,4,2020-07-14,4,,9.0,9.8,3.6
경북,성주,참외,1,4,2020-07-21,1,,7.3,7.6,4.2
경북,성주,참외,1,4,2020-07-21,2,,8.5,9.2,4.3
경북,성주,참외,1,4,2020-07-21,3,,9.6,11.3,4.7
경북,성주,참외,1,4,2020-07-21,4,,8.6,8.8,3.9
경북,성주,참외,1,4,2020-07-28,1,,8.0,8.8,3.8
경북,성주,참외,1,4,2020-07-28,2,,7.8,8.2,3.2
경북,성주,참외,1,4,2020-07-28,3,,8.2,8.2,3.7
경북,성주,참외,1,4,2020-07-28,4,,8.0,8.7,4.2
경북,성주,참외,1,4,2020-08-04,1,,8.2,9.1,4.3
경북,성주,참외,1,4,2020-08-04,2,,7.8,8.6,4.3
경북,성주,참외,1,4,2020-08-04,3,,7.7,8.0,4.5
경북,성주,참외,1,4,2020-08-04,4,,8.7,9.1,3.7
경북,성주,참외,1,4,2020-08-11,1,,8.0,10.0,4.2
경북,성주,참외,1,4,2020-08-11,2,,7.8,8.0,4.3
경북,성주,참외,1,4,2020-08-11,3,,7.5,9.0,3.9
경북,성주,참외,1,4,2020-08-11,4,,8.5,9.1,3.8
경북,성주,참외,1,4,2020-08-18,1,,8.6,9.1,3.7
경북,성주,참외,1,4,2020-08-18,2,,8.7,8.3,4.3
경북,성주,참외,1,4,2020-08-18,3,,7.2,8.2,4.5
경북,성주,참외,1,4,2020-08-18,4,,9.6,9.7,3.4
경북,성주,참외,1,4,2020-08-25,1,,7.2,8.5,4.4
경북,성주,참외,1,4,2020-08-25,2,,6.6,7.2,3.7
경북,성주,참외,1,4,2020-08-25,3,,5.8,6.9,3.8
경북,성주,참외,1,4,2020-08-25,4,,6.4,7.2,3.8
경북,성주,참외,1,4,2020-09-01,1,,7.4,8.4,3.3
경북,성주,참외,1,4,2020-09-01,2,,7.4,7.7,3.4
경북,성주,참외,1,4,2020-09-01,3,,6.4,7.4,3.2
경북,성주,참외,1,4,2020-09-01,4,,6.2,6.4,3.7
경북,성주,참외,1,4,2020-09-08,1,,6.6,7.4,3.2
경북,성주,참외,1,4,2020-09-08,2,,6.7,7.6,3.4
경북,성주,참외,1,4,2020-09-08,3,,7.2,8.1,3.7
경북,성주,참외,1,4,2020-09-08,4,,6.0,7.4,3.6
경북,성주,참외,1,4,2020-09-15,1,,5.3,6.3,2.8
경북,성주,참외,1,4,2020-09-15,2,,6.1,8.1,3.3
경북,성주,참외,1,4,2020-09-15,3,,7.8,8.2,3.3
경북,성주,참외,1,4,2020-09-15,4,,6.7,7.8,2.8
경북,성주,참외,1,4,2020-09-22,1,,6.8,6.4,3.4
경북,성주,참외,1,4,2020-09-22,2,,6.3,7.3,3.6
경북,성주,참외,1,4,2020-09-22,3,,5.7,6.6,3.2
경북,성주,참외,1,4,2020-09-22,4,,6.2,7.2,3.1
경북,성주,참외,1,5,2020-01-15,1,127.2,13.2,14.0,5.09
경북,성주,참외,1,5,2020-01-15,2,129.7,12.2,13.0,5.03
경북,성주,참외,1,5,2020-01-15,3,170.2,12.7,15.2,5.32
경북,성주,참외,1,5,2020-01-15,4,149.2,12.2,13.6,5.39
경북,성주,참외,1,5,2020-01-22,1,159.7,14.2,17.0,5.94
경북,성주,참외,1,5,2020-01-22,2,157.4,13.0,15.5,6.02
경북,성주,참외,1,5,2020-01-22,3,120.5,12.5,14.5,5.83
경북,성주,참외,1,5,2020-01-22,4,177.2,14.2,15.7,5.9
경북,성주,참외,1,5,2020-01-29,1,171.8,13.8,17.6,6.06
경북,성주,참외,1,5,2020-01-29,2,169.9,12.4,15.6,6.0
경북,성주,참외,1,5,2020-01-29,3,150.2,13.2,16.0,6.09
경북,성주,참외,1,5,2020-01-29,4,190.1,14.0,15.2,6.07
경북,성주,참외,1,5,2020-02-05,1,190.2,12.8,16.2,5.37
경북,성주,참외,1,5,2020-02-05,2,184.3,13.7,15.4,4.9
경북,성주,참외,1,5,2020-02-05,3,212.1,11.2,14.8,5.58
경북,성주,참외,1,5,2020-02-05,4,193.9,14.0,16.0,6.36
경북,성주,참외,1,5,2020-02-12,1,,12.4,14.5,6.7
경북,성주,참외,1,5,2020-02-12,2,,11.5,14.3,5.08
경북,성주,참외,1,5,2020-02-12,3,,11.3,13.5,6.25
경북,성주,참외,1,5,2020-02-12,4,,13.0,15.0,5.32
경북,성주,참외,1,5,2020-02-19,1,,14.5,16.0,7.58
경북,성주,참외,1,5,2020-02-19,2,,12.4,11.0,5.21
경북,성주,참외,1,5,2020-02-19,3,,12.5,15.2,5.16
경북,성주,참외,1,5,2020-02-19,4,,15.4,16.3,5.14
경북,성주,참외,1,5,2020-02-26,1,,11.8,12.0,4.85
경북,성주,참외,1,5,2020-02-26,2,,10.0,10.7,3.84
경북,성주,참외,1,5,2020-02-26,3,,12.0,11.7,5.26
경북,성주,참외,1,5,2020-02-26,4,,11.0,10.0,5.02
경북,성주,참외,1,5,2020-03-05,1,,10.0,9.0,5.6
경북,성주,참외,1,5,2020-03-05,2,,11.0,11.5,5.0
경북,성주,참외,1,5,2020-03-05,3,,8.5,8.0,4.8
경북,성주,참외,1,5,2020-03-05,4,,10.0,9.0,4.9
경북,성주,참외,1,5,2020-03-11,1,,11.0,10.5,4.61
경북,성주,참외,1,5,2020-03-11,2,,9.5,9.4,5.23
경북,성주,참외,1,5,2020-03-11,3,,9.8,9.0,5.94
경북,성주,참외,1,5,2020-03-11,4,,10.6,9.5,5.14
경북,성주,참외,1,5,2020-03-18,1,,10.0,10.0,6.1
경북,성주,참외,1,5,2020-03-18,2,,10.0,10.0,5.1
경북,성주,참외,1,5,2020-03-18,3,,8.0,9.8,4.3
경북,성주,참외,1,5,2020-03-18,4,,12.6,11.3,4.6
경북,성주,참외,1,5,2020-04-07,1,,10.0,9.0,4.7
경북,성주,참외,1,5,2020-04-07,2,,11.8,10.3,4.9
경북,성주,참외,1,5,2020-04-07,3,,10.5,10.8,5.0
경북,성주,참외,1,5,2020-04-07,4,,12.0,10.0,4.0
경북,성주,참외,1,5,2020-04-14,1,,9.5,9.0,4.6
경북,성주,참외,1,5,2020-04-14,2,,10.0,9.8,6.1
경북,성주,참외,1,5,2020-04-14,3,,9.5,9.5,4.9
경북,성주,참외,1,5,2020-04-14,4,,9.5,10.0,5.2
경북,성주,참외,1,5,2020-04-21,1,,9.9,10.4,4.3
경북,성주,참외,1,5,2020-04-21,2,,9.4,9.0,4.6
경북,성주,참외,1,5,2020-04-21,3,,8.6,9.5,4.3
경북,성주,참외,1,5,2020-04-21,4,,8.7,9.5,4.1
경북,성주,참외,1,5,2020-04-28,1,,10.0,10.1,4.4
경북,성주,참외,1,5,2020-04-28,2,,9.0,9.2,4.4
경북,성주,참외,1,5,2020-04-28,3,,9.2,9.5,4.4
경북,성주,참외,1,5,2020-04-28,4,,8.0,8.8,4.3
경북,성주,참외,1,5,2020-05-06,1,,9.5,9.7,4.0
경북,성주,참외,1,5,2020-05-06,2,,10.4,8.2,4.2
경북,성주,참외,1,5,2020-05-06,3,,7.1,8.0,4.7
경북,성주,참외,1,5,2020-05-06,4,,8.3,8.1,4.8
경북,성주,참외,1,5,2020-05-12,1,,8.1,8.2,4.8
경북,성주,참외,1,5,2020-05-12,2,,7.3,7.6,4.5
경북,성주,참외,1,5,2020-05-12,3,,7.5,7.3,4.9
경북,성주,참외,1,5,2020-05-12,4,,7.9,8.3,4.6
경북,성주,참외,1,5,2020-05-19,1,,7.6,8.6,4.3
경북,성주,참외,1,5,2020-05-19,2,,7.9,9.1,3.2
경북,성주,참외,1,5,2020-05-19,3,,8.0,8.3,4.1
경북,성주,참외,1,5,2020-05-19,4,,7.8,9.0,4.1
경북,성주,참외,1,5,2020-05-26,1,,7.5,8.0,4.2
경북,성주,참외,1,5,2020-05-26,2,,8.5,9.5,3.6
경북,성주,참외,1,5,2020-05-26,3,,8.3,8.5,4.0
경북,성주,참외,1,5,2020-05-26,4,,7.0,7.4,4.0
경북,성주,참외,1,5,2020-06-02,1,,7.5,8.3,4.1
경북,성주,참외,1,5,2020-06-02,2,,7.6,8.5,3.9
경북,성주,참외,1,5,2020-06-02,3,,8.0,8.4,4.0
경북,성주,참외,1,5,2020-06-02,4,,7.2,8.0,4.2
경북,성주,참외,1,5,2020-06-09,1,,7.3,9.0,4.3
경북,성주,참외,1,5,2020-06-09,2,,7.5,8.0,4.4
경북,성주,참외,1,5,2020-06-09,3,,7.6,8.0,4.1
경북,성주,참외,1,5,2020-06-09,4,,8.5,9.0,3.9
경북,성주,참외,1,5,2020-06-16,1,,7.6,8.3,4.0
경북,성주,참외,1,5,2020-06-16,2,,7.1,8.0,4.4
경북,성주,참외,1,5,2020-06-16,3,,6.7,7.5,3.9
경북,성주,참외,1,5,2020-06-16,4,,9.0,9.6,4.0
경북,성주,참외,1,5,2020-06-23,1,,7.4,8.0,4.3
경북,성주,참외,1,5,2020-06-23,2,,7.6,8.4,3.9
경북,성주,참외,1,5,2020-06-23,3,,6.5,7.6,4.0
경북,성주,참외,1,5,2020-06-23,4,,6.5,7.8,3.9
경북,성주,참외,1,5,2020-06-30,1,,6.4,8.5,4.4
경북,성주,참외,1,5,2020-06-30,2,,7.0,8.0,4.0
경북,성주,참외,1,5,2020-06-30,3,,9.0,9.5,3.9
경북,성주,참외,1,5,2020-06-30,4,,9.3,9.4,4.1
경북,성주,참외,1,5,2020-07-07,1,,7.3,7.6,4.1
경북,성주,참외,1,5,2020-07-07,2,,7.0,8.8,3.9
경북,성주,참외,1,5,2020-07-07,3,,6.4,6.8,3.8
경북,성주,참외,1,5,2020-07-07,4,,6.6,6.5,3.9
경북,성주,참외,1,5,2020-07-14,1,,7.7,8.0,3.7
경북,성주,참외,1,5,2020-07-14,2,,6.3,7.2,4.0
경북,성주,참외,1,5,2020-07-14,3,,6.6,7.1,3.7
경북,성주,참외,1,5,2020-07-14,4,,6.1,6.5,3.9
경북,성주,참외,1,5,2020-07-21,1,,8.7,8.2,3.7
경북,성주,참외,1,5,2020-07-21,2,,6.5,7.5,3.8
경북,성주,참외,1,5,2020-07-21,3,,6.7,7.4,3.6
경북,성주,참외,1,5,2020-07-21,4,,7.5,7.4,3.7
경북,성주,참외,1,5,2020-07-28,1,,8.0,8.5,3.5
경북,성주,참외,1,5,2020-07-28,2,,6.6,7.6,3.8
경북,성주,참외,1,5,2020-07-28,3,,7.0,7.5,3.6
경북,성주,참외,1,5,2020-07-28,4,,8.0,7.5,3.7
경북,성주,참외,1,5,2020-08-04,1,,7.1,8.0,3.9
경북,성주,참외,1,5,2020-08-04,2,,7.0,7.2,3.6
경북,성주,참외,1,5,2020-08-04,3,,7.5,7.0,3.7
경북,성주,참외,1,5,2020-08-04,4,,6.8,7.5,3.5
경북,성주,참외,1,5,2020-08-11,1,,7.6,8.0,3.2
경북,성주,참외,1,5,2020-08-11,2,,8.0,8.5,3.6
경북,성주,참외,1,5,2020-08-11,3,,8.0,8.0,3.3
경북,성주,참외,1,5,2020-08-11,4,,8.3,9.0,3.3
경북,성주,참외,1,5,2020-08-18,1,,9.0,8.0,3.4
경북,성주,참외,1,5,2020-08-18,2,,8.8,8.9,3.4
경북,성주,참외,1,5,2020-08-18,3,,9.8,7.4,3.5
경북,성주,참외,1,5,2020-08-18,4,,10.0,7.6,3.3
경북,성주,참외,1,5,2020-08-25,1,,8.8,9.4,3.3
경북,성주,참외,1,5,2020-08-25,2,,9.0,8.6,3.4
경북,성주,참외,1,5,2020-08-25,3,,8.4,8.8,3.2
경북,성주,참외,1,5,2020-08-25,4,,7.8,9.6,3.2
경북,성주,참외,1,6,2020-01-03,1,86.0,12.9,13.2,
경북,성주,참외,1,6,2020-01-03,2,105.4,12.8,13.3,
경북,성주,참외,1,6,2020-01-03,3,93.8,12.3,13.7,
경북,성주,참외,1,6,2020-01-03,4,73.7,12.6,12.5,
경북,성주,참외,1,6,2020-01-07,1,92.0,14.1,13.0,
경북,성주,참외,1,6,2020-01-07,2,119.0,14.0,12.0,
경북,성주,참외,1,6,2020-01-07,3,103.0,12.0,10.5,
경북,성주,참외,1,6,2020-01-07,4,86.0,12.5,12.0,
경북,성주,참외,1,6,2020-01-14,1,107.0,12.5,13.6,
경북,성주,참외,1,6,2020-01-14,2,132.0,15.0,13.3,
경북,성주,참외,1,6,2020-01-14,3,123.0,13.8,12.7,
경북,성주,참외,1,6,2020-01-14,4,99.0,13.6,13.5,
경북,성주,참외,1,6,2020-01-21,1,149.0,14.0,13.8,5.81
경북,성주,참외,1,6,2020-01-21,2,164.0,15.2,14.3,5.31
경북,성주,참외,1,6,2020-01-21,3,131.0,14.5,14.6,5.2
경북,성주,참외,1,6,2020-01-21,4,173.0,14.0,14.1,5.6
경북,성주,참외,1,6,2020-01-29,1,,15.6,17.0,5.85
경북,성주,참외,1,6,2020-01-29,2,,15.0,16.0,5.54
경북,성주,참외,1,6,2020-01-29,3,,14.4,14.3,5.54
경북,성주,참외,1,6,2020-01-29,4,,14.9,14.0,5.24
경북,성주,참외,1,6,2020-02-04,1,,13.6,14.0,5.08
경북,성주,참외,1,6,2020-02-04,2,,15.1,15.0,6.84
경북,성주,참외,1,6,2020-02-04,3,,12.0,13.1,6.27
경북,성주,참외,1,6,2020-02-04,4,,13.9,16.4,5.18
경북,성주,참외,1,6,2020-02-11,1,,13.5,14.3,6.4
경북,성주,참외,1,6,2020-02-11,2,,13.5,11.6,6.43
경북,성주,참외,1,6,2020-02-11,3,,13.2,11.6,6.19
경북,성주,참외,1,6,2020-02-11,4,,14.3,16.1,5.42
경북,성주,참외,1,6,2020-02-18,1,,15.0,14.6,5.59
경북,성주,참외,1,6,2020-02-18,2,,15.9,16.0,6.14
경북,성주,참외,1,6,2020-02-18,3,,12.8,13.2,4.7
경북,성주,참외,1,6,2020-02-18,4,,13.1,13.4,5.33
경북,성주,참외,1,6,2020-02-25,1,,10.5,10.1,6.22
경북,성주,참외,1,6,2020-02-25,2,,9.0,8.6,4.87
경북,성주,참외,1,6,2020-02-25,3,,10.4,10.6,5.03
경북,성주,참외,1,6,2020-02-25,4,,13.0,12.8,6.34
경북,성주,참외,1,6,2020-03-03,1,,9.9,10.0,5.6
경북,성주,참외,1,6,2020-03-03,2,,10.2,11.3,5.59
경북,성주,참외,1,6,2020-03-03,3,,9.4,10.1,6.29
경북,성주,참외,1,6,2020-03-03,4,,10.1,10.3,5.38
경북,성주,참외,1,6,2020-03-10,1,,11.2,10.7,5.43
경북,성주,참외,1,6,2020-03-10,2,,13.5,11.7,4.95
경북,성주,참외,1,6,2020-03-10,3,,12.4,13.2,4.89
경북,성주,참외,1,6,2020-03-10,4,,12.2,12.3,5.46
경북,성주,참외,1,6,2020-03-17,1,,12.7,11.6,5.3
경북,성주,참외,1,6,2020-03-17,2,,11.7,11.7,5.2
경북,성주,참외,1,6,2020-03-17,3,,11.3,9.7,4.8
경북,성주,참외,1,6,2020-03-17,4,,12.8,11.9,5.6
경북,성주,참외,1,6,2020-04-07,1,,8.0,8.2,4.9
경북,성주,참외,1,6,2020-04-07,2,,7.7,8.2,4.8
경북,성주,참외,1,6,2020-04-07,3,,6.5,7.2,4.7
경북,성주,참외,1,6,2020-04-07,4,,6.2,7.0,4.5
경북,성주,참외,1,6,2020-04-13,1,,10.1,10.2,5.1
경북,성주,참외,1,6,2020-04-13,2,,7.8,8.1,5.7
경북,성주,참외,1,6,2020-04-13,3,,10.1,9.6,4.4
경북,성주,참외,1,6,2020-04-13,4,,8.1,7.3,3.9
경북,성주,참외,1,6,2020-04-21,1,,8.1,9.1,3.8
경북,성주,참외,1,6,2020-04-21,2,,9.1,9.2,4.3
경북,성주,참외,1,6,2020-04-21,3,,9.1,9.6,4.8
경북,성주,참외,1,6,2020-04-21,4,,7.8,8.5,4.0
경북,성주,참외,1,6,2020-04-28,1,,8.0,8.5,5.3
경북,성주,참외,1,6,2020-04-28,2,,7.0,9.0,4.1
경북,성주,참외,1,6,2020-04-28,3,,10.0,9.5,4.4
경북,성주,참외,1,6,2020-04-28,4,,9.1,8.9,4.6
경북,성주,참외,1,6,2020-05-04,1,,8.3,7.9,5.8
경북,성주,참외,1,6,2020-05-04,2,,8.9,8.7,4.1
경북,성주,참외,1,6,2020-05-04,3,,9.0,8.6,4.7
경북,성주,참외,1,6,2020-05-04,4,,9.1,7.1,4.9
경북,성주,참외,1,6,2020-05-12,1,,8.0,8.4,5.3
경북,성주,참외,1,6,2020-05-12,2,,8.5,10.0,4.7
경북,성주,참외,1,6,2020-05-12,3,,8.7,9.2,3.7
경북,성주,참외,1,6,2020-05-12,4,,8.2,8.6,4.1
경북,성주,참외,1,6,2020-05-19,1,,8.5,10.2,4.3
경북,성주,참외,1,6,2020-05-19,2,,8.0,8.8,4.2
경북,성주,참외,1,6,2020-05-19,3,,8.5,9.5,4.1
경북,성주,참외,1,6,2020-05-19,4,,7.5,8.8,4.5
경북,성주,참외,1,6,2020-05-26,1,,8.4,10.0,4.1
경북,성주,참외,1,6,2020-05-26,2,,8.6,9.7,3.8
경북,성주,참외,1,6,2020-05-26,3,,7.8,9.3,4.2
경북,성주,참외,1,6,2020-05-26,4,,7.5,9.0,3.9
경북,성주,참외,1,6,2020-06-02,1,,7.6,8.5,4.2
경북,성주,참외,1,6,2020-06-02,2,,7.5,8.0,4.1
경북,성주,참외,1,6,2020-06-02,3,,7.0,7.8,3.8
경북,성주,참외,1,6,2020-06-02,4,,7.5,8.4,3.5
경북,성주,참외,1,6,2020-06-09,1,,8.6,9.5,3.4
경북,성주,참외,1,6,2020-06-09,2,,8.4,9.0,3.8
경북,성주,참외,1,6,2020-06-09,3,,8.6,9.6,3.3
경북,성주,참외,1,6,2020-06-09,4,,7.2,8.0,3.2
경북,성주,참외,1,6,2020-06-16,1,,7.8,8.5,3.9
경북,성주,참외,1,6,2020-06-16,2,,7.4,8.3,3.7
경북,성주,참외,1,6,2020-06-16,3,,7.2,8.0,3.8
경북,성주,참외,1,6,2020-06-16,4,,7.4,9.3,2.8
경북,성주,참외,1,6,2020-06-23,1,,7.7,8.5,3.0
경북,성주,참외,1,6,2020-06-23,2,,7.6,9.0,3.9
경북,성주,참외,1,6,2020-06-23,3,,7.0,8.7,3.8
경북,성주,참외,1,6,2020-06-23,4,,7.4,8.8,3.9
경북,성주,참외,1,6,2020-06-30,1,,8.2,8.7,3.2
경북,성주,참외,1,6,2020-06-30,2,,8.5,8.8,3.8
경북,성주,참외,1,6,2020-06-30,3,,7.2,8.0,3.1
경북,성주,참외,1,6,2020-06-30,4,,8.5,9.2,3.9
경북,성주,참외,1,7,2020-02-11,1,60.0,10.5,8.7,
경북,성주,참외,1,7,2020-02-11,2,65.0,11.2,11.7,
경북,성주,참외,1,7,2020-02-11,3,49.0,14.0,13.2,
경북,성주,참외,1,7,2020-02-11,4,55.0,11.7,11.3,
경북,성주,참외,1,7,2020-02-20,1,,10.7,9.0,3.3
경북,성주,참외,1,7,2020-02-20,2,,11.3,12.0,4.0
경북,성주,참외,1,7,2020-02-20,3,,14.1,13.3,4.0
경북,성주,참외,1,7,2020-02-20,4,,11.8,11.7,7.9
경북,성주,참외,1,7,2020-02-25,1,,13.0,11.5,4.2
경북,성주,참외,1,7,2020-02-25,2,,12.5,11.0,4.4
경북,성주,참외,1,7,2020-02-25,3,,11.4,11.0,4.1
경북,성주,참외,1,7,2020-02-25,4,,13.8,11.0,4.8
경북,성주,참외,1,7,2020-03-05,1,,12.0,15.0,7.5
경북,성주,참외,1,7,2020-03-05,2,,9.0,11.0,8.8
경북,성주,참외,1,7,2020-03-05,3,,11.0,13.0,5.2
경북,성주,참외,1,7,2020-03-05,4,,10.5,11.0,5.6
경북,성주,참외,1,7,2020-03-10,1,,17.0,16.0,4.6
경북,성주,참외,1,7,2020-03-10,2,,15.0,13.8,6.1
경북,성주,참외,1,7,2020-03-10,3,,12.2,12.7,7.2
경북,성주,참외,1,7,2020-03-10,4,,14.6,11.0,4.8
경북,성주,참외,1,7,2020-03-19,1,,17.0,16.0,5.9
경북,성주,참외,1,7,2020-03-19,2,,13.9,10.2,4.8
경북,성주,참외,1,7,2020-03-19,3,,12.8,11.2,5.5
경북,성주,참외,1,7,2020-03-19,4,,11.7,11.0,5.4
경북,성주,참외,1,7,2020-04-08,1,,14.1,11.2,6.4
경북,성주,참외,1,7,2020-04-08,2,,14.7,11.9,5.0
경북,성주,참외,1,7,2020-04-08,3,,13.4,12.3,4.9
경북,성주,참외,1,7,2020-04-08,4,,13.5,11.6,5.3
경북,성주,참외,1,7,2020-04-14,1,,13.2,12.8,6.5
경북,성주,참외,1,7,2020-04-14,2,,15.2,13.1,3.8
경북,성주,참외,1,7,2020-04-14,3,,16.8,13.4,4.6
경북,성주,참외,1,7,2020-04-14,4,,14.2,11.7,5.6
경북,성주,참외,1,7,2020-04-22,1,,15.5,12.7,4.1
경북,성주,참외,1,7,2020-04-22,2,,14.6,12.6,7.1
경북,성주,참외,1,7,2020-04-22,3,,14.3,11.1,5.3
경북,성주,참외,1,7,2020-04-22,4,,16.9,14.5,3.5
경북,성주,참외,1,7,2020-04-29,1,,15.1,12.3,3.8
경북,성주,참외,1,7,2020-04-29,2,,13.8,11.8,6.3
경북,성주,참외,1,7,2020-04-29,3,,14.7,11.5,5.5
경북,성주,참외,1,7,2020-04-29,4,,16.1,13.6,4.6
경북,성주,참외,1,7,2020-05-07,1,,11.2,9.1,4.2
경북,성주,참외,1,7,2020-05-07,2,,13.2,11.3,4.1
경북,성주,참외,1,7,2020-05-07,3,,10.3,9.2,4.5
경북,성주,참외,1,7,2020-05-07,4,,16.1,13.6,3.6
경북,성주,참외,1,7,2020-05-13,1,,10.6,8.9,4.4
경북,성주,참외,1,7,2020-05-13,2,,11.6,9.2,4.2
경북,성주,참외,1,7,2020-05-13,3,,13.3,11.0,4.0
경북,성주,참외,1,7,2020-05-13,4,,15.0,11.1,4.5
경북,성주,참외,1,7,2020-05-19,1,,11.5,9.3,4.2
경북,성주,참외,1,7,2020-05-19,2,,12.0,10.0,4.0
경북,성주,참외,1,7,2020-05-19,3,,14.0,12.1,4.8
경북,성주,참외,1,7,2020-05-19,4,,15.1,11.8,4.4
경북,성주,참외,1,7,2020-05-27,1,,10.2,8.7,4.3
경북,성주,참외,1,7,2020-05-27,2,,11.7,11.0,4.4
경북,성주,참외,1,7,2020-05-27,3,,13.5,12.5,3.9
경북,성주,참외,1,7,2020-05-27,4,,14.3,12.0,4.3
경북,성주,참외,1,7,2020-06-01,1,,9.0,9.5,3.7
경북,성주,참외,1,7,2020-06-01,2,,8.4,10.0,3.5
경북,성주,참외,1,7,2020-06-01,3,,9.0,10.4,4.2
경북,성주,참외,1,7,2020-06-01,4,,9.0,9.3,3.8
경북,성주,참외,1,7,2020-06-08,1,,8.0,9.0,3.8
경북,성주,참외,1,7,2020-06-08,2,,9.3,10.5,3.2
경북,성주,참외,1,7,2020-06-08,3,,9.6,10.3,4.1
경북,성주,참외,1,7,2020-06-08,4,,8.5,9.0,3.7
경북,성주,참외,1,7,2020-06-15,1,,8.4,9.3,4.2
경북,성주,참외,1,7,2020-06-15,2,,8.0,8.7,2.9
경북,성주,참외,1,7,2020-06-15,3,,9.3,8.3,2.7
경북,성주,참외,1,7,2020-06-15,4,,10.0,8.4,3.7
경북,성주,참외,1,7,2020-06-22,1,,7.6,8.0,4.2
경북,성주,참외,1,7,2020-06-22,2,,8.5,9.5,3.6
경북,성주,참외,1,7,2020-06-22,3,,7.6,9.5,3.5
경북,성주,참외,1,7,2020-06-22,4,,8.2,8.6,3.4
경북,성주,참외,1,7,2020-06-30,1,,8.3,8.8,4.9
경북,성주,참외,1,7,2020-06-30,2,,8.9,8.9,3.3
경북,성주,참외,1,7,2020-06-30,3,,10.1,8.9,3.4
경북,성주,참외,1,7,2020-06-30,4,,9.6,8.6,3.9
경북,성주,참외,1,7,2020-07-07,1,,7.9,8.0,2.7
경북,성주,참외,1,7,2020-07-07,2,,9.5,9.5,2.6
경북,성주,참외,1,7,2020-07-07,3,,9.5,9.0,2.9
경북,성주,참외,1,7,2020-07-07,4,,9.4,9.0,2.4
경북,성주,참외,1,8,2019-12-16,1,112.0,12.0,11.0,
경북,성주,참외,1,8,2019-12-16,2,132.0,13.5,12.5,
경북,성주,참외,1,8,2019-12-16,3,117.0,9.5,11.0,
경북,성주,참외,1,8,2019-12-16,4,114.0,13.0,13.0,
경북,성주,참외,1,8,2019-12-24,1,118.0,16.5,15.0,3.8
경북,성주,참외,1,8,2019-12-24,2,150.0,18.9,16.0,4.9
경북,성주,참외,1,8,2019-12-24,3,164.0,18.3,15.9,4.87
경북,성주,참외,1,8,2019-12-24,4,144.2,17.7,15.1,3.8
경북,성주,참외,1,8,2020-01-03,1,,14.5,16.2,5.56
경북,성주,참외,1,8,2020-01-03,2,,16.5,17.2,6.08
경북,성주,참외,1,8,2020-01-03,3,,14.5,15.0,5.39
경북,성주,참외,1,8,2020-01-03,4,,14.2,16.1,5.38
경북,성주,참외,1,8,2020-01-07,1,,17.4,15.5,5.13
경북,성주,참외,1,8,2020-01-07,2,,19.8,13.4,7.03
경북,성주,참외,1,8,2020-01-07,3,,11.2,11.3,5.65
경북,성주,참외,1,8,2020-01-07,4,,15.3,15.6,6.54
경북,성주,참외,1,8,2020-01-15,1,,16.3,14.4,5.71
경북,성주,참외,1,8,2020-01-15,2,,21.3,17.1,6.48
경북,성주,참외,1,8,2020-01-15,3,,17.8,14.6,6.07
경북,성주,참외,1,8,2020-01-15,4,,16.8,14.8,5.62
경북,성주,참외,1,8,2020-01-22,1,,13.4,15.4,6.12
경북,성주,참외,1,8,2020-01-22,2,,16.7,18.3,6.1
경북,성주,참외,1,8,2020-01-22,3,,14.9,15.7,6.06
경북,성주,참외,1,8,2020-01-22,4,,10.9,13.0,5.32
경북,성주,참외,1,8,2020-01-29,1,,13.8,15.0,5.94
경북,성주,참외,1,8,2020-01-29,2,,15.2,17.0,5.36
경북,성주,참외,1,8,2020-01-29,3,,15.4,16.2,6.13
경북,성주,참외,1,8,2020-01-29,4,,11.9,12.6,5.64
경북,성주,참외,1,8,2020-02-06,1,,13.6,13.8,5.2
경북,성주,참외,1,8,2020-02-06,2,,14.7,16.3,6.49
경북,성주,참외,1,8,2020-02-06,3,,11.5,14.3,5.8
경북,성주,참외,1,8,2020-02-06,4,,12.9,14.0,3.81
경북,성주,참외,1,8,2020-02-13,1,,15.0,17.3,4.53
경북,성주,참외,1,8,2020-02-13,2,,16.3,17.5,4.23
경북,성주,참외,1,8,2020-02-13,3,,11.8,14.3,6.05
경북,성주,참외,1,8,2020-02-13,4,,13.2,15.0,4.15
경북,성주,참외,1,8,2020-02-20,1,,10.7,12.3,3.68
경북,성주,참외,1,8,2020-02-20,2,,16.3,15.2,4.53
경북,성주,참외,1,8,2020-02-20,3,,12.4,15.0,5.05
경북,성주,참외,1,8,2020-02-20,4,,12.3,13.1,5.01
경북,성주,참외,1,8,2020-02-25,1,,10.2,11.0,4.49
경북,성주,참외,1,8,2020-02-25,2,,9.7,10.2,4.43
경북,성주,참외,1,8,2020-02-25,3,,9.0,10.0,5.6
경북,성주,참외,1,8,2020-02-25,4,,9.2,10.2,4.92
경북,성주,참외,1,8,2020-03-05,1,,10.0,9.4,5.2
경북,성주,참외,1,8,2020-03-05,2,,9.0,9.0,3.5
경북,성주,참외,1,8,2020-03-05,3,,8.4,8.0,5.8
경북,성주,참외,1,8,2020-03-05,4,,8.2,8.5,5.8
경북,성주,참외,1,8,2020-03-12,1,,11.5,11.8,6.26
경북,성주,참외,1,8,2020-03-12,2,,12.0,12.9,6.85
경북,성주,참외,1,8,2020-03-12,3,,10.7,11.2,5.64
경북,성주,참외,1,8,2020-03-12,4,,13.7,13.2,7.11
경북,성주,참외,1,8,2020-03-19,1,,10.0,10.4,5.9
경북,성주,참외,1,8,2020-03-19,2,,11.7,10.9,5.7
경북,성주,참외,1,8,2020-03-19,3,,12.2,12.5,5.7
경북,성주,참외,1,8,2020-03-19,4,,11.2,13.0,6.2
경북,성주,참외,1,8,2020-04-07,1,,11.5,10.8,5.4
경북,성주,참외,1,8,2020-04-07,2,,10.6,10.2,7.6
경북,성주,참외,1,8,2020-04-07,3,,9.7,9.9,5.5
경북,성주,참외,1,8,2020-04-07,4,,10.6,9.9,5.5
경북,성주,참외,1,8,2020-04-14,1,,12.0,13.2,5.5
경북,성주,참외,1,8,2020-04-14,2,,10.9,10.6,6.2
경북,성주,참외,1,8,2020-04-14,3,,9.5,9.2,5.0
경북,성주,참외,1,8,2020-04-14,4,,10.7,10.3,5.2
경북,성주,참외,1,8,2020-04-21,1,,10.3,10.5,6.0
경북,성주,참외,1,8,2020-04-21,2,,11.0,10.0,4.8
경북,성주,참외,1,8,2020-04-21,3,,9.6,9.5,5.2
경북,성주,참외,1,8,2020-04-21,4,,10.4,10.0,4.4
경북,성주,참외,1,8,2020-04-28,1,,10.6,11.5,4.9
경북,성주,참외,1,8,2020-04-28,2,,10.8,10.0,5.0
경북,성주,참외,1,8,2020-04-28,3,,10.0,9.8,5.1
경북,성주,참외,1,8,2020-04-28,4,,10.8,10.5,3.9
경북,성주,참외,1,8,2020-05-06,1,,12.1,11.5,4.1
경북,성주,참외,1,8,2020-05-06,2,,10.5,10.3,5.0
경북,성주,참외,1,8,2020-05-06,3,,9.5,10.2,5.4
경북,성주,참외,1,8,2020-05-06,4,,10.1,11.3,4.3
경북,성주,참외,1,8,2020-05-12,1,,9.5,9.8,3.7
경북,성주,참외,1,8,2020-05-12,2,,7.4,8.0,4.7
경북,성주,참외,1,8,2020-05-12,3,,7.6,8.1,4.0
경북,성주,참외,1,8,2020-05-12,4,,7.0,7.8,5.2
경북,성주,참외,1,8,2020-05-19,1,,7.9,9.0,3.7
경북,성주,참외,1,8,2020-05-19,2,,8.1,9.1,3.8
경북,성주,참외,1,8,2020-05-19,3,,8.3,9.4,4.0
경북,성주,참외,1,8,2020-05-19,4,,8.3,9.3,3.9
경북,성주,참외,1,8,2020-05-26,1,,7.5,7.7,4.2
경북,성주,참외,1,8,2020-05-26,2,,8.5,9.4,4.3
경북,성주,참외,1,8,2020-05-26,3,,7.5,8.0,3.7
경북,성주,참외,1,8,2020-05-26,4,,7.7,8.0,3.4
경북,성주,참외,1,8,2020-06-02,1,,9.3,10.2,4.0
경북,성주,참외,1,8,2020-06-02,2,,8.0,9.1,4.1
경북,성주,참외,1,8,2020-06-02,3,,9.0,9.4,3.9
경북,성주,참외,1,8,2020-06-02,4,,8.3,9.5,3.8
경북,성주,참외,1,8,2020-06-09,1,,7.5,8.0,4.0
경북,성주,참외,1,8,2020-06-09,2,,9.0,9.1,4.0
경북,성주,참외,1,8,2020-06-09,3,,8.5,8.5,4.2
경북,성주,참외,1,8,2020-06-09,4,,8.6,8.7,3.8
경북,성주,참외,1,8,2020-06-16,1,,7.5,8.0,3.5
경북,성주,참외,1,8,2020-06-16,2,,8.5,9.0,3.6
경북,성주,참외,1,8,2020-06-16,3,,8.4,8.5,3.9
경북,성주,참외,1,8,2020-06-16,4,,8.1,8.0,3.9
경북,성주,참외,1,8,2020-06-23,1,,7.6,8.4,4.5
경북,성주,참외,1,8,2020-06-23,2,,7.2,9.0,4.6
경북,성주,참외,1,8,2020-06-23,3,,6.8,7.4,4.1
경북,성주,참외,1,8,2020-06-23,4,,7.0,9.0,4.0
경북,성주,참외,1,8,2020-06-30,1,,6.0,7.5,4.1
경북,성주,참외,1,8,2020-06-30,2,,5.7,6.3,3.8
경북,성주,참외,1,8,2020-06-30,3,,5.4,7.0,4.1
경북,성주,참외,1,8,2020-06-30,4,,6.6,7.6,3.7
경북,성주,참외,1,8,2020-07-07,1,,6.4,7.3,3.9
경북,성주,참외,1,8,2020-07-07,2,,6.3,7.5,3.8
경북,성주,참외,1,8,2020-07-07,3,,7.0,7.7,4.0
경북,성주,참외,1,8,2020-07-07,4,,8.0,7.5,4.1
경북,성주,참외,1,8,2020-07-14,1,,7.1,7.7,3.6
경북,성주,참외,1,8,2020-07-14,2,,8.0,7.8,3.8
경북,성주,참외,1,8,2020-07-14,3,,7.2,8.0,4.0
경북,성주,참외,1,8,2020-07-14,4,,6.9,7.0,3.7
경북,성주,참외,1,8,2020-07-21,1,,7.0,7.3,3.6
경북,성주,참외,1,8,2020-07-21,2,,7.2,7.6,3.7
경북,성주,참외,1,8,2020-07-21,3,,7.1,8.0,3.5
경북,성주,참외,1,8,2020-07-21,4,,8.4,8.5,3.8
경북,성주,참외,1,8,2020-07-28,1,,9.0,9.4,3.4
경북,성주,참외,1,8,2020-07-28,2,,8.6,9.4,3.8
경북,성주,참외,1,8,2020-07-28,3,,8.5,10.2,3.7
경북,성주,참외,1,8,2020-07-28,4,,7.6,8.3,4.0
경북,성주,참외,1,8,2020-08-04,1,,7.5,8.5,3.6
경북,성주,참외,1,8,2020-08-04,2,,7.1,8.0,3.5
경북,성주,참외,1,8,2020-08-04,3,,8.4,9.0,3.8
경북,성주,참외,1,8,2020-08-04,4,,8.4,8.8,3.7
경북,성주,참외,1,9,2019-12-09,1,108.0,11.0,12.0,
경북,성주,참외,1,9,2019-12-09,2,96.0,9.0,10.0,
경북,성주,참외,1,9,2019-12-09,3,82.0,11.0,10.5,
경북,성주,참외,1,9,2019-12-09,4,100.0,8.0,12.5,
경북,성주,참외,1,9,2019-12-17,1,120.0,13.0,14.3,
경북,성주,참외,1,9,2019-12-17,2,156.0,14.7,13.7,
경북,성주,참외,1,9,2019-12-17,3,122.0,11.0,9.0,
경북,성주,참외,1,9,2019-12-17,4,140.0,12.0,15.0,
경북,성주,참외,1,9,2019-12-24,1,186.0,16.5,13.5,
경북,성주,참외,1,9,2019-12-24,2,165.0,15.0,13.0,
경북,성주,참외,1,9,2019-12-24,3,181.0,14.8,14.0,
경북,성주,참외,1,9,2019-12-24,4,178.0,14.5,16.0,
경북,성주,참외,1,9,2020-01-03,1,191.0,15.3,12.5,5.26
경북,성주,참외,1,9,2020-01-03,2,212.0,13.7,13.4,4.86
경북,성주,참외,1,9,2020-01-03,3,215.0,15.5,10.4,5.81
경북,성주,참외,1,9,2020-01-03,4,219.0,17.0,16.5,5.01
경북,성주,참외,1,9,2020-01-07,1,,16.5,14.5,5.47
경북,성주,참외,1,9,2020-01-07,2,,16.0,15.0,6.44
경북,성주,참외,1,9,2020-01-07,3,,17.5,14.5,5.85
경북,성주,참외,1,9,2020-01-07,4,,15.5,13.0,5.94
경북,성주,참외,1,9,2020-01-14,1,,14.8,12.3,5.12
경북,성주,참외,1,9,2020-01-14,2,,17.8,14.4,5.18
경북,성주,참외,1,9,2020-01-14,3,,17.2,15.3,5.33
경북,성주,참외,1,9,2020-01-14,4,,16.2,14.8,5.23
경북,성주,참외,1,9,2020-01-21,1,,16.9,14.2,5.61
경북,성주,참외,1,9,2020-01-21,2,,16.9,15.6,5.62
경북,성주,참외,1,9,2020-01-21,3,,18.0,13.9,5.34
경북,성주,참외,1,9,2020-01-21,4,,15.8,15.1,5.59
경북,성주,참외,1,9,2020-01-28,1,,16.5,14.8,5.96
경북,성주,참외,1,9,2020-01-28,2,,16.3,15.0,6.75
경북,성주,참외,1,9,2020-01-28,3,,17.2,14.2,6.22
경북,성주,참외,1,9,2020-01-28,4,,15.0,14.7,5.36
경북,성주,참외,1,9,2020-02-04,1,,16.1,14.9,5.06
경북,성주,참외,1,9,2020-02-04,2,,14.0,11.9,3.86
경북,성주,참외,1,9,2020-02-04,3,,13.4,12.9,4.96
경북,성주,참외,1,9,2020-02-04,4,,14.1,11.1,4.33
경북,성주,참외,1,9,2020-02-11,1,,11.2,10.6,3.86
경북,성주,참외,1,9,2020-02-11,2,,9.7,8.3,4.55
경북,성주,참외,1,9,2020-02-11,3,,11.6,11.1,3.41
경북,성주,참외,1,9,2020-02-11,4,,11.0,9.5,3.89
경북,성주,참외,1,9,2020-02-18,1,,11.2,10.4,5.48
경북,성주,참외,1,9,2020-02-18,2,,9.6,8.4,4.95
경북,성주,참외,1,9,2020-02-18,3,,10.6,9.9,5.3
경북,성주,참외,1,9,2020-02-18,4,,10.1,9.0,3.86
경북,성주,참외,1,9,2020-02-26,1,,11.1,10.9,5.19
경북,성주,참외,1,9,2020-02-26,2,,12.0,11.6,5.62
경북,성주,참외,1,9,2020-02-26,3,,13.0,12.3,5.14
경북,성주,참외,1,9,2020-02-26,4,,8.9,7.9,5.1
경북,성주,참외,1,9,2020-03-03,1,,11.2,10.0,5.25
경북,성주,참외,1,9,2020-03-03,2,,12.4,12.0,6.2
경북,성주,참외,1,9,2020-03-03,3,,12.9,12.6,5.46
경북,성주,참외,1,9,2020-03-03,4,,8.4,8.0,5.41
경북,성주,참외,1,9,2020-03-10,1,,10.0,9.1,5.72
경북,성주,참외,1,9,2020-03-10,2,,13.6,13.1,6.55
경북,성주,참외,1,9,2020-03-10,3,,14.0,12.5,5.49
경북,성주,참외,1,9,2020-03-10,4,,10.6,10.3,5.01
경북,성주,참외,1,9,2020-03-17,1,,10.2,9.4,5.1
경북,성주,참외,1,9,2020-03-17,2,,13.2,12.2,5.3
경북,성주,참외,1,9,2020-03-17,3,,11.9,10.1,6.1
경북,성주,참외,1,9,2020-03-17,4,,12.0,11.8,6.0
경북,성주,참외,1,9,2020-04-07,1,,8.5,9.0,5.3
경북,성주,참외,1,9,2020-04-07,2,,10.2,11.5,4.8
경북,성주,참외,1,9,2020-04-07,3,,9.2,9.6,4.2
경북,성주,참외,1,9,2020-04-07,4,,7.7,9.3,4.3
경북,성주,참외,1,9,2020-04-13,1,,9.9,9.7,6.4
경북,성주,참외,1,9,2020-04-13,2,,11.5,11.2,4.7
경북,성주,참외,1,9,2020-04-13,3,,10.0,8.9,5.0
경북,성주,참외,1,9,2020-04-13,4,,9.8,9.4,4.3
경북,성주,참외,1,9,2020-04-21,1,,10.0,9.2,5.5
경북,성주,참외,1,9,2020-04-21,2,,8.9,9.4,4.2
경북,성주,참외,1,9,2020-04-21,3,,10.0,9.2,3.1
경북,성주,참외,1,9,2020-04-21,4,,10.0,9.3,3.6
경북,성주,참외,1,9,2020-04-28,1,,10.7,10.4,4.3
경북,성주,참외,1,9,2020-04-28,2,,8.9,8.2,5.5
경북,성주,참외,1,9,2020-04-28,3,,10.8,10.2,4.3
경북,성주,참외,1,9,2020-04-28,4,,10.6,10.2,3.9
경북,성주,참외,1,9,2020-05-06,1,,9.0,9.3,4.7
경북,성주,참외,1,9,2020-05-06,2,,9.2,8.0,3.9
경북,성주,참외,1,9,2020-05-06,3,,9.4,8.7,4.8
경북,성주,참외,1,9,2020-05-06,4,,8.5,9.0,5.3
경북,성주,참외,1,9,2020-05-13,1,,10.0,10.5,4.0
경북,성주,참외,1,9,2020-05-13,2,,8.3,10.0,4.6
경북,성주,참외,1,9,2020-05-13,3,,8.9,10.3,3.0
경북,성주,참외,1,9,2020-05-13,4,,8.2,9.6,4.1
경북,성주,참외,1,9,2020-05-20,1,,8.2,9.5,4.2
경북,성주,참외,1,9,2020-05-20,2,,8.0,8.5,3.4
경북,성주,참외,1,9,2020-05-20,3,,7.5,8.3,4.3
경북,성주,참외,1,9,2020-05-20,4,,7.3,7.8,4.0
경북,성주,참외,1,9,2020-05-27,1,,8.6,9.0,4.3
경북,성주,참외,1,9,2020-05-27,2,,8.0,9.2,4.3
경북,성주,참외,1,9,2020-05-27,3,,8.0,10.0,4.3
경북,성주,참외,1,9,2020-05-27,4,,8.4,10.0,5.1
경북,성주,참외,1,9,2020-06-03,1,,8.5,9.3,3.9
경북,성주,참외,1,9,2020-06-03,2,,8.0,9.4,4.1
경북,성주,참외,1,9,2020-06-03,3,,8.6,9.5,4.1
경북,성주,참외,1,9,2020-06-03,4,,7.5,9.0,3.7
경북,성주,참외,1,9,2020-06-10,1,,9.0,10.0,3.5
경북,성주,참외,1,9,2020-06-10,2,,9.2,10.1,3.7
경북,성주,참외,1,9,2020-06-10,3,,8.8,9.6,3.1
경북,성주,참외,1,9,2020-06-10,4,,8.5,10.1,3.5
경북,성주,참외,1,9,2020-06-17,1,,8.5,9.2,3.5
경북,성주,참외,1,9,2020-06-17,2,,8.5,9.8,3.7
경북,성주,참외,1,9,2020-06-17,3,,9.6,10.0,4.4
경북,성주,참외,1,9,2020-06-17,4,,8.3,8.6,4.1
경북,성주,참외,1,9,2020-06-24,1,,7.5,8.0,4.6
경북,성주,참외,1,9,2020-06-24,2,,7.0,7.5,3.2
경북,성주,참외,1,9,2020-06-24,3,,8.0,9.0,3.9
경북,성주,참외,1,9,2020-06-24,4,,7.5,8.8,3.3
경북,성주,참외,1,9,2020-07-01,1,,6.9,7.0,4.5
경북,성주,참외,1,9,2020-07-01,2,,8.5,8.0,3.5
경북,성주,참외,1,9,2020-07-01,3,,8.4,9.0,4.0
경북,성주,참외,1,9,2020-07-01,4,,9.0,8.8,3.6
경북,성주,참외,1,10,2020-01-03,1,50.0,8.6,8.5,
경북,성주,참외,1,10,2020-01-03,2,63.0,7.5,6.5,
경북,성주,참외,1,10,2020-01-03,3,41.0,7.5,7.8,
경북,성주,참외,1,10,2020-01-03,4,21.0,6.0,7.9,
경북,성주,참외,1,10,2020-01-07,1,60.0,7.0,6.5,
경북,성주,참외,1,10,2020-01-07,2,64.0,7.5,8.2,
경북,성주,참외,1,10,2020-01-07,3,39.0,8.5,8.0,
경북,성주,참외,1,10,2020-01-07,4,20.0,6.6,6.7,
경북,성주,참외,1,10,2020-01-14,1,65.0,10.0,9.8,
경북,성주,참외,1,10,2020-01-14,2,50.0,11.8,10.3,
경북,성주,참외,1,10,2020-01-14,3,60.0,10.5,10.7,
경북,성주,참외,1,10,2020-01-14,4,36.0,7.0,7.5,
경북,성주,참외,1,10,2020-01-21,1,87.0,11.2,11.0,
경북,성주,참외,1,10,2020-01-21,2,80.0,11.9,12.0,
경북,성주,참외,1,10,2020-01-21,3,44.0,13.0,12.5,
경북,성주,참외,1,10,2020-01-21,4,53.0,7.8,7.5,
경북,성주,참외,1,10,2020-01-28,1,,11.3,11.5,
경북,성주,참외,1,10,2020-01-28,2,,12.0,12.2,
경북,성주,참외,1,10,2020-01-28,3,,13.5,13.4,
경북,성주,참외,1,10,2020-01-28,4,,11.8,10.2,
경북,성주,참외,1,10,2020-02-04,1,,12.0,11.7,5.8
경북,성주,참외,1,10,2020-02-04,2,,12.5,13.0,4.3
경북,성주,참외,1,10,2020-02-04,3,,13.5,13.7,4.4
경북,성주,참외,1,10,2020-02-04,4,,11.8,12.0,0.0
경북,성주,참외,1,10,2020-02-11,1,,12.0,11.9,5.0
경북,성주,참외,1,10,2020-02-11,2,,13.1,13.0,5.2
경북,성주,참외,1,10,2020-02-11,3,,14.1,13.8,6.3
경북,성주,참외,1,10,2020-02-11,4,,13.0,12.1,4.0
경북,성주,참외,1,10,2020-02-18,1,,13.0,11.9,5.1
경북,성주,참외,1,10,2020-02-18,2,,13.5,13.0,5.9
경북,성주,참외,1,10,2020-02-18,3,,15.3,14.2,6.7
경북,성주,참외,1,10,2020-02-18,4,,14.2,12.8,4.8
경북,성주,참외,1,10,2020-02-25,1,,13.2,12.2,5.2
경북,성주,참외,1,10,2020-02-25,2,,14.0,13.5,6.0
경북,성주,참외,1,10,2020-02-25,3,,16.0,15.8,8.4
경북,성주,참외,1,10,2020-02-25,4,,14.7,13.0,5.9
경북,성주,참외,1,10,2020-03-03,1,,13.3,12.5,6.0
경북,성주,참외,1,10,2020-03-03,2,,14.0,14.2,7.6
경북,성주,참외,1,10,2020-03-03,3,,16.2,15.9,6.3
경북,성주,참외,1,10,2020-03-03,4,,14.9,14.0,3.9
경북,성주,참외,1,10,2020-03-10,1,,14.0,13.2,6.9
경북,성주,참외,1,10,2020-03-10,2,,15.5,14.5,8.0
경북,성주,참외,1,10,2020-03-10,3,,15.0,13.0,6.5
경북,성주,참외,1,10,2020-03-10,4,,15.0,14.9,7.9
경북,성주,참외,1,10,2020-03-17,1,,14.0,10.7,6.3
경북,성주,참외,1,10,2020-03-17,2,,15.7,16.2,5.2
경북,성주,참외,1,10,2020-03-17,3,,15.5,15.9,6.8
경북,성주,참외,1,10,2020-03-17,4,,12.7,13.0,6.0
경북,성주,참외,1,10,2020-04-07,1,,14.1,12.5,5.4
경북,성주,참외,1,10,2020-04-07,2,,15.3,12.8,3.1
경북,성주,참외,1,10,2020-04-07,3,,15.2,14.5,3.1
경북,성주,참외,1,10,2020-04-07,4,,16.0,13.0,5.3
경북,성주,참외,1,10,2020-04-13,1,,14.9,13.2,7.4
경북,성주,참외,1,10,2020-04-13,2,,14.7,11.8,3.4
경북,성주,참외,1,10,2020-04-13,3,,13.0,12.0,0.31
경북,성주,참외,1,10,2020-04-13,4,,13.8,11.9,5.1
경북,성주,참외,1,10,2020-04-21,1,,13.0,12.6,5.9
경북,성주,참외,1,10,2020-04-21,2,,15.3,14.0,4.7
경북,성주,참외,1,10,2020-04-21,3,,15.0,13.0,4.8
경북,성주,참외,1,10,2020-04-21,4,,14.2,11.6,5.6
경북,성주,참외,1,10,2020-04-28,1,,11.8,11.0,5.9
경북,성주,참외,1,10,2020-04-28,2,,15.5,13.0,5.9
경북,성주,참외,1,10,2020-04-28,3,,9.8,9.0,6.0
경북,성주,참외,1,10,2020-04-28,4,,11.5,9.3,7.1
경북,성주,참외,1,10,2020-05-06,1,,13.0,12.2,6.3
경북,성주,참외,1,10,2020-05-06,2,,14.9,13.8,5.2
경북,성주,참외,1,10,2020-05-06,3,,13.3,12.5,5.6
경북,성주,참외,1,10,2020-05-06,4,,12.8,10.9,4.7
경북,성주,참외,1,10,2020-05-12,1,,13.0,12.2,2.0
경북,성주,참외,1,10,2020-05-12,2,,13.5,12.7,4.2
경북,성주,참외,1,10,2020-05-12,3,,10.7,10.0,5.8
경북,성주,참외,1,10,2020-05-12,4,,12.9,11.3,4.7
경북,성주,참외,1,10,2020-05-19,1,,13.1,12.8,4.8
경북,성주,참외,1,10,2020-05-19,2,,10.3,10.0,4.4
경북,성주,참외,1,10,2020-05-19,3,,9.7,9.3,4.6
경북,성주,참외,1,10,2020-05-19,4,,9.8,8.3,5.0
경북,성주,참외,1,10,2020-05-26,1,,9.6,9.3,5.1
경북,성주,참외,1,10,2020-05-26,2,,10.1,9.2,4.7
경북,성주,참외,1,10,2020-05-26,3,,9.6,9.3,4.5
경북,성주,참외,1,10,2020-05-26,4,,9.2,8.3,4.8
경북,성주,참외,1,10,2020-06-01,1,,8.0,9.3,4.4
경북,성주,참외,1,10,2020-06-01,2,,7.9,8.5,4.5
경북,성주,참외,1,10,2020-06-01,3,,8.5,10.0,4.6
경북,성주,참외,1,10,2020-06-01,4,,9.1,10.3,4.9
경북,성주,참외,1,10,2020-06-08,1,,7.6,8.0,4.9
경북,성주,참외,1,10,2020-06-08,2,,8.0,9.8,5.1
경북,성주,참외,1,10,2020-06-08,3,,7.3,9.0,5.1
경북,성주,참외,1,10,2020-06-08,4,,9.1,9.6,5.1
경북,성주,참외,1,10,2020-06-15,1,,8.4,9.0,4.3
경북,성주,참외,1,10,2020-06-15,2,,9.0,10.0,4.4
경북,성주,참외,1,10,2020-06-15,3,,8.3,9.1,4.6
경북,성주,참외,1,10,2020-06-15,4,,8.4,9.0,4.8
경북,성주,참외,1,10,2020-06-22,1,,8.9,9.3,5.1
경북,성주,참외,1,10,2020-06-22,2,,7.4,8.6,5.0
경북,성주,참외,1,10,2020-06-22,3,,8.6,10.1,4.4
경북,성주,참외,1,10,2020-06-22,4,,7.6,8.3,5.1
경북,성주,참외,1,10,2020-06-30,1,,7.6,8.3,5.5
경북,성주,참외,1,10,2020-06-30,2,,7.6,8.5,5.3
경북,성주,참외,1,10,2020-06-30,3,,8.8,9.9,5.1
경북,성주,참외,1,10,2020-06-30,4,,9.0,9.1,4.8
경북,성주,참외,1,10,2020-07-07,1,,9.3,9.5,4.5
경북,성주,참외,1,10,2020-07-07,2,,8.0,8.7,5.4
경북,성주,참외,1,10,2020-07-07,3,,8.4,8.0,5.1
경북,성주,참외,1,10,2020-07-07,4,,9.4,10.6,5.8
경북,성주,참외,1,10,2020-07-14,1,,,,
경북,성주,참외,1,10,2020-07-14,2,,,,
경북,성주,참외,1,10,2020-07-14,3,,,,
경북,성주,참외,1,10,2020-07-14,4,,,,
경북,성주,참외,1,11,2020-01-10,1,205.0,13.5,13.1,5.68
경북,성주,참외,1,11,2020-01-10,2,213.0,12.8,13.4,5.53
경북,성주,참외,1,11,2020-01-10,3,266.0,12.3,13.1,5.9
경북,성주,참외,1,11,2020-01-10,4,260.0,16.9,15.2,5.54
경북,성주,참외,1,11,2020-01-15,1,,19.0,16.1,6.35
경북,성주,참외,1,11,2020-01-15,2,,17.2,16.0,6.71
경북,성주,참외,1,11,2020-01-15,3,,18.2,16.5,6.54
경북,성주,참외,1,11,2020-01-15,4,,19.5,18.7,5.68
경북,성주,참외,1,11,2020-01-22,1,,17.5,16.2,5.93
경북,성주,참외,1,11,2020-01-22,2,,17.8,15.3,5.62
경북,성주,참외,1,11,2020-01-22,3,,16.9,15.6,6.49
경북,성주,참외,1,11,2020-01-22,4,,20.4,18.4,6.21
경북,성주,참외,1,11,2020-01-29,1,,14.1,13.2,5.19
경북,성주,참외,1,11,2020-01-29,2,,18.0,16.1,4.82
경북,성주,참외,1,11,2020-01-29,3,,15.6,15.0,4.64
경북,성주,참외,1,11,2020-01-29,4,,13.5,12.0,5.91
경북,성주,참외,1,11,2020-02-05,1,,14.1,13.3,4.02
경북,성주,참외,1,11,2020-02-05,2,,14.1,13.0,5.11
경북,성주,참외,1,11,2020-02-05,3,,12.3,11.1,4.15
경북,성주,참외,1,11,2020-02-05,4,,13.5,12.1,4.27
경북,성주,참외,1,11,2020-02-12,1,,12.3,12.0,4.91
경북,성주,참외,1,11,2020-02-12,2,,12.5,12.1,4.35
경북,성주,참외,1,11,2020-02-12,3,,13.3,12.5,3.5
경북,성주,참외,1,11,2020-02-12,4,,11.0,10.2,4.83
경북,성주,참외,1,11,2020-02-19,1,,10.1,9.8,6.12
경북,성주,참외,1,11,2020-02-19,2,,11.4,10.0,5.88
경북,성주,참외,1,11,2020-02-19,3,,13.8,12.5,5.33
경북,성주,참외,1,11,2020-02-19,4,,10.1,10.0,5.38
경북,성주,참외,1,11,2020-02-26,1,,13.7,12.2,5.04
경북,성주,참외,1,11,2020-02-26,2,,12.1,11.5,6.07
경북,성주,참외,1,11,2020-02-26,3,,14.2,12.2,5.47
경북,성주,참외,1,11,2020-02-26,4,,10.1,9.9,6.72
경북,성주,참외,1,11,2020-03-04,1,,17.2,16.0,6.27
경북,성주,참외,1,11,2020-03-04,2,,17.3,18.5,5.44
경북,성주,참외,1,11,2020-03-04,3,,18.9,18.7,5.12
경북,성주,참외,1,11,2020-03-04,4,,15.2,13.5,5.01
경북,성주,참외,1,11,2020-03-11,1,,11.2,10.1,5.89
경북,성주,참외,1,11,2020-03-11,2,,12.1,11.2,4.84
경북,성주,참외,1,11,2020-03-11,3,,14.8,13.2,5.07
경북,성주,참외,1,11,2020-03-11,4,,12.5,13.1,4.19
경북,성주,참외,1,11,2020-03-18,1,,13.4,11.9,4.2
경북,성주,참외,1,11,2020-03-18,2,,13.3,12.3,5.1
경북,성주,참외,1,11,2020-03-18,3,,13.9,14.7,5.5
경북,성주,참외,1,11,2020-03-18,4,,12.1,10.7,5.4
경북,성주,참외,1,11,2020-04-08,1,,11.3,11.5,4.2
경북,성주,참외,1,11,2020-04-08,2,,10.5,12.0,4.2
경북,성주,참외,1,11,2020-04-08,3,,12.5,12.7,4.4
경북,성주,참외,1,11,2020-04-08,4,,6.4,8.8,4.7
경북,성주,참외,1,11,2020-04-14,1,,12.2,12.8,4.1
경북,성주,참외,1,11,2020-04-14,2,,12.8,12.1,5.0
경북,성주,참외,1,11,2020-04-14,3,,13.6,12.9,4.8
경북,성주,참외,1,11,2020-04-14,4,,12.1,13.1,4.7
경북,성주,참외,1,11,2020-04-22,1,,10.8,10.3,5.9
경북,성주,참외,1,11,2020-04-22,2,,11.2,9.6,3.3
경북,성주,참외,1,11,2020-04-22,3,,10.6,8.9,4.6
경북,성주,참외,1,11,2020-04-22,4,,9.1,8.9,3.7
경북,성주,참외,1,11,2020-04-29,1,,10.7,9.6,5.2
경북,성주,참외,1,11,2020-04-29,2,,14.1,12.9,4.5
경북,성주,참외,1,11,2020-04-29,3,,11.5,10.1,4.2
경북,성주,참외,1,11,2020-04-29,4,,9.3,8.7,4.8
경북,성주,참외,1,11,2020-05-06,1,,10.3,10.0,4.5
경북,성주,참외,1,11,2020-05-06,2,,10.5,10.0,4.7
경북,성주,참외,1,11,2020-05-06,3,,10.4,10.1,4.6
경북,성주,참외,1,11,2020-05-06,4,,9.6,9.1,4.9
경북,성주,참외,1,11,2020-05-13,1,,9.5,9.7,4.5
경북,성주,참외,1,11,2020-05-13,2,,10.8,11.0,3.8
경북,성주,참외,1,11,2020-05-13,3,,10.6,8.7,4.6
경북,성주,참외,1,11,2020-05-13,4,,9.6,10.5,3.8
경북,성주,참외,1,11,2020-05-20,1,,9.5,9.2,3.7
경북,성주,참외,1,11,2020-05-20,2,,8.2,10.0,4.6
경북,성주,참외,1,11,2020-05-20,3,,9.2,10.0,4.4
경북,성주,참외,1,11,2020-05-20,4,,9.5,10.5,4.8
경북,성주,참외,1,11,2020-05-27,1,,9.0,10.4,4.7
경북,성주,참외,1,11,2020-05-27,2,,8.5,9.3,4.3
경북,성주,참외,1,11,2020-05-27,3,,9.2,10.3,4.2
경북,성주,참외,1,11,2020-05-27,4,,10.0,11.0,4.4
경북,성주,참외,1,11,2020-06-03,1,,10.0,10.3,3.7
경북,성주,참외,1,11,2020-06-03,2,,8.5,9.8,4.2
경북,성주,참외,1,11,2020-06-03,3,,9.0,9.4,3.8
경북,성주,참외,1,11,2020-06-03,4,,8.6,9.3,4.5
경북,성주,참외,1,11,2020-06-10,1,,9.2,8.5,3.2
경북,성주,참외,1,11,2020-06-10,2,,9.5,9.8,3.6
경북,성주,참외,1,11,2020-06-10,3,,9.6,11.6,3.9
경북,성주,참외,1,11,2020-06-10,4,,8.6,10.3,3.6
경북,성주,참외,1,11,2020-06-17,1,,8.0,8.8,3.8
경북,성주,참외,1,11,2020-06-17,2,,8.5,8.3,3.6
경북,성주,참외,1,11,2020-06-17,3,,8.2,9.3,3.8
경북,성주,참외,1,11,2020-06-17,4,,8.5,9.5,3.3
경북,성주,참외,1,11,2020-06-24,1,,8.5,9.0,3.8
경북,성주,참외,1,11,2020-06-24,2,,8.8,9.3,3.9
경북,성주,참외,1,11,2020-06-24,3,,9.6,9.3,4.1
경북,성주,참외,1,11,2020-06-24,4,,9.0,10.3,3.3
경북,성주,참외,1,11,2020-07-01,1,,10.0,9.8,3.1
경북,성주,참외,1,11,2020-07-01,2,,11.0,10.1,3.2
경북,성주,참외,1,11,2020-07-01,3,,10.8,10.6,3.5
경북,성주,참외,1,11,2020-07-01,4,,10.0,8.4,3.9
경북,성주,참외,1,11,2020-07-08,1,,9.1,9.1,2.8
경북,성주,참외,1,11,2020-07-08,2,,10.3,9.4,3.4
경북,성주,참외,1,11,2020-07-08,3,,10.1,10.0,3.2
경북,성주,참외,1,11,2020-07-08,4,,10.1,8.4,4.3
경북,성주,참외,1,11,2020-07-13,1,,8.1,7.6,2.9
경북,성주,참외,1,11,2020-07-13,2,,10.0,8.0,4.2
경북,성주,참외,1,11,2020-07-13,3,,9.9,10.1,3.9
경북,성주,참외,1,11,2020-07-13,4,,10.0,8.5,3.9
경북,성주,참외,1,11,2020-07-22,1,,8.1,7.6,2.9
경북,성주,참외,1,11,2020-07-22,2,,8.5,7.6,4.2
경북,성주,참외,1,11,2020-07-22,3,,10.0,9.6,4.3
경북,성주,참외,1,11,2020-07-22,4,,8.3,8.1,4.5
경북,성주,참외,1,11,2020-07-29,1,,9.4,8.7,3.8
경북,성주,참외,1,11,2020-07-29,2,,10.3,9.1,4.7
경북,성주,참외,1,11,2020-07-29,3,,8.3,8.0,4.9
경북,성주,참외,1,11,2020-07-29,4,,10.4,10.7,5.2
경북,성주,참외,1,11,2020-08-05,1,,10.5,9.5,3.9
경북,성주,참외,1,11,2020-08-05,2,,11.5,11.1,4.9
경북,성주,참외,1,11,2020-08-05,3,,12.0,10.2,4.3
경북,성주,참외,1,11,2020-08-05,4,,10.0,9.5,4.5
경북,성주,참외,1,11,2020-08-12,1,,10.1,8.0,3.8
경북,성주,참외,1,11,2020-08-12,2,,9.2,8.6,4.2
경북,성주,참외,1,11,2020-08-12,3,,8.5,8.5,4.2
경북,성주,참외,1,11,2020-08-12,4,,11.9,10.9,3.9
경북,성주,참외,1,11,2020-08-19,1,,8.9,8.6,4.2
경북,성주,참외,1,11,2020-08-19,2,,8.6,8.0,3.4
경북,성주,참외,1,11,2020-08-19,3,,9.8,9.2,3.4
경북,성주,참외,1,11,2020-08-19,4,,11.6,11.6,3.5
경북,성주,참외,1,11,2020-08-26,1,,9.9,9.8,3.3
경북,성주,참외,1,11,2020-08-26,2,,9.1,8.8,3.5
경북,성주,참외,1,11,2020-08-26,3,,7.9,7.9,3.6
경북,성주,참외,1,11,2020-08-26,4,,9.3,8.2,4.5
경북,성주,참외,1,11,2020-09-01,1,,7.3,7.4,3.8
경북,성주,참외,1,11,2020-09-01,2,,9.5,10.0,3.9
경북,성주,참외,1,11,2020-09-01,3,,10.5,10.4,2.9
경북,성주,참외,1,11,2020-09-01,4,,8.5,9.0,3.3
경북,성주,참외,1,11,2020-09-08,1,,9.5,11.5,3.1
경북,성주,참외,1,11,2020-09-08,2,,9.1,11.7,4.1
경북,성주,참외,1,11,2020-09-08,3,,8.9,11.6,3.6
경북,성주,참외,1,11,2020-09-08,4,,9.8,12.5,3.7
경북,성주,참외,1,11,2020-09-15,1,,10.2,11.0,3.1
경북,성주,참외,1,11,2020-09-15,2,,10.5,12.0,3.5
경북,성주,참외,1,11,2020-09-15,3,,9.8,11.3,4.3
경북,성주,참외,1,11,2020-09-15,4,,10.1,11.8,3.3
경북,성주,참외,1,11,2020-09-22,1,,10.1,10.4,2.7
경북,성주,참외,1,11,2020-09-22,2,,10.5,12.2,3.9
경북,성주,참외,1,11,2020-09-22,3,,11.1,12.3,4.1
경북,성주,참외,1,11,2020-09-22,4,,11.0,13.5,3.2
경북,성주,참외,1,12,2020-01-03,1,37.2,6.8,6.0,
경북,성주,참외,1,12,2020-01-03,2,83.2,9.7,9.0,
경북,성주,참외,1,12,2020-01-03,3,85.7,8.0,9.2,
경북,성주,참외,1,12,2020-01-03,4,58.8,7.5,7.7,
경북,성주,참외,1,12,2020-01-07,1,44.8,8.5,8.7,
경북,성주,참외,1,12,2020-01-07,2,97.9,10.3,11.3,
경북,성주,참외,1,12,2020-01-07,3,91.2,9.4,9.3,
경북,성주,참외,1,12,2020-01-07,4,58.2,10.4,9.8,
경북,성주,참외,1,12,2020-01-14,1,53.2,8.7,10.0,
경북,성주,참외,1,12,2020-01-14,2,107.2,12.1,11.0,4.13
경북,성주,참외,1,12,2020-01-14,3,97.3,10.0,9.4,3.93
경북,성주,참외,1,12,2020-01-14,4,67.0,8.7,9.7,
경북,성주,참외,1,12,2020-01-21,1,125.7,11.3,13.5,2.81
경북,성주,참외,1,12,2020-01-21,2,133.0,10.0,11.4,3.76
경북,성주,참외,1,12,2020-01-21,3,137.2,10.1,9.8,3.84
경북,성주,참외,1,12,2020-01-21,4,87.2,9.6,9.3,3.6
경북,성주,참외,1,12,2020-01-28,1,143.0,12.5,14.7,3.48
경북,성주,참외,1,12,2020-01-28,2,175.0,12.4,13.5,4.71
경북,성주,참외,1,12,2020-01-28,3,147.0,10.2,12.0,3.8
경북,성주,참외,1,12,2020-01-28,4,112.0,11.2,11.5,4.02
경북,성주,참외,1,12,2020-02-05,1,,11.3,12.5,3.8
경북,성주,참외,1,12,2020-02-05,2,,11.3,13.3,4.5
경북,성주,참외,1,12,2020-02-05,3,,11.6,15.0,3.92
경북,성주,참외,1,12,2020-02-05,4,,12.7,14.6,3.94
경북,성주,참외,1,12,2020-02-12,1,,14.6,14.8,4.55
경북,성주,참외,1,12,2020-02-12,2,,17.3,16.0,5.13
경북,성주,참외,1,12,2020-02-12,3,,16.0,14.0,5.18
경북,성주,참외,1,12,2020-02-12,4,,17.0,17.0,5.34
경북,성주,참외,1,12,2020-02-19,1,,17.9,19.0,7.02
경북,성주,참외,1,12,2020-02-19,2,,16.6,16.3,5.82
경북,성주,참외,1,12,2020-02-19,3,,17.6,17.3,6.11
경북,성주,참외,1,12,2020-02-19,4,,18.0,16.2,5.49
경북,성주,참외,1,12,2020-02-26,1,,21.2,19.8,7.0
경북,성주,참외,1,12,2020-02-26,2,,17.5,18.0,6.49
경북,성주,참외,1,12,2020-02-26,3,,18.0,19.0,6.14
경북,성주,참외,1,12,2020-02-26,4,,18.2,19.7,7.47
경북,성주,참외,1,12,2020-03-04,1,,20.8,17.8,7.11
경북,성주,참외,1,12,2020-03-04,2,,16.7,18.3,6.13
경북,성주,참외,1,12,2020-03-04,3,,19.4,18.7,6.71
경북,성주,참외,1,12,2020-03-04,4,,19.6,19.0,4.13
경북,성주,참외,1,12,2020-03-11,1,,11.9,12.5,6.13
경북,성주,참외,1,12,2020-03-11,2,,13.0,13.2,6.97
경북,성주,참외,1,12,2020-03-11,3,,13.0,12.6,7.55
경북,성주,참외,1,12,2020-03-11,4,,17.0,15.6,6.22
경북,성주,참외,1,12,2020-03-18,1,,10.7,11.0,7.6
경북,성주,참외,1,12,2020-03-18,2,,10.6,13.0,6.3
경북,성주,참외,1,12,2020-03-18,3,,10.8,12.2,7.0
경북,성주,참외,1,12,2020-03-18,4,,9.4,11.2,7.3
경북,성주,참외,1,12,2020-04-08,1,,9.0,11.0,6.3
경북,성주,참외,1,12,2020-04-08,2,,9.5,9.7,5.6
경북,성주,참외,1,12,2020-04-08,3,,9.5,9.5,6.4
경북,성주,참외,1,12,2020-04-08,4,,9.5,12.0,4.9
경북,성주,참외,1,12,2020-04-13,1,,8.5,10.2,5.1
경북,성주,참외,1,12,2020-04-13,2,,9.2,9.4,5.5
경북,성주,참외,1,12,2020-04-13,3,,8.5,9.0,6.0
경북,성주,참외,1,12,2020-04-13,4,,9.7,10.3,6.2
경북,성주,참외,1,12,2020-04-22,1,,7.5,9.0,5.4
경북,성주,참외,1,12,2020-04-22,2,,8.8,9.4,4.3
경북,성주,참외,1,12,2020-04-22,3,,8.0,8.5,4.4
경북,성주,참외,1,12,2020-04-22,4,,7.2,7.8,4.8
경북,성주,참외,1,12,2020-04-29,1,,8.6,10.0,4.9
경북,성주,참외,1,12,2020-04-29,2,,8.2,8.6,4.4
경북,성주,참외,1,12,2020-04-29,3,,7.2,6.7,5.3
경북,성주,참외,1,12,2020-04-29,4,,8.5,10.5,4.0
경북,성주,참외,1,12,2020-05-07,1,,6.8,7.7,5.3
경북,성주,참외,1,12,2020-05-07,2,,6.9,8.4,4.5
경북,성주,참외,1,12,2020-05-07,3,,7.4,8.3,4.4
경북,성주,참외,1,12,2020-05-07,4,,7.6,9.0,4.0
경북,성주,참외,1,12,2020-05-13,1,,8.1,9.5,4.0
경북,성주,참외,1,12,2020-05-13,2,,7.2,8.3,4.0
경북,성주,참외,1,12,2020-05-13,3,,8.5,9.6,4.1
경북,성주,참외,1,12,2020-05-13,4,,7.1,8.4,4.1
경북,성주,참외,1,12,2020-05-20,1,,9.0,10.3,4.4
경북,성주,참외,1,12,2020-05-20,2,,9.4,10.5,4.2
경북,성주,참외,1,12,2020-05-20,3,,8.1,10.0,4.6
경북,성주,참외,1,12,2020-05-20,4,,9.0,10.5,3.7
경북,성주,참외,1,12,2020-05-27,1,,8.5,9.8,4.5
경북,성주,참외,1,12,2020-05-27,2,,8.5,9.4,4.5
경북,성주,참외,1,12,2020-05-27,3,,8.0,8.5,4.1
경북,성주,참외,1,12,2020-05-27,4,,6.4,8.2,4.5
경북,성주,참외,1,12,2020-06-03,1,,9.1,10.2,3.7
경북,성주,참외,1,12,2020-06-03,2,,8.4,9.9,4.3
경북,성주,참외,1,12,2020-06-03,3,,8.5,10.0,4.1
경북,성주,참외,1,12,2020-06-03,4,,7.7,9.3,3.6
경북,성주,참외,1,12,2020-06-10,1,,8.3,9.5,4.1
경북,성주,참외,1,12,2020-06-10,2,,7.0,8.0,4.7
경북,성주,참외,1,12,2020-06-10,3,,8.0,9.1,4.2
경북,성주,참외,1,12,2020-06-10,4,,8.4,9.4,4.0
경북,성주,참외,1,12,2020-06-17,1,,7.6,8.2,4.6
경북,성주,참외,1,12,2020-06-17,2,,8.1,9.4,4.5
경북,성주,참외,1,12,2020-06-17,3,,9.0,10.1,4.0
경북,성주,참외,1,12,2020-06-17,4,,8.3,9.0,4.3
경북,성주,참외,1,12,2020-06-24,1,,9.0,9.4,3.9
경북,성주,참외,1,12,2020-06-24,2,,8.5,9.6,4.1
경북,성주,참외,1,12,2020-06-24,3,,7.4,7.6,4.2
경북,성주,참외,1,12,2020-06-24,4,,7.2,8.1,4.2
경북,성주,참외,1,12,2020-07-01,1,,7.6,8.2,4.3
경북,성주,참외,1,12,2020-07-01,2,,7.5,8.4,4.1
경북,성주,참외,1,12,2020-07-01,3,,8.9,9.0,4.8
경북,성주,참외,1,12,2020-07-01,4,,8.4,9.1,4.1
경북,성주,참외,1,12,2020-07-08,1,,5.5,8.4,4.3
경북,성주,참외,1,12,2020-07-08,2,,8.0,9.0,3.9
경북,성주,참외,1,12,2020-07-08,3,,5.4,7.0,3.9
경북,성주,참외,1,12,2020-07-08,4,,6.8,7.5,4.4
경북,성주,참외,1,12,2020-07-13,1,,7.6,8.9,3.9
경북,성주,참외,1,12,2020-07-13,2,,7.0,8.2,3.8
경북,성주,참외,1,12,2020-07-13,3,,8.1,9.3,4.1
경북,성주,참외,1,12,2020-07-13,4,,7.5,9.0,4.1
경북,성주,참외,1,13,2020-01-03,1,73.0,13.2,12.9,
경북,성주,참외,1,13,2020-01-03,2,97.0,12.5,13.8,
경북,성주,참외,1,13,2020-01-03,3,90.0,13.5,13.0,2.86
경북,성주,참외,1,13,2020-01-03,4,105.0,15.4,14.7,
경북,성주,참외,1,13,2020-01-08,1,90.0,10.2,11.7,
경북,성주,참외,1,13,2020-01-08,2,95.2,13.3,13.5,
경북,성주,참외,1,13,2020-01-08,3,86.7,9.4,11.4,3.08
경북,성주,참외,1,13,2020-01-08,4,97.2,12.9,13.9,
경북,성주,참외,1,13,2020-01-14,1,90.0,11.8,12.9,4.3
경북,성주,참외,1,13,2020-01-14,2,95.2,14.2,12.3,4.16
경북,성주,참외,1,13,2020-01-14,3,86.7,14.1,13.4,4.61
경북,성주,참외,1,13,2020-01-14,4,97.2,11.3,12.5,4.43
경북,성주,참외,1,13,2020-01-21,1,103.5,13.5,13.3,4.13
경북,성주,참외,1,13,2020-01-21,2,134.7,13.2,14.2,5.18
경북,성주,참외,1,13,2020-01-21,3,128.4,13.1,14.3,4.6
경북,성주,참외,1,13,2020-01-21,4,127.3,14.0,15.0,4.84
경북,성주,참외,1,13,2020-01-28,1,109.8,13.0,13.4,4.35
경북,성주,참외,1,13,2020-01-28,2,122.7,14.2,14.4,4.99
경북,성주,참외,1,13,2020-01-28,3,118.1,14.3,13.4,3.89
경북,성주,참외,1,13,2020-01-28,4,130.2,13.2,15.3,5.31
경북,성주,참외,1,13,2020-02-04,1,,12.7,12.6,4.72
경북,성주,참외,1,13,2020-02-04,2,,14.0,14.3,5.01
경북,성주,참외,1,13,2020-02-04,3,,14.6,14.6,4.34
경북,성주,참외,1,13,2020-02-04,4,,13.0,14.0,5.19
경북,성주,참외,1,13,2020-02-11,1,,13.2,13.4,4.98
경북,성주,참외,1,13,2020-02-11,2,,11.3,13.2,5.26
경북,성주,참외,1,13,2020-02-11,3,,14.8,14.2,4.65
경북,성주,참외,1,13,2020-02-11,4,,14.8,16.0,5.24
경북,성주,참외,1,13,2020-02-18,1,,12.0,13.0,5.07
경북,성주,참외,1,13,2020-02-18,2,,11.3,13.0,5.11
경북,성주,참외,1,13,2020-02-18,3,,12.8,12.0,4.7
경북,성주,참외,1,13,2020-02-18,4,,12.4,15.3,5.39
경북,성주,참외,1,13,2020-02-27,1,,13.0,14.2,6.59
경북,성주,참외,1,13,2020-02-27,2,,12.7,13.9,6.13
경북,성주,참외,1,13,2020-02-27,3,,13.5,12.7,4.16
경북,성주,참외,1,13,2020-02-27,4,,14.9,16.0,5.67
경북,성주,참외,1,13,2020-03-03,1,,10.5,11.0,5.48
경북,성주,참외,1,13,2020-03-03,2,,11.6,10.2,5.54
경북,성주,참외,1,13,2020-03-03,3,,10.0,10.0,5.22
경북,성주,참외,1,13,2020-03-03,4,,10.8,10.5,4.54
경북,성주,참외,1,13,2020-03-10,1,,11.5,11.5,4.2
경북,성주,참외,1,13,2020-03-10,2,,12.6,12.0,4.12
경북,성주,참외,1,13,2020-03-10,3,,10.0,9.5,4.31
경북,성주,참외,1,13,2020-03-10,4,,9.2,9.0,4.09
경북,성주,참외,1,13,2020-03-17,1,,11.2,10.7,7.5
경북,성주,참외,1,13,2020-03-17,2,,11.6,10.8,5.9
경북,성주,참외,1,13,2020-03-17,3,,7.4,7.3,5.8
경북,성주,참외,1,13,2020-03-17,4,,8.3,8.8,7.9
경북,성주,참외,1,13,2020-04-08,1,,8.0,8.5,6.8
경북,성주,참외,1,13,2020-04-08,2,,7.5,7.6,5.0
경북,성주,참외,1,13,2020-04-08,3,,7.7,8.0,6.3
경북,성주,참외,1,13,2020-04-08,4,,8.7,8.0,4.7
경북,성주,참외,1,13,2020-04-13,1,,8.5,9.6,5.8
경북,성주,참외,1,13,2020-04-13,2,,7.0,8.0,4.7
경북,성주,참외,1,13,2020-04-13,3,,8.0,8.5,6.0
경북,성주,참외,1,13,2020-04-13,4,,7.0,7.3,5.7
경북,성주,참외,1,13,2020-04-22,1,,7.4,8.4,5.0
경북,성주,참외,1,13,2020-04-22,2,,7.0,7.2,5.1
경북,성주,참외,1,13,2020-04-22,3,,8.8,8.2,4.3
경북,성주,참외,1,13,2020-04-22,4,,7.3,8.1,4.5
경북,성주,참외,1,13,2020-04-29,1,,8.5,9.4,5.2
경북,성주,참외,1,13,2020-04-29,2,,8.4,8.6,4.3
경북,성주,참외,1,13,2020-04-29,3,,7.8,8.1,5.0
경북,성주,참외,1,13,2020-04-29,4,,8.6,9.5,4.6
경북,성주,참외,1,13,2020-05-07,1,,7.1,7.5,4.1
경북,성주,참외,1,13,2020-05-07,2,,6.4,6.6,4.7
경북,성주,참외,1,13,2020-05-07,3,,6.5,6.7,3.9
경북,성주,참외,1,13,2020-05-07,4,,6.2,7.2,4.9
경북,성주,참외,1,13,2020-05-13,1,,6.9,7.3,3.6
경북,성주,참외,1,13,2020-05-13,2,,8.7,10.0,4.5
경북,성주,참외,1,13,2020-05-13,3,,6.2,7.0,4.4
경북,성주,참외,1,13,2020-05-13,4,,6.9,6.7,3.7
경북,성주,참외,1,13,2020-05-20,1,,7.9,8.5,4.0
경북,성주,참외,1,13,2020-05-20,2,,6.6,7.0,4.1
경북,성주,참외,1,13,2020-05-20,3,,6.0,6.2,4.1
경북,성주,참외,1,13,2020-05-20,4,,5.7,7.0,3.5
경북,성주,참외,1,13,2020-05-27,1,,5.7,6.6,4.4
경북,성주,참외,1,13,2020-05-27,2,,6.0,7.0,3.8
경북,성주,참외,1,13,2020-05-27,3,,5.8,7.5,3.9
경북,성주,참외,1,13,2020-05-27,4,,6.3,7.4,4.3
경북,성주,참외,1,13,2020-06-03,1,,6.5,7.2,4.8
경북,성주,참외,1,13,2020-06-03,2,,6.3,7.1,3.8
경북,성주,참외,1,13,2020-06-03,3,,6.0,6.3,4.5
경북,성주,참외,1,13,2020-06-03,4,,6.1,6.6,4.3
경북,성주,참외,1,13,2020-06-10,1,,6.3,8.0,4.3
경북,성주,참외,1,13,2020-06-10,2,,6.0,7.0,4.2
경북,성주,참외,1,13,2020-06-10,3,,6.5,8.5,4.4
경북,성주,참외,1,13,2020-06-10,4,,6.3,7.4,4.6
경북,성주,참외,1,13,2020-06-17,1,,6.0,7.5,3.9
경북,성주,참외,1,13,2020-06-17,2,,6.6,7.0,4.5
경북,성주,참외,1,13,2020-06-17,3,,6.4,7.2,4.5
경북,성주,참외,1,13,2020-06-17,4,,6.5,6.4,4.4
경북,성주,참외,1,13,2020-06-24,1,,6.4,6.0,4.7
경북,성주,참외,1,13,2020-06-24,2,,6.8,7.5,4.4
경북,성주,참외,1,13,2020-06-24,3,,6.0,6.5,4.2
경북,성주,참외,1,13,2020-06-24,4,,8.0,7.6,4.7
경북,성주,참외,1,13,2020-07-01,1,,7.7,8.4,4.2
경북,성주,참외,1,13,2020-07-01,2,,7.1,7.3,4.3
경북,성주,참외,1,13,2020-07-01,3,,6.9,8.0,4.1
경북,성주,참외,1,13,2020-07-01,4,,5.9,6.4,4.5
경북,성주,참외,1,13,2020-07-08,1,,5.8,6.5,4.3
경북,성주,참외,1,13,2020-07-08,2,,6.0,6.4,4.3
경북,성주,참외,1,13,2020-07-08,3,,7.4,7.6,4.2
경북,성주,참외,1,13,2020-07-08,4,,8.9,8.0,3.8
경북,성주,참외,1,13,2020-07-13,1,,6.0,6.6,4.2
경북,성주,참외,1,13,2020-07-13,2,,6.8,7.2,3.9
경북,성주,참외,1,13,2020-07-13,3,,8.0,8.3,4.1
경북,성주,참외,1,13,2020-07-13,4,,9.0,8.7,3.7
경북,성주,참외,1,13,2020-07-22,1,,7.7,8.0,3.6
경북,성주,참외,1,13,2020-07-22,2,,7.4,9.0,3.8
경북,성주,참외,1,13,2020-07-22,3,,7.5,7.0,3.9
경북,성주,참외,1,13,2020-07-22,4,,9.0,8.8,3.9
경북,성주,참외,1,13,2020-07-29,1,,7.2,7.8,3.9
경북,성주,참외,1,13,2020-07-29,2,,7.4,8.0,3.8
경북,성주,참외,1,13,2020-07-29,3,,9.0,8.9,3.7
경북,성주,참외,1,13,2020-07-29,4,,7.7,7.1,3.7
경북,성주,참외,1,13,2020-08-05,1,,8.9,8.0,3.7
경북,성주,참외,1,13,2020-08-05,2,,6.4,7.9,3.6
경북,성주,참외,1,13,2020-08-05,3,,7.0,7.5,3.4
경북,성주,참외,1,13,2020-08-05,4,,8.0,8.0,3.6
경북,성주,참외,1,13,2020-08-12,1,,6.4,7.4,3.3
경북,성주,참외,1,13,2020-08-12,2,,6.3,7.3,3.5
경북,성주,참외,1,13,2020-08-12,3,,6.4,7.5,3.3
경북,성주,참외,1,13,2020-08-12,4,,7.6,8.0,3.4
경북,성주,참외,1,13,2020-08-19,1,,9.2,8.8,3.5
경북,성주,참외,1,13,2020-08-19,1,,9.2,8.8,3.5
경북,성주,참외,1,13,2020-08-19,2,,7.7,8.0,3.4
경북,성주,참외,1,13,2020-08-19,2,,8.0,7.7,3.5
경북,성주,참외,1,13,2020-08-19,3,,7.5,7.7,3.6
경북,성주,참외,1,13,2020-08-19,3,,8.2,8.0,3.6
경북,성주,참외,1,13,2020-08-19,4,,8.3,7.9,3.7
경북,성주,참외,1,13,2020-08-19,4,,8.4,7.7,3.6
경북,성주,참외,1,13,2020-09-02,1,,8.0,7.0,3.8
경북,성주,참외,1,13,2020-09-02,2,,8.3,7.5,3.4
경북,성주,참외,1,13,2020-09-02,3,,8.6,8.0,3.4
경북,성주,참외,1,13,2020-09-02,4,,8.5,8.2,3.5
경북,성주,참외,1,13,2020-09-08,1,,8.1,8.0,3.6
경북,성주,참외,1,13,2020-09-08,2,,8.8,8.4,3.4
경북,성주,참외,1,13,2020-09-08,3,,7.8,7.7,3.5
경북,성주,참외,1,13,2020-09-08,4,,8.4,7.9,3.6
경북,성주,참외,1,13,2020-09-15,1,,8.0,8.2,3.1
경북,성주,참외,1,13,2020-09-15,2,,9.5,9.0,3.2
경북,성주,참외,1,13,2020-09-15,3,,10.0,10.1,3.4
경북,성주,참외,1,13,2020-09-15,4,,10.0,9.8,3.3
경북,성주,참외,1,13,2020-09-22,1,,9.8,9.4,3.4
경북,성주,참외,1,13,2020-09-22,2,,8.3,8.2,3.2
경북,성주,참외,1,13,2020-09-22,3,,10.0,9.8,3.2
경북,성주,참외,1,13,2020-09-22,4,,9.5,10.3,3.6
경북,성주,참외,1,14,2020-01-08,1,241.0,16.2,12.9,6.17
경북,성주,참외,1,14,2020-01-08,2,251.0,18.9,11.6,5.37
경북,성주,참외,1,14,2020-01-08,3,264.0,18.6,12.5,5.26
경북,성주,참외,1,14,2020-01-08,4,239.0,15.4,13.2,5.55
경북,성주,참외,1,14,2020-01-15,1,,17.6,16.3,6.67
경북,성주,참외,1,14,2020-01-15,2,,19.7,17.0,6.47
경북,성주,참외,1,14,2020-01-15,3,,18.8,17.0,6.27
경북,성주,참외,1,14,2020-01-15,4,,17.8,15.6,5.8
경북,성주,참외,1,14,2020-01-22,1,,18.2,16.6,6.24
경북,성주,참외,1,14,2020-01-22,2,,18.2,17.4,6.94
경북,성주,참외,1,14,2020-01-22,3,,17.8,15.9,5.98
경북,성주,참외,1,14,2020-01-22,4,,20.4,19.9,5.01
경북,성주,참외,1,14,2020-01-29,1,,16.1,15.1,8.32
경북,성주,참외,1,14,2020-01-29,2,,17.5,15.9,6.12
경북,성주,참외,1,14,2020-01-29,3,,16.1,15.0,6.68
경북,성주,참외,1,14,2020-01-29,4,,16.8,14.6,5.52
경북,성주,참외,1,14,2020-02-05,1,,12.2,11.0,5.08
경북,성주,참외,1,14,2020-02-05,2,,14.1,12.6,5.12
경북,성주,참외,1,14,2020-02-05,3,,13.1,12.1,5.43
경북,성주,참외,1,14,2020-02-05,4,,14.0,12.7,5.35
경북,성주,참외,1,14,2020-02-12,1,,12.1,11.6,3.79
경북,성주,참외,1,14,2020-02-12,2,,12.1,11.4,4.57
경북,성주,참외,1,14,2020-02-12,3,,17.2,15.1,4.02
경북,성주,참외,1,14,2020-02-12,4,,14.9,14.1,4.2
경북,성주,참외,1,14,2020-02-19,1,,9.6,8.9,5.66
경북,성주,참외,1,14,2020-02-19,2,,11.6,12.3,6.21
경북,성주,참외,1,14,2020-02-19,3,,14.9,14.5,4.86
경북,성주,참외,1,14,2020-02-19,4,,14.4,13.0,3.1
경북,성주,참외,1,14,2020-02-26,1,,8.7,8.3,6.38
경북,성주,참외,1,14,2020-02-26,2,,10.0,9.1,5.79
경북,성주,참외,1,14,2020-02-26,3,,13.6,13.5,5.75
경북,성주,참외,1,14,2020-02-26,4,,15.1,13.3,6.75
경북,성주,참외,1,14,2020-03-04,1,,9.9,8.8,4.62
경북,성주,참외,1,14,2020-03-04,2,,10.1,10.7,5.02
경북,성주,참외,1,14,2020-03-04,3,,12.1,10.6,4.99
경북,성주,참외,1,14,2020-03-04,4,,11.5,10.6,5.16
경북,성주,참외,1,14,2020-03-11,1,,13.0,12.8,5.16
경북,성주,참외,1,14,2020-03-11,2,,14.9,13.1,5.47
경북,성주,참외,1,14,2020-03-11,3,,11.9,10.5,4.95
경북,성주,참외,1,14,2020-03-11,4,,14.2,12.5,5.0
경북,성주,참외,1,14,2020-03-18,1,,12.1,11.6,4.6
경북,성주,참외,1,14,2020-03-18,2,,11.9,12.5,4.8
경북,성주,참외,1,14,2020-03-18,3,,11.6,11.2,4.5
경북,성주,참외,1,14,2020-03-18,4,,11.6,10.2,4.6
경북,성주,참외,1,14,2020-04-08,1,,10.0,10.2,4.2
경북,성주,참외,1,14,2020-04-08,2,,8.2,7.5,3.5
경북,성주,참외,1,14,2020-04-08,3,,8.7,8.2,4.6
경북,성주,참외,1,14,2020-04-08,4,,10.2,11.7,4.2
경북,성주,참외,1,14,2020-04-14,1,,11.0,10.9,4.0
경북,성주,참외,1,14,2020-04-14,2,,14.1,11.7,4.5
경북,성주,참외,1,14,2020-04-14,3,,10.2,10.1,4.5
경북,성주,참외,1,14,2020-04-14,4,,12.1,12.1,4.6
경북,성주,참외,1,14,2020-04-22,1,,12.0,9.8,4.3
경북,성주,참외,1,14,2020-04-22,2,,10.5,9.7,3.4
경북,성주,참외,1,14,2020-04-22,3,,11.0,9.0,4.7
경북,성주,참외,1,14,2020-04-22,4,,11.4,11.5,4.3
경북,성주,참외,1,14,2020-04-29,1,,8.9,8.6,3.7
경북,성주,참외,1,14,2020-04-29,2,,10.5,9.5,4.1
경북,성주,참외,1,14,2020-04-29,3,,10.0,9.6,3.7
경북,성주,참외,1,14,2020-04-29,4,,12.5,12.2,4.9
경북,성주,참외,1,14,2020-05-06,1,,9.0,9.2,3.21
경북,성주,참외,1,14,2020-05-06,2,,9.0,9.7,4.2
경북,성주,참외,1,14,2020-05-06,3,,10.2,9.5,4.3
경북,성주,참외,1,14,2020-05-06,4,,9.5,9.6,4.2
경북,성주,참외,1,14,2020-05-13,1,,10.2,9.2,5.2
경북,성주,참외,1,14,2020-05-13,2,,10.5,11.2,4.1
경북,성주,참외,1,14,2020-05-13,3,,8.5,10.0,4.0
경북,성주,참외,1,14,2020-05-13,4,,9.0,10.2,4.2
경북,성주,참외,1,14,2020-05-20,1,,9.5,11.5,4.2
경북,성주,참외,1,14,2020-05-20,2,,9.0,10.2,3.9
경북,성주,참외,1,14,2020-05-20,3,,8.0,10.0,4.1
경북,성주,참외,1,14,2020-05-20,4,,9.6,10.5,3.9
경북,성주,참외,1,14,2020-05-27,1,,8.6,10.2,4.5
경북,성주,참외,1,14,2020-05-27,2,,9.0,10.4,4.2
경북,성주,참외,1,14,2020-05-27,3,,8.0,9.2,3.8
경북,성주,참외,1,14,2020-05-27,4,,10.0,10.2,4.8
경북,성주,참외,1,14,2020-06-03,1,,8.8,10.5,4.4
경북,성주,참외,1,14,2020-06-03,2,,8.4,10.9,4.1
경북,성주,참외,1,14,2020-06-03,3,,8.5,8.8,4.6
경북,성주,참외,1,14,2020-06-03,4,,9.2,9.6,4.0
경북,성주,참외,1,14,2020-06-10,1,,9.8,10.7,3.8
경북,성주,참외,1,14,2020-06-10,2,,8.5,9.0,3.1
경북,성주,참외,1,14,2020-06-10,3,,8.0,9.0,4.4
경북,성주,참외,1,14,2020-06-10,4,,9.0,10.2,3.3
경북,성주,참외,1,14,2020-06-17,1,,8.5,9.2,3.5
경북,성주,참외,1,14,2020-06-17,2,,8.5,9.8,3.7
경북,성주,참외,1,14,2020-06-17,3,,9.6,10.0,4.4
경북,성주,참외,1,14,2020-06-17,4,,8.3,8.6,4.1
경북,성주,참외,1,14,2020-06-24,1,,9.2,10.6,3.7
경북,성주,참외,1,14,2020-06-24,2,,8.2,8.6,3.6
경북,성주,참외,1,14,2020-06-24,3,,9.6,10.0,3.2
경북,성주,참외,1,14,2020-06-24,4,,8.0,9.5,4.0
경북,성주,참외,1,14,2020-07-01,1,,11.3,10.6,3.8
경북,성주,참외,1,14,2020-07-01,2,,9.0,8.0,3.7
경북,성주,참외,1,14,2020-07-01,3,,10.9,10.0,3.4
경북,성주,참외,1,14,2020-07-01,4,,10.5,9.2,4.3
경북,성주,참외,1,14,2020-07-08,1,,10.8,9.7,3.5
경북,성주,참외,1,14,2020-07-08,2,,8.7,7.2,3.3
경북,성주,참외,1,14,2020-07-08,3,,10.3,9.9,3.7
경북,성주,참외,1,14,2020-07-08,4,,10.6,9.2,3.9
경북,성주,참외,1,14,2020-07-13,1,,10.8,11.0,3.7
경북,성주,참외,1,14,2020-07-13,2,,7.6,7.3,3.4
경북,성주,참외,1,14,2020-07-13,3,,8.1,8.5,3.4
경북,성주,참외,1,14,2020-07-13,4,,10.1,10.3,4.0
경북,성주,참외,1,14,2020-07-22,1,,9.8,9.3,3.3
경북,성주,참외,1,14,2020-07-22,2,,10.1,8.5,3.7
경북,성주,참외,1,14,2020-07-22,3,,10.3,9.5,3.5
경북,성주,참외,1,14,2020-07-22,4,,10.0,10.5,4.2
경북,성주,참외,1,14,2020-07-29,1,,10.0,8.9,3.4
경북,성주,참외,1,14,2020-07-29,2,,9.5,8.9,4.1
경북,성주,참외,1,14,2020-07-29,3,,11.4,10.6,4.2
경북,성주,참외,1,14,2020-07-29,4,,8.8,8.3,5.0
경북,성주,참외,1,14,2020-08-05,1,,9.7,9.9,2.9
경북,성주,참외,1,14,2020-08-05,2,,10.3,9.3,3.8
경북,성주,참외,1,14,2020-08-05,3,,12.0,11.1,3.9
경북,성주,참외,1,14,2020-08-05,4,,9.4,8.9,4.1
경북,성주,참외,1,14,2020-08-12,1,,9.0,8.9,3.9
경북,성주,참외,1,14,2020-08-12,2,,10.0,9.8,3.5
경북,성주,참외,1,14,2020-08-12,3,,9.1,8.1,3.5
경북,성주,참외,1,14,2020-08-12,4,,8.6,7.3,4.2
경북,성주,참외,1,14,2020-08-19,1,,10.3,11.0,3.2
경북,성주,참외,1,14,2020-08-19,2,,8.8,8.1,3.2
경북,성주,참외,1,14,2020-08-19,3,,10.1,9.9,3.2
경북,성주,참외,1,14,2020-08-19,4,,10.0,9.3,3.6
경북,성주,참외,1,14,2020-08-26,1,,9.8,8.2,3.5
경북,성주,참외,1,14,2020-08-26,2,,7.9,7.9,3.8
경북,성주,참외,1,14,2020-08-26,3,,10.3,8.4,3.4
경북,성주,참외,1,14,2020-08-26,4,,9.5,9.1,3.7
경북,성주,참외,1,14,2020-09-01,1,,7.3,7.4,3.8
경북,성주,참외,1,14,2020-09-01,2,,9.5,10.0,3.9
경북,성주,참외,1,14,2020-09-01,3,,10.5,10.4,2.9
경북,성주,참외,1,14,2020-09-01,4,,8.5,9.0,3.3
경북,성주,참외,1,14,2020-09-08,1,,9.6,11.2,4.3
경북,성주,참외,1,14,2020-09-08,2,,10.0,9.4,4.0
경북,성주,참외,1,14,2020-09-08,3,,10.4,10.9,3.5
경북,성주,참외,1,14,2020-09-08,4,,11.1,10.9,3.2
경북,성주,참외,1,14,2020-09-15,1,,10.1,9.3,3.5
경북,성주,참외,1,14,2020-09-15,2,,10.6,11.0,4.5
경북,성주,참외,1,14,2020-09-15,3,,10.7,10.4,4.1
경북,성주,참외,1,14,2020-09-15,4,,11.3,10.0,3.7
경북,성주,참외,1,14,2020-09-22,1,,10.7,9.9,3.1
경북,성주,참외,1,14,2020-09-22,2,,11.4,11.4,4.2
경북,성주,참외,1,14,2020-09-22,3,,10.4,10.3,3.4
경북,성주,참외,1,14,2020-09-22,4,,11.4,11.3,3.9
경북,칠곡,참외,1,2,2020-01-03,1,92.0,13.5,12.5,
경북,칠곡,참외,1,2,2020-01-03,2,109.0,12.5,11.5,
경북,칠곡,참외,1,2,2020-01-03,3,97.0,11.5,12.5,
경북,칠곡,참외,1,2,2020-01-03,4,112.0,14.0,13.7,
경북,칠곡,참외,1,2,2020-01-07,1,117.0,12.0,13.5,
경북,칠곡,참외,1,2,2020-01-07,2,115.0,12.5,12.0,3.2
경북,칠곡,참외,1,2,2020-01-07,3,108.0,13.5,12.0,
경북,칠곡,참외,1,2,2020-01-07,4,123.0,14.5,14.2,
경북,칠곡,참외,1,2,2020-01-15,1,140.0,12.5,11.6,4.2
경북,칠곡,참외,1,2,2020-01-15,2,156.0,10.1,11.9,4.3
경북,칠곡,참외,1,2,2020-01-15,3,143.0,14.0,12.9,
경북,칠곡,참외,1,2,2020-01-15,4,153.0,12.3,11.9,4.0
경북,칠곡,참외,1,2,2020-01-22,1,170.0,13.4,13.2,4.8
경북,칠곡,참외,1,2,2020-01-22,2,189.0,12.7,11.4,4.4
경북,칠곡,참외,1,2,2020-01-22,3,162.0,13.5,12.0,4.1
경북,칠곡,참외,1,2,2020-01-22,4,174.0,14.2,14.7,4.2
경북,칠곡,참외,1,2,2020-01-29,1,,14.9,13.7,3.8
경북,칠곡,참외,1,2,2020-01-29,2,,13.8,14.0,4.7
경북,칠곡,참외,1,2,2020-01-29,3,,14.0,12.6,3.7
경북,칠곡,참외,1,2,2020-01-29,4,,14.2,12.5,4.4
경북,칠곡,참외,1,2,2020-02-05,1,,14.9,13.8,4.5
경북,칠곡,참외,1,2,2020-02-05,2,,14.0,14.2,4.5
경북,칠곡,참외,1,2,2020-02-05,3,,14.1,12.8,4.7
경북,칠곡,참외,1,2,2020-02-05,4,,14.2,13.0,4.8
경북,칠곡,참외,1,2,2020-02-12,1,,15.0,14.0,2.4
경북,칠곡,참외,1,2,2020-02-12,2,,14.5,14.3,4.6
경북,칠곡,참외,1,2,2020-02-12,3,,14.3,12.8,4.3
경북,칠곡,참외,1,2,2020-02-12,4,,14.5,13.2,4.5
경북,칠곡,참외,1,2,2020-02-19,1,,15.0,14.2,4.4
경북,칠곡,참외,1,2,2020-02-19,2,,15.0,14.5,4.8
경북,칠곡,참외,1,2,2020-02-19,3,,14.5,13.0,4.6
경북,칠곡,참외,1,2,2020-02-19,4,,14.8,14.0,4.5
경북,칠곡,참외,1,2,2020-02-26,1,,12.6,12.5,4.4
경북,칠곡,참외,1,2,2020-02-26,2,,14.0,12.0,4.6
경북,칠곡,참외,1,2,2020-02-26,3,,12.0,11.5,4.6
경북,칠곡,참외,1,2,2020-02-26,4,,12.5,9.5,4.7
경북,칠곡,참외,1,2,2020-03-04,1,,12.8,12.7,4.4
경북,칠곡,참외,1,2,2020-03-04,2,,14.1,13.0,4.4
경북,칠곡,참외,1,2,2020-03-04,3,,13.2,11.8,4.7
경북,칠곡,참외,1,2,2020-03-04,4,,12.7,10.4,5.3
경북,칠곡,참외,1,2,2020-03-11,1,,14.7,13.2,4.0
경북,칠곡,참외,1,2,2020-03-11,2,,12.5,11.9,4.4
경북,칠곡,참외,1,2,2020-03-11,3,,15.3,12.9,4.5
경북,칠곡,참외,1,2,2020-03-11,4,,15.9,14.1,4.3
경북,칠곡,참외,1,2,2020-03-18,1,,14.0,11.2,5.6
경북,칠곡,참외,1,2,2020-03-18,2,,14.6,11.3,5.5
경북,칠곡,참외,1,2,2020-03-18,3,,14.6,12.1,4.1
경북,칠곡,참외,1,2,2020-03-18,4,,14.9,13.8,6.1
경북,칠곡,참외,1,2,2020-04-08,1,,15.5,12.0,5.1
경북,칠곡,참외,1,2,2020-04-08,2,,14.2,11.1,5.6
경북,칠곡,참외,1,2,2020-04-08,3,,16.1,12.2,4.7
경북,칠곡,참외,1,2,2020-04-08,4,,13.0,12.0,6.2
경북,칠곡,참외,1,2,2020-04-14,1,,15.4,13.1,5.2
경북,칠곡,참외,1,2,2020-04-14,2,,14.2,13.3,3.7
경북,칠곡,참외,1,2,2020-04-14,3,,16.3,12.3,5.1
경북,칠곡,참외,1,2,2020-04-14,4,,13.5,12.4,5.2
경북,칠곡,참외,1,2,2020-04-22,1,,16.0,13.7,4.6
경북,칠곡,참외,1,2,2020-04-22,2,,17.3,13.6,5.0
경북,칠곡,참외,1,2,2020-04-22,3,,15.3,13.1,3.6
경북,칠곡,참외,1,2,2020-04-22,4,,16.2,12.3,5.8
경북,칠곡,참외,1,2,2020-04-29,1,,16.3,12.0,4.3
경북,칠곡,참외,1,2,2020-04-29,2,,17.0,14.2,5.0
경북,칠곡,참외,1,2,2020-04-29,3,,16.1,13.1,4.7
경북,칠곡,참외,1,2,2020-04-29,4,,17.4,11.0,5.2
경북,칠곡,참외,1,2,2020-05-07,1,,13.3,10.3,4.1
경북,칠곡,참외,1,2,2020-05-07,2,,15.3,11.3,4.7
경북,칠곡,참외,1,2,2020-05-07,3,,17.3,13.4,4.3
경북,칠곡,참외,1,2,2020-05-07,4,,12.7,11.3,4.0
경북,칠곡,참외,1,2,2020-05-13,1,,13.0,10.9,5.8
경북,칠곡,참외,1,2,2020-05-13,2,,15.1,12.6,4.1
경북,칠곡,참외,1,2,2020-05-13,3,,15.4,12.7,2.8
경북,칠곡,참외,1,2,2020-05-13,4,,13.0,11.3,3.8
경북,칠곡,참외,1,2,2020-05-20,1,,12.1,10.2,4.7
경북,칠곡,참외,1,2,2020-05-20,2,,12.0,10.9,4.2
경북,칠곡,참외,1,2,2020-05-20,3,,16.1,15.7,4.2
경북,칠곡,참외,1,2,2020-05-20,4,,12.1,10.0,4.6
경북,칠곡,참외,1,2,2020-05-27,1,,13.4,11.2,4.4
경북,칠곡,참외,1,2,2020-05-27,2,,12.1,11.0,4.1
경북,칠곡,참외,1,2,2020-05-27,3,,17.2,16.0,4.5
경북,칠곡,참외,1,2,2020-05-27,4,,13.0,11.6,4.0
경북,칠곡,참외,1,2,2020-06-01,1,,8.6,9.5,4.1
경북,칠곡,참외,1,2,2020-06-01,2,,9.0,9.6,3.6
경북,칠곡,참외,1,2,2020-06-01,3,,8.5,9.0,4.2
경북,칠곡,참외,1,2,2020-06-01,4,,10.0,11.0,4.4
경북,칠곡,참외,1,2,2020-06-08,1,,9.0,10.6,4.3
경북,칠곡,참외,1,2,2020-06-08,2,,10.5,11.5,2.9
경북,칠곡,참외,1,2,2020-06-08,3,,10.0,10.5,3.3
경북,칠곡,참외,1,2,2020-06-08,4,,9.5,10.0,4.1
경북,칠곡,참외,1,2,2020-06-15,1,,10.5,10.3,3.4
경북,칠곡,참외,1,2,2020-06-15,2,,8.5,9.1,2.9
경북,칠곡,참외,1,2,2020-06-15,3,,9.0,9.2,3.6
경북,칠곡,참외,1,2,2020-06-15,4,,10.5,11.0,3.9
경북,칠곡,참외,1,2,2020-06-22,1,,10.0,11.2,3.2
경북,칠곡,참외,1,2,2020-06-22,2,,8.6,9.8,2.6
경북,칠곡,참외,1,2,2020-06-22,3,,8.6,9.6,3.7
경북,칠곡,참외,1,2,2020-06-22,4,,8.7,9.2,3.4
경북,칠곡,참외,1,2,2020-06-30,1,,9.6,9.0,2.5
경북,칠곡,참외,1,2,2020-06-30,2,,10.2,8.6,2.7
경북,칠곡,참외,1,2,2020-06-30,3,,9.5,8.2,3.8
경북,칠곡,참외,1,2,2020-06-30,4,,10.6,10.0,3.9
경북,칠곡,참외,1,2,2020-07-07,1,,11.0,10.0,2.3
경북,칠곡,참외,1,2,2020-07-07,2,,10.0,9.5,2.3
경북,칠곡,참외,1,2,2020-07-07,3,,8.3,8.0,3.3
경북,칠곡,참외,1,2,2020-07-07,4,,8.5,8.0,3.5
경북,칠곡,참외,1,2,2020-07-14,1,,9.3,8.5,3.8
경북,칠곡,참외,1,2,2020-07-14,2,,9.5,8.4,4.2
경북,칠곡,참외,1,2,2020-07-14,3,,9.6,9.6,4.0
경북,칠곡,참외,1,2,2020-07-14,4,,10.6,9.7,4.1
경북,칠곡,참외,1,2,2020-07-21,1,,8.7,9.9,3.9
경북,칠곡,참외,1,2,2020-07-21,2,,9.4,9.2,3.6
경북,칠곡,참외,1,2,2020-07-21,3,,11.3,11.0,4.3
경북,칠곡,참외,1,2,2020-07-21,4,,10.1,8.6,3.6
경북,칠곡,참외,1,2,2020-07-28,1,,8.0,8.3,3.8
경북,칠곡,참외,1,2,2020-07-28,2,,9.0,8.0,3.7
경북,칠곡,참외,1,2,2020-07-28,3,,10.0,9.9,4.1
경북,칠곡,참외,1,2,2020-07-28,4,,9.0,9.7,3.7
경북,칠곡,참외,1,2,2020-08-04,1,,10.1,10.2,3.4
경북,칠곡,참외,1,2,2020-08-04,2,,10.3,9.6,3.5
경북,칠곡,참외,1,2,2020-08-04,3,,10.4,12.0,3.8
경북,칠곡,참외,1,2,2020-08-04,4,,9.3,10.0,3.6
경북,칠곡,참외,1,2,2020-08-11,1,,10.2,10.5,3.2
경북,칠곡,참외,1,2,2020-08-11,2,,10.0,9.1,3.2
경북,칠곡,참외,1,2,2020-08-11,3,,9.9,9.6,4.1
경북,칠곡,참외,1,2,2020-08-11,4,,9.0,10.4,3.7
경북,성주,참외,1,1,2021-01-05,1,,18.7,17.2,6.25
경북,성주,참외,1,1,2021-01-05,2,,16.4,15.3,6.23
경북,성주,참외,1,1,2021-01-05,3,,16.7,15.9,6.06
경북,성주,참외,1,1,2021-01-05,4,,17.1,15.6,5.8
경북,성주,참외,1,1,2021-01-12,1,,17.1,15.7,6.68
경북,성주,참외,1,1,2021-01-12,2,,16.5,15.1,7.09
경북,성주,참외,1,1,2021-01-12,3,,15.0,17.2,5.08
경북,성주,참외,1,1,2021-01-12,4,,16.3,16.2,5.3
경북,성주,참외,1,1,2021-01-19,1,,13.9,13.0,6.0
경북,성주,참외,1,1,2021-01-19,2,,15.3,15.6,6.12
경북,성주,참외,1,1,2021-01-19,3,,17.0,15.8,7.04
경북,성주,참외,1,1,2021-01-19,4,,14.6,14.8,6.09
경북,성주,참외,1,1,2021-01-26,1,,14.4,13.2,6.03
경북,성주,참외,1,1,2021-01-26,2,,15.3,13.1,5.74
경북,성주,참외,1,1,2021-01-26,3,,15.5,15.4,5.12
경북,성주,참외,1,1,2021-01-26,4,,15.3,14.5,5.16
경북,성주,참외,1,1,2021-02-02,1,,18.0,17.3,7.32
경북,성주,참외,1,1,2021-02-02,2,,14.2,14.4,5.53
경북,성주,참외,1,1,2021-02-02,3,,17.3,17.0,5.74
경북,성주,참외,1,1,2021-02-02,4,,16.2,16.5,4.51
경북,성주,참외,1,1,2021-02-09,1,,13.5,13.3,7.24
경북,성주,참외,1,1,2021-02-09,2,,17.3,15.6,6.53
경북,성주,참외,1,1,2021-02-09,3,,13.2,13.5,5.0
경북,성주,참외,1,1,2021-02-09,4,,15.8,15.6,6.58
경북,성주,참외,1,1,2021-02-16,1,,17.5,14.5,6.73
경북,성주,참외,1,1,2021-02-16,2,,17.6,14.4,7.05
경북,성주,참외,1,1,2021-02-16,3,,16.8,15.7,6.62
경북,성주,참외,1,1,2021-02-16,4,,16.4,14.3,6.04
경북,성주,참외,1,1,2021-02-23,1,,13.8,14.2,4.58
경북,성주,참외,1,1,2021-02-23,2,,13.9,13.3,4.27
경북,성주,참외,1,1,2021-02-23,3,,12.7,13.1,4.52
경북,성주,참외,1,1,2021-02-23,4,,14.9,14.5,5.54
경북,성주,참외,1,1,2021-03-02,1,,13.4,12.9,6.14
경북,성주,참외,1,1,2021-03-02,2,,12.9,14.0,5.85
경북,성주,참외,1,1,2021-03-02,3,,12.8,12.7,6.0
경북,성주,참외,1,1,2021-03-02,4,,12.5,12.3,6.26
경북,성주,참외,1,1,2021-03-09,1,,13.0,11.6,4.61
경북,성주,참외,1,1,2021-03-09,2,,13.3,13.2,5.2
경북,성주,참외,1,1,2021-03-09,3,,13.1,12.8,5.51
경북,성주,참외,1,1,2021-03-09,4,,13.4,12.9,7.13
경북,성주,참외,1,1,2021-03-16,1,,14.5,14.0,6.23
경북,성주,참외,1,1,2021-03-16,2,,12.0,10.0,6.86
경북,성주,참외,1,1,2021-03-16,3,,13.0,12.5,6.51
경북,성주,참외,1,1,2021-03-16,4,,11.0,11.5,6.49
경북,성주,참외,1,1,2021-03-23,1,,12.0,10.0,5.08
경북,성주,참외,1,1,2021-03-23,2,,12.0,10.4,7.11
경북,성주,참외,1,1,2021-03-23,3,,11.0,10.5,6.35
경북,성주,참외,1,1,2021-03-23,4,,11.0,9.0,5.12
경북,성주,참외,1,1,2021-03-30,1,,12.5,10.5,6.31
경북,성주,참외,1,1,2021-03-30,2,,12.0,11.0,5.74
경북,성주,참외,1,1,2021-03-30,3,,12.0,10.5,5.98
경북,성주,참외,1,1,2021-03-30,4,,11.5,10.0,5.46
경북,성주,참외,1,1,2021-04-06,1,,12.3,10.5,5.89
경북,성주,참외,1,1,2021-04-06,2,,12.0,11.5,5.36
경북,성주,참외,1,1,2021-04-06,3,,12.5,11.0,6.58
경북,성주,참외,1,1,2021-04-06,4,,12.0,10.0,5.36
경북,성주,참외,1,1,2021-04-13,1,,12.0,11.0,6.02
경북,성주,참외,1,1,2021-04-13,2,,11.5,10.0,6.31
경북,성주,참외,1,1,2021-04-13,3,,12.5,11.5,5.11
경북,성주,참외,1,1,2021-04-13,4,,11.0,10.0,4.29
경북,성주,참외,1,1,2021-04-20,1,,10.0,8.5,6.18
경북,성주,참외,1,1,2021-04-20,2,,10.5,9.0,6.21
경북,성주,참외,1,1,2021-04-20,3,,10.0,8.0,5.07
경북,성주,참외,1,1,2021-04-20,4,,9.5,8.0,5.1
경북,성주,참외,1,1,2021-04-27,1,,10.5,8.5,6.21
경북,성주,참외,1,1,2021-04-27,2,,9.0,8.7,5.17
경북,성주,참외,1,1,2021-04-27,3,,8.5,8.0,6.49
경북,성주,참외,1,1,2021-04-27,4,,10.0,9.5,5.51
경북,성주,참외,1,1,2021-05-04,1,,10.5,9.0,5.51
경북,성주,참외,1,1,2021-05-04,2,,9.5,9.0,6.36
경북,성주,참외,1,1,2021-05-04,3,,10.0,8.5,6.28
경북,성주,참외,1,1,2021-05-04,4,,9.5,9.0,5.76
경북,성주,참외,1,1,2021-05-11,1,,10.0,9.0,5.18
경북,성주,참외,1,1,2021-05-11,2,,10.5,9.3,6.72
경북,성주,참외,1,1,2021-05-11,3,,10.0,9.5,5.39
경북,성주,참외,1,1,2021-05-11,4,,10.3,10.0,5.65
경북,성주,참외,1,1,2021-05-18,1,,9.5,8.5,5.29
경북,성주,참외,1,1,2021-05-18,2,,8.5,8.0,5.1
경북,성주,참외,1,1,2021-05-18,3,,9.0,8.5,6.42
경북,성주,참외,1,1,2021-05-18,4,,9.5,8.0,5.38
경북,성주,참외,1,1,2021-05-25,1,,9.3,8.5,5.77
경북,성주,참외,1,1,2021-05-25,2,,10.0,9.5,5.41
경북,성주,참외,1,1,2021-05-25,3,,9.5,9.0,5.38
경북,성주,참외,1,1,2021-05-25,4,,9.5,9.2,5.95
경북,성주,참외,1,1,2021-06-01,1,,9.0,8.5,5.71
경북,성주,참외,1,1,2021-06-01,2,,8.0,7.4,5.84
경북,성주,참외,1,1,2021-06-01,3,,9.2,9.3,5.65
경북,성주,참외,1,1,2021-06-01,4,,9.6,8.9,5.51
경북,성주,참외,1,2,2020-12-25,1,,20.0,17.0,
경북,성주,참외,1,2,2020-12-25,2,,18.5,17.3,
경북,성주,참외,1,2,2020-12-25,3,,17.9,15.6,
경북,성주,참외,1,2,2020-12-25,4,,19.8,18.0,
경북,성주,참외,1,2,2021-01-07,1,,15.5,14.2,5.2
경북,성주,참외,1,2,2021-01-07,2,,16.4,14.5,6.2
경북,성주,참외,1,2,2021-01-07,3,,15.1,14.1,7.4
경북,성주,참외,1,2,2021-01-07,4,,18.6,17.7,6.2
경북,성주,참외,1,2,2021-01-12,1,,16.1,14.9,6.3
경북,성주,참외,1,2,2021-01-12,2,,15.3,15.0,6.9
경북,성주,참외,1,2,2021-01-12,3,,16.9,13.2,5.0
경북,성주,참외,1,2,2021-01-12,4,,17.5,16.4,5.9
경북,성주,참외,1,2,2021-01-19,1,,15.4,14.2,6.0
경북,성주,참외,1,2,2021-01-19,2,,20.2,17.5,6.0
경북,성주,참외,1,2,2021-01-19,3,,18.3,14.2,6.3
경북,성주,참외,1,2,2021-01-19,4,,15.6,13.0,4.9
경북,성주,참외,1,2,2021-01-26,1,,18.0,14.9,7.0
경북,성주,참외,1,2,2021-01-26,2,,17.6,13.4,4.6
경북,성주,참외,1,2,2021-01-26,3,,19.6,16.0,5.6
경북,성주,참외,1,2,2021-01-26,4,,17.8,15.4,6.8
경북,성주,참외,1,2,2021-02-02,1,,18.5,16.5,5.2
경북,성주,참외,1,2,2021-02-02,2,,17.5,15.5,6.7
경북,성주,참외,1,2,2021-02-02,3,,16.0,14.0,6.8
경북,성주,참외,1,2,2021-02-02,4,,18.0,15.3,5.6
경북,성주,참외,1,2,2021-02-09,1,,16.5,14.5,5.4
경북,성주,참외,1,2,2021-02-09,2,,17.0,15.5,6.2
경북,성주,참외,1,2,2021-02-09,3,,14.0,12.7,6.3
경북,성주,참외,1,2,2021-02-09,4,,13.3,12.8,4.0
경북,성주,참외,1,2,2021-02-16,1,,15.0,12.9,6.8
경북,성주,참외,1,2,2021-02-16,2,,16.1,14.2,6.2
경북,성주,참외,1,2,2021-02-16,3,,16.0,12.3,6.2
경북,성주,참외,1,2,2021-02-16,4,,14.7,13.0,5.9
경북,성주,참외,1,2,2021-02-23,1,,13.4,11.6,6.2
경북,성주,참외,1,2,2021-02-23,2,,15.1,12.6,6.0
경북,성주,참외,1,2,2021-02-23,3,,14.0,12.8,6.4
경북,성주,참외,1,2,2021-02-23,4,,14.3,13.5,5.4
경북,성주,참외,1,2,2021-03-02,1,,11.5,11.4,5.2
경북,성주,참외,1,2,2021-03-02,2,,13.0,11.8,5.0
경북,성주,참외,1,2,2021-03-02,3,,12.9,11.4,5.2
경북,성주,참외,1,2,2021-03-02,4,,10.5,9.4,3.7
경북,성주,참외,1,2,2021-03-09,1,,10.0,9.2,5.1
경북,성주,참외,1,2,2021-03-09,2,,10.3,8.6,5.0
경북,성주,참외,1,2,2021-03-09,3,,11.9,10.3,5.2
경북,성주,참외,1,2,2021-03-09,4,,9.1,7.8,5.0
경북,성주,참외,1,2,2021-03-15,1,,13.1,10.8,4.5
경북,성주,참외,1,2,2021-03-15,2,,12.8,10.4,5.0
경북,성주,참외,1,2,2021-03-15,3,,14.5,12.6,4.2
경북,성주,참외,1,2,2021-03-15,4,,13.3,12.4,4.6
경북,성주,참외,1,2,2021-03-22,1,,10.2,9.4,5.6
경북,성주,참외,1,2,2021-03-22,2,,10.9,9.4,5.3
경북,성주,참외,1,2,2021-03-22,3,,11.0,9.8,5.5
경북,성주,참외,1,2,2021-03-22,4,,10.7,9.1,5.0
경북,성주,참외,1,2,2021-03-29,1,,12.8,10.1,4.8
경북,성주,참외,1,2,2021-03-29,2,,11.0,9.9,4.7
경북,성주,참외,1,2,2021-03-29,3,,12.0,12.0,5.3
경북,성주,참외,1,2,2021-03-29,4,,13.1,9.4,4.7
경북,성주,참외,1,2,2021-04-05,1,,10.1,9.8,4.5
경북,성주,참외,1,2,2021-04-05,2,,10.0,9.6,5.2
경북,성주,참외,1,2,2021-04-05,3,,11.1,10.0,4.8
경북,성주,참외,1,2,2021-04-05,4,,10.8,9.4,5.1
경북,성주,참외,1,2,2021-04-12,1,,12.0,11.0,5.2
경북,성주,참외,1,2,2021-04-12,2,,12.8,11.2,5.5
경북,성주,참외,1,2,2021-04-12,3,,11.0,11.5,5.3
경북,성주,참외,1,2,2021-04-12,4,,11.0,9.8,4.4
경북,성주,참외,1,2,2021-04-19,1,,10.5,8.0,4.3
경북,성주,참외,1,2,2021-04-19,2,,10.8,9.0,5.4
경북,성주,참외,1,2,2021-04-19,3,,11.0,9.0,3.9
경북,성주,참외,1,2,2021-04-19,4,,10.0,8.5,4.1
경북,성주,참외,1,2,2021-04-26,1,,10.0,10.5,5.3
경북,성주,참외,1,2,2021-04-26,2,,11.3,9.8,5.2
경북,성주,참외,1,2,2021-04-26,3,,10.8,9.2,4.0
경북,성주,참외,1,2,2021-04-26,4,,10.5,9.0,4.1
경북,성주,참외,1,2,2021-05-03,1,,10.3,9.0,4.4
경북,성주,참외,1,2,2021-05-03,2,,9.0,8.0,4.5
경북,성주,참외,1,2,2021-05-03,3,,9.5,9.0,4.7
경북,성주,참외,1,2,2021-05-03,4,,9.0,9.0,3.9
경북,성주,참외,1,2,2021-05-10,1,,7.8,7.3,4.5
경북,성주,참외,1,2,2021-05-10,2,,8.5,8.3,4.6
경북,성주,참외,1,2,2021-05-10,3,,9.0,8.5,4.8
경북,성주,참외,1,2,2021-05-10,4,,9.0,8.5,4.9
경북,성주,참외,1,2,2021-05-17,1,,10.0,9.0,5.0
경북,성주,참외,1,2,2021-05-17,2,,8.5,8.5,4.8
경북,성주,참외,1,2,2021-05-17,3,,9.5,8.3,4.9
경북,성주,참외,1,2,2021-05-17,4,,10.3,9.0,5.3
경북,성주,참외,1,2,2021-05-24,1,,12.0,11.5,4.9
경북,성주,참외,1,2,2021-05-24,2,,11.0,11.8,4.1
경북,성주,참외,1,2,2021-05-24,3,,10.8,11.0,5.0
경북,성주,참외,1,2,2021-05-24,4,,8.4,10.2,4.8
경북,성주,참외,1,2,2021-05-31,1,,8.5,9.2,4.0
경북,성주,참외,1,2,2021-05-31,2,,8.4,8.8,4.4
경북,성주,참외,1,2,2021-05-31,3,,10.0,10.0,4.5
경북,성주,참외,1,2,2021-05-31,4,,10.0,10.0,5.0
경북,성주,참외,1,2,2021-06-07,1,,10.0,9.4,4.5
경북,성주,참외,1,2,2021-06-07,2,,10.0,9.3,4.3
경북,성주,참외,1,2,2021-06-07,3,,9.8,9.2,4.0
경북,성주,참외,1,2,2021-06-07,4,,9.0,9.0,4.2
경북,성주,참외,1,2,2021-06-14,1,,10.0,9.5,4.1
경북,성주,참외,1,2,2021-06-14,2,,10.0,9.0,4.0
경북,성주,참외,1,2,2021-06-14,3,,10.0,10.0,3.6
경북,성주,참외,1,2,2021-06-14,4,,10.5,8.5,3.8
경북,성주,참외,1,2,2021-06-21,1,,9.5,9.0,3.8
경북,성주,참외,1,2,2021-06-21,2,,8.5,9.0,3.9
경북,성주,참외,1,2,2021-06-21,3,,9.0,8.5,3.4
경북,성주,참외,1,2,2021-06-21,4,,9.0,8.3,4.2
경북,성주,참외,1,2,2021-06-28,1,,12.0,10.0,5.28
경북,성주,참외,1,2,2021-06-28,2,,10.0,9.0,4.17
경북,성주,참외,1,2,2021-06-28,3,,7.0,9.0,4.8
경북,성주,참외,1,2,2021-06-28,4,,10.5,9.0,4.74
경북,성주,참외,1,2,2021-07-05,1,,10.0,10.0,4.75
경북,성주,참외,1,2,2021-07-05,2,,10.5,10.0,3.96
경북,성주,참외,1,2,2021-07-05,3,,9.5,9.0,4.56
경북,성주,참외,1,2,2021-07-05,4,,10.5,9.5,4.95
경북,성주,참외,1,2,2021-07-12,1,,10.0,9.0,5.5
경북,성주,참외,1,2,2021-07-12,2,,10.5,9.5,6.1
경북,성주,참외,1,2,2021-07-12,3,,11.5,10.0,4.95
경북,성주,참외,1,2,2021-07-12,4,,10.0,9.0,5.76
경북,성주,참외,1,2,2021-07-19,1,,10.0,9.0,4.6
경북,성주,참외,1,2,2021-07-19,2,,9.0,9.0,4.91
경북,성주,참외,1,2,2021-07-19,3,,9.0,9.0,4.58
경북,성주,참외,1,2,2021-07-19,4,,9.0,8.0,4.2
경북,성주,참외,1,2,2021-07-26,1,,10.0,9.0,5.67
경북,성주,참외,1,2,2021-07-26,2,,10.5,9.0,4.34
경북,성주,참외,1,2,2021-07-26,3,,10.0,9.0,4.32
경북,성주,참외,1,2,2021-07-26,4,,9.0,8.0,5.43
경북,성주,참외,1,5,2021-01-07,1,,14.5,14.0,5.04
경북,성주,참외,1,5,2021-01-07,2,,14.5,13.5,5.58
경북,성주,참외,1,5,2021-01-07,3,,14.0,13.0,4.69
경북,성주,참외,1,5,2021-01-07,4,,14.5,15.0,4.72
경북,성주,참외,1,5,2021-01-12,1,,15.0,14.0,4.17
경북,성주,참외,1,5,2021-01-12,2,,15.0,14.0,3.95
경북,성주,참외,1,5,2021-01-12,3,,14.0,14.0,4.58
경북,성주,참외,1,5,2021-01-12,4,,15.0,14.0,6.35
경북,성주,참외,1,5,2021-01-19,1,,15.5,15.0,8.15
경북,성주,참외,1,5,2021-01-19,2,,16.5,15.0,6.33
경북,성주,참외,1,5,2021-01-19,3,,15.0,14.5,6.58
경북,성주,참외,1,5,2021-01-19,4,,15.5,15.0,6.27
경북,성주,참외,1,5,2021-01-26,1,,15.5,14.5,7.11
경북,성주,참외,1,5,2021-01-26,2,,16.0,15.0,6.11
경북,성주,참외,1,5,2021-01-26,3,,16.0,15.0,6.58
경북,성주,참외,1,5,2021-01-26,4,,15.0,15.0,6.16
경북,성주,참외,1,5,2021-02-02,1,,15.5,13.5,6.33
경북,성주,참외,1,5,2021-02-02,2,,15.0,13.5,5.8
경북,성주,참외,1,5,2021-02-02,3,,14.5,13.0,5.63
경북,성주,참외,1,5,2021-02-02,4,,15.0,13.0,5.55
경북,성주,참외,1,5,2021-02-09,1,,15.0,13.0,5.4
경북,성주,참외,1,5,2021-02-09,2,,15.5,14.0,5.54
경북,성주,참외,1,5,2021-02-09,3,,16.0,14.0,6.05
경북,성주,참외,1,5,2021-02-09,4,,16.5,14.5,5.86
경북,성주,참외,1,5,2021-02-16,1,,15.0,13.5,5.81
경북,성주,참외,1,5,2021-02-16,2,,15.0,13.0,6.24
경북,성주,참외,1,5,2021-02-16,3,,14.5,13.5,5.62
경북,성주,참외,1,5,2021-02-16,4,,16.0,14.0,5.37
경북,성주,참외,1,5,2021-02-23,1,,11.0,10.0,5.37
경북,성주,참외,1,5,2021-02-23,2,,11.5,10.0,5.16
경북,성주,참외,1,5,2021-02-23,3,,12.0,11.0,4.95
경북,성주,참외,1,5,2021-02-23,4,,12.0,11.5,4.95
경북,성주,참외,1,5,2021-03-02,1,,13.0,12.0,5.1
경북,성주,참외,1,5,2021-03-02,2,,14.0,12.0,5.05
경북,성주,참외,1,5,2021-03-02,3,,12.0,12.0,5.09
경북,성주,참외,1,5,2021-03-02,4,,13.0,10.5,5.82
경북,성주,참외,1,5,2021-03-09,1,,14.0,11.0,4.68
경북,성주,참외,1,5,2021-03-09,2,,13.0,10.0,4.73
경북,성주,참외,1,5,2021-03-09,3,,12.0,11.0,4.98
경북,성주,참외,1,5,2021-03-09,4,,13.0,12.0,4.16
경북,성주,참외,1,5,2021-03-17,1,,13.0,10.5,6.77
경북,성주,참외,1,5,2021-03-17,2,,12.0,11.0,5.79
경북,성주,참외,1,5,2021-03-17,3,,8.0,8.0,5.71
경북,성주,참외,1,5,2021-03-17,4,,9.5,9.0,5.92
경북,성주,참외,1,5,2021-03-24,1,,12.0,10.5,6.82
경북,성주,참외,1,5,2021-03-24,2,,11.0,10.5,5.83
경북,성주,참외,1,5,2021-03-24,3,,12.0,10.0,5.75
경북,성주,참외,1,5,2021-03-24,4,,11.5,11.0,5.96
경북,성주,참외,1,5,2021-03-29,1,,12.0,11.0,5.15
경북,성주,참외,1,5,2021-03-29,2,,13.0,12.0,5.03
경북,성주,참외,1,5,2021-03-29,3,,14.0,13.5,5.28
경북,성주,참외,1,5,2021-03-29,4,,13.5,12.0,4.77
경북,성주,참외,1,5,2021-04-06,1,,12.0,11.0,3.94
경북,성주,참외,1,5,2021-04-06,2,,11.0,10.0,3.63
경북,성주,참외,1,5,2021-04-06,3,,11.0,11.0,3.64
경북,성주,참외,1,5,2021-04-06,4,,11.0,10.5,3.98
경북,성주,참외,1,5,2021-04-13,1,,13.0,10.0,4.8
경북,성주,참외,1,5,2021-04-13,2,,12.0,10.0,4.88
경북,성주,참외,1,5,2021-04-13,3,,12.0,11.0,4.52
경북,성주,참외,1,5,2021-04-13,4,,12.0,10.0,5.06
경북,성주,참외,1,5,2021-04-20,1,,10.0,9.0,4.65
경북,성주,참외,1,5,2021-04-20,2,,13.0,12.0,4.81
경북,성주,참외,1,5,2021-04-20,3,,13.0,12.0,5.66
경북,성주,참외,1,5,2021-04-20,4,,12.0,11.5,5.41
경북,성주,참외,1,5,2021-04-28,1,,11.0,9.0,4.57
경북,성주,참외,1,5,2021-04-28,2,,10.0,8.5,4.14
경북,성주,참외,1,5,2021-04-28,3,,10.5,9.5,4.29
경북,성주,참외,1,5,2021-04-28,4,,11.2,10.0,5.16
경북,성주,참외,1,5,2021-05-06,1,,10.5,8.5,4.77
경북,성주,참외,1,5,2021-05-06,2,,10.0,9.0,4.28
경북,성주,참외,1,5,2021-05-06,3,,10.2,9.0,4.44
경북,성주,참외,1,5,2021-05-06,4,,10.3,8.5,4.63
경북,성주,참외,1,5,2021-05-12,1,,10.2,9.5,5.46
경북,성주,참외,1,5,2021-05-12,2,,10.5,10.0,4.37
경북,성주,참외,1,5,2021-05-12,3,,11.0,9.3,4.93
경북,성주,참외,1,5,2021-05-12,4,,10.5,10.0,5.81
경북,성주,참외,1,5,2021-05-20,1,,8.5,8.0,5.74
경북,성주,참외,1,5,2021-05-20,2,,9.0,8.5,5.26
경북,성주,참외,1,5,2021-05-20,3,,9.7,9.0,4.57
경북,성주,참외,1,5,2021-05-20,4,,9.5,9.0,5.11
경북,성주,참외,1,5,2021-05-26,1,,10.0,9.5,5.17
경북,성주,참외,1,5,2021-05-26,2,,9.5,9.0,5.59
경북,성주,참외,1,5,2021-05-26,3,,9.7,9.0,5.63
경북,성주,참외,1,5,2021-05-26,4,,10.0,9.0,5.41
경북,성주,참외,1,5,2021-06-02,1,,10.1,9.7,5.01
경북,성주,참외,1,5,2021-06-02,2,,10.5,10.0,5.65
경북,성주,참외,1,5,2021-06-02,3,,9.6,9.5,5.82
경북,성주,참외,1,5,2021-06-02,4,,11.0,10.2,5.36
경북,성주,참외,1,5,2021-06-09,1,,9.0,7.5,5.86
경북,성주,참외,1,5,2021-06-09,2,,11.0,10.0,4.24
경북,성주,참외,1,5,2021-06-09,3,,12.5,12.0,4.42
경북,성주,참외,1,5,2021-06-09,4,,10.0,10.0,5.56
경북,성주,참외,1,5,2021-06-16,1,,12.0,11.0,4.84
경북,성주,참외,1,5,2021-06-16,2,,12.0,11.0,4.95
경북,성주,참외,1,5,2021-06-16,3,,10.0,9.0,5.06
경북,성주,참외,1,5,2021-06-16,4,,13.0,10.0,5.14
경북,성주,참외,1,5,2021-06-23,1,,9.0,8.5,4.41
경북,성주,참외,1,5,2021-06-23,2,,9.0,8.5,5.06
경북,성주,참외,1,5,2021-06-23,3,,10.0,9.0,5.21
경북,성주,참외,1,5,2021-06-23,4,,10.0,9.5,5.34
경북,성주,참외,1,5,2021-06-30,1,,9.0,8.0,4.5
경북,성주,참외,1,5,2021-06-30,2,,9.0,8.5,5.11
경북,성주,참외,1,5,2021-06-30,3,,9.0,8.0,5.0
경북,성주,참외,1,5,2021-06-30,4,,10.0,9.5,4.97
경북,성주,참외,1,5,2021-07-07,1,,10.0,9.0,4.73
경북,성주,참외,1,5,2021-07-07,2,,10.0,9.5,4.81
경북,성주,참외,1,5,2021-07-07,3,,11.0,10.0,4.65
경북,성주,참외,1,5,2021-07-07,4,,10.0,9.5,4.88
경북,성주,참외,1,5,2021-07-15,1,,10.0,9.0,4.8
경북,성주,참외,1,5,2021-07-15,2,,11.0,9.0,4.77
경북,성주,참외,1,5,2021-07-15,3,,9.0,8.0,4.58
경북,성주,참외,1,5,2021-07-15,4,,10.0,8.5,4.37
경북,성주,참외,1,5,2021-07-21,1,,10.0,7.5,4.31
경북,성주,참외,1,5,2021-07-21,2,,10.0,9.0,4.57
경북,성주,참외,1,5,2021-07-21,3,,11.0,9.5,4.36
경북,성주,참외,1,5,2021-07-21,4,,10.0,9.0,4.43
경북,성주,참외,1,6,2021-01-08,1,89.0,11.5,11.0,4.0
경북,성주,참외,1,6,2021-01-08,2,90.0,11.0,11.5,3.8
경북,성주,참외,1,6,2021-01-08,3,87.0,11.5,11.3,4.0
경북,성주,참외,1,6,2021-01-08,4,99.0,11.5,11.0,4.1
경북,성주,참외,1,6,2021-01-12,1,108.0,11.3,12.3,4.1
경북,성주,참외,1,6,2021-01-12,2,97.0,11.1,11.9,4.6
경북,성주,참외,1,6,2021-01-12,3,100.0,12.9,12.1,4.4
경북,성주,참외,1,6,2021-01-12,4,117.0,13.4,12.9,4.4
경북,성주,참외,1,6,2021-01-19,1,142.0,16.5,15.0,5.3
경북,성주,참외,1,6,2021-01-19,2,127.0,15.0,14.0,5.9
경북,성주,참외,1,6,2021-01-19,3,121.0,14.0,14.5,5.1
경북,성주,참외,1,6,2021-01-19,4,134.0,14.5,13.0,4.9
경북,성주,참외,1,6,2021-01-26,1,,14.8,14.0,5.9
경북,성주,참외,1,6,2021-01-26,2,,14.7,14.5,6.1
경북,성주,참외,1,6,2021-01-26,3,,15.0,14.8,5.6
경북,성주,참외,1,6,2021-01-26,4,,14.2,13.1,6.1
경북,성주,참외,1,6,2021-02-02,1,,15.0,12.5,5.9
경북,성주,참외,1,6,2021-02-02,2,,16.0,15.0,5.9
경북,성주,참외,1,6,2021-02-02,3,,16.5,14.5,6.8
경북,성주,참외,1,6,2021-02-02,4,,16.5,15.0,6.2
경북,성주,참외,1,6,2021-02-09,1,,13.0,13.4,6.3
경북,성주,참외,1,6,2021-02-09,2,,11.5,11.0,5.6
경북,성주,참외,1,6,2021-02-09,3,,12.8,12.8,6.4
경북,성주,참외,1,6,2021-02-09,4,,13.2,14.0,6.4
경북,성주,참외,1,6,2021-02-16,1,,13.6,10.9,6.7
경북,성주,참외,1,6,2021-02-16,2,,14.0,13.8,5.9
경북,성주,참외,1,6,2021-02-16,3,,14.0,11.1,5.4
경북,성주,참외,1,6,2021-02-16,4,,11.2,10.8,6.1
경북,성주,참외,1,6,2021-02-23,1,,14.2,13.4,6.4
경북,성주,참외,1,6,2021-02-23,2,,13.0,11.2,5.5
경북,성주,참외,1,6,2021-02-23,3,,13.1,10.8,6.6
경북,성주,참외,1,6,2021-02-23,4,,14.1,12.4,5.1
경북,성주,참외,1,6,2021-03-02,1,,12.1,11.8,5.2
경북,성주,참외,1,6,2021-03-02,2,,12.4,11.3,5.1
경북,성주,참외,1,6,2021-03-02,3,,13.6,12.7,5.6
경북,성주,참외,1,6,2021-03-02,4,,12.6,12.2,5.7
경북,성주,참외,1,6,2021-03-09,1,,14.1,11.5,6.2
경북,성주,참외,1,6,2021-03-09,2,,13.5,12.7,5.4
경북,성주,참외,1,6,2021-03-09,3,,11.9,10.4,5.2
경북,성주,참외,1,6,2021-03-09,4,,13.0,11.2,5.5
경북,성주,참외,1,6,2021-03-15,1,,12.3,11.3,4.8
경북,성주,참외,1,6,2021-03-15,2,,10.6,9.5,4.2
경북,성주,참외,1,6,2021-03-15,3,,12.6,10.5,4.4
경북,성주,참외,1,6,2021-03-15,4,,11.9,10.0,5.1
경북,성주,참외,1,6,2021-03-22,1,,9.9,9.6,3.8
경북,성주,참외,1,6,2021-03-22,2,,9.7,8.5,4.0
경북,성주,참외,1,6,2021-03-22,3,,11.4,9.7,4.2
경북,성주,참외,1,6,2021-03-22,4,,10.2,8.4,3.6
경북,성주,참외,1,6,2021-03-29,1,,9.5,8.3,3.9
경북,성주,참외,1,6,2021-03-29,2,,10.4,8.9,4.1
경북,성주,참외,1,6,2021-03-29,3,,10.7,9.6,4.0
경북,성주,참외,1,6,2021-03-29,4,,9.5,8.9,3.7
경북,성주,참외,1,6,2021-04-05,1,,11.1,10.0,4.7
경북,성주,참외,1,6,2021-04-05,2,,11.0,10.2,4.3
경북,성주,참외,1,6,2021-04-05,3,,11.6,9.8,4.1
경북,성주,참외,1,6,2021-04-05,4,,10.6,8.9,3.9
경북,성주,참외,1,6,2021-04-12,1,,7.8,6.9,4.9
경북,성주,참외,1,6,2021-04-12,2,,10.0,8.8,6.5
경북,성주,참외,1,6,2021-04-12,3,,9.6,8.1,6.2
경북,성주,참외,1,6,2021-04-12,4,,11.6,10.0,6.4
경북,성주,참외,1,6,2021-04-19,1,,11.0,10.0,4.4
경북,성주,참외,1,6,2021-04-19,2,,11.0,10.3,4.4
경북,성주,참외,1,6,2021-04-19,3,,11.5,10.8,4.4
경북,성주,참외,1,6,2021-04-19,4,,10.8,10.0,4.5
경북,성주,참외,1,6,2021-04-26,1,,10.0,9.8,5.5
경북,성주,참외,1,6,2021-04-26,2,,10.2,9.0,5.3
경북,성주,참외,1,6,2021-04-26,3,,10.0,10.5,4.8
경북,성주,참외,1,6,2021-04-26,4,,10.0,10.2,5.2
경북,성주,참외,1,6,2021-05-03,1,,10.0,9.5,4.4
경북,성주,참외,1,6,2021-05-03,2,,10.0,11.0,4.8
경북,성주,참외,1,6,2021-05-03,3,,10.0,10.0,4.7
경북,성주,참외,1,6,2021-05-03,4,,10.3,10.0,5.0
경북,성주,참외,1,6,2021-05-10,1,,10.0,10.0,5.1
경북,성주,참외,1,6,2021-05-10,2,,10.5,10.4,5.3
경북,성주,참외,1,6,2021-05-10,3,,9.8,9.3,4.8
경북,성주,참외,1,6,2021-05-10,4,,10.0,11.0,5.5
경북,성주,참외,1,6,2021-05-17,1,,10.5,10.0,5.0
경북,성주,참외,1,6,2021-05-17,2,,10.0,9.5,5.2
경북,성주,참외,1,6,2021-05-17,3,,10.5,10.0,4.7
경북,성주,참외,1,6,2021-05-17,4,,10.5,10.0,4.8
경북,성주,참외,1,6,2021-05-24,1,,10.0,10.3,4.8
경북,성주,참외,1,6,2021-05-24,2,,9.8,10.5,5.1
경북,성주,참외,1,6,2021-05-24,3,,10.8,10.7,4.9
경북,성주,참외,1,6,2021-05-24,4,,11.0,10.5,4.8
경북,성주,참외,1,6,2021-05-31,1,,8.5,8.8,3.9
경북,성주,참외,1,6,2021-05-31,2,,11.5,11.5,3.8
경북,성주,참외,1,6,2021-05-31,3,,8.3,8.0,4.0
경북,성주,참외,1,6,2021-05-31,4,,11.0,11.5,3.9
경북,성주,참외,1,6,2021-06-07,1,,9.0,9.0,3.5
경북,성주,참외,1,6,2021-06-07,2,,9.2,9.5,3.7
경북,성주,참외,1,6,2021-06-07,3,,11.0,10.5,4.4
경북,성주,참외,1,6,2021-06-07,4,,10.0,10.5,4.0
경북,성주,참외,1,6,2021-06-14,1,,9.0,9.2,4.8
경북,성주,참외,1,6,2021-06-14,2,,10.0,9.7,4.2
경북,성주,참외,1,6,2021-06-14,3,,10.0,9.5,4.4
경북,성주,참외,1,6,2021-06-14,4,,11.0,10.0,5.1
경북,성주,참외,1,6,2021-06-21,1,,10.0,9.0,5.4
경북,성주,참외,1,6,2021-06-21,2,,9.0,8.5,4.9
경북,성주,참외,1,6,2021-06-21,3,,10.0,10.8,6.0
경북,성주,참외,1,6,2021-06-21,4,,9.7,8.2,6.1
경북,성주,참외,1,6,2021-06-28,1,,9.0,8.0,3.77
경북,성주,참외,1,6,2021-06-28,2,,12.0,9.5,3.83
경북,성주,참외,1,6,2021-06-28,3,,10.5,10.0,4.49
경북,성주,참외,1,6,2021-06-28,4,,9.5,9.0,5.55
경북,성주,참외,1,6,2021-07-05,1,,10.5,10.0,4.15
경북,성주,참외,1,6,2021-07-05,2,,11.5,11.0,3.58
경북,성주,참외,1,6,2021-07-05,3,,9.0,9.5,4.94
경북,성주,참외,1,6,2021-07-05,4,,10.5,10.0,5.29
경북,성주,참외,1,6,2021-07-12,1,,9.0,8.0,4.41
경북,성주,참외,1,6,2021-07-12,2,,9.0,9.0,6.32
경북,성주,참외,1,6,2021-07-12,3,,9.0,8.0,3.82
경북,성주,참외,1,6,2021-07-12,4,,10.0,8.0,6.24
경북,성주,참외,1,6,2021-07-19,1,,10.0,9.0,5.3
경북,성주,참외,1,6,2021-07-19,2,,9.0,8.0,4.84
경북,성주,참외,1,6,2021-07-19,3,,9.0,9.0,6.97
경북,성주,참외,1,6,2021-07-19,4,,11.0,8.0,4.55
경북,성주,참외,1,6,2021-07-26,1,,10.0,9.0,5.1
경북,성주,참외,1,6,2021-07-26,2,,10.0,9.0,5.59
경북,성주,참외,1,6,2021-07-26,3,,9.0,9.0,5.08
경북,성주,참외,1,6,2021-07-26,4,,9.0,8.0,5.15
경북,성주,참외,1,6,2021-08-03,1,,9.0,8.0,4.6
경북,성주,참외,1,6,2021-08-03,2,,9.0,8.0,4.3
경북,성주,참외,1,6,2021-08-03,3,,9.0,8.0,5.36
경북,성주,참외,1,6,2021-08-03,4,,10.0,9.0,4.9
경북,성주,참외,1,8,2021-01-06,1,100.0,12.5,13.2,4.2
경북,성주,참외,1,8,2021-01-06,2,91.0,12.0,12.0,4.3
경북,성주,참외,1,8,2021-01-06,3,85.0,14.0,13.5,4.4
경북,성주,참외,1,8,2021-01-06,4,98.0,13.0,13.5,4.3
경북,성주,참외,1,8,2021-01-13,1,128.0,13.5,13.2,4.8
경북,성주,참외,1,8,2021-01-13,2,108.0,12.0,13.1,4.6
경북,성주,참외,1,8,2021-01-13,3,107.0,12.7,12.0,4.3
경북,성주,참외,1,8,2021-01-13,4,124.0,13.1,11.6,4.4
경북,성주,참외,1,8,2021-01-20,1,,15.8,14.6,5.2
경북,성주,참외,1,8,2021-01-20,2,130.0,16.0,14.5,5.6
경북,성주,참외,1,8,2021-01-20,3,126.0,15.1,13.7,5.0
경북,성주,참외,1,8,2021-01-20,4,,16.8,15.0,6.4
경북,성주,참외,1,8,2021-01-27,1,,15.0,16.5,6.3
경북,성주,참외,1,8,2021-01-27,2,,15.4,14.5,6.7
경북,성주,참외,1,8,2021-01-27,3,,15.5,15.4,6.4
경북,성주,참외,1,8,2021-01-27,4,,15.6,14.0,5.1
경북,성주,참외,1,8,2021-02-03,1,,14.0,18.0,7.1
경북,성주,참외,1,8,2021-02-03,2,,16.0,15.1,6.3
경북,성주,참외,1,8,2021-02-03,3,,16.2,17.3,6.8
경북,성주,참외,1,8,2021-02-03,4,,14.0,14.5,5.1
경북,성주,참외,1,8,2021-02-10,1,,16.3,14.0,6.3
경북,성주,참외,1,8,2021-02-10,2,,16.2,15.5,6.4
경북,성주,참외,1,8,2021-02-10,3,,15.0,12.5,6.2
경북,성주,참외,1,8,2021-02-10,4,,15.5,14.5,5.7
경북,성주,참외,1,8,2021-02-17,1,,15.1,14.5,5.6
경북,성주,참외,1,8,2021-02-17,2,,15.2,14.4,5.4
경북,성주,참외,1,8,2021-02-17,3,,14.8,14.8,5.6
경북,성주,참외,1,8,2021-02-17,4,,14.4,14.0,6.6
경북,성주,참외,1,8,2021-02-24,1,,13.0,11.4,5.0
경북,성주,참외,1,8,2021-02-24,2,,12.8,12.4,5.2
경북,성주,참외,1,8,2021-02-24,3,,12.3,12.3,5.4
경북,성주,참외,1,8,2021-02-24,4,,14.4,13.5,5.4
경북,성주,참외,1,8,2021-03-03,1,,13.8,12.1,5.0
경북,성주,참외,1,8,2021-03-03,2,,13.9,14.1,5.3
경북,성주,참외,1,8,2021-03-03,3,,13.7,14.0,5.7
경북,성주,참외,1,8,2021-03-03,4,,12.0,12.2,5.5
경북,성주,참외,1,8,2021-03-10,1,,13.0,12.4,5.1
경북,성주,참외,1,8,2021-03-10,2,,12.3,10.7,5.0
경북,성주,참외,1,8,2021-03-10,3,,10.4,9.7,4.0
경북,성주,참외,1,8,2021-03-10,4,,12.3,12.0,6.3
경북,성주,참외,1,8,2021-03-16,1,,12.5,11.6,4.3
경북,성주,참외,1,8,2021-03-16,2,,11.6,10.4,4.9
경북,성주,참외,1,8,2021-03-16,3,,10.0,9.7,5.2
경북,성주,참외,1,8,2021-03-16,4,,10.2,9.1,5.0
경북,성주,참외,1,8,2021-03-23,1,,12.1,11.6,5.4
경북,성주,참외,1,8,2021-03-23,2,,13.3,11.8,4.9
경북,성주,참외,1,8,2021-03-23,3,,11.8,10.8,5.1
경북,성주,참외,1,8,2021-03-23,4,,10.9,10.4,4.1
경북,성주,참외,1,8,2021-03-30,1,,8.3,7.1,3.6
경북,성주,참외,1,8,2021-03-30,2,,9.4,7.4,3.2
경북,성주,참외,1,8,2021-03-30,3,,9.1,7.6,3.8
경북,성주,참외,1,8,2021-03-30,4,,9.6,8.4,3.6
경북,성주,참외,1,8,2021-04-06,1,,9.6,8.9,3.7
경북,성주,참외,1,8,2021-04-06,2,,10.5,9.0,3.6
경북,성주,참외,1,8,2021-04-06,3,,9.3,7.4,4.8
경북,성주,참외,1,8,2021-04-06,4,,11.0,9.5,4.5
경북,성주,참외,1,8,2021-04-13,1,,12.0,10.5,4.9
경북,성주,참외,1,8,2021-04-13,2,,11.0,9.5,4.4
경북,성주,참외,1,8,2021-04-13,3,,11.5,9.5,4.0
경북,성주,참외,1,8,2021-04-13,4,,11.8,9.5,3.8
경북,성주,참외,1,8,2021-04-19,1,,10.0,9.5,5.7
경북,성주,참외,1,8,2021-04-19,2,,9.5,8.3,5.6
경북,성주,참외,1,8,2021-04-19,3,,10.0,9.8,4.8
경북,성주,참외,1,8,2021-04-19,4,,10.0,10.5,4.8
경북,성주,참외,1,8,2021-04-27,1,,10.0,10.0,4.7
경북,성주,참외,1,8,2021-04-27,2,,10.3,10.0,5.7
경북,성주,참외,1,8,2021-04-27,3,,10.5,10.0,5.3
경북,성주,참외,1,8,2021-04-27,4,,10.5,9.0,5.0
경북,성주,참외,1,8,2021-05-04,1,,9.5,9.0,4.9
경북,성주,참외,1,8,2021-05-04,2,,13.0,11.0,5.1
경북,성주,참외,1,8,2021-05-04,3,,11.0,11.0,5.0
경북,성주,참외,1,8,2021-05-04,4,,11.0,10.0,4.8
경북,성주,참외,1,8,2021-05-11,1,,9.3,8.8,4.1
경북,성주,참외,1,8,2021-05-11,2,,9.5,9.0,4.4
경북,성주,참외,1,8,2021-05-11,3,,9.5,9.5,4.8
경북,성주,참외,1,8,2021-05-11,4,,9.0,8.0,4.5
경북,성주,참외,1,8,2021-05-18,1,,10.0,10.3,4.3
경북,성주,참외,1,8,2021-05-18,2,,10.0,10.0,4.4
경북,성주,참외,1,8,2021-05-18,3,,10.7,9.5,4.3
경북,성주,참외,1,8,2021-05-18,4,,11.0,9.7,4.5
경북,성주,참외,1,8,2021-05-25,1,,9.0,8.0,4.5
경북,성주,참외,1,8,2021-05-25,2,,10.0,10.0,4.6
경북,성주,참외,1,8,2021-05-25,3,,10.0,9.3,5.0
경북,성주,참외,1,8,2021-05-25,4,,11.0,9.5,4.8
경북,성주,참외,1,8,2021-06-01,1,,10.0,9.8,3.5
경북,성주,참외,1,8,2021-06-01,2,,9.0,9.2,3.6
경북,성주,참외,1,8,2021-06-01,3,,10.5,10.3,4.0
경북,성주,참외,1,8,2021-06-01,4,,9.0,9.0,4.4
경북,성주,참외,1,8,2021-06-07,1,,9.8,9.0,3.8
경북,성주,참외,1,8,2021-06-07,2,,10.0,9.5,3.8
경북,성주,참외,1,8,2021-06-07,3,,9.5,9.0,4.0
경북,성주,참외,1,8,2021-06-07,4,,9.3,8.8,3.9
경북,성주,참외,1,8,2021-06-14,1,,9.0,9.0,4.3
경북,성주,참외,1,8,2021-06-14,2,,9.0,9.5,5.4
경북,성주,참외,1,8,2021-06-14,3,,9.0,9.0,3.9
경북,성주,참외,1,8,2021-06-14,4,,9.0,9.0,4.1
경북,성주,참외,1,8,2021-06-22,1,,9.0,8.5,4.2
경북,성주,참외,1,8,2021-06-22,2,,8.8,8.0,4.1
경북,성주,참외,1,8,2021-06-22,3,,8.0,7.0,3.9
경북,성주,참외,1,8,2021-06-22,4,,10.0,9.0,3.6
경북,성주,참외,1,8,2021-06-29,1,,10.5,9.4,3.75
경북,성주,참외,1,8,2021-06-29,2,,9.5,8.5,2.62
경북,성주,참외,1,8,2021-06-29,3,,9.5,10.0,4.76
경북,성주,참외,1,8,2021-06-29,4,,10.5,9.5,4.0
경북,성주,참외,1,8,2021-07-06,1,,10.0,10.0,4.31
경북,성주,참외,1,8,2021-07-06,2,,10.0,9.0,4.34
경북,성주,참외,1,8,2021-07-06,3,,10.0,8.0,3.34
경북,성주,참외,1,8,2021-07-06,4,,9.0,8.0,3.58
경북,성주,참외,1,8,2021-07-13,1,,8.0,10.0,5.86
경북,성주,참외,1,8,2021-07-13,2,,10.0,8.0,7.73
경북,성주,참외,1,8,2021-07-13,3,,9.0,7.0,5.89
경북,성주,참외,1,8,2021-07-13,4,,10.0,9.0,4.8
경북,성주,참외,1,8,2021-07-20,1,,,,
경북,성주,참외,1,8,2021-07-20,2,,,,
경북,성주,참외,1,8,2021-07-20,3,,,,
경북,성주,참외,1,8,2021-07-20,4,,,,
경북,성주,참외,1,9,2021-01-06,1,,13.0,11.6,5.82
경북,성주,참외,1,9,2021-01-06,2,,12.1,13.3,6.61
경북,성주,참외,1,9,2021-01-06,3,103.0,11.2,11.1,4.1
경북,성주,참외,1,9,2021-01-06,4,120.0,14.1,13.6,5.15
경북,성주,참외,1,9,2021-01-12,1,,13.2,13.5,4.8
경북,성주,참외,1,9,2021-01-12,2,,14.1,12.2,5.5
경북,성주,참외,1,9,2021-01-12,3,,13.4,12.9,5.15
경북,성주,참외,1,9,2021-01-12,4,,14.3,13.2,4.84
경북,성주,참외,1,9,2021-01-19,1,,15.9,14.4,4.91
경북,성주,참외,1,9,2021-01-19,2,,16.2,13.8,6.1
경북,성주,참외,1,9,2021-01-19,3,,12.8,12.1,4.66
경북,성주,참외,1,9,2021-01-19,4,,14.7,13.3,5.25
경북,성주,참외,1,9,2021-01-26,1,,15.9,16.4,7.71
경북,성주,참외,1,9,2021-01-26,2,,16.2,15.1,6.0
경북,성주,참외,1,9,2021-01-26,3,,14.9,14.6,5.4
경북,성주,참외,1,9,2021-01-26,4,,16.2,13.8,5.01
경북,성주,참외,1,9,2021-02-02,1,,17.0,15.8,5.31
경북,성주,참외,1,9,2021-02-02,2,,17.3,16.9,6.1
경북,성주,참외,1,9,2021-02-02,3,,16.2,17.7,6.31
경북,성주,참외,1,9,2021-02-02,4,,16.4,16.6,5.31
경북,성주,참외,1,9,2021-02-09,1,,13.5,12.6,6.2
경북,성주,참외,1,9,2021-02-09,2,,13.3,12.7,5.0
경북,성주,참외,1,9,2021-02-09,3,,15.3,15.4,5.25
경북,성주,참외,1,9,2021-02-09,4,,16.4,14.9,5.43
경북,성주,참외,1,9,2021-02-16,1,,14.3,13.9,5.06
경북,성주,참외,1,9,2021-02-16,2,,15.2,13.6,4.12
경북,성주,참외,1,9,2021-02-16,3,,14.9,14.1,6.72
경북,성주,참외,1,9,2021-02-16,4,,13.5,12.1,5.37
경북,성주,참외,1,9,2021-02-23,1,,16.3,15.1,5.79
경북,성주,참외,1,9,2021-02-23,2,,13.6,13.4,5.4
경북,성주,참외,1,9,2021-02-23,3,,18.3,13.5,5.23
경북,성주,참외,1,9,2021-02-23,4,,13.4,13.3,6.13
경북,성주,참외,1,9,2021-03-02,1,,15.4,12.8,5.16
경북,성주,참외,1,9,2021-03-02,2,,12.2,11.1,5.65
경북,성주,참외,1,9,2021-03-02,3,,12.6,12.9,5.12
경북,성주,참외,1,9,2021-03-02,4,,14.7,14.7,6.32
경북,성주,참외,1,9,2021-03-09,1,,15.5,13.6,5.5
경북,성주,참외,1,9,2021-03-09,2,,15.9,13.4,5.51
경북,성주,참외,1,9,2021-03-09,3,,15.2,13.8,6.38
경북,성주,참외,1,9,2021-03-09,4,,15.5,12.4,6.12
경북,성주,참외,1,9,2021-03-16,1,,15.0,13.0,5.61
경북,성주,참외,1,9,2021-03-16,2,,16.0,13.5,6.72
경북,성주,참외,1,9,2021-03-16,3,,13.5,13.0,6.2
경북,성주,참외,1,9,2021-03-16,4,,13.0,12.5,6.13
경북,성주,참외,1,9,2021-03-23,1,,12.5,10.5,5.26
경북,성주,참외,1,9,2021-03-23,2,,11.0,9.5,6.17
경북,성주,참외,1,9,2021-03-23,3,,12.0,10.0,6.12
경북,성주,참외,1,9,2021-03-23,4,,12.0,10.2,5.97
경북,성주,참외,1,9,2021-03-30,1,,10.5,8.7,5.47
경북,성주,참외,1,9,2021-03-30,2,,11.0,10.0,5.38
경북,성주,참외,1,9,2021-03-30,3,,11.0,10.5,5.31
경북,성주,참외,1,9,2021-03-30,4,,12.0,11.0,5.48
경북,성주,참외,1,9,2021-04-06,1,,12.1,11.0,6.34
경북,성주,참외,1,9,2021-04-06,2,,11.5,10.0,6.24
경북,성주,참외,1,9,2021-04-06,3,,11.5,10.2,6.51
경북,성주,참외,1,9,2021-04-06,4,,12.0,11.5,5.14
경북,성주,참외,1,9,2021-04-13,1,,12.0,11.1,5.06
경북,성주,참외,1,9,2021-04-13,2,,12.4,10.5,5.77
경북,성주,참외,1,9,2021-04-13,3,,11.0,9.5,5.18
경북,성주,참외,1,9,2021-04-13,4,,10.5,9.5,4.62
경북,성주,참외,1,9,2021-04-20,1,,9.0,8.0,5.46
경북,성주,참외,1,9,2021-04-20,2,,9.5,8.3,5.15
경북,성주,참외,1,9,2021-04-20,3,,9.0,8.0,5.48
경북,성주,참외,1,9,2021-04-20,4,,8.5,8.0,4.77
경북,성주,참외,1,9,2021-04-27,1,,11.0,9.0,5.84
경북,성주,참외,1,9,2021-04-27,2,,10.0,8.5,4.69
경북,성주,참외,1,9,2021-04-27,3,,10.6,9.7,5.77
경북,성주,참외,1,9,2021-04-27,4,,11.0,10.0,5.44
경북,성주,참외,1,9,2021-05-04,1,,10.5,9.0,5.58
경북,성주,참외,1,9,2021-05-04,2,,9.5,9.0,5.44
경북,성주,참외,1,9,2021-05-04,3,,9.3,8.5,5.62
경북,성주,참외,1,9,2021-05-04,4,,10.0,9.5,5.06
경북,성주,참외,1,9,2021-05-11,1,,9.5,9.0,5.64
경북,성주,참외,1,9,2021-05-11,2,,10.5,10.0,5.27
경북,성주,참외,1,9,2021-05-11,3,,9.0,8.5,5.93
경북,성주,참외,1,9,2021-05-11,4,,10.0,9.0,4.46
경북,성주,참외,1,9,2021-05-18,1,,10.5,9.5,5.49
경북,성주,참외,1,9,2021-05-18,2,,9.7,9.0,5.14
경북,성주,참외,1,9,2021-05-18,3,,10.0,9.0,5.57
경북,성주,참외,1,9,2021-05-18,4,,10.3,9.5,5.36
경북,성주,참외,1,9,2021-05-25,1,,9.7,9.0,5.32
경북,성주,참외,1,9,2021-05-25,2,,9.0,8.5,5.51
경북,성주,참외,1,9,2021-05-25,3,,9.5,9.0,5.48
경북,성주,참외,1,9,2021-05-25,4,,9.3,9.0,5.36
경북,성주,참외,1,9,2021-06-01,1,,9.0,8.0,6.34
경북,성주,참외,1,9,2021-06-01,2,,9.1,7.7,5.75
경북,성주,참외,1,9,2021-06-01,3,,9.4,9.3,5.09
경북,성주,참외,1,9,2021-06-01,4,,8.8,8.7,4.78
경북,성주,참외,1,9,2021-06-08,1,,10.0,9.0,4.5
경북,성주,참외,1,9,2021-06-08,2,,8.0,8.0,4.35
경북,성주,참외,1,9,2021-06-08,3,,7.0,6.0,6.52
경북,성주,참외,1,9,2021-06-08,4,,10.0,8.0,5.14
경북,성주,참외,1,9,2021-06-15,1,,9.0,8.0,4.61
경북,성주,참외,1,9,2021-06-15,2,,10.0,9.0,5.35
경북,성주,참외,1,9,2021-06-15,3,,8.0,7.0,5.08
경북,성주,참외,1,9,2021-06-15,4,,10.0,9.0,5.27
경북,성주,참외,1,9,2021-06-22,1,,10.0,9.0,4.73
경북,성주,참외,1,9,2021-06-22,2,,8.0,7.0,4.84
경북,성주,참외,1,9,2021-06-22,3,,7.5,7.5,5.02
경북,성주,참외,1,9,2021-06-22,4,,9.0,7.5,5.14
경북,성주,참외,1,9,2021-06-29,1,,10.0,9.0,4.8
경북,성주,참외,1,9,2021-06-29,2,,10.0,9.0,4.95
경북,성주,참외,1,9,2021-06-29,3,,9.5,8.0,5.13
경북,성주,참외,1,9,2021-06-29,4,,9.0,8.0,5.17
경북,성주,참외,1,9,2021-07-06,1,,10.0,9.0,4.82
경북,성주,참외,1,9,2021-07-06,2,,10.5,8.0,5.0
경북,성주,참외,1,9,2021-07-06,3,,8.0,7.0,4.97
경북,성주,참외,1,9,2021-07-06,4,,10.0,9.5,4.88
경북,성주,참외,1,9,2021-07-14,1,,9.0,8.0,4.75
경북,성주,참외,1,9,2021-07-14,2,,9.5,8.0,4.88
경북,성주,참외,1,9,2021-07-14,3,,9.0,7.0,5.0
경북,성주,참외,1,9,2021-07-14,4,,8.0,7.0,4.82
경북,성주,참외,1,10,2021-01-06,1,103.0,12.5,11.5,3.9
경북,성주,참외,1,10,2021-01-06,2,74.0,12.5,12.0,4.2
경북,성주,참외,1,10,2021-01-06,3,102.0,14.5,14.0,4.6
경북,성주,참외,1,10,2021-01-06,4,100.0,14.5,13.0,4.2
경북,성주,참외,1,10,2021-01-13,1,110.0,12.7,11.8,3.9
경북,성주,참외,1,10,2021-01-13,2,84.0,13.8,12.4,3.7
경북,성주,참외,1,10,2021-01-13,3,121.0,14.0,13.6,4.4
경북,성주,참외,1,10,2021-01-13,4,113.0,14.5,14.7,4.6
경북,성주,참외,1,10,2021-01-20,1,118.0,12.6,12.0,3.2
경북,성주,참외,1,10,2021-01-20,2,110.0,13.0,10.6,4.4
경북,성주,참외,1,10,2021-01-20,3,130.0,13.5,12.2,4.4
경북,성주,참외,1,10,2021-01-20,4,122.0,14.8,11.9,4.5
경북,성주,참외,1,10,2021-01-26,1,,16.3,14.2,5.1
경북,성주,참외,1,10,2021-01-26,2,,16.0,14.8,6.1
경북,성주,참외,1,10,2021-01-26,3,,16.5,14.9,5.5
경북,성주,참외,1,10,2021-01-26,4,,17.6,15.2,5.8
경북,성주,참외,1,10,2021-02-03,1,,16.5,15.4,5.5
경북,성주,참외,1,10,2021-02-03,2,,15.0,14.3,5.6
경북,성주,참외,1,10,2021-02-03,3,,15.5,14.6,5.3
경북,성주,참외,1,10,2021-02-03,4,,15.3,15.8,5.6
경북,성주,참외,1,10,2021-02-10,1,,16.0,15.0,5.3
경북,성주,참외,1,10,2021-02-10,2,,16.0,14.7,5.6
경북,성주,참외,1,10,2021-02-10,3,,15.3,15.0,5.0
경북,성주,참외,1,10,2021-02-10,4,,15.5,13.5,5.0
경북,성주,참외,1,10,2021-02-17,1,,15.0,14.5,6.0
경북,성주,참외,1,10,2021-02-17,2,,18.7,15.9,5.9
경북,성주,참외,1,10,2021-02-17,3,,19.8,19.0,5.6
경북,성주,참외,1,10,2021-02-17,4,,16.8,15.7,6.3
경북,성주,참외,1,10,2021-02-24,1,,13.5,12.0,4.8
경북,성주,참외,1,10,2021-02-24,2,,13.0,12.5,4.7
경북,성주,참외,1,10,2021-02-24,3,,15.0,11.8,5.5
경북,성주,참외,1,10,2021-02-24,4,,11.8,11.3,6.5
경북,성주,참외,1,10,2021-03-03,1,,14.8,13.7,6.0
경북,성주,참외,1,10,2021-03-03,2,,14.0,12.9,5.3
경북,성주,참외,1,10,2021-03-03,3,,13.6,13.0,5.1
경북,성주,참외,1,10,2021-03-03,4,,15.3,14.1,6.1
경북,성주,참외,1,10,2021-03-10,1,,13.5,11.6,5.2
경북,성주,참외,1,10,2021-03-10,2,,13.2,11.3,4.0
경북,성주,참외,1,10,2021-03-10,3,,11.8,10.4,5.0
경북,성주,참외,1,10,2021-03-10,4,,13.9,11.2,4.9
경북,성주,참외,1,10,2021-03-16,1,,12.2,10.1,4.2
경북,성주,참외,1,10,2021-03-16,2,,15.5,13.4,7.1
경북,성주,참외,1,10,2021-03-16,3,,13.7,11.0,5.3
경북,성주,참외,1,10,2021-03-16,4,,12.2,10.7,5.7
경북,성주,참외,1,10,2021-03-23,1,,13.8,13.6,4.8
경북,성주,참외,1,10,2021-03-23,2,,13.9,12.7,5.1
경북,성주,참외,1,10,2021-03-23,3,,13.0,12.1,4.7
경북,성주,참외,1,10,2021-03-23,4,,12.8,11.1,5.0
경북,성주,참외,1,10,2021-03-30,1,,12.1,11.0,5.1
경북,성주,참외,1,10,2021-03-30,2,,14.2,12.1,4.9
경북,성주,참외,1,10,2021-03-30,3,,13.3,11.2,4.5
경북,성주,참외,1,10,2021-03-30,4,,13.9,12.0,4.5
경북,성주,참외,1,10,2021-04-06,1,,11.2,9.4,5.4
경북,성주,참외,1,10,2021-04-06,2,,10.2,9.5,4.9
경북,성주,참외,1,10,2021-04-06,3,,11.0,10.2,6.0
경북,성주,참외,1,10,2021-04-06,4,,10.5,9.5,6.1
경북,성주,참외,1,10,2021-04-13,1,,11.0,11.2,5.3
경북,성주,참외,1,10,2021-04-13,2,,12.5,11.8,5.1
경북,성주,참외,1,10,2021-04-13,3,,10.0,9.5,4.3
경북,성주,참외,1,10,2021-04-13,4,,10.5,9.3,4.0
경북,성주,참외,1,10,2021-04-20,1,,11.5,11.0,5.6
경북,성주,참외,1,10,2021-04-20,2,,11.5,11.0,4.8
경북,성주,참외,1,10,2021-04-20,3,,11.0,9.0,4.9
경북,성주,참외,1,10,2021-04-20,4,,11.5,10.0,5.2
경북,성주,참외,1,10,2021-04-27,1,,11.0,9.5,5.4
경북,성주,참외,1,10,2021-04-27,2,,10.5,9.0,4.9
경북,성주,참외,1,10,2021-04-27,3,,10.3,9.2,4.0
경북,성주,참외,1,10,2021-04-27,4,,11.0,11.0,5.0
경북,성주,참외,1,10,2021-05-04,1,,10.3,10.0,4.6
경북,성주,참외,1,10,2021-05-04,2,,10.0,9.0,4.8
경북,성주,참외,1,10,2021-05-04,3,,10.0,9.5,5.4
경북,성주,참외,1,10,2021-05-04,4,,11.0,10.0,5.0
경북,성주,참외,1,10,2021-05-11,1,,9.5,9.0,5.1
경북,성주,참외,1,10,2021-05-11,2,,11.0,9.5,5.3
경북,성주,참외,1,10,2021-05-11,3,,11.5,10.5,5.6
경북,성주,참외,1,10,2021-05-11,4,,11.3,10.5,5.7
경북,성주,참외,1,10,2021-05-18,1,,10.0,10.0,4.5
경북,성주,참외,1,10,2021-05-18,2,,9.5,9.0,4.8
경북,성주,참외,1,10,2021-05-18,3,,11.0,10.0,5.0
경북,성주,참외,1,10,2021-05-18,4,,9.8,9.3,4.7
경북,성주,참외,1,10,2021-05-25,1,,8.6,8.7,4.1
경북,성주,참외,1,10,2021-05-25,2,,10.0,9.0,3.7
경북,성주,참외,1,10,2021-05-25,3,,10.3,10.0,4.8
경북,성주,참외,1,10,2021-05-25,4,,10.3,10.5,4.7
경북,성주,참외,1,10,2021-06-01,1,,9.5,8.7,4.4
경북,성주,참외,1,10,2021-06-01,2,,9.0,9.0,4.5
경북,성주,참외,1,10,2021-06-01,3,,9.0,8.5,4.7
경북,성주,참외,1,10,2021-06-01,4,,9.5,9.0,4.7
경북,성주,참외,1,10,2021-06-08,1,,11.0,9.5,5.1
경북,성주,참외,1,10,2021-06-08,2,,10.0,10.0,5.3
경북,성주,참외,1,10,2021-06-08,3,,10.5,10.3,5.6
경북,성주,참외,1,10,2021-06-08,4,,11.0,10.2,5.7
경북,성주,참외,1,10,2021-06-15,1,,9.0,8.5,4.6
경북,성주,참외,1,10,2021-06-15,2,,9.0,8.8,4.8
경북,성주,참외,1,10,2021-06-15,3,,9.5,9.0,5.4
경북,성주,참외,1,10,2021-06-15,4,,8.5,9.5,5.0
경북,성주,참외,1,10,2021-06-22,1,,8.5,8.2,5.0
경북,성주,참외,1,10,2021-06-22,2,,9.0,8.5,5.2
경북,성주,참외,1,10,2021-06-22,3,,9.3,8.2,5.5
경북,성주,참외,1,10,2021-06-22,4,,7.0,7.5,4.8
경북,성주,참외,1,10,2021-06-29,1,,12.0,10.0,3.3
경북,성주,참외,1,10,2021-06-29,2,,9.0,9.0,3.78
경북,성주,참외,1,10,2021-06-29,3,,9.0,8.0,3.52
경북,성주,참외,1,10,2021-06-29,4,,8.0,7.0,5.22
경북,성주,참외,1,10,2021-07-06,1,,9.0,8.0,4.19
경북,성주,참외,1,10,2021-07-06,2,,9.0,7.0,3.46
경북,성주,참외,1,10,2021-07-06,3,,8.0,7.0,3.06
경북,성주,참외,1,10,2021-07-06,4,,8.0,7.0,6.09
경북,성주,참외,1,10,2021-07-13,1,,11.0,9.0,4.54
경북,성주,참외,1,10,2021-07-13,2,,10.0,9.0,4.51
경북,성주,참외,1,10,2021-07-13,3,,9.0,8.0,4.5
경북,성주,참외,1,10,2021-07-13,4,,10.0,8.0,4.87
경북,성주,참외,1,11,2021-01-08,1,64.0,10.0,10.0,4.23
경북,성주,참외,1,11,2021-01-08,2,28.0,9.0,10.5,4.44
경북,성주,참외,1,11,2021-01-08,3,44.0,10.0,10.0,4.27
경북,성주,참외,1,11,2021-01-08,4,60.0,11.5,10.5,4.02
경북,성주,참외,1,11,2021-01-12,1,77.0,10.0,9.0,6.08
경북,성주,참외,1,11,2021-01-12,2,42.0,11.0,10.0,5.93
경북,성주,참외,1,11,2021-01-12,3,57.0,10.0,10.0,5.36
경북,성주,참외,1,11,2021-01-12,4,66.0,10.5,10.5,4.76
경북,성주,참외,1,11,2021-01-19,1,112.0,11.5,11.0,4.65
경북,성주,참외,1,11,2021-01-19,2,80.0,11.5,11.0,4.25
경북,성주,참외,1,11,2021-01-19,3,109.0,9.5,10.5,4.26
경북,성주,참외,1,11,2021-01-19,4,98.0,10.0,11.0,4.49
경북,성주,참외,1,11,2021-01-26,1,155.0,11.5,11.0,4.29
경북,성주,참외,1,11,2021-01-26,2,121.0,11.5,11.5,4.36
경북,성주,참외,1,11,2021-01-26,3,128.0,10.5,10.5,4.51
경북,성주,참외,1,11,2021-01-26,4,148.0,11.0,11.0,4.14
경북,성주,참외,1,11,2021-02-02,1,,13.5,13.5,6.13
경북,성주,참외,1,11,2021-02-02,2,,15.5,15.0,6.31
경북,성주,참외,1,11,2021-02-02,3,,14.5,14.0,5.94
경북,성주,참외,1,11,2021-02-02,4,,15.0,14.5,6.48
경북,성주,참외,1,11,2021-02-09,1,,17.0,15.0,6.69
경북,성주,참외,1,11,2021-02-09,2,,16.5,15.0,5.23
경북,성주,참외,1,11,2021-02-09,3,,17.5,16.5,6.45
경북,성주,참외,1,11,2021-02-09,4,,17.0,16.0,5.59
경북,성주,참외,1,11,2021-02-16,1,,16.5,15.5,6.16
경북,성주,참외,1,11,2021-02-16,2,,17.5,16.0,6.37
경북,성주,참외,1,11,2021-02-16,3,,17.0,15.5,6.11
경북,성주,참외,1,11,2021-02-16,4,,16.5,15.0,6.26
경북,성주,참외,1,11,2021-02-23,1,,18.0,15.0,5.61
경북,성주,참외,1,11,2021-02-23,2,,17.0,16.0,6.04
경북,성주,참외,1,11,2021-02-23,3,,16.0,16.0,6.25
경북,성주,참외,1,11,2021-02-23,4,,17.5,15.5,6.37
경북,성주,참외,1,11,2021-03-02,1,,18.0,15.5,6.21
경북,성주,참외,1,11,2021-03-02,2,,17.0,15.0,6.71
경북,성주,참외,1,11,2021-03-02,3,,16.5,15.0,5.57
경북,성주,참외,1,11,2021-03-02,4,,17.0,17.0,6.22
경북,성주,참외,1,11,2021-03-09,1,,17.0,14.0,6.77
경북,성주,참외,1,11,2021-03-09,2,,18.0,16.0,5.99
경북,성주,참외,1,11,2021-03-09,3,,17.0,16.5,6.35
경북,성주,참외,1,11,2021-03-09,4,,18.0,17.0,5.94
경북,성주,참외,1,11,2021-03-17,1,,12.0,11.0,6.29
경북,성주,참외,1,11,2021-03-17,2,,11.0,10.5,7.23
경북,성주,참외,1,11,2021-03-17,3,,14.0,12.5,4.23
경북,성주,참외,1,11,2021-03-17,4,,13.0,12.0,5.84
경북,성주,참외,1,11,2021-03-24,1,,11.8,10.2,6.1
경북,성주,참외,1,11,2021-03-24,2,,11.0,10.0,7.02
경북,성주,참외,1,11,2021-03-24,3,,13.0,11.1,4.83
경북,성주,참외,1,11,2021-03-24,4,,12.0,11.5,4.91
경북,성주,참외,1,11,2021-03-29,1,,14.0,13.0,4.49
경북,성주,참외,1,11,2021-03-29,2,,15.0,14.5,4.43
경북,성주,참외,1,11,2021-03-29,3,,15.0,13.0,4.2
경북,성주,참외,1,11,2021-03-29,4,,14.0,13.0,4.36
경북,성주,참외,1,11,2021-04-06,1,,15.0,12.0,6.32
경북,성주,참외,1,11,2021-04-06,2,,15.0,13.0,6.4
경북,성주,참외,1,11,2021-04-06,3,,14.0,12.0,5.89
경북,성주,참외,1,11,2021-04-06,4,,13.0,13.0,5.8
경북,성주,참외,1,11,2021-04-13,1,,13.0,11.0,5.42
경북,성주,참외,1,11,2021-04-13,2,,12.0,11.0,4.82
경북,성주,참외,1,11,2021-04-13,3,,12.0,11.5,4.88
경북,성주,참외,1,11,2021-04-13,4,,11.0,10.0,4.82
경북,성주,참외,1,11,2021-04-20,1,,9.0,8.0,4.28
경북,성주,참외,1,11,2021-04-20,2,,11.0,10.0,4.69
경북,성주,참외,1,11,2021-04-20,3,,10.0,9.0,4.12
경북,성주,참외,1,11,2021-04-20,4,,9.0,8.0,4.68
경북,성주,참외,1,11,2021-04-28,1,,11.0,10.0,4.51
경북,성주,참외,1,11,2021-04-28,2,,10.0,9.0,4.43
경북,성주,참외,1,11,2021-04-28,3,,10.5,10.0,4.77
경북,성주,참외,1,11,2021-04-28,4,,9.0,8.5,4.11
경북,성주,참외,1,11,2021-05-06,1,,10.0,8.5,5.17
경북,성주,참외,1,11,2021-05-06,2,,9.5,8.0,5.52
경북,성주,참외,1,11,2021-05-06,3,,9.0,8.0,4.36
경북,성주,참외,1,11,2021-05-06,4,,10.3,9.5,4.14
경북,성주,참외,1,11,2021-05-12,1,,10.0,9.0,5.56
경북,성주,참외,1,11,2021-05-12,2,,10.5,9.5,5.24
경북,성주,참외,1,11,2021-05-12,3,,10.5,9.7,5.13
경북,성주,참외,1,11,2021-05-12,4,,10.3,9.5,4.37
경북,성주,참외,1,11,2021-05-20,1,,10.0,9.0,5.74
경북,성주,참외,1,11,2021-05-20,2,,9.3,8.5,5.16
경북,성주,참외,1,11,2021-05-20,3,,9.5,9.0,4.25
경북,성주,참외,1,11,2021-05-20,4,,10.0,9.5,4.92
경북,성주,참외,1,11,2021-05-26,1,,10.3,9.5,5.11
경북,성주,참외,1,11,2021-05-26,2,,10.0,9.0,5.29
경북,성주,참외,1,11,2021-05-26,3,,10.5,9.3,5.92
경북,성주,참외,1,11,2021-05-26,4,,9.3,8.5,5.47
경북,성주,참외,1,11,2021-06-02,1,,10.5,9.6,5.21
경북,성주,참외,1,11,2021-06-02,2,,9.7,10.0,5.61
경북,성주,참외,1,11,2021-06-02,3,,9.0,8.7,5.78
경북,성주,참외,1,11,2021-06-02,4,,9.8,8.0,5.84
경북,성주,참외,1,11,2021-06-09,1,,10.0,9.0,5.31
경북,성주,참외,1,11,2021-06-09,2,,10.0,9.7,4.86
경북,성주,참외,1,11,2021-06-09,3,,9.0,7.0,5.01
경북,성주,참외,1,11,2021-06-09,4,,9.0,8.0,5.22
경북,성주,참외,1,11,2021-06-16,1,,10.0,9.0,5.83
경북,성주,참외,1,11,2021-06-16,2,,9.0,8.5,4.84
경북,성주,참외,1,11,2021-06-16,3,,9.0,8.0,6.93
경북,성주,참외,1,11,2021-06-16,4,,10.0,9.0,6.19
경북,성주,참외,1,11,2021-06-23,1,,10.0,9.0,5.21
경북,성주,참외,1,11,2021-06-23,2,,10.0,9.5,4.78
경북,성주,참외,1,11,2021-06-23,3,,11.0,10.0,4.92
경북,성주,참외,1,11,2021-06-23,4,,10.0,9.7,5.08
경북,성주,참외,1,11,2021-06-30,1,,11.5,10.0,5.0
경북,성주,참외,1,11,2021-06-30,2,,9.5,8.5,4.67
경북,성주,참외,1,11,2021-06-30,3,,10.5,9.5,4.66
경북,성주,참외,1,11,2021-06-30,4,,10.0,9.5,4.32
경북,성주,참외,1,11,2021-07-07,1,,10.5,9.5,4.31
경북,성주,참외,1,11,2021-07-07,2,,11.0,10.0,4.37
경북,성주,참외,1,11,2021-07-07,3,,11.0,11.0,4.61
경북,성주,참외,1,11,2021-07-07,4,,11.0,10.0,4.5
경북,성주,참외,1,11,2021-07-15,1,,10.0,9.0,4.32
경북,성주,참외,1,11,2021-07-15,2,,10.0,8.5,4.25
경북,성주,참외,1,11,2021-07-15,3,,10.5,9.0,4.3
경북,성주,참외,1,11,2021-07-15,4,,10.5,9.5,4.12
경북,성주,참외,1,11,2021-07-21,1,,10.0,9.0,4.51
경북,성주,참외,1,11,2021-07-21,2,,9.0,8.0,4.33
경북,성주,참외,1,11,2021-07-21,3,,10.0,8.0,4.27
경북,성주,참외,1,11,2021-07-21,4,,10.5,9.0,4.2
경북,성주,참외,1,11,2021-07-28,1,,7.0,7.5,4.32
경북,성주,참외,1,11,2021-07-28,2,,8.0,7.0,4.17
경북,성주,참외,1,11,2021-07-28,3,,9.0,8.0,4.3
경북,성주,참외,1,11,2021-07-28,4,,10.0,8.0,4.11
경북,성주,참외,1,12,2021-01-07,1,123.0,13.0,13.5,4.7
경북,성주,참외,1,12,2021-01-07,2,141.0,13.0,12.0,4.08
경북,성주,참외,1,12,2021-01-07,3,133.0,13.0,12.5,3.97
경북,성주,참외,1,12,2021-01-07,4,118.0,12.0,11.5,3.85
경북,성주,참외,1,12,2021-01-12,1,,14.0,13.5,5.42
경북,성주,참외,1,12,2021-01-12,2,,13.0,13.5,5.42
경북,성주,참외,1,12,2021-01-12,3,,13.5,13.5,4.51
경북,성주,참외,1,12,2021-01-12,4,,12.5,12.0,5.38
경북,성주,참외,1,12,2021-01-19,1,,13.0,13.0,4.76
경북,성주,참외,1,12,2021-01-19,2,,14.0,13.0,4.98
경북,성주,참외,1,12,2021-01-19,3,,14.0,14.0,5.24
경북,성주,참외,1,12,2021-01-19,4,,14.0,14.0,5.48
경북,성주,참외,1,12,2021-01-26,1,,15.0,14.0,5.33
경북,성주,참외,1,12,2021-01-26,2,,15.5,15.0,5.16
경북,성주,참외,1,12,2021-01-26,3,,14.5,13.5,5.93
경북,성주,참외,1,12,2021-01-26,4,,15.0,14.5,5.38
경북,성주,참외,1,12,2021-02-02,1,,13.5,13.5,6.52
경북,성주,참외,1,12,2021-02-02,2,,14.0,14.0,5.94
경북,성주,참외,1,12,2021-02-02,3,,15.0,14.0,6.33
경북,성주,참외,1,12,2021-02-02,4,,13.0,13.0,5.35
경북,성주,참외,1,12,2021-02-09,1,,14.0,12.5,5.72
경북,성주,참외,1,12,2021-02-09,2,,14.5,14.0,5.78
경북,성주,참외,1,12,2021-02-09,3,,15.5,14.5,4.82
경북,성주,참외,1,12,2021-02-09,4,,14.0,13.5,6.2
경북,성주,참외,1,12,2021-02-16,1,,16.0,15.5,5.81
경북,성주,참외,1,12,2021-02-16,2,,16.0,15.0,5.37
경북,성주,참외,1,12,2021-02-16,3,,16.5,16.0,4.85
경북,성주,참외,1,12,2021-02-16,4,,16.0,15.0,4.91
경북,성주,참외,1,12,2021-02-23,1,,12.5,10.0,4.7
경북,성주,참외,1,12,2021-02-23,2,,12.0,11.0,5.45
경북,성주,참외,1,12,2021-02-23,3,,13.0,11.5,5.52
경북,성주,참외,1,12,2021-02-23,4,,13.0,12.0,4.93
경북,성주,참외,1,12,2021-03-02,1,,12.0,10.5,4.72
경북,성주,참외,1,12,2021-03-02,2,,13.0,12.0,5.74
경북,성주,참외,1,12,2021-03-02,3,,13.0,12.5,4.98
경북,성주,참외,1,12,2021-03-02,4,,12.5,11.5,5.4
경북,성주,참외,1,12,2021-03-09,1,,13.0,11.0,5.08
경북,성주,참외,1,12,2021-03-09,2,,12.0,10.0,5.5
경북,성주,참외,1,12,2021-03-09,3,,12.0,10.5,5.12
경북,성주,참외,1,12,2021-03-09,4,,13.0,11.0,5.34
경북,성주,참외,1,12,2021-03-17,1,,13.5,11.5,5.36
경북,성주,참외,1,12,2021-03-17,2,,12.5,11.5,5.15
경북,성주,참외,1,12,2021-03-17,3,,12.5,10.0,5.72
경북,성주,참외,1,12,2021-03-17,4,,13.0,11.0,5.81
경북,성주,참외,1,12,2021-03-24,1,,11.5,10.0,4.71
경북,성주,참외,1,12,2021-03-24,2,,12.0,11.0,4.01
경북,성주,참외,1,12,2021-03-24,3,,11.5,11.0,5.31
경북,성주,참외,1,12,2021-03-24,4,,12.3,11.4,4.48
경북,성주,참외,1,12,2021-03-29,1,,12.0,9.0,4.43
경북,성주,참외,1,12,2021-03-29,2,,14.0,13.0,4.05
경북,성주,참외,1,12,2021-03-29,3,,13.0,12.0,4.78
경북,성주,참외,1,12,2021-03-29,4,,15.0,14.0,5.02
경북,성주,참외,1,12,2021-04-06,1,,13.0,12.0,5.64
경북,성주,참외,1,12,2021-04-06,2,,13.0,12.0,5.25
경북,성주,참외,1,12,2021-04-06,3,,12.0,12.0,5.28
경북,성주,참외,1,12,2021-04-06,4,,13.0,12.0,5.11
경북,성주,참외,1,12,2021-04-13,1,,12.0,11.0,4.99
경북,성주,참외,1,12,2021-04-13,2,,13.0,11.0,5.16
경북,성주,참외,1,12,2021-04-13,3,,12.0,10.0,5.03
경북,성주,참외,1,12,2021-04-13,4,,11.5,10.0,5.24
경북,성주,참외,1,12,2021-04-20,1,,13.0,12.0,5.04
경북,성주,참외,1,12,2021-04-20,2,,12.0,11.0,4.89
경북,성주,참외,1,12,2021-04-20,3,,12.0,11.0,5.32
경북,성주,참외,1,12,2021-04-20,4,,11.0,9.5,4.76
경북,성주,참외,1,12,2021-04-28,1,,11.0,9.5,5.57
경북,성주,참외,1,12,2021-04-28,2,,10.0,9.0,5.25
경북,성주,참외,1,12,2021-04-28,3,,10.5,10.0,4.46
경북,성주,참외,1,12,2021-04-28,4,,10.0,9.0,5.15
경북,성주,참외,1,12,2021-05-06,1,,10.5,9.0,5.16
경북,성주,참외,1,12,2021-05-06,2,,10.0,9.5,5.75
경북,성주,참외,1,12,2021-05-06,3,,10.3,9.2,5.42
경북,성주,참외,1,12,2021-05-06,4,,10.2,9.0,4.18
경북,성주,참외,1,12,2021-05-12,1,,10.5,9.5,5.11
경북,성주,참외,1,12,2021-05-12,2,,11.0,10.0,5.92
경북,성주,참외,1,12,2021-05-12,3,,10.0,9.5,6.46
경북,성주,참외,1,12,2021-05-12,4,,10.3,9.0,5.37
경북,성주,참외,1,12,2021-05-20,1,,10.7,9.5,5.14
경북,성주,참외,1,12,2021-05-20,2,,11.0,10.0,5.57
경북,성주,참외,1,12,2021-05-20,3,,10.0,9.5,5.65
경북,성주,참외,1,12,2021-05-20,4,,10.5,10.0,5.92
경북,성주,참외,1,12,2021-05-26,1,,9.7,9.0,5.28
경북,성주,참외,1,12,2021-05-26,2,,10.3,10.0,5.13
경북,성주,참외,1,12,2021-05-26,3,,9.5,8.5,5.29
경북,성주,참외,1,12,2021-05-26,4,,10.0,9.5,5.47
경북,성주,참외,1,12,2021-06-02,1,,9.9,8.5,4.96
경북,성주,참외,1,12,2021-06-02,2,,10.5,10.3,4.81
경북,성주,참외,1,12,2021-06-02,3,,10.1,9.5,4.54
경북,성주,참외,1,12,2021-06-02,4,,11.0,10.7,5.82
경북,성주,참외,1,12,2021-06-09,1,,11.0,10.0,5.62
경북,성주,참외,1,12,2021-06-09,2,,10.0,8.0,5.37
경북,성주,참외,1,12,2021-06-09,3,,10.0,10.5,5.29
경북,성주,참외,1,12,2021-06-09,4,,10.0,9.0,5.58
경북,성주,참외,1,12,2021-06-16,1,,11.0,9.0,5.17
경북,성주,참외,1,12,2021-06-16,2,,10.0,9.0,5.07
경북,성주,참외,1,12,2021-06-16,3,,9.0,9.0,4.88
경북,성주,참외,1,12,2021-06-16,4,,9.0,9.0,5.38
경북,성주,참외,1,12,2021-06-23,1,,10.0,9.0,4.28
경북,성주,참외,1,12,2021-06-23,2,,11.0,9.0,4.52
경북,성주,참외,1,12,2021-06-23,3,,11.0,10.0,4.31
경북,성주,참외,1,12,2021-06-23,4,,11.0,9.0,4.27
경북,성주,참외,1,12,2021-06-30,1,,11.0,11.0,4.12
경북,성주,참외,1,12,2021-06-30,2,,12.0,11.0,4.34
경북,성주,참외,1,12,2021-06-30,3,,11.0,10.0,4.22
경북,성주,참외,1,12,2021-06-30,4,,10.0,9.0,4.31
경북,성주,참외,1,12,2021-07-07,1,,10.0,9.0,4.0
경북,성주,참외,1,12,2021-07-07,2,,11.0,11.0,4.12
경북,성주,참외,1,12,2021-07-07,3,,11.0,9.5,4.17
경북,성주,참외,1,12,2021-07-07,4,,10.0,9.0,4.4
경북,성주,참외,1,12,2021-07-15,1,,10.0,10.0,4.12
경북,성주,참외,1,12,2021-07-15,2,,9.0,8.0,4.03
경북,성주,참외,1,12,2021-07-15,3,,10.0,8.5,4.34
경북,성주,참외,1,12,2021-07-15,4,,12.0,11.5,4.11
경북,성주,참외,1,12,2021-07-21,1,,10.0,9.0,4.01
경북,성주,참외,1,12,2021-07-21,2,,11.0,9.0,4.23
경북,성주,참외,1,12,2021-07-21,3,,8.5,7.0,4.52
경북,성주,참외,1,12,2021-07-21,4,,11.0,10.5,4.0
경북,성주,참외,1,12,2021-07-28,1,,10.0,10.0,4.12
경북,성주,참외,1,12,2021-07-28,2,,9.0,9.0,4.3
경북,성주,참외,1,12,2021-07-28,3,,9.0,8.0,4.41
경북,성주,참외,1,12,2021-07-28,4,,9.0,7.5,4.13
경북,성주,참외,1,13,2021-01-07,1,,13.9,13.6,5.3
경북,성주,참외,1,13,2021-01-07,2,,14.3,13.6,4.9
경북,성주,참외,1,13,2021-01-07,3,,13.5,12.2,6.1
경북,성주,참외,1,13,2021-01-07,4,,13.8,11.6,5.4
경북,성주,참외,1,13,2021-01-12,1,,16.1,13.6,5.4
경북,성주,참외,1,13,2021-01-12,2,,15.5,13.8,5.6
경북,성주,참외,1,13,2021-01-12,3,,15.9,13.9,5.7
경북,성주,참외,1,13,2021-01-12,4,,16.1,15.3,6.3
경북,성주,참외,1,13,2021-01-19,1,,15.0,14.5,6.5
경북,성주,참외,1,13,2021-01-19,2,,15.2,15.0,5.8
경북,성주,참외,1,13,2021-01-19,3,,20.5,18.5,6.6
경북,성주,참외,1,13,2021-01-19,4,,17.5,17.8,6.3
경북,성주,참외,1,13,2021-01-26,1,,16.3,14.0,5.6
경북,성주,참외,1,13,2021-01-26,2,,17.8,15.0,6.0
경북,성주,참외,1,13,2021-01-26,3,,17.2,14.6,6.9
경북,성주,참외,1,13,2021-01-26,4,,17.0,17.2,6.8
경북,성주,참외,1,13,2021-02-02,1,,13.5,13.0,5.7
경북,성주,참외,1,13,2021-02-02,2,,14.0,13.5,6.0
경북,성주,참외,1,13,2021-02-02,3,,15.0,13.6,5.5
경북,성주,참외,1,13,2021-02-02,4,,15.0,13.0,5.6
경북,성주,참외,1,13,2021-02-09,1,,13.0,14.0,5.4
경북,성주,참외,1,13,2021-02-09,2,,11.8,15.6,5.6
경북,성주,참외,1,13,2021-02-09,3,,12.5,13.0,5.5
경북,성주,참외,1,13,2021-02-09,4,,12.8,15.5,5.7
경북,성주,참외,1,13,2021-02-16,1,,14.3,13.4,6.7
경북,성주,참외,1,13,2021-02-16,2,,13.4,12.1,6.5
경북,성주,참외,1,13,2021-02-16,3,,16.0,14.5,6.3
경북,성주,참외,1,13,2021-02-16,4,,14.3,13.8,6.5
경북,성주,참외,1,13,2021-02-23,1,,13.8,11.4,5.5
경북,성주,참외,1,13,2021-02-23,2,,14.5,14.0,5.7
경북,성주,참외,1,13,2021-02-23,3,,13.4,11.8,6.0
경북,성주,참외,1,13,2021-02-23,4,,13.2,11.8,5.8
경북,성주,참외,1,13,2021-03-02,1,,14.1,12.4,6.3
경북,성주,참외,1,13,2021-03-02,2,,16.1,14.6,6.1
경북,성주,참외,1,13,2021-03-02,3,,16.0,13.6,6.0
경북,성주,참외,1,13,2021-03-02,4,,15.7,14.5,5.5
경북,성주,참외,1,13,2021-03-09,1,,12.0,11.5,5.6
경북,성주,참외,1,13,2021-03-09,2,,11.8,10.5,5.6
경북,성주,참외,1,13,2021-03-09,3,,14.0,12.6,5.2
경북,성주,참외,1,13,2021-03-09,4,,11.6,10.2,4.7
경북,성주,참외,1,13,2021-03-15,1,,15.3,14.1,5.7
경북,성주,참외,1,13,2021-03-15,2,,14.1,12.2,5.1
경북,성주,참외,1,13,2021-03-15,3,,14.2,10.9,5.5
경북,성주,참외,1,13,2021-03-15,4,,13.8,10.9,5.7
경북,성주,참외,1,13,2021-03-22,1,,15.5,13.1,5.4
경북,성주,참외,1,13,2021-03-22,2,,13.8,12.7,4.7
경북,성주,참외,1,13,2021-03-22,3,,14.0,13.8,5.9
경북,성주,참외,1,13,2021-03-22,4,,14.0,10.8,5.7
경북,성주,참외,1,13,2021-03-29,1,,12.5,10.0,4.6
경북,성주,참외,1,13,2021-03-29,2,,12.3,10.0,5.1
경북,성주,참외,1,13,2021-03-29,3,,12.0,11.3,4.9
경북,성주,참외,1,13,2021-03-29,4,,11.0,10.0,3.7
경북,성주,참외,1,13,2021-04-05,1,,11.8,9.7,6.4
경북,성주,참외,1,13,2021-04-05,2,,11.0,11.0,6.0
경북,성주,참외,1,13,2021-04-05,3,,11.5,10.0,5.0
경북,성주,참외,1,13,2021-04-05,4,,11.5,9.8,4.0
경북,성주,참외,1,13,2021-04-12,1,,10.5,10.0,4.8
경북,성주,참외,1,13,2021-04-12,2,,10.0,9.5,4.5
경북,성주,참외,1,13,2021-04-12,3,,11.2,10.0,4.3
경북,성주,참외,1,13,2021-04-12,4,,10.4,11.3,4.0
경북,성주,참외,1,13,2021-04-19,1,,12.1,9.6,6.0
경북,성주,참외,1,13,2021-04-19,2,,11.2,9.2,5.5
경북,성주,참외,1,13,2021-04-19,3,,10.9,9.7,5.5
경북,성주,참외,1,13,2021-04-19,4,,10.8,9.2,5.1
경북,성주,참외,1,13,2021-04-26,1,,12.0,10.0,4.3
경북,성주,참외,1,13,2021-04-26,2,,10.0,8.5,4.8
경북,성주,참외,1,13,2021-04-26,3,,11.5,10.0,5.6
경북,성주,참외,1,13,2021-04-26,4,,10.0,9.5,5.8
경북,성주,참외,1,13,2021-05-03,1,,12.0,10.0,4.7
경북,성주,참외,1,13,2021-05-03,2,,11.5,9.8,4.5
경북,성주,참외,1,13,2021-05-03,3,,11.0,10.0,4.4
경북,성주,참외,1,13,2021-05-03,4,,10.5,10.0,3.9
경북,성주,참외,1,13,2021-05-11,1,,10.0,10.5,3.9
경북,성주,참외,1,13,2021-05-11,2,,9.8,8.0,4.4
경북,성주,참외,1,13,2021-05-11,3,,10.0,9.8,4.3
경북,성주,참외,1,13,2021-05-11,4,,9.7,9.0,4.4
경북,성주,참외,1,13,2021-05-17,1,,9.5,9.0,4.5
경북,성주,참외,1,13,2021-05-17,2,,9.0,9.5,4.4
경북,성주,참외,1,13,2021-05-17,3,,8.5,8.5,4.2
경북,성주,참외,1,13,2021-05-17,4,,9.0,9.0,4.3
경북,성주,참외,1,13,2021-05-24,1,,8.8,8.5,4.5
경북,성주,참외,1,13,2021-05-24,2,,9.0,8.9,3.6
경북,성주,참외,1,13,2021-05-24,3,,9.3,9.0,4.1
경북,성주,참외,1,13,2021-05-24,4,,9.0,8.5,3.8
경북,성주,참외,1,13,2021-05-31,1,,10.0,9.3,3.1
경북,성주,참외,1,13,2021-05-31,2,,10.3,9.5,3.4
경북,성주,참외,1,13,2021-05-31,3,,10.5,9.5,3.3
경북,성주,참외,1,13,2021-05-31,4,,10.0,9.0,3.5
경북,성주,참외,1,13,2021-06-07,1,,9.5,9.0,3.4
경북,성주,참외,1,13,2021-06-07,2,,10.0,10.0,3.6
경북,성주,참외,1,13,2021-06-07,3,,11.0,11.0,3.7
경북,성주,참외,1,13,2021-06-07,4,,11.0,10.0,3.5
경북,성주,참외,1,13,2021-06-14,1,,9.0,9.5,3.6
경북,성주,참외,1,13,2021-06-14,2,,9.5,10.0,4.0
경북,성주,참외,1,13,2021-06-14,3,,9.5,9.5,3.7
경북,성주,참외,1,13,2021-06-14,4,,9.0,9.3,4.1
경북,성주,참외,1,13,2021-06-21,1,,11.0,8.5,4.0
경북,성주,참외,1,13,2021-06-21,2,,11.0,10.0,3.2
경북,성주,참외,1,13,2021-06-21,3,,10.0,9.0,3.6
경북,성주,참외,1,13,2021-06-21,4,,10.0,9.0,4.1
경북,성주,참외,1,13,2021-06-28,1,,9.0,8.0,5.18
경북,성주,참외,1,13,2021-06-28,2,,8.0,8.0,6.07
경북,성주,참외,1,13,2021-06-28,3,,9.5,9.0,5.62
경북,성주,참외,1,13,2021-06-28,4,,10.0,10.0,5.14
경북,성주,참외,1,13,2021-07-05,1,,10.5,10.0,6.05
경북,성주,참외,1,13,2021-07-05,2,,10.0,9.0,5.42
경북,성주,참외,1,13,2021-07-05,3,,9.0,8.5,7.31
경북,성주,참외,1,13,2021-07-05,4,,9.0,8.5,5.95
경북,성주,참외,1,13,2021-07-12,1,,9.0,8.0,4.3
경북,성주,참외,1,13,2021-07-12,2,,9.0,9.0,5.58
경북,성주,참외,1,13,2021-07-12,3,,10.5,9.5,5.19
경북,성주,참외,1,13,2021-07-12,4,,11.5,10.0,4.59
경북,성주,참외,1,13,2021-07-19,1,,9.0,9.0,5.76
경북,성주,참외,1,13,2021-07-19,2,,10.0,9.0,6.16
경북,성주,참외,1,13,2021-07-19,3,,11.0,10.0,4.58
경북,성주,참외,1,13,2021-07-19,4,,10.5,9.5,3.98
경북,성주,참외,1,13,2021-07-27,1,,10.0,9.0,4.5
경북,성주,참외,1,13,2021-07-27,2,,11.0,10.0,4.06
경북,성주,참외,1,13,2021-07-27,3,,10.5,9.5,4.16
경북,성주,참외,1,13,2021-07-27,4,,10.0,9.0,6.3
경북,성주,참외,1,13,2021-08-03,1,,9.0,8.0,5.58
경북,성주,참외,1,13,2021-08-03,2,,10.0,9.0,4.38
경북,성주,참외,1,13,2021-08-03,3,,9.0,9.0,4.64
경북,성주,참외,1,13,2021-08-03,4,,9.0,8.0,5.03
경북,성주,참외,1,13,2021-08-10,1,,9.0,8.0,6.31
경북,성주,참외,1,13,2021-08-10,2,,9.0,8.0,6.54
경북,성주,참외,1,13,2021-08-10,3,,9.0,9.0,5.94
경북,성주,참외,1,13,2021-08-10,4,,10.0,9.0,5.11
경북,성주,참외,1,13,2021-08-17,1,,9.0,9.0,4.56
경북,성주,참외,1,13,2021-08-17,2,,9.0,9.0,5.13
경북,성주,참외,1,13,2021-08-17,3,,9.0,8.0,6.53
경북,성주,참외,1,13,2021-08-17,4,,10.0,9.0,5.19
경북,성주,참외,1,13,2021-08-24,1,,10.0,9.0,4.6
경북,성주,참외,1,13,2021-08-24,2,,10.0,9.0,4.91
경북,성주,참외,1,13,2021-08-24,3,,10.0,9.0,5.27
경북,성주,참외,1,13,2021-08-24,4,,9.0,9.0,5.46
경북,성주,참외,1,15,2021-01-27,1,15.0,4.5,4.0,
경북,성주,참외,1,15,2021-01-27,2,12.0,3.2,3.3,
경북,성주,참외,1,15,2021-01-27,3,14.0,4.1,3.2,
경북,성주,참외,1,15,2021-01-27,4,9.0,3.2,3.3,
경북,성주,참외,1,15,2021-02-10,1,17.0,7.3,6.9,3.94
경북,성주,참외,1,15,2021-02-10,2,34.0,7.6,7.5,4.2
경북,성주,참외,1,15,2021-02-10,3,23.0,6.4,6.7,3.23
경북,성주,참외,1,15,2021-02-10,4,37.0,6.5,6.2,4.33
경북,성주,참외,1,15,2021-02-17,1,42.0,9.3,9.0,3.63
경북,성주,참외,1,15,2021-02-17,2,48.0,8.7,8.9,4.39
경북,성주,참외,1,15,2021-02-17,3,51.0,8.9,8.7,4.21
경북,성주,참외,1,15,2021-02-17,4,45.0,8.4,9.7,4.21
경북,성주,참외,1,15,2021-02-24,1,52.0,12.0,10.7,3.14
경북,성주,참외,1,15,2021-02-24,2,77.0,12.6,11.1,4.8
경북,성주,참외,1,15,2021-02-24,3,88.0,10.0,9.3,4.46
경북,성주,참외,1,15,2021-02-24,4,63.0,10.5,9.6,4.15
경북,성주,참외,1,15,2021-03-03,1,123.0,11.8,11.7,5.81
경북,성주,참외,1,15,2021-03-03,2,114.0,11.1,10.5,5.01
경북,성주,참외,1,15,2021-03-03,3,135.0,13.3,12.7,4.28
경북,성주,참외,1,15,2021-03-03,4,115.0,10.3,11.1,5.14
경북,성주,참외,1,15,2021-03-10,1,,13.7,13.3,4.78
경북,성주,참외,1,15,2021-03-10,2,,12.1,11.2,4.58
경북,성주,참외,1,15,2021-03-10,3,,12.8,13.9,5.0
경북,성주,참외,1,15,2021-03-10,4,,13.4,14.0,4.18
경북,성주,참외,1,15,2021-03-15,1,,12.2,13.0,4.85
경북,성주,참외,1,15,2021-03-15,2,,11.5,12.0,4.64
경북,성주,참외,1,15,2021-03-15,3,,12.0,12.5,5.53
경북,성주,참외,1,15,2021-03-15,4,,10.5,12.5,5.12
경북,성주,참외,1,15,2021-03-23,1,,11.5,10.0,4.11
경북,성주,참외,1,15,2021-03-23,2,,10.0,9.5,4.24
경북,성주,참외,1,15,2021-03-23,3,,11.0,10.0,4.6
경북,성주,참외,1,15,2021-03-23,4,,12.0,11.0,4.17
경북,성주,참외,1,15,2021-03-29,1,,11.5,10.0,6.8
경북,성주,참외,1,15,2021-03-29,2,,11.0,10.5,5.8
경북,성주,참외,1,15,2021-03-29,3,,10.0,9.5,5.75
경북,성주,참외,1,15,2021-03-29,4,,11.7,9.5,4.98
경북,성주,참외,1,15,2021-04-05,1,,12.0,11.0,5.45
경북,성주,참외,1,15,2021-04-05,2,,11.0,9.7,6.06
경북,성주,참외,1,15,2021-04-05,3,,11.5,10.0,5.6
경북,성주,참외,1,15,2021-04-05,4,,11.0,9.3,5.72
경북,성주,참외,1,15,2021-04-12,1,,12.7,11.5,5.15
경북,성주,참외,1,15,2021-04-12,2,,11.5,10.0,5.07
경북,성주,참외,1,15,2021-04-12,3,,11.5,9.5,5.48
경북,성주,참외,1,15,2021-04-12,4,,10.5,10.0,4.37
경북,성주,참외,1,15,2021-04-19,1,,11.5,10.0,6.02
경북,성주,참외,1,15,2021-04-19,2,,11.0,9.5,5.76
경북,성주,참외,1,15,2021-04-19,3,,13.0,11.5,4.59
경북,성주,참외,1,15,2021-04-19,4,,11.5,10.0,5.17
경북,성주,참외,1,15,2021-04-26,1,,12.0,11.0,5.98
경북,성주,참외,1,15,2021-04-26,2,,11.0,10.5,5.63
경북,성주,참외,1,15,2021-04-26,3,,10.5,10.0,4.39
경북,성주,참외,1,15,2021-04-26,4,,11.5,11.0,4.61
경북,성주,참외,1,15,2021-05-03,1,,9.5,8.0,5.49
경북,성주,참외,1,15,2021-05-03,2,,8.0,7.5,5.62
경북,성주,참외,1,15,2021-05-03,3,,9.3,8.5,5.15
경북,성주,참외,1,15,2021-05-03,4,,9.0,8.3,4.83
경북,성주,참외,1,15,2021-05-10,1,,11.0,9.5,5.91
경북,성주,참외,1,15,2021-05-10,2,,11.5,10.0,4.62
경북,성주,참외,1,15,2021-05-10,3,,10.0,9.5,5.54
경북,성주,참외,1,15,2021-05-10,4,,9.5,9.0,5.37
경북,성주,참외,1,15,2021-05-17,1,,10.0,9.0,5.66
경북,성주,참외,1,15,2021-05-17,2,,9.5,8.5,5.49
경북,성주,참외,1,15,2021-05-17,3,,9.0,8.0,4.38
경북,성주,참외,1,15,2021-05-17,4,,10.0,9.5,5.77
경북,성주,참외,1,15,2021-05-24,1,,11.0,10.0,5.42
경북,성주,참외,1,15,2021-05-24,2,,9.5,9.0,5.13
경북,성주,참외,1,15,2021-05-24,3,,9.5,8.5,4.58
경북,성주,참외,1,15,2021-05-24,4,,10.0,9.5,5.64
경북,성주,참외,1,15,2021-05-31,1,,9.5,10.1,5.42
경북,성주,참외,1,15,2021-05-31,2,,10.1,9.8,5.15
경북,성주,참외,1,15,2021-05-31,3,,9.6,8.6,4.62
경북,성주,참외,1,15,2021-05-31,4,,10.3,9.6,5.65
경북,성주,참외,1,15,2021-06-07,1,,9.0,7.5,6.5
경북,성주,참외,1,15,2021-06-07,2,,8.5,7.0,5.39
경북,성주,참외,1,15,2021-06-07,3,,11.0,7.5,6.6
경북,성주,참외,1,15,2021-06-07,4,,9.0,8.0,5.53
경북,성주,참외,1,15,2021-06-14,1,,10.0,9.5,5.45
경북,성주,참외,1,15,2021-06-14,2,,10.5,10.0,5.62
경북,성주,참외,1,15,2021-06-14,3,,11.0,10.0,5.74
경북,성주,참외,1,15,2021-06-14,4,,9.5,9.0,5.82
경북,성주,참외,1,15,2021-06-21,1,,11.0,10.0,5.5
경북,성주,참외,1,15,2021-06-21,2,,12.0,11.0,5.0
경북,성주,참외,1,15,2021-06-21,3,,11.0,11.0,5.14
경북,성주,참외,1,15,2021-06-21,4,,13.0,12.0,4.85
경북,성주,참외,1,15,2021-06-28,1,,11.0,11.0,4.0
경북,성주,참외,1,15,2021-06-28,2,,10.0,9.0,5.12
경북,성주,참외,1,15,2021-06-28,3,,11.0,10.0,4.98
경북,성주,참외,1,15,2021-06-28,4,,11.0,11.0,4.7
경북,성주,참외,1,15,2021-07-05,1,,9.0,8.0,3.75
경북,성주,참외,1,15,2021-07-05,2,,9.0,7.5,4.06
경북,성주,참외,1,15,2021-07-05,3,,9.5,8.5,4.88
경북,성주,참외,1,15,2021-07-05,4,,9.0,8.5,4.61
경북,성주,참외,1,16,2021-01-20,1,90.0,11.7,10.8,4.27
경북,성주,참외,1,16,2021-01-20,2,118.0,10.6,11.3,4.25
경북,성주,참외,1,16,2021-01-20,3,125.0,9.9,10.7,4.24
경북,성주,참외,1,16,2021-01-20,4,117.0,11.3,11.1,5.31
경북,성주,참외,1,16,2021-01-27,1,110.0,12.2,11.1,4.53
경북,성주,참외,1,16,2021-01-27,2,132.0,10.6,11.2,5.2
경북,성주,참외,1,16,2021-01-27,3,139.0,13.1,12.4,4.03
경북,성주,참외,1,16,2021-01-27,4,136.0,11.8,11.9,4.63
경북,성주,참외,1,16,2021-02-03,1,138.0,12.8,11.9,5.14
경북,성주,참외,1,16,2021-02-03,2,,13.2,12.5,4.71
경북,성주,참외,1,16,2021-02-03,3,,11.8,12.7,4.41
경북,성주,참외,1,16,2021-02-03,4,,13.1,13.5,5.79
경북,성주,참외,1,16,2021-02-10,1,,14.4,14.6,6.26
경북,성주,참외,1,16,2021-02-10,2,,15.1,14.8,5.3
경북,성주,참외,1,16,2021-02-10,3,,15.8,15.6,5.02
경북,성주,참외,1,16,2021-02-10,4,,14.7,14.3,6.53
경북,성주,참외,1,16,2021-02-17,1,,12.7,12.5,6.0
경북,성주,참외,1,16,2021-02-17,2,,13.2,12.4,5.04
경북,성주,참외,1,16,2021-02-17,3,,14.1,12.1,5.33
경북,성주,참외,1,16,2021-02-17,4,,12.6,14.4,4.91
경북,성주,참외,1,16,2021-02-24,1,,15.9,15.2,5.18
경북,성주,참외,1,16,2021-02-24,2,,13.6,14.1,5.48
경북,성주,참외,1,16,2021-02-24,3,,13.8,12.7,5.29
경북,성주,참외,1,16,2021-02-24,4,,15.8,15.4,5.51
경북,성주,참외,1,16,2021-03-03,1,,13.3,14.3,7.17
경북,성주,참외,1,16,2021-03-03,2,,14.1,14.5,6.45
경북,성주,참외,1,16,2021-03-03,3,,14.4,12.8,5.44
경북,성주,참외,1,16,2021-03-03,4,,13.5,13.6,5.47
경북,성주,참외,1,16,2021-03-10,1,,15.2,13.1,5.21
경북,성주,참외,1,16,2021-03-10,2,,13.7,14.2,4.37
경북,성주,참외,1,16,2021-03-10,3,,11.3,12.1,3.29
경북,성주,참외,1,16,2021-03-10,4,,11.7,11.6,7.21
경북,성주,참외,1,16,2021-03-15,1,,14.0,13.0,5.94
경북,성주,참외,1,16,2021-03-15,2,,14.0,13.5,5.47
경북,성주,참외,1,16,2021-03-15,3,,13.6,14.3,6.02
경북,성주,참외,1,16,2021-03-15,4,,14.2,13.5,5.5
경북,성주,참외,1,16,2021-03-22,1,,12.5,11.7,5.15
경북,성주,참외,1,16,2021-03-22,2,,13.0,11.9,4.94
경북,성주,참외,1,16,2021-03-22,3,,14.3,12.5,6.19
경북,성주,참외,1,16,2021-03-22,4,,14.0,12.5,5.29
경북,성주,참외,1,16,2021-03-29,1,,11.5,10.2,5.26
경북,성주,참외,1,16,2021-03-29,2,,12.0,11.0,5.2
경북,성주,참외,1,16,2021-03-29,3,,12.5,10.5,5.21
경북,성주,참외,1,16,2021-03-29,4,,11.0,9.5,4.98
경북,성주,참외,1,16,2021-04-05,1,,11.0,10.0,5.19
경북,성주,참외,1,16,2021-04-05,2,,11.5,9.5,6.03
경북,성주,참외,1,16,2021-04-05,3,,12.0,11.0,5.33
경북,성주,참외,1,16,2021-04-05,4,,12.0,10.0,4.71
경북,성주,참외,1,16,2021-04-12,1,,12.0,10.5,6.02
경북,성주,참외,1,16,2021-04-12,2,,11.0,10.0,5.16
경북,성주,참외,1,16,2021-04-12,3,,12.5,11.0,5.38
경북,성주,참외,1,16,2021-04-12,4,,12.0,9.5,5.14
경북,성주,참외,1,16,2021-04-19,1,,11.0,10.0,5.99
경북,성주,참외,1,16,2021-04-19,2,,11.5,9.5,5.17
경북,성주,참외,1,16,2021-04-19,3,,12.0,11.5,4.56
경북,성주,참외,1,16,2021-04-19,4,,11.0,10.0,5.32
경북,성주,참외,1,16,2021-04-26,1,,11.0,9.0,4.87
경북,성주,참외,1,16,2021-04-26,2,,10.0,8.5,4.91
경북,성주,참외,1,16,2021-04-26,3,,11.5,9.5,4.83
경북,성주,참외,1,16,2021-04-26,4,,11.0,10.0,5.11
경북,성주,참외,1,16,2021-05-03,1,,11.0,9.0,4.48
경북,성주,참외,1,16,2021-05-03,2,,10.0,8.5,4.35
경북,성주,참외,1,16,2021-05-03,3,,10.5,10.0,4.91
경북,성주,참외,1,16,2021-05-03,4,,10.0,9.5,5.62
경북,성주,참외,1,16,2021-05-10,1,,11.0,9.0,4.14
경북,성주,참외,1,16,2021-05-10,2,,10.5,8.0,4.87
경북,성주,참외,1,16,2021-05-10,3,,10.5,10.0,4.93
경북,성주,참외,1,16,2021-05-10,4,,11.0,10.0,4.52
경북,성주,참외,1,16,2021-05-17,1,,11.0,10.0,5.37
경북,성주,참외,1,16,2021-05-17,2,,10.5,9.0,5.24
경북,성주,참외,1,16,2021-05-17,3,,10.3,9.0,5.61
경북,성주,참외,1,16,2021-05-17,4,,11.0,9.5,4.55
경북,성주,참외,1,16,2021-05-24,1,,11.0,10.0,5.47
경북,성주,참외,1,16,2021-05-24,2,,10.5,9.0,5.13
경북,성주,참외,1,16,2021-05-24,3,,10.7,10.0,5.65
경북,성주,참외,1,16,2021-05-24,4,,11.0,9.5,5.93
경북,성주,참외,1,16,2021-05-31,1,,13.0,12.2,5.5
경북,성주,참외,1,16,2021-05-31,2,,12.4,11.5,5.21
경북,성주,참외,1,16,2021-05-31,3,,11.5,10.2,5.7
경북,성주,참외,1,16,2021-05-31,4,,10.5,11.4,6.02
경북,성주,참외,1,16,2021-06-07,1,,10.0,8.5,5.45
경북,성주,참외,1,16,2021-06-07,2,,11.0,9.0,5.58
경북,성주,참외,1,16,2021-06-07,3,,11.0,11.0,4.94
경북,성주,참외,1,16,2021-06-07,4,,13.0,11.0,5.62
경북,성주,참외,1,16,2021-06-14,1,,12.0,11.0,5.23
경북,성주,참외,1,16,2021-06-14,2,,13.0,11.0,4.74
경북,성주,참외,1,16,2021-06-14,3,,9.5,8.0,4.62
경북,성주,참외,1,16,2021-06-14,4,,10.0,8.0,4.38
경북,성주,참외,1,16,2021-06-21,1,,13.0,11.0,4.92
경북,성주,참외,1,16,2021-06-21,2,,11.0,9.0,5.05
경북,성주,참외,1,16,2021-06-21,3,,10.0,9.2,5.24
경북,성주,참외,1,16,2021-06-21,4,,9.5,9.0,5.32
경북,성주,참외,1,16,2021-06-28,1,,10.0,9.0,4.97
경북,성주,참외,1,16,2021-06-28,2,,10.0,9.5,5.1
경북,성주,참외,1,16,2021-06-28,3,,8.5,8.0,5.3
경북,성주,참외,1,16,2021-06-28,4,,10.0,9.0,5.51
경북,성주,참외,1,16,2021-07-05,1,,10.0,10.0,4.81
경북,성주,참외,1,16,2021-07-05,2,,9.0,10.0,5.2
경북,성주,참외,1,16,2021-07-05,3,,10.0,9.0,5.11
경북,성주,참외,1,16,2021-07-05,4,,9.5,8.5,5.32
경북,성주,참외,1,16,2021-07-13,1,,9.0,8.0,4.78
경북,성주,참외,1,16,2021-07-13,2,,9.0,8.5,4.99
경북,성주,참외,1,16,2021-07-13,3,,10.0,8.5,5.0
경북,성주,참외,1,16,2021-07-13,4,,9.0,8.0,4.86
경북,성주,참외,1,16,2021-07-20,1,,9.0,8.0,4.13
경북,성주,참외,1,16,2021-07-20,2,,9.0,8.5,4.27
경북,성주,참외,1,16,2021-07-20,3,,10.0,8.5,4.66
경북,성주,참외,1,16,2021-07-20,4,,9.0,8.0,4.89
경북,성주,참외,1,16,2021-07-27,1,,10.0,9.0,4.0
경북,성주,참외,1,16,2021-07-27,2,,9.0,9.0,4.21
경북,성주,참외,1,16,2021-07-27,3,,9.0,7.5,4.3
경북,성주,참외,1,16,2021-07-27,4,,8.0,8.0,4.42
경북,성주,참외,1,16,2021-08-03,1,,7.5,7.0,4.12
경북,성주,참외,1,16,2021-08-03,2,,8.5,8.5,4.4
경북,성주,참외,1,16,2021-08-03,3,,8.5,8.0,4.36
경북,성주,참외,1,16,2021-08-03,4,,8.5,7.0,4.54
경북,성주,참외,1,16,2021-08-10,1,,9.0,9.0,4.54
경북,성주,참외,1,16,2021-08-10,2,,9.0,8.5,4.15
경북,성주,참외,1,16,2021-08-10,3,,9.0,8.0,4.66
경북,성주,참외,1,16,2021-08-10,4,,7.0,7.0,4.52
경북,성주,참외,1,16,2021-08-17,1,,8.0,6.5,4.62
경북,성주,참외,1,16,2021-08-17,2,,9.0,7.0,4.64
경북,성주,참외,1,16,2021-08-17,3,,10.0,10.0,4.71
경북,성주,참외,1,16,2021-08-17,4,,10.5,9.0,4.63
경북,성주,참외,1,17,2021-01-05,1,,16.5,18.0,6.0
경북,성주,참외,1,17,2021-01-05,2,,17.0,16.0,4.8
경북,성주,참외,1,17,2021-01-05,3,,16.5,17.5,6.0
경북,성주,참외,1,17,2021-01-05,4,,16.0,17.0,5.3
경북,성주,참외,1,17,2021-01-13,1,,17.8,16.5,6.1
경북,성주,참외,1,17,2021-01-13,2,,16.5,16.1,6.2
경북,성주,참외,1,17,2021-01-13,3,,17.6,15.0,5.9
경북,성주,참외,1,17,2021-01-13,4,,17.5,16.5,6.6
경북,성주,참외,1,17,2021-01-20,1,,17.6,15.5,6.7
경북,성주,참외,1,17,2021-01-20,2,,18.6,15.6,6.6
경북,성주,참외,1,17,2021-01-20,3,,20.0,17.1,5.9
경북,성주,참외,1,17,2021-01-20,4,,16.7,15.3,5.5
경북,성주,참외,1,17,2021-01-27,1,,18.3,15.6,6.2
경북,성주,참외,1,17,2021-01-27,2,,19.0,16.6,5.5
경북,성주,참외,1,17,2021-01-27,3,,18.0,15.8,6.0
경북,성주,참외,1,17,2021-01-27,4,,17.3,14.8,5.9
경북,성주,참외,1,17,2021-02-03,1,,15.0,13.5,5.9
경북,성주,참외,1,17,2021-02-03,2,,16.0,15.0,5.4
경북,성주,참외,1,17,2021-02-03,3,,16.0,15.5,5.9
경북,성주,참외,1,17,2021-02-03,4,,15.0,14.0,6.0
경북,성주,참외,1,17,2021-02-17,1,,12.8,12.0,3.8
경북,성주,참외,1,17,2021-02-17,2,,11.2,9.5,4.5
경북,성주,참외,1,17,2021-02-17,3,,12.6,11.3,4.1
경북,성주,참외,1,17,2021-02-17,4,,14.0,13.6,5.2
경북,성주,참외,1,17,2021-02-24,1,,14.8,14.0,5.6
경북,성주,참외,1,17,2021-02-24,2,,14.5,13.6,4.7
경북,성주,참외,1,17,2021-02-24,3,,13.5,12.7,4.8
경북,성주,참외,1,17,2021-02-24,4,,12.8,12.0,5.7
경북,성주,참외,1,17,2021-03-03,1,,12.5,9.4,4.5
경북,성주,참외,1,17,2021-03-03,2,,14.1,12.0,4.3
경북,성주,참외,1,17,2021-03-03,3,,13.0,11.8,4.2
경북,성주,참외,1,17,2021-03-03,4,,14.3,13.2,5.1
경북,성주,참외,1,17,2021-03-10,1,,15.5,13.0,6.0
경북,성주,참외,1,17,2021-03-10,2,,14.5,11.5,5.9
경북,성주,참외,1,17,2021-03-10,3,,12.4,10.1,5.5
경북,성주,참외,1,17,2021-03-10,4,,13.1,10.3,5.6
경북,성주,참외,1,17,2021-03-16,1,,15.1,13.6,6.9
경북,성주,참외,1,17,2021-03-16,2,,16.0,14.2,6.5
경북,성주,참외,1,17,2021-03-16,3,,15.1,13.8,4.9
경북,성주,참외,1,17,2021-03-16,4,,15.5,13.8,5.4
경북,성주,참외,1,17,2021-03-23,1,,12.6,10.4,4.6
경북,성주,참외,1,17,2021-03-23,2,,11.1,10.0,4.5
경북,성주,참외,1,17,2021-03-23,3,,12.8,11.4,4.4
경북,성주,참외,1,17,2021-03-23,4,,13.5,12.2,4.3
경북,성주,참외,1,17,2021-03-30,1,,12.5,11.8,5.5
경북,성주,참외,1,17,2021-03-30,2,,14.0,12.0,6.5
경북,성주,참외,1,17,2021-03-30,3,,13.3,13.5,5.6
경북,성주,참외,1,17,2021-03-30,4,,13.0,11.0,4.9
경북,성주,참외,1,17,2021-04-06,1,,11.2,10.2,5.4
경북,성주,참외,1,17,2021-04-06,2,,11.9,10.5,4.0
경북,성주,참외,1,17,2021-04-06,3,,12.3,11.3,4.0
경북,성주,참외,1,17,2021-04-06,4,,12.1,10.9,4.3
경북,성주,참외,1,17,2021-04-13,1,,11.0,9.8,4.5
경북,성주,참외,1,17,2021-04-13,2,,10.5,9.2,6.0
경북,성주,참외,1,17,2021-04-13,3,,11.4,9.8,5.1
경북,성주,참외,1,17,2021-04-13,4,,14.0,12.0,4.8
경북,성주,참외,1,17,2021-04-20,1,,10.0,11.0,4.8
경북,성주,참외,1,17,2021-04-20,2,,10.0,9.8,4.3
경북,성주,참외,1,17,2021-04-20,3,,10.3,9.5,4.7
경북,성주,참외,1,17,2021-04-20,4,,10.5,10.0,4.0
경북,성주,참외,1,17,2021-04-27,1,,7.8,7.5,4.5
경북,성주,참외,1,17,2021-04-27,2,,7.5,7.0,5.7
경북,성주,참외,1,17,2021-04-27,3,,7.0,6.3,4.7
경북,성주,참외,1,17,2021-04-27,4,,6.6,6.0,6.0
경북,성주,참외,1,17,2021-05-04,1,,8.5,7.8,4.1
경북,성주,참외,1,17,2021-05-04,2,,8.7,8.0,4.5
경북,성주,참외,1,17,2021-05-04,3,,8.5,8.0,5.0
경북,성주,참외,1,17,2021-05-04,4,,8.0,7.3,3.7
경북,성주,참외,1,17,2021-05-11,1,,11.3,11.0,6.3
경북,성주,참외,1,17,2021-05-11,2,,12.0,11.5,4.7
경북,성주,참외,1,17,2021-05-11,3,,10.5,9.5,4.6
경북,성주,참외,1,17,2021-05-11,4,,11.7,11.5,5.5
경북,성주,참외,1,17,2021-05-18,1,,10.3,10.5,3.7
경북,성주,참외,1,17,2021-05-18,2,,10.0,9.5,4.4
경북,성주,참외,1,17,2021-05-18,3,,11.0,10.5,4.6
경북,성주,참외,1,17,2021-05-18,4,,10.5,11.0,4.7
경북,성주,참외,1,17,2021-05-25,1,,10.0,9.5,5.0
경북,성주,참외,1,17,2021-05-25,2,,10.5,10.5,5.6
경북,성주,참외,1,17,2021-05-25,3,,11.5,11.5,4.8
경북,성주,참외,1,17,2021-05-25,4,,12.5,11.0,5.0
경북,성주,참외,1,17,2021-06-01,1,,10.0,9.6,4.8
경북,성주,참외,1,17,2021-06-01,2,,11.0,10.0,5.0
경북,성주,참외,1,17,2021-06-01,3,,11.0,10.5,4.7
경북,성주,참외,1,17,2021-06-01,4,,10.0,9.5,5.1
경북,성주,참외,1,17,2021-06-08,1,,10.0,9.8,4.8
경북,성주,참외,1,17,2021-06-08,2,,10.0,10.0,4.7
경북,성주,참외,1,17,2021-06-08,3,,9.5,9.0,5.0
경북,성주,참외,1,17,2021-06-08,4,,10.3,10.0,4.0
경북,성주,참외,1,17,2021-06-15,1,,10.0,9.8,5.0
경북,성주,참외,1,17,2021-06-15,2,,10.0,9.5,4.2
경북,성주,참외,1,17,2021-06-15,3,,9.5,9.0,4.0
경북,성주,참외,1,17,2021-06-15,4,,9.5,9.0,4.4
경북,성주,참외,1,17,2021-06-23,1,,8.0,7.0,4.7
경북,성주,참외,1,17,2021-06-23,2,,8.0,8.0,5.0
경북,성주,참외,1,17,2021-06-23,3,,8.0,7.5,5.3
경북,성주,참외,1,17,2021-06-23,4,,8.0,8.5,4.8
경북,성주,참외,1,17,2021-06-29,1,,9.5,9.0,3.78
경북,성주,참외,1,17,2021-06-29,2,,9.0,8.5,3.86
경북,성주,참외,1,17,2021-06-29,3,,10.0,9.5,3.91
경북,성주,참외,1,17,2021-06-29,4,,9.5,9.0,5.61
경북,성주,참외,1,17,2021-07-06,1,,9.5,9.0,3.46
경북,성주,참외,1,17,2021-07-06,2,,9.0,9.0,4.48
경북,성주,참외,1,17,2021-07-06,3,,9.0,9.0,4.97
경북,성주,참외,1,17,2021-07-06,4,,9.0,8.5,4.72
경북,성주,참외,1,17,2021-07-13,1,,10.5,9.0,4.78
경북,성주,참외,1,17,2021-07-13,2,,9.5,8.5,5.13
경북,성주,참외,1,17,2021-07-13,3,,9.0,8.0,5.24
경북,성주,참외,1,17,2021-07-13,4,,10.0,9.0,5.69
경북,성주,참외,1,17,2021-07-20,1,,,,
경북,성주,참외,1,17,2021-07-20,2,,,,
경북,성주,참외,1,17,2021-07-20,3,,,,
경북,성주,참외,1,17,2021-07-20,4,,,,
경북,성주,참외,1,18,2021-01-07,1,102.0,6.8,8.9,9.08
경북,성주,참외,1,18,2021-01-07,2,93.0,9.1,7.5,8.81
경북,성주,참외,1,18,2021-01-07,3,129.0,7.6,8.2,7.98
경북,성주,참외,1,18,2021-01-07,4,99.0,9.0,7.7,7.11
경북,성주,참외,1,18,2021-01-13,1,105.0,7.7,9.3,7.66
경북,성주,참외,1,18,2021-01-13,2,93.0,11.4,11.9,5.42
경북,성주,참외,1,18,2021-01-13,3,111.0,10.8,8.7,7.31
경북,성주,참외,1,18,2021-01-13,4,126.0,10.5,9.6,5.86
경북,성주,참외,1,18,2021-01-20,1,115.0,11.3,10.1,8.57
경북,성주,참외,1,18,2021-01-20,2,110.0,11.1,10.5,5.58
경북,성주,참외,1,18,2021-01-20,3,116.0,10.5,10.1,7.89
경북,성주,참외,1,18,2021-01-20,4,130.0,11.3,10.2,8.14
경북,성주,참외,1,18,2021-01-27,1,148.0,11.0,9.9,8.96
경북,성주,참외,1,18,2021-01-27,2,137.5,10.1,9.6,5.92
경북,성주,참외,1,18,2021-01-27,3,125.0,9.7,10.1,8.17
경북,성주,참외,1,18,2021-01-27,4,144.0,11.4,11.2,8.14
경북,성주,참외,1,18,2021-02-03,1,,11.2,10.5,9.0
경북,성주,참외,1,18,2021-02-03,2,148.0,11.7,10.6,7.21
경북,성주,참외,1,18,2021-02-03,3,139.0,11.1,11.7,8.68
경북,성주,참외,1,18,2021-02-03,4,,11.8,11.4,8.32
경북,성주,참외,1,18,2021-02-10,1,,9.8,9.1,9.81
경북,성주,참외,1,18,2021-02-10,2,,13.1,11.7,8.45
경북,성주,참외,1,18,2021-02-10,3,,10.9,10.5,9.02
경북,성주,참외,1,18,2021-02-10,4,,9.1,8.5,8.67
경북,성주,참외,1,18,2021-02-17,1,,9.9,10.0,10.25
경북,성주,참외,1,18,2021-02-17,2,,10.3,9.8,8.87
경북,성주,참외,1,18,2021-02-17,3,,12.6,11.7,9.64
경북,성주,참외,1,18,2021-02-17,4,,10.6,10.8,9.05
경북,성주,참외,1,18,2021-02-24,1,,11.1,9.9,10.52
경북,성주,참외,1,18,2021-02-24,2,,11.6,10.7,10.56
경북,성주,참외,1,18,2021-02-24,3,,10.7,10.2,9.81
경북,성주,참외,1,18,2021-02-24,4,,11.3,10.6,9.34
경북,성주,참외,1,18,2021-03-03,1,,11.4,11.1,11.02
경북,성주,참외,1,18,2021-03-03,2,,10.2,9.8,10.68
경북,성주,참외,1,18,2021-03-03,3,,12.2,10.1,9.92
경북,성주,참외,1,18,2021-03-03,4,,10.8,10.6,9.37
경북,성주,참외,1,18,2021-03-10,1,,12.2,11.6,11.06
경북,성주,참외,1,18,2021-03-10,2,,13.8,13.5,10.71
경북,성주,참외,1,18,2021-03-10,3,,9.6,10.4,9.96
경북,성주,참외,1,18,2021-03-10,4,,12.4,11.1,9.42
경북,성주,참외,1,18,2021-03-15,1,,13.0,11.5,11.08
경북,성주,참외,1,18,2021-03-15,2,,11.3,10.0,10.77
경북,성주,참외,1,18,2021-03-15,3,,10.3,10.0,9.99
경북,성주,참외,1,18,2021-03-15,4,,11.0,10.5,9.51
경북,성주,참외,1,18,2021-03-22,1,,10.5,9.5,11.34
경북,성주,참외,1,18,2021-03-22,2,,12.0,10.0,10.89
경북,성주,참외,1,18,2021-03-22,3,,12.0,10.2,10.41
경북,성주,참외,1,18,2021-03-22,4,,9.9,11.8,9.89
경북,성주,참외,1,18,2021-03-29,1,,10.5,9.0,11.37
경북,성주,참외,1,18,2021-03-29,2,,11.5,10.0,10.92
경북,성주,참외,1,18,2021-03-29,3,,11.0,10.0,10.44
경북,성주,참외,1,18,2021-03-29,4,,10.6,9.7,9.92
경북,성주,참외,1,18,2021-04-05,1,,10.0,8.6,11.48
경북,성주,참외,1,18,2021-04-05,2,,10.0,9.0,10.99
경북,성주,참외,1,18,2021-04-05,3,,10.5,10.0,10.52
경북,성주,참외,1,18,2021-04-05,4,,9.5,8.0,10.01
경북,성주,참외,1,18,2021-04-12,1,,10.0,9.0,11.55
경북,성주,참외,1,18,2021-04-12,2,,9.5,8.7,11.06
경북,성주,참외,1,18,2021-04-12,3,,10.0,9.2,10.54
경북,성주,참외,1,18,2021-04-12,4,,9.8,8.6,10.08
경북,성주,참외,1,18,2021-04-19,1,,9.5,8.5,11.58
경북,성주,참외,1,18,2021-04-19,2,,9.0,8.3,11.09
경북,성주,참외,1,18,2021-04-19,3,,9.8,9.1,10.57
경북,성주,참외,1,18,2021-04-19,4,,9.5,9.0,10.1
경북,성주,참외,1,18,2021-04-26,1,,8.0,7.5,11.59
경북,성주,참외,1,18,2021-04-26,2,,8.0,7.7,11.11
경북,성주,참외,1,18,2021-04-26,3,,7.5,7.0,10.58
경북,성주,참외,1,18,2021-04-26,4,,8.0,6.5,10.12
경북,성주,참외,1,18,2021-05-03,1,,8.5,7.7,11.61
경북,성주,참외,1,18,2021-05-03,2,,7.7,7.0,11.13
경북,성주,참외,1,18,2021-05-03,3,,8.3,7.6,10.59
경북,성주,참외,1,18,2021-05-03,4,,8.0,7.5,10.14
경북,성주,참외,1,18,2021-05-10,1,,10.0,9.0,11.62
경북,성주,참외,1,18,2021-05-10,2,,9.3,8.0,11.14
경북,성주,참외,1,18,2021-05-10,3,,9.5,8.5,10.61
경북,성주,참외,1,18,2021-05-10,4,,10.2,9.5,10.15
경북,성주,참외,1,18,2021-05-17,1,,8.0,7.5,11.63
경북,성주,참외,1,18,2021-05-17,2,,8.0,7.7,11.15
경북,성주,참외,1,18,2021-05-17,3,,7.5,7.0,10.62
경북,성주,참외,1,18,2021-05-17,4,,8.0,6.5,10.17
경북,성주,참외,1,18,2021-05-24,1,,9.5,9.0,11.64
경북,성주,참외,1,18,2021-05-24,2,,9.0,8.5,11.16
경북,성주,참외,1,18,2021-05-24,3,,9.3,8.5,10.63
경북,성주,참외,1,18,2021-05-24,4,,9.0,8.0,10.18
경북,성주,참외,1,18,2021-05-31,1,,9.2,8.6,11.65
경북,성주,참외,1,18,2021-05-31,2,,8.1,8.0,11.17
경북,성주,참외,1,18,2021-05-31,3,,8.3,7.5,10.65
경북,성주,참외,1,18,2021-05-31,4,,9.0,8.0,10.19
경북,성주,참외,1,18,2021-06-07,1,,7.5,6.0,11.67
경북,성주,참외,1,18,2021-06-07,2,,8.0,6.0,11.19
경북,성주,참외,1,18,2021-06-07,3,,8.0,6.0,10.67
경북,성주,참외,1,18,2021-06-07,4,,7.0,5.5,10.21
경북,성주,참외,1,18,2021-06-14,1,,10.0,9.0,11.68
경북,성주,참외,1,18,2021-06-14,2,,9.0,9.0,11.21
경북,성주,참외,1,18,2021-06-14,3,,7.5,7.0,10.68
경북,성주,참외,1,18,2021-06-14,4,,11.0,9.0,10.22
경북,성주,참외,1,18,2021-06-21,1,,10.0,9.0,11.7
경북,성주,참외,1,18,2021-06-21,2,,9.0,8.0,11.23
경북,성주,참외,1,18,2021-06-21,3,,10.0,10.0,10.7
경북,성주,참외,1,18,2021-06-21,4,,9.0,9.0,10.25
경북,성주,참외,1,18,2021-06-28,1,,11.0,9.5,11.8
경북,성주,참외,1,18,2021-06-28,2,,11.0,10.0,11.41
경북,성주,참외,1,18,2021-06-28,3,,10.0,9.0,10.81
경북,성주,참외,1,18,2021-06-28,4,,12.0,11.0,10.3
경북,성주,참외,1,18,2021-07-05,1,,11.0,10.5,11.9
경북,성주,참외,1,18,2021-07-05,2,,10.0,9.5,11.57
경북,성주,참외,1,18,2021-07-05,3,,12.0,11.0,10.99
경북,성주,참외,1,18,2021-07-05,4,,10.0,8.5,10.45
경북,성주,참외,1,18,2021-07-13,1,,11.0,10.0,12.0
경북,성주,참외,1,18,2021-07-13,2,,10.0,9.5,11.78
경북,성주,참외,1,18,2021-07-13,3,,12.0,10.0,11.23
경북,성주,참외,1,18,2021-07-13,4,,10.0,9.0,10.61
경북,성주,참외,1,18,2021-07-20,1,,11.0,10.0,12.12
경북,성주,참외,1,18,2021-07-20,2,,10.0,9.5,11.84
경북,성주,참외,1,18,2021-07-20,3,,12.0,10.0,11.41
경북,성주,참외,1,18,2021-07-20,4,,10.0,9.0,10.86
경북,성주,참외,1,18,2021-07-27,1,,7.0,7.0,12.3
경북,성주,참외,1,18,2021-07-27,2,,7.0,7.0,12.0
경북,성주,참외,1,18,2021-07-27,3,,9.0,7.5,11.51
경북,성주,참외,1,18,2021-07-27,4,,7.5,7.0,10.99
경북,성주,참외,1,18,2021-08-03,1,,8.0,7.0,12.41
경북,성주,참외,1,18,2021-08-03,2,,7.0,7.0,12.12
경북,성주,참외,1,18,2021-08-03,3,,8.0,8.0,11.67
경북,성주,참외,1,18,2021-08-03,4,,7.5,7.0,11.05
경북,칠곡,참외,1,3,2021-01-08,1,,12.0,10.5,5.02
경북,칠곡,참외,1,3,2021-01-08,2,,13.5,13.5,4.09
경북,칠곡,참외,1,3,2021-01-08,3,,13.0,12.5,3.8
경북,칠곡,참외,1,3,2021-01-08,4,,13.0,11.5,4.9
경북,칠곡,참외,1,3,2021-01-13,1,,17.0,16.0,6.15
경북,칠곡,참외,1,3,2021-01-13,2,,14.5,14.0,5.17
경북,칠곡,참외,1,3,2021-01-13,3,,14.0,15.0,6.65
경북,칠곡,참외,1,3,2021-01-13,4,,15.0,14.0,6.44
경북,칠곡,참외,1,3,2021-01-20,1,,15.5,14.5,5.73
경북,칠곡,참외,1,3,2021-01-20,2,,16.0,15.5,5.36
경북,칠곡,참외,1,3,2021-01-20,3,,16.5,15.5,6.28
경북,칠곡,참외,1,3,2021-01-20,4,,17.0,15.0,5.59
경북,칠곡,참외,1,3,2021-01-27,1,,17.0,16.5,5.01
경북,칠곡,참외,1,3,2021-01-27,2,,17.0,16.0,5.79
경북,칠곡,참외,1,3,2021-01-27,3,,16.0,15.0,4.24
경북,칠곡,참외,1,3,2021-01-27,4,,16.5,15.0,5.53
경북,칠곡,참외,1,3,2021-02-03,1,,17.0,16.5,5.16
경북,칠곡,참외,1,3,2021-02-03,2,,16.5,16.0,5.29
경북,칠곡,참외,1,3,2021-02-03,3,,17.0,16.0,5.27
경북,칠곡,참외,1,3,2021-02-03,4,,17.5,17.0,4.96
경북,칠곡,참외,1,3,2021-02-10,1,,15.0,16.0,6.0
경북,칠곡,참외,1,3,2021-02-10,2,,17.0,16.0,5.43
경북,칠곡,참외,1,3,2021-02-10,3,,17.0,15.0,5.3
경북,칠곡,참외,1,3,2021-02-10,4,,17.0,17.0,5.73
경북,칠곡,참외,1,3,2021-02-17,1,,16.5,15.0,5.91
경북,칠곡,참외,1,3,2021-02-17,2,,15.5,15.0,5.34
경북,칠곡,참외,1,3,2021-02-17,3,,16.0,14.5,5.64
경북,칠곡,참외,1,3,2021-02-17,4,,16.5,15.0,5.81
경북,칠곡,참외,1,3,2021-02-24,1,,12.0,11.5,5.46
경북,칠곡,참외,1,3,2021-02-24,2,,13.0,12.0,4.94
경북,칠곡,참외,1,3,2021-02-24,3,,13.5,13.0,5.34
경북,칠곡,참외,1,3,2021-02-24,4,,14.0,13.0,5.24
경북,칠곡,참외,1,3,2021-03-03,1,,13.0,12.5,4.22
경북,칠곡,참외,1,3,2021-03-03,2,,13.0,12.5,5.75
경북,칠곡,참외,1,3,2021-03-03,3,,13.0,13.0,4.99
경북,칠곡,참외,1,3,2021-03-03,4,,13.5,13.0,5.15
경북,칠곡,참외,1,3,2021-03-10,1,,13.5,12.0,5.12
경북,칠곡,참외,1,3,2021-03-10,2,,14.0,13.0,5.26
경북,칠곡,참외,1,3,2021-03-10,3,,13.0,12.5,5.33
경북,칠곡,참외,1,3,2021-03-10,4,,13.5,12.0,5.12
경북,칠곡,참외,1,3,2021-03-17,1,,12.5,11.0,5.5
경북,칠곡,참외,1,3,2021-03-17,2,,12.7,12.0,4.7
경북,칠곡,참외,1,3,2021-03-17,3,,14.1,13.3,4.7
경북,칠곡,참외,1,3,2021-03-17,4,,12.4,11.0,5.0
경북,칠곡,참외,1,3,2021-03-24,1,,13.5,11.5,4.7
경북,칠곡,참외,1,3,2021-03-24,2,,13.8,12.0,5.5
경북,칠곡,참외,1,3,2021-03-24,3,,14.0,12.8,6.0
경북,칠곡,참외,1,3,2021-03-24,4,,13.5,12.0,4.9
경북,칠곡,참외,1,3,2021-03-30,1,,13.5,12.0,5.24
경북,칠곡,참외,1,3,2021-03-30,2,,14.0,12.5,5.32
경북,칠곡,참외,1,3,2021-03-30,3,,13.5,12.0,5.11
경북,칠곡,참외,1,3,2021-03-30,4,,13.0,11.0,5.7
경북,칠곡,참외,1,3,2021-04-05,1,,12.0,10.0,5.46
경북,칠곡,참외,1,3,2021-04-05,2,,13.0,12.0,4.86
경북,칠곡,참외,1,3,2021-04-05,3,,12.0,12.0,4.26
경북,칠곡,참외,1,3,2021-04-05,4,,13.0,12.0,4.25
경북,칠곡,참외,1,3,2021-04-12,1,,11.0,9.0,4.48
경북,칠곡,참외,1,3,2021-04-12,2,,11.0,8.5,4.66
경북,칠곡,참외,1,3,2021-04-12,3,,12.0,10.0,5.16
경북,칠곡,참외,1,3,2021-04-12,4,,12.0,10.0,4.58
경북,칠곡,참외,1,3,2021-04-19,1,,11.0,9.0,4.58
경북,칠곡,참외,1,3,2021-04-19,2,,12.0,10.0,5.02
경북,칠곡,참외,1,3,2021-04-19,3,,11.0,9.5,4.86
경북,칠곡,참외,1,3,2021-04-19,4,,11.5,10.0,4.92
경북,칠곡,참외,1,3,2021-04-28,1,,12.3,11.5,4.3
경북,칠곡,참외,1,3,2021-04-28,2,,9.0,8.8,4.5
경북,칠곡,참외,1,3,2021-04-28,3,,10.2,10.0,5.1
경북,칠곡,참외,1,3,2021-04-28,4,,10.3,11.0,4.7
경북,칠곡,참외,1,3,2021-05-06,1,,12.0,11.0,4.0
경북,칠곡,참외,1,3,2021-05-06,2,,11.0,9.4,4.6
경북,칠곡,참외,1,3,2021-05-06,3,,11.0,10.0,4.5
경북,칠곡,참외,1,3,2021-05-06,4,,10.0,9.0,4.0
경북,칠곡,참외,1,3,2021-05-12,1,,10.0,10.0,5.4
경북,칠곡,참외,1,3,2021-05-12,2,,10.5,10.0,5.0
경북,칠곡,참외,1,3,2021-05-12,3,,11.0,10.5,5.1
경북,칠곡,참외,1,3,2021-05-12,4,,10.0,8.5,4.8
경북,칠곡,참외,1,3,2021-05-20,1,,12.0,11.0,4.3
경북,칠곡,참외,1,3,2021-05-20,2,,12.0,10.0,3.8
경북,칠곡,참외,1,3,2021-05-20,3,,14.0,13.5,4.6
경북,칠곡,참외,1,3,2021-05-20,4,,10.0,10.0,4.0
경북,칠곡,참외,1,3,2021-05-26,1,,9.0,9.0,4.1
경북,칠곡,참외,1,3,2021-05-26,2,,9.0,9.0,3.8
경북,칠곡,참외,1,3,2021-05-26,3,,10.0,9.5,4.2
경북,칠곡,참외,1,3,2021-05-26,4,,9.0,9.0,4.1
경북,칠곡,참외,1,3,2021-06-02,1,,9.0,8.6,4.4
경북,칠곡,참외,1,3,2021-06-02,2,,9.0,9.0,4.1
경북,칠곡,참외,1,3,2021-06-02,3,,10.5,11.0,4.3
경북,칠곡,참외,1,3,2021-06-02,4,,11.0,10.5,3.9
경북,칠곡,참외,1,3,2021-06-09,1,,9.0,9.5,4.5
경북,칠곡,참외,1,3,2021-06-09,2,,8.0,7.0,4.7
경북,칠곡,참외,1,3,2021-06-09,3,,10.0,10.0,4.0
경북,칠곡,참외,1,3,2021-06-09,4,,8.5,8.5,5.0
경북,칠곡,참외,1,3,2021-06-16,1,,12.0,11.5,4.5
경북,칠곡,참외,1,3,2021-06-16,2,,10.0,9.0,5.0
경북,칠곡,참외,1,3,2021-06-16,3,,12.0,12.0,4.0
경북,칠곡,참외,1,3,2021-06-16,4,,10.8,10.0,4.4
경북,칠곡,참외,1,3,2021-06-23,1,,9.0,8.5,5.0
경북,칠곡,참외,1,3,2021-06-23,2,,10.0,9.0,5.2
경북,칠곡,참외,1,3,2021-06-23,3,,10.0,8.0,4.0
경북,칠곡,참외,1,3,2021-06-23,4,,10.0,9.5,4.5
경북,칠곡,참외,1,3,2021-06-30,1,,10.5,10.0,3.95
경북,칠곡,참외,1,3,2021-06-30,2,,10.0,9.0,4.98
경북,칠곡,참외,1,3,2021-06-30,3,,10.0,9.5,4.16
경북,칠곡,참외,1,3,2021-06-30,4,,12.0,10.5,6.83
경북,칠곡,참외,1,3,2021-07-07,1,,10.0,9.0,3.96
경북,칠곡,참외,1,3,2021-07-07,2,,9.0,8.0,5.86
경북,칠곡,참외,1,3,2021-07-07,3,,10.0,10.0,5.13
경북,칠곡,참외,1,3,2021-07-07,4,,10.0,9.0,4.3
경북,칠곡,참외,1,3,2021-07-14,1,,9.0,7.0,4.62
경북,칠곡,참외,1,3,2021-07-14,2,,9.0,9.0,5.1
경북,칠곡,참외,1,3,2021-07-14,3,,10.0,9.0,5.13
경북,칠곡,참외,1,3,2021-07-14,4,,9.0,8.0,5.39
경북,칠곡,참외,1,3,2021-07-21,1,,10.0,8.0,4.56
경북,칠곡,참외,1,3,2021-07-21,2,,10.0,9.0,4.39
경북,칠곡,참외,1,3,2021-07-21,3,,9.0,8.0,5.12
경북,칠곡,참외,1,3,2021-07-21,4,,10.0,9.0,5.89
경북,칠곡,참외,1,3,2021-07-28,1,,10.0,9.0,5.44
경북,칠곡,참외,1,3,2021-07-28,2,,10.0,9.0,6.28
경북,칠곡,참외,1,3,2021-07-28,3,,9.0,9.0,5.59
경북,칠곡,참외,1,3,2021-07-28,4,,10.0,9.0,5.83
경북,칠곡,참외,1,3,2021-08-04,1,,8.0,8.0,5.55
경북,칠곡,참외,1,3,2021-08-04,2,,9.0,9.0,5.49
경북,칠곡,참외,1,3,2021-08-04,3,,10.0,9.0,5.57
경북,칠곡,참외,1,3,2021-08-04,4,,10.0,10.0,5.7
경북,칠곡,참외,1,3,2021-08-11,1,,9.0,9.0,5.45
경북,칠곡,참외,1,3,2021-08-11,2,,9.0,8.0,4.79
경북,칠곡,참외,1,3,2021-08-11,3,,10.0,9.0,5.06
경북,칠곡,참외,1,3,2021-08-11,4,,10.0,9.0,5.69
경북,칠곡,참외,1,3,2021-08-18,1,,9.5,9.0,5.92
경북,칠곡,참외,1,3,2021-08-18,2,,9.0,9.0,5.88
경북,칠곡,참외,1,3,2021-08-18,3,,10.0,9.0,5.69
경북,칠곡,참외,1,3,2021-08-18,4,,9.5,9.0,6.31
경북,칠곡,참외,1,3,2021-08-25,1,,10.0,9.0,5.46
경북,칠곡,참외,1,3,2021-08-25,2,,10.0,9.0,4.86
경북,칠곡,참외,1,3,2021-08-25,3,,9.0,9.0,5.05
경북,칠곡,참외,1,3,2021-08-25,4,,10.0,9.0,5.59
경북,칠곡,참외,1,7,2021-01-13,1,24.0,8.0,7.5,4.0
경북,칠곡,참외,1,7,2021-01-13,2,43.0,8.5,8.0,3.35
경북,칠곡,참외,1,7,2021-01-13,3,37.0,8.5,8.5,3.2
경북,칠곡,참외,1,7,2021-01-13,4,21.0,6.0,6.5,2.73
경북,칠곡,참외,1,7,2021-01-20,1,42.0,9.0,8.0,3.94
경북,칠곡,참외,1,7,2021-01-20,2,61.0,9.0,9.0,3.82
경북,칠곡,참외,1,7,2021-01-20,3,50.0,10.0,10.0,4.38
경북,칠곡,참외,1,7,2021-01-20,4,39.0,7.5,7.5,2.85
경북,칠곡,참외,1,7,2021-01-27,1,69.0,12.5,11.0,4.36
경북,칠곡,참외,1,7,2021-01-27,2,82.0,12.0,11.0,4.24
경북,칠곡,참외,1,7,2021-01-27,3,74.0,13.0,11.5,4.51
경북,칠곡,참외,1,7,2021-01-27,4,50.0,11.5,10.0,3.85
경북,칠곡,참외,1,7,2021-02-03,1,95.0,12.0,11.0,4.06
경북,칠곡,참외,1,7,2021-02-03,2,115.0,12.0,11.5,4.18
경북,칠곡,참외,1,7,2021-02-03,3,112.0,11.5,10.0,4.12
경북,칠곡,참외,1,7,2021-02-03,4,74.0,12.5,11.5,3.7
경북,칠곡,참외,1,7,2021-02-10,1,144.0,17.0,16.0,5.65
경북,칠곡,참외,1,7,2021-02-10,2,151.0,16.0,15.0,5.05
경북,칠곡,참외,1,7,2021-02-10,3,153.0,15.0,14.0,4.96
경북,칠곡,참외,1,7,2021-02-10,4,118.0,15.0,14.0,5.01
경북,칠곡,참외,1,7,2021-02-17,1,,17.0,16.0,6.11
경북,칠곡,참외,1,7,2021-02-17,2,,16.0,15.5,6.37
경북,칠곡,참외,1,7,2021-02-17,3,,16.0,15.0,6.21
경북,칠곡,참외,1,7,2021-02-17,4,,16.5,16.0,5.81
경북,칠곡,참외,1,7,2021-02-24,1,,16.0,16.0,5.7
경북,칠곡,참외,1,7,2021-02-24,2,,17.0,16.0,5.34
경북,칠곡,참외,1,7,2021-02-24,3,,17.0,16.5,5.94
경북,칠곡,참외,1,7,2021-02-24,4,,16.0,15.5,6.41
경북,칠곡,참외,1,7,2021-03-03,1,,16.0,15.0,5.36
경북,칠곡,참외,1,7,2021-03-03,2,,16.0,14.0,5.91
경북,칠곡,참외,1,7,2021-03-03,3,,17.0,17.0,6.07
경북,칠곡,참외,1,7,2021-03-03,4,,15.0,15.0,5.64
경북,칠곡,참외,1,7,2021-03-10,1,,16.5,15.0,5.73
경북,칠곡,참외,1,7,2021-03-10,2,,17.0,16.0,5.64
경북,칠곡,참외,1,7,2021-03-10,3,,16.0,15.5,5.74
경북,칠곡,참외,1,7,2021-03-10,4,,16.0,16.0,5.56
경북,칠곡,참외,1,7,2021-03-17,1,,12.0,11.6,5.3
경북,칠곡,참외,1,7,2021-03-17,2,,11.6,10.0,4.8
경북,칠곡,참외,1,7,2021-03-17,3,,11.0,11.7,5.2
경북,칠곡,참외,1,7,2021-03-17,4,,12.9,12.5,4.7
경북,칠곡,참외,1,7,2021-03-24,1,,12.5,13.0,5.2
경북,칠곡,참외,1,7,2021-03-24,2,,13.0,13.5,5.8
경북,칠곡,참외,1,7,2021-03-24,3,,12.5,12.5,6.2
경북,칠곡,참외,1,7,2021-03-24,4,,12.3,11.9,4.9
경북,칠곡,참외,1,7,2021-03-30,1,,13.0,12.0,5.48
경북,칠곡,참외,1,7,2021-03-30,2,,14.0,13.0,5.02
경북,칠곡,참외,1,7,2021-03-30,3,,12.0,10.0,4.89
경북,칠곡,참외,1,7,2021-03-30,4,,13.5,12.0,5.26
경북,칠곡,참외,1,7,2021-04-05,1,,13.0,13.0,4.01
경북,칠곡,참외,1,7,2021-04-05,2,,12.0,11.0,4.3
경북,칠곡,참외,1,7,2021-04-05,3,,13.0,12.5,4.26
경북,칠곡,참외,1,7,2021-04-05,4,,12.5,11.0,4.25
경북,칠곡,참외,1,7,2021-04-12,1,,13.0,12.0,5.25
경북,칠곡,참외,1,7,2021-04-12,2,,13.0,13.0,5.26
경북,칠곡,참외,1,7,2021-04-12,3,,11.0,10.0,4.65
경북,칠곡,참외,1,7,2021-04-12,4,,12.0,10.0,5.02
경북,칠곡,참외,1,7,2021-04-19,1,,13.0,12.0,4.98
경북,칠곡,참외,1,7,2021-04-19,2,,12.0,10.0,5.42
경북,칠곡,참외,1,7,2021-04-19,3,,11.0,10.0,5.12
경북,칠곡,참외,1,7,2021-04-19,4,,11.5,10.0,4.44
경북,칠곡,참외,1,7,2021-04-28,1,,10.0,10.0,5.1
경북,칠곡,참외,1,7,2021-04-28,2,,10.0,9.0,5.5
경북,칠곡,참외,1,7,2021-04-28,3,,9.5,10.0,5.7
경북,칠곡,참외,1,7,2021-04-28,4,,10.5,10.3,5.0
경북,칠곡,참외,1,7,2021-05-06,1,,8.0,8.5,4.7
경북,칠곡,참외,1,7,2021-05-06,2,,8.8,7.5,4.1
경북,칠곡,참외,1,7,2021-05-06,3,,9.0,9.0,4.4
경북,칠곡,참외,1,7,2021-05-06,4,,8.0,8.2,4.5
경북,칠곡,참외,1,7,2021-05-12,1,,10.0,10.0,5.0
경북,칠곡,참외,1,7,2021-05-12,2,,10.5,9.6,5.2
경북,칠곡,참외,1,7,2021-05-12,3,,10.0,10.0,5.5
경북,칠곡,참외,1,7,2021-05-12,4,,11.0,10.7,4.8
경북,칠곡,참외,1,7,2021-05-20,1,,9.5,9.3,4.7
경북,칠곡,참외,1,7,2021-05-20,2,,10.5,10.0,5.0
경북,칠곡,참외,1,7,2021-05-20,3,,9.0,9.0,4.9
경북,칠곡,참외,1,7,2021-05-20,4,,9.3,10.5,5.1
경북,칠곡,참외,1,7,2021-05-26,1,,9.0,9.8,4.7
경북,칠곡,참외,1,7,2021-05-26,2,,12.0,11.5,5.3
경북,칠곡,참외,1,7,2021-05-26,3,,10.8,10.0,4.6
경북,칠곡,참외,1,7,2021-05-26,4,,11.3,11.5,5.1
경북,칠곡,참외,1,7,2021-06-02,1,,12.5,11.5,5.6
경북,칠곡,참외,1,7,2021-06-02,2,,12.0,10.3,5.4
경북,칠곡,참외,1,7,2021-06-02,3,,10.0,9.4,5.3
경북,칠곡,참외,1,7,2021-06-02,4,,12.5,11.5,5.7
경북,칠곡,참외,1,7,2021-06-09,1,,13.0,11.5,5.48
경북,칠곡,참외,1,7,2021-06-09,2,,12.0,11.0,5.02
경북,칠곡,참외,1,7,2021-06-09,3,,12.3,11.7,4.89
경북,칠곡,참외,1,7,2021-06-09,4,,10.8,10.5,5.26
경북,칠곡,참외,1,7,2021-06-16,1,,9.5,9.0,4.7
경북,칠곡,참외,1,7,2021-06-16,2,,10.5,10.0,4.1
경북,칠곡,참외,1,7,2021-06-16,3,,10.3,9.5,4.4
경북,칠곡,참외,1,7,2021-06-16,4,,10.5,10.0,4.5
경북,칠곡,참외,1,7,2021-06-23,1,,11.0,10.0,3.8
경북,칠곡,참외,1,7,2021-06-23,2,,10.5,9.0,4.0
경북,칠곡,참외,1,7,2021-06-23,3,,10.0,9.5,4.2
경북,칠곡,참외,1,7,2021-06-23,4,,9.8,8.5,4.0
경북,칠곡,참외,1,7,2021-06-30,1,,10.0,10.0,5.79
경북,칠곡,참외,1,7,2021-06-30,2,,10.0,8.0,5.78
경북,칠곡,참외,1,7,2021-06-30,3,,10.0,9.0,4.55
경북,칠곡,참외,1,7,2021-06-30,4,,9.0,9.0,5.24
경북,칠곡,참외,1,7,2021-07-07,1,,9.0,8.0,5.54
경북,칠곡,참외,1,7,2021-07-07,2,,10.0,9.0,3.75
경북,칠곡,참외,1,7,2021-07-07,3,,9.0,9.0,4.13
경북,칠곡,참외,1,7,2021-07-07,4,,8.0,7.0,4.79
경북,칠곡,참외,1,7,2021-07-14,1,,11.0,10.0,5.13
경북,칠곡,참외,1,7,2021-07-14,2,,10.0,10.0,5.24
경북,칠곡,참외,1,7,2021-07-14,3,,11.0,11.0,4.29
경북,칠곡,참외,1,7,2021-07-14,4,,10.0,8.0,5.66
경북,칠곡,참외,1,7,2021-07-21,1,,11.0,10.0,5.23
경북,칠곡,참외,1,7,2021-07-21,2,,14.0,13.0,4.46
경북,칠곡,참외,1,7,2021-07-21,3,,12.0,10.0,5.56
경북,칠곡,참외,1,7,2021-07-21,4,,12.0,10.0,4.66
경북,칠곡,참외,1,7,2021-07-28,1,,12.0,11.0,6.18
경북,칠곡,참외,1,7,2021-07-28,2,,10.0,9.0,4.03
경북,칠곡,참외,1,7,2021-07-28,3,,11.0,10.0,4.86
경북,칠곡,참외,1,7,2021-07-28,4,,10.0,9.0,5.35
경북,칠곡,참외,1,7,2021-08-04,1,,10.0,10.0,6.66
경북,칠곡,참외,1,7,2021-08-04,2,,11.0,10.0,4.85
경북,칠곡,참외,1,7,2021-08-04,3,,9.0,9.0,5.63
경북,칠곡,참외,1,7,2021-08-04,4,,10.0,9.0,5.73
경북,칠곡,참외,1,7,2021-08-11,1,,,,
경북,칠곡,참외,1,7,2021-08-11,2,,,,
경북,칠곡,참외,1,7,2021-08-11,3,,,,
경북,칠곡,참외,1,7,2021-08-11,4,,,,
경북,성주,참외,1,1,2022-02-17,1,,13.0,12.0,4.27
경북,성주,참외,1,1,2022-02-17,2,,13.3,12.5,5.8
경북,성주,참외,1,1,2022-02-17,3,,14.8,13.6,5.46
경북,성주,참외,1,1,2022-02-17,4,,14.0,13.6,5.47
경북,성주,참외,1,1,2022-02-21,1,,14.5,14.0,5.67
경북,성주,참외,1,1,2022-02-21,2,,12.0,13.3,5.57
경북,성주,참외,1,1,2022-02-21,3,,11.9,11.0,4.84
경북,성주,참외,1,1,2022-02-21,4,,13.0,13.0,5.83
경북,성주,참외,1,1,2022-02-28,1,,12.5,11.0,4.79
경북,성주,참외,1,1,2022-02-28,2,,10.3,9.5,5.03
경북,성주,참외,1,1,2022-02-28,3,,13.0,11.5,4.69
경북,성주,참외,1,1,2022-02-28,4,,12.3,11.3,4.84
경북,성주,참외,1,1,2022-03-07,1,,12.0,11.7,5.53
경북,성주,참외,1,1,2022-03-07,2,,14.0,13.2,5.54
경북,성주,참외,1,1,2022-03-07,3,,12.0,11.0,4.57
경북,성주,참외,1,1,2022-03-07,4,,14.0,12.8,4.53
경북,성주,참외,1,1,2022-03-15,1,,12.0,11.5,5.81
경북,성주,참외,1,1,2022-03-15,2,,13.5,11.5,6.25
경북,성주,참외,1,1,2022-03-15,3,,12.4,11.4,5.35
경북,성주,참외,1,1,2022-03-15,4,,14.0,12.0,5.53
경북,성주,참외,1,1,2022-03-21,1,,11.0,10.5,5.77
경북,성주,참외,1,1,2022-03-21,2,,11.5,11.6,5.51
경북,성주,참외,1,1,2022-03-21,3,,11.5,10.2,5.4
경북,성주,참외,1,1,2022-03-21,4,,13.0,12.0,5.28
경북,성주,참외,1,1,2022-03-28,1,,11.5,11.0,5.14
경북,성주,참외,1,1,2022-03-28,2,,11.0,11.0,5.09
경북,성주,참외,1,1,2022-03-28,3,,11.0,10.5,4.3
경북,성주,참외,1,1,2022-03-28,4,,12.2,10.5,5.4
경북,성주,참외,1,1,2022-04-04,1,,10.5,9.5,5.81
경북,성주,참외,1,1,2022-04-04,2,,11.0,11.5,5.22
경북,성주,참외,1,1,2022-04-04,3,,12.0,10.5,5.14
경북,성주,참외,1,1,2022-04-04,4,,10.0,11.5,5.32
경북,성주,참외,1,1,2022-04-11,1,,10.5,11.5,5.34
경북,성주,참외,1,1,2022-04-11,2,,11.6,11.5,5.05
경북,성주,참외,1,1,2022-04-11,3,,11.0,11.5,5.4
경북,성주,참외,1,1,2022-04-11,4,,13.0,12.0,5.24
경북,성주,참외,1,1,2022-04-18,1,,11.5,11.0,4.58
경북,성주,참외,1,1,2022-04-18,2,,11.2,11.0,4.62
경북,성주,참외,1,1,2022-04-18,3,,13.5,13.4,4.96
경북,성주,참외,1,1,2022-04-18,4,,13.1,12.7,5.03
경북,성주,참외,1,1,2022-04-25,1,,11.5,11.5,5.45
경북,성주,참외,1,1,2022-04-25,2,,11.5,11.8,6.58
경북,성주,참외,1,1,2022-04-25,3,,13.2,13.5,5.05
경북,성주,참외,1,1,2022-04-25,4,,12.0,11.5,5.35
경북,성주,참외,1,1,2022-05-02,1,,11.0,10.0,4.28
경북,성주,참외,1,1,2022-05-02,2,,9.5,9.5,4.67
경북,성주,참외,1,1,2022-05-02,3,,10.0,9.5,4.81
경북,성주,참외,1,1,2022-05-02,4,,13.0,13.0,4.93
경북,성주,참외,1,1,2022-05-09,1,,11.0,11.0,4.18
경북,성주,참외,1,1,2022-05-09,2,,10.5,11.0,4.32
경북,성주,참외,1,1,2022-05-09,3,,11.0,11.5,4.5
경북,성주,참외,1,1,2022-05-09,4,,10.5,11.0,4.28
경북,성주,참외,1,1,2022-05-16,1,,11.5,11.3,5.35
경북,성주,참외,1,1,2022-05-16,2,,12.0,11.0,5.28
경북,성주,참외,1,1,2022-05-16,3,,11.5,10.2,4.88
경북,성주,참외,1,1,2022-05-16,4,,11.0,11.0,4.92
경북,성주,참외,1,1,2022-05-23,1,,10.0,9.5,4.46
경북,성주,참외,1,1,2022-05-23,2,,13.0,12.5,4.67
경북,성주,참외,1,1,2022-05-23,3,,11.0,11.5,4.24
경북,성주,참외,1,1,2022-05-23,4,,11.0,11.0,4.4
경북,성주,참외,1,1,2022-05-30,1,,10.6,9.6,4.65
경북,성주,참외,1,1,2022-05-30,2,,10.0,9.5,4.76
경북,성주,참외,1,1,2022-05-30,3,,11.1,10.2,4.92
경북,성주,참외,1,1,2022-05-30,4,,10.1,10.3,4.96
경북,성주,참외,1,1,2022-06-07,1,,11.5,11.7,3.93
경북,성주,참외,1,1,2022-06-07,2,,10.5,10.5,3.87
경북,성주,참외,1,1,2022-06-07,3,,9.0,9.0,3.22
경북,성주,참외,1,1,2022-06-07,4,,11.0,10.5,3.95
경북,성주,참외,1,1,2022-06-13,1,,10.5,10.0,4.43
경북,성주,참외,1,1,2022-06-13,2,,12.0,12.0,4.37
경북,성주,참외,1,1,2022-06-13,3,,12.0,11.5,4.46
경북,성주,참외,1,1,2022-06-13,4,,10.5,10.0,4.57
경북,성주,참외,1,1,2022-06-20,1,,9.5,9.5,4.57
경북,성주,참외,1,1,2022-06-20,2,,9.5,9.0,4.46
경북,성주,참외,1,1,2022-06-20,3,,10.0,9.5,4.58
경북,성주,참외,1,1,2022-06-20,4,,10.5,9.5,4.61
경북,성주,참외,1,1,2022-06-27,1,,8.5,8.0,3.79
경북,성주,참외,1,1,2022-06-27,2,,8.5,8.5,3.68
경북,성주,참외,1,1,2022-06-27,3,,8.0,8.0,3.81
경북,성주,참외,1,1,2022-06-27,4,,9.0,8.5,4.13
경북,성주,참외,1,1,2022-07-04,1,,10.0,10.0,3.14
경북,성주,참외,1,1,2022-07-04,2,,9.0,8.0,3.34
경북,성주,참외,1,1,2022-07-04,3,,8.5,8.0,3.27
경북,성주,참외,1,1,2022-07-04,4,,9.0,9.0,3.41
경북,성주,참외,1,1,2022-07-11,1,,9.0,9.0,4.14
경북,성주,참외,1,1,2022-07-11,2,,9.5,9.5,3.83
경북,성주,참외,1,1,2022-07-11,3,,9.5,9.0,3.52
경북,성주,참외,1,1,2022-07-11,4,,9.5,8.0,3.64
경북,성주,참외,1,1,2022-07-18,1,,9.0,9.0,4.08
경북,성주,참외,1,1,2022-07-18,2,,10.0,9.5,3.34
경북,성주,참외,1,1,2022-07-18,3,,9.5,9.0,3.45
경북,성주,참외,1,1,2022-07-18,4,,9.0,8.5,3.35
경북,성주,참외,1,1,2022-07-25,1,,10.0,10.0,3.62
경북,성주,참외,1,1,2022-07-25,2,,10.0,9.5,3.46
경북,성주,참외,1,1,2022-07-25,3,,9.0,9.0,3.73
경북,성주,참외,1,1,2022-07-25,4,,10.0,9.0,3.67
경북,성주,참외,1,1,2022-08-04,1,,10.0,10.0,3.95
경북,성주,참외,1,1,2022-08-04,2,,10.0,9.0,4.06
경북,성주,참외,1,1,2022-08-04,3,,10.0,9.0,4.33
경북,성주,참외,1,1,2022-08-04,4,,9.0,9.0,4.42
경북,성주,참외,1,1,2022-08-11,1,,10.0,9.5,3.84
경북,성주,참외,1,1,2022-08-11,2,,10.0,9.5,4.32
경북,성주,참외,1,1,2022-08-11,3,,9.0,9.0,4.18
경북,성주,참외,1,1,2022-08-11,4,,9.0,8.5,4.25
경북,성주,참외,1,1,2022-08-16,1,,4.0,4.0,3.14
경북,성주,참외,1,1,2022-08-16,2,,4.0,3.5,3.35
경북,성주,참외,1,1,2022-08-16,3,,5.0,4.0,3.24
경북,성주,참외,1,1,2022-08-16,4,,4.0,4.0,2.92
경북,성주,참외,1,2,2022-01-12,1,197.0,9.0,9.0,3.45
경북,성주,참외,1,2,2022-01-12,2,259.0,8.0,7.0,3.28
경북,성주,참외,1,2,2022-01-12,3,270.0,9.0,8.0,3.92
경북,성주,참외,1,2,2022-01-12,4,274.0,9.5,9.0,4.34
경북,성주,참외,1,2,2022-01-17,1,250.0,12.0,9.0,4.45
경북,성주,참외,1,2,2022-01-17,2,270.0,12.0,7.5,4.31
경북,성주,참외,1,2,2022-01-17,3,294.0,10.0,8.0,5.13
경북,성주,참외,1,2,2022-01-17,4,288.0,10.5,10.0,4.43
경북,성주,참외,1,2,2022-01-24,1,,12.0,9.5,4.58
경북,성주,참외,1,2,2022-01-24,2,,12.0,8.0,4.58
경북,성주,참외,1,2,2022-01-24,3,,10.0,8.0,5.26
경북,성주,참외,1,2,2022-01-24,4,,10.5,10.5,4.58
경북,성주,참외,1,2,2022-02-03,1,,13.0,11.0,4.88
경북,성주,참외,1,2,2022-02-03,2,,13.0,12.0,4.66
경북,성주,참외,1,2,2022-02-03,3,,12.5,11.0,5.34
경북,성주,참외,1,2,2022-02-03,4,,12.0,11.0,5.04
경북,성주,참외,1,2,2022-02-07,1,,13.2,11.4,4.91
경북,성주,참외,1,2,2022-02-07,2,,13.2,12.5,4.72
경북,성주,참외,1,2,2022-02-07,3,,12.7,11.5,5.46
경북,성주,참외,1,2,2022-02-07,4,,12.4,11.5,5.12
경북,성주,참외,1,2,2022-02-14,1,,13.2,11.5,4.93
경북,성주,참외,1,2,2022-02-14,2,,13.2,13.0,4.81
경북,성주,참외,1,2,2022-02-14,3,,12.7,11.8,5.48
경북,성주,참외,1,2,2022-02-14,4,,12.5,11.5,5.13
경북,성주,참외,1,2,2022-02-21,1,,13.2,11.5,4.95
경북,성주,참외,1,2,2022-02-21,2,,13.2,13.0,4.84
경북,성주,참외,1,2,2022-02-21,3,,12.8,12.0,5.49
경북,성주,참외,1,2,2022-02-21,4,,12.5,11.5,5.15
경북,성주,참외,1,2,2022-02-28,1,,13.5,12.0,4.96
경북,성주,참외,1,2,2022-02-28,2,,13.5,13.0,4.92
경북,성주,참외,1,2,2022-02-28,3,,13.0,12.5,5.52
경북,성주,참외,1,2,2022-02-28,4,,12.5,11.5,5.17
경북,성주,참외,1,2,2022-03-07,1,,13.5,12.0,4.97
경북,성주,참외,1,2,2022-03-07,2,,13.5,13.0,5.04
경북,성주,참외,1,2,2022-03-07,3,,13.0,12.5,5.53
경북,성주,참외,1,2,2022-03-07,4,,12.5,11.5,5.18
경북,성주,참외,1,2,2022-03-14,1,,13.5,12.0,4.98
경북,성주,참외,1,2,2022-03-14,2,,13.5,13.0,5.05
경북,성주,참외,1,2,2022-03-14,3,,13.0,12.5,5.54
경북,성주,참외,1,2,2022-03-14,4,,12.5,11.5,5.19
경북,성주,참외,1,2,2022-03-21,1,,13.5,12.5,4.99
경북,성주,참외,1,2,2022-03-21,2,,13.5,13.0,5.06
경북,성주,참외,1,2,2022-03-21,3,,13.0,12.5,5.55
경북,성주,참외,1,2,2022-03-21,4,,12.5,11.5,5.2
경북,성주,참외,1,2,2022-03-28,1,,13.5,12.5,5.0
경북,성주,참외,1,2,2022-03-28,2,,13.5,13.0,5.07
경북,성주,참외,1,2,2022-03-28,3,,13.0,12.5,5.56
경북,성주,참외,1,2,2022-03-28,4,,12.5,11.5,5.21
경북,성주,참외,1,2,2022-04-04,1,,13.5,12.5,5.01
경북,성주,참외,1,2,2022-04-04,2,,13.5,13.0,5.08
경북,성주,참외,1,2,2022-04-04,3,,13.0,12.5,5.57
경북,성주,참외,1,2,2022-04-04,4,,12.5,11.5,5.22
경북,성주,참외,1,2,2022-04-11,1,,13.5,12.5,5.02
경북,성주,참외,1,2,2022-04-11,2,,13.5,13.0,5.09
경북,성주,참외,1,2,2022-04-11,3,,13.5,12.5,5.58
경북,성주,참외,1,2,2022-04-11,4,,12.5,11.5,5.23
경북,성주,참외,1,2,2022-04-18,1,,13.5,12.5,5.03
경북,성주,참외,1,2,2022-04-18,2,,13.5,13.0,5.1
경북,성주,참외,1,2,2022-04-18,3,,13.5,13.0,5.59
경북,성주,참외,1,2,2022-04-18,4,,13.0,11.5,5.24
경북,성주,참외,1,2,2022-04-25,1,,12.0,11.0,4.55
경북,성주,참외,1,2,2022-04-25,2,,13.0,12.0,4.23
경북,성주,참외,1,2,2022-04-25,3,,13.0,12.0,3.59
경북,성주,참외,1,2,2022-04-25,4,,12.0,11.5,4.47
경북,성주,참외,1,2,2022-05-02,1,,13.0,12.0,4.18
경북,성주,참외,1,2,2022-05-02,2,,13.0,12.0,3.84
경북,성주,참외,1,2,2022-05-02,3,,13.0,12.0,3.86
경북,성주,참외,1,2,2022-05-02,4,,14.0,13.0,4.35
경북,성주,참외,1,2,2022-05-09,1,,13.0,12.0,3.68
경북,성주,참외,1,2,2022-05-09,2,,13.0,12.0,3.8
경북,성주,참외,1,2,2022-05-09,3,,13.0,12.0,3.58
경북,성주,참외,1,2,2022-05-09,4,,13.0,12.0,3.56
경북,성주,참외,1,2,2022-05-16,1,,13.0,12.0,4.53
경북,성주,참외,1,2,2022-05-16,2,,13.0,12.0,4.72
경북,성주,참외,1,2,2022-05-16,3,,13.0,12.0,3.92
경북,성주,참외,1,2,2022-05-16,4,,14.0,13.0,3.83
경북,성주,참외,1,2,2022-05-23,1,,13.0,12.0,4.61
경북,성주,참외,1,2,2022-05-23,2,,13.0,12.0,3.74
경북,성주,참외,1,2,2022-05-23,3,,14.0,13.0,4.34
경북,성주,참외,1,2,2022-05-23,4,,13.0,12.0,3.15
경북,성주,참외,1,2,2022-05-30,1,,,,
경북,성주,참외,1,2,2022-05-30,2,,13.0,12.0,4.57
경북,성주,참외,1,2,2022-05-30,3,,13.0,12.0,3.68
경북,성주,참외,1,2,2022-05-30,4,,,,
경북,성주,참외,1,2,2022-06-07,1,,,,
경북,성주,참외,1,2,2022-06-07,2,,13.0,12.0,4.57
경북,성주,참외,1,2,2022-06-07,3,,12.0,12.0,3.69
경북,성주,참외,1,2,2022-06-07,4,,,,
경북,성주,참외,1,2,2022-06-13,1,,,,
경북,성주,참외,1,2,2022-06-13,2,,12.5,11.0,4.58
경북,성주,참외,1,2,2022-06-13,3,,13.0,12.0,3.7
경북,성주,참외,1,2,2022-06-13,4,,,,
경북,성주,참외,1,2,2022-06-20,1,,,,
경북,성주,참외,1,2,2022-06-20,2,,13.0,11.0,4.59
경북,성주,참외,1,2,2022-06-20,3,,14.0,11.0,3.71
경북,성주,참외,1,2,2022-06-20,4,,,,
경북,성주,참외,1,2,2022-06-27,1,,,,
경북,성주,참외,1,2,2022-06-27,2,,12.0,10.0,4.6
경북,성주,참외,1,2,2022-06-27,3,,13.0,11.0,3.75
경북,성주,참외,1,2,2022-06-27,4,,,,
경북,성주,참외,1,3,2022-01-13,1,,8.0,7.0,3.9
경북,성주,참외,1,3,2022-01-13,2,,8.0,7.0,3.71
경북,성주,참외,1,3,2022-01-13,3,,9.0,6.0,3.16
경북,성주,참외,1,3,2022-01-13,4,,8.0,7.0,3.61
경북,성주,참외,1,3,2022-01-19,1,,9.0,8.5,4.06
경북,성주,참외,1,3,2022-01-19,2,,9.0,8.0,4.33
경북,성주,참외,1,3,2022-01-19,3,,7.0,7.0,4.32
경북,성주,참외,1,3,2022-01-19,4,,9.0,7.0,3.8
경북,성주,참외,1,3,2022-01-26,1,,12.0,11.0,5.41
경북,성주,참외,1,3,2022-01-26,2,,10.0,9.0,4.49
경북,성주,참외,1,3,2022-01-26,3,,10.0,9.0,4.67
경북,성주,참외,1,3,2022-01-26,4,,10.0,9.0,4.02
경북,성주,참외,1,3,2022-02-04,1,,12.4,11.5,5.44
경북,성주,참외,1,3,2022-02-04,2,,11.0,10.4,4.57
경북,성주,참외,1,3,2022-02-04,3,,10.5,10.0,4.72
경북,성주,참외,1,3,2022-02-04,4,,12.0,10.0,4.12
경북,성주,참외,1,3,2022-02-09,1,,12.5,11.5,5.48
경북,성주,참외,1,3,2022-02-09,2,,11.0,10.5,4.69
경북,성주,참외,1,3,2022-02-09,3,,10.5,10.0,4.83
경북,성주,참외,1,3,2022-02-09,4,,12.0,11.0,4.24
경북,성주,참외,1,3,2022-02-16,1,,12.5,11.5,5.5
경북,성주,참외,1,3,2022-02-16,2,,11.0,10.5,4.73
경북,성주,참외,1,3,2022-02-16,3,,11.0,10.0,4.86
경북,성주,참외,1,3,2022-02-16,4,,12.0,11.0,4.28
경북,성주,참외,1,3,2022-02-23,1,,12.5,11.5,5.53
경북,성주,참외,1,3,2022-02-23,2,,11.0,10.5,4.92
경북,성주,참외,1,3,2022-02-23,3,,11.0,10.0,4.89
경북,성주,참외,1,3,2022-02-23,4,,12.0,11.0,4.31
경북,성주,참외,1,3,2022-03-04,1,,12.5,11.5,5.54
경북,성주,참외,1,3,2022-03-04,2,,12.0,11.0,4.93
경북,성주,참외,1,3,2022-03-04,3,,11.0,10.0,4.93
경북,성주,참외,1,3,2022-03-04,4,,12.0,11.0,4.45
경북,성주,참외,1,3,2022-03-10,1,,12.5,11.5,5.55
경북,성주,참외,1,3,2022-03-10,2,,12.0,11.0,4.94
경북,성주,참외,1,3,2022-03-10,3,,11.0,10.0,4.94
경북,성주,참외,1,3,2022-03-10,4,,12.0,11.0,4.52
경북,성주,참외,1,3,2022-03-17,1,,12.5,11.5,5.56
경북,성주,참외,1,3,2022-03-17,2,,12.0,11.0,4.95
경북,성주,참외,1,3,2022-03-17,3,,11.0,10.0,4.95
경북,성주,참외,1,3,2022-03-17,4,,12.0,11.0,4.54
경북,성주,참외,1,3,2022-03-24,1,,12.5,11.5,5.57
경북,성주,참외,1,3,2022-03-24,2,,12.0,11.0,4.97
경북,성주,참외,1,3,2022-03-24,3,,11.0,10.0,4.96
경북,성주,참외,1,3,2022-03-24,4,,12.0,11.0,4.55
경북,성주,참외,1,3,2022-03-31,1,,12.5,11.5,5.58
경북,성주,참외,1,3,2022-03-31,2,,12.0,11.0,4.98
경북,성주,참외,1,3,2022-03-31,3,,12.0,11.0,4.97
경북,성주,참외,1,3,2022-03-31,4,,12.0,11.0,4.56
경북,성주,참외,1,3,2022-04-07,1,,12.5,11.5,5.59
경북,성주,참외,1,3,2022-04-07,2,,12.0,11.5,4.99
경북,성주,참외,1,3,2022-04-07,3,,13.0,12.0,4.98
경북,성주,참외,1,3,2022-04-07,4,,12.5,11.5,4.57
경북,성주,참외,1,3,2022-04-14,1,,12.5,11.5,5.6
경북,성주,참외,1,3,2022-04-14,2,,12.5,11.5,5.0
경북,성주,참외,1,3,2022-04-14,3,,13.0,12.0,4.99
경북,성주,참외,1,3,2022-04-14,4,,12.5,11.5,4.58
경북,성주,참외,1,3,2022-04-21,1,,13.0,12.0,4.31
경북,성주,참외,1,3,2022-04-21,2,,12.0,11.0,3.77
경북,성주,참외,1,3,2022-04-21,3,,12.0,11.0,3.91
경북,성주,참외,1,3,2022-04-21,4,,12.0,11.0,4.59
경북,성주,참외,1,3,2022-04-28,1,,13.0,12.0,4.74
경북,성주,참외,1,3,2022-04-28,2,,13.0,12.0,4.43
경북,성주,참외,1,3,2022-04-28,3,,12.0,11.0,3.65
경북,성주,참외,1,3,2022-04-28,4,,14.0,13.0,4.01
경북,성주,참외,1,3,2022-05-03,1,,13.0,12.0,4.19
경북,성주,참외,1,3,2022-05-03,2,,13.0,12.0,4.31
경북,성주,참외,1,3,2022-05-03,3,,13.0,12.0,4.02
경북,성주,참외,1,3,2022-05-03,4,,12.0,12.0,4.08
경북,성주,참외,1,3,2022-05-12,1,,12.0,12.0,4.49
경북,성주,참외,1,3,2022-05-12,2,,13.0,12.0,4.43
경북,성주,참외,1,3,2022-05-12,3,,13.0,12.0,3.81
경북,성주,참외,1,3,2022-05-12,4,,13.0,12.0,3.75
경북,성주,참외,1,3,2022-05-19,1,,13.0,12.0,3.45
경북,성주,참외,1,3,2022-05-19,2,,13.0,12.0,3.77
경북,성주,참외,1,3,2022-05-19,3,,13.0,12.0,3.52
경북,성주,참외,1,3,2022-05-19,4,,12.0,12.0,3.6
경북,성주,참외,1,3,2022-05-26,1,,13.0,12.0,5.13
경북,성주,참외,1,3,2022-05-26,2,,13.0,12.0,4.16
경북,성주,참외,1,3,2022-05-26,3,,13.0,12.0,3.21
경북,성주,참외,1,3,2022-05-26,4,,12.0,11.0,3.44
경북,성주,참외,1,3,2022-06-02,1,,13.0,12.0,5.14
경북,성주,참외,1,3,2022-06-02,2,,13.0,12.0,4.17
경북,성주,참외,1,3,2022-06-02,3,,13.0,12.0,3.22
경북,성주,참외,1,3,2022-06-02,4,,12.0,12.0,3.46
경북,성주,참외,1,3,2022-06-09,1,,13.0,12.0,4.83
경북,성주,참외,1,3,2022-06-09,2,,13.0,12.0,5.15
경북,성주,참외,1,3,2022-06-09,3,,13.0,12.0,4.18
경북,성주,참외,1,3,2022-06-09,4,,12.0,12.0,3.24
경북,성주,참외,1,3,2022-06-16,1,,12.0,10.0,4.81
경북,성주,참외,1,3,2022-06-16,2,,13.0,11.0,5.13
경북,성주,참외,1,3,2022-06-16,3,,12.5,12.0,4.17
경북,성주,참외,1,3,2022-06-16,4,,11.0,10.0,3.22
경북,성주,참외,1,3,2022-06-23,1,,11.0,10.0,4.82
경북,성주,참외,1,3,2022-06-23,2,,12.0,11.0,5.14
경북,성주,참외,1,3,2022-06-23,3,,13.0,11.0,4.18
경북,성주,참외,1,3,2022-06-23,4,,11.5,10.5,3.23
경북,성주,참외,1,3,2022-06-30,1,,10.0,9.0,4.84
경북,성주,참외,1,3,2022-06-30,2,,11.0,11.0,5.15
경북,성주,참외,1,3,2022-06-30,3,,10.5,9.0,4.16
경북,성주,참외,1,3,2022-06-30,4,,13.0,12.0,3.21
경북,성주,참외,1,4,2022-01-14,1,235.0,10.0,9.0,4.45
경북,성주,참외,1,4,2022-01-14,2,280.0,11.0,9.0,4.95
경북,성주,참외,1,4,2022-01-14,3,207.0,11.0,9.0,4.47
경북,성주,참외,1,4,2022-01-14,4,240.0,11.0,10.0,4.92
경북,성주,참외,1,4,2022-01-18,1,278.0,11.0,10.0,4.5
경북,성주,참외,1,4,2022-01-18,2,313.0,11.5,10.0,5.24
경북,성주,참외,1,4,2022-01-18,3,300.0,11.0,10.0,4.65
경북,성주,참외,1,4,2022-01-18,4,286.0,11.5,11.5,5.3
경북,성주,참외,1,4,2022-01-25,1,,11.0,10.0,4.61
경북,성주,참외,1,4,2022-01-25,2,,12.0,10.0,5.67
경북,성주,참외,1,4,2022-01-25,3,,11.5,11.0,4.82
경북,성주,참외,1,4,2022-01-25,4,,12.0,12.0,5.63
경북,성주,참외,1,4,2022-02-03,1,,11.5,11.0,4.76
경북,성주,참외,1,4,2022-02-03,2,,12.9,11.1,5.72
경북,성주,참외,1,4,2022-02-03,3,,11.8,9.2,4.91
경북,성주,참외,1,4,2022-02-03,4,,13.1,12.3,5.71
경북,성주,참외,1,4,2022-02-08,1,,12.5,11.0,4.84
경북,성주,참외,1,4,2022-02-08,2,,13.0,11.5,5.83
경북,성주,참외,1,4,2022-02-08,3,,12.0,9.5,5.0
경북,성주,참외,1,4,2022-02-08,4,,13.5,12.5,5.84
경북,성주,참외,1,4,2022-02-15,1,,12.5,11.0,4.85
경북,성주,참외,1,4,2022-02-15,2,,13.0,12.0,5.89
경북,성주,참외,1,4,2022-02-15,3,,12.0,10.0,5.06
경북,성주,참외,1,4,2022-02-15,4,,13.5,12.5,5.87
경북,성주,참외,1,4,2022-02-22,1,,12.5,11.0,4.87
경북,성주,참외,1,4,2022-02-22,2,,13.0,12.0,5.91
경북,성주,참외,1,4,2022-02-22,3,,12.0,10.0,5.11
경북,성주,참외,1,4,2022-02-22,4,,13.5,12.5,5.89
경북,성주,참외,1,4,2022-03-03,1,,13.0,12.0,5.18
경북,성주,참외,1,4,2022-03-03,2,,13.0,12.0,5.94
경북,성주,참외,1,4,2022-03-03,3,,12.0,11.0,5.14
경북,성주,참외,1,4,2022-03-03,4,,13.5,12.5,5.92
경북,성주,참외,1,4,2022-03-08,1,,13.0,12.0,5.2
경북,성주,참외,1,4,2022-03-08,2,,13.0,12.0,5.95
경북,성주,참외,1,4,2022-03-08,3,,12.0,11.0,5.26
경북,성주,참외,1,4,2022-03-08,4,,13.5,12.5,5.93
경북,성주,참외,1,4,2022-03-16,1,,13.0,12.0,5.34
경북,성주,참외,1,4,2022-03-16,2,,13.0,12.0,5.96
경북,성주,참외,1,4,2022-03-16,3,,12.0,11.0,5.27
경북,성주,참외,1,4,2022-03-16,4,,13.5,12.5,5.94
경북,성주,참외,1,4,2022-03-23,1,,13.0,12.0,5.4
경북,성주,참외,1,4,2022-03-23,2,,13.0,12.0,6.0
경북,성주,참외,1,4,2022-03-23,3,,12.5,11.5,5.37
경북,성주,참외,1,4,2022-03-23,4,,13.5,12.5,5.98
경북,성주,참외,1,4,2022-03-30,1,,13.0,12.0,5.41
경북,성주,참외,1,4,2022-03-30,2,,13.0,12.0,6.01
경북,성주,참외,1,4,2022-03-30,3,,12.5,11.5,5.38
경북,성주,참외,1,4,2022-03-30,4,,13.5,12.5,5.99
경북,성주,참외,1,4,2022-04-06,1,,13.0,12.0,5.42
경북,성주,참외,1,4,2022-04-06,2,,13.0,12.0,6.02
경북,성주,참외,1,4,2022-04-06,3,,13.0,12.0,5.39
경북,성주,참외,1,4,2022-04-06,4,,13.5,12.5,6.0
경북,성주,참외,1,4,2022-04-13,1,,13.0,12.0,5.43
경북,성주,참외,1,4,2022-04-13,2,,13.0,12.0,6.03
경북,성주,참외,1,4,2022-04-13,3,,13.0,12.5,5.4
경북,성주,참외,1,4,2022-04-13,4,,13.5,12.5,6.01
경북,성주,참외,1,4,2022-04-20,1,,13.0,12.0,4.58
경북,성주,참외,1,4,2022-04-20,2,,13.0,12.0,4.69
경북,성주,참외,1,4,2022-04-20,3,,12.0,11.0,4.2
경북,성주,참외,1,4,2022-04-20,4,,13.0,12.0,4.11
경북,성주,참외,1,4,2022-04-27,1,,14.0,13.0,5.07
경북,성주,참외,1,4,2022-04-27,2,,13.0,12.0,4.24
경북,성주,참외,1,4,2022-04-27,3,,12.0,12.0,4.3
경북,성주,참외,1,4,2022-04-27,4,,13.0,12.0,4.2
경북,성주,참외,1,4,2022-05-04,1,,13.0,12.0,4.07
경북,성주,참외,1,4,2022-05-04,2,,13.0,12.0,3.76
경북,성주,참외,1,4,2022-05-04,3,,14.0,13.0,3.91
경북,성주,참외,1,4,2022-05-04,4,,14.0,13.0,3.49
경북,성주,참외,1,4,2022-05-11,1,,13.0,13.0,3.81
경북,성주,참외,1,4,2022-05-11,2,,12.0,12.0,4.44
경북,성주,참외,1,4,2022-05-11,3,,13.0,12.0,4.46
경북,성주,참외,1,4,2022-05-11,4,,14.0,13.0,4.62
경북,성주,참외,1,4,2022-05-18,1,,13.0,12.0,5.14
경북,성주,참외,1,4,2022-05-18,2,,13.0,12.0,3.62
경북,성주,참외,1,4,2022-05-18,3,,13.0,12.0,4.05
경북,성주,참외,1,4,2022-05-18,4,,13.0,12.0,4.79
경북,성주,참외,1,4,2022-05-25,1,,13.0,12.0,3.84
경북,성주,참외,1,4,2022-05-25,2,,13.0,12.0,4.65
경북,성주,참외,1,4,2022-05-25,3,,13.0,12.0,4.48
경북,성주,참외,1,4,2022-05-25,4,,13.0,12.0,4.14
경북,성주,참외,1,4,2022-05-31,1,,12.0,12.0,4.31
경북,성주,참외,1,4,2022-05-31,2,,13.0,12.0,3.58
경북,성주,참외,1,4,2022-05-31,3,,12.0,11.0,4.12
경북,성주,참외,1,4,2022-05-31,4,,12.0,11.0,4.04
경북,성주,참외,1,4,2022-06-08,1,,12.0,12.0,4.32
경북,성주,참외,1,4,2022-06-08,2,,13.0,12.0,3.59
경북,성주,참외,1,4,2022-06-08,3,,12.0,11.0,4.13
경북,성주,참외,1,4,2022-06-08,4,,12.0,11.0,4.05
경북,성주,참외,1,4,2022-06-15,1,,12.0,11.5,4.3
경북,성주,참외,1,4,2022-06-15,2,,10.5,10.0,3.57
경북,성주,참외,1,4,2022-06-15,3,,11.0,11.0,4.14
경북,성주,참외,1,4,2022-06-15,4,,12.0,11.0,4.03
경북,성주,참외,1,4,2022-06-22,1,,13.0,11.0,4.31
경북,성주,참외,1,4,2022-06-22,2,,11.0,10.0,3.58
경북,성주,참외,1,4,2022-06-22,3,,10.0,9.5,4.15
경북,성주,참외,1,4,2022-06-22,4,,9.5,9.0,4.04
경북,성주,참외,1,4,2022-06-29,1,,12.0,11.0,4.33
경북,성주,참외,1,4,2022-06-29,2,,10.0,9.0,3.6
경북,성주,참외,1,4,2022-06-29,3,,14.0,11.0,4.13
경북,성주,참외,1,4,2022-06-29,4,,13.0,11.0,4.05
경북,성주,참외,1,4,2022-07-06,1,,11.0,10.5,4.35
경북,성주,참외,1,4,2022-07-06,2,,11.0,10.0,3.63
경북,성주,참외,1,4,2022-07-06,3,,12.0,11.0,4.15
경북,성주,참외,1,4,2022-07-06,4,,8.0,7.0,4.07
경북,성주,참외,1,4,2022-07-13,1,,9.0,9.0,3.42
경북,성주,참외,1,4,2022-07-13,2,,8.0,8.0,3.18
경북,성주,참외,1,4,2022-07-13,3,,8.0,7.0,3.56
경북,성주,참외,1,4,2022-07-13,4,,8.0,8.0,3.64
경북,성주,참외,1,4,2022-07-20,1,,9.0,8.0,4.24
경북,성주,참외,1,4,2022-07-20,2,,9.0,9.0,3.94
경북,성주,참외,1,4,2022-07-20,3,,10.0,9.0,3.53
경북,성주,참외,1,4,2022-07-20,4,,9.0,9.0,3.37
경북,성주,참외,1,5,2022-01-12,1,240.0,11.5,9.0,4.04
경북,성주,참외,1,5,2022-01-12,2,301.0,8.5,7.5,3.69
경북,성주,참외,1,5,2022-01-12,3,216.0,7.0,6.0,3.32
경북,성주,참외,1,5,2022-01-12,4,262.0,8.5,7.0,3.17
경북,성주,참외,1,5,2022-01-17,1,,12.0,9.5,4.65
경북,성주,참외,1,5,2022-01-17,2,,11.0,9.0,4.41
경북,성주,참외,1,5,2022-01-17,3,,12.0,9.0,3.48
경북,성주,참외,1,5,2022-01-17,4,,10.0,8.0,3.51
경북,성주,참외,1,5,2022-01-24,1,,12.0,10.0,4.8
경북,성주,참외,1,5,2022-01-24,2,,12.0,10.0,4.53
경북,성주,참외,1,5,2022-01-24,3,,12.0,10.0,4.37
경북,성주,참외,1,5,2022-01-24,4,,11.0,9.0,4.17
경북,성주,참외,1,5,2022-02-03,1,,12.7,10.5,4.94
경북,성주,참외,1,5,2022-02-03,2,,13.0,12.0,4.68
경북,성주,참외,1,5,2022-02-03,3,,12.5,10.8,4.44
경북,성주,참외,1,5,2022-02-03,4,,12.0,10.0,4.23
경북,성주,참외,1,5,2022-02-07,1,,12.8,11.0,5.01
경북,성주,참외,1,5,2022-02-07,2,,13.2,12.3,4.71
경북,성주,참외,1,5,2022-02-07,3,,13.0,11.0,4.51
경북,성주,참외,1,5,2022-02-07,4,,13.0,13.0,4.36
경북,성주,참외,1,5,2022-02-14,1,,12.8,11.0,5.05
경북,성주,참외,1,5,2022-02-14,2,,13.2,12.5,4.73
경북,성주,참외,1,5,2022-02-14,3,,13.0,12.0,4.55
경북,성주,참외,1,5,2022-02-14,4,,13.0,13.0,4.38
경북,성주,참외,1,5,2022-02-21,1,,12.8,11.0,5.08
경북,성주,참외,1,5,2022-02-21,2,,13.2,12.5,4.76
경북,성주,참외,1,5,2022-02-21,3,,13.0,12.0,4.82
경북,성주,참외,1,5,2022-02-21,4,,13.0,13.0,4.7
경북,성주,참외,1,5,2022-02-28,1,,13.0,12.0,5.11
경북,성주,참외,1,5,2022-02-28,2,,13.5,12.5,4.78
경북,성주,참외,1,5,2022-02-28,3,,13.0,12.0,4.98
경북,성주,참외,1,5,2022-02-28,4,,13.0,13.0,4.73
경북,성주,참외,1,5,2022-03-07,1,,13.0,12.0,5.12
경북,성주,참외,1,5,2022-03-07,2,,13.5,12.5,4.79
경북,성주,참외,1,5,2022-03-07,3,,13.0,12.0,5.13
경북,성주,참외,1,5,2022-03-07,4,,13.0,13.0,4.87
경북,성주,참외,1,5,2022-03-14,1,,13.0,12.0,5.13
경북,성주,참외,1,5,2022-03-14,2,,13.5,12.5,4.8
경북,성주,참외,1,5,2022-03-14,3,,13.0,12.0,5.17
경북,성주,참외,1,5,2022-03-14,4,,13.0,13.0,4.88
경북,성주,참외,1,5,2022-03-21,1,,13.0,12.0,5.14
경북,성주,참외,1,5,2022-03-21,2,,13.5,12.5,4.81
경북,성주,참외,1,5,2022-03-21,3,,13.0,12.0,5.18
경북,성주,참외,1,5,2022-03-21,4,,13.0,13.0,4.89
경북,성주,참외,1,5,2022-03-28,1,,13.0,12.0,5.15
경북,성주,참외,1,5,2022-03-28,2,,13.5,12.5,4.82
경북,성주,참외,1,5,2022-03-28,3,,13.0,12.0,5.19
경북,성주,참외,1,5,2022-03-28,4,,13.0,13.0,4.9
경북,성주,참외,1,5,2022-04-04,1,,13.0,12.5,5.16
경북,성주,참외,1,5,2022-04-04,2,,13.5,12.5,4.83
경북,성주,참외,1,5,2022-04-04,3,,13.0,12.0,5.2
경북,성주,참외,1,5,2022-04-04,4,,13.5,13.0,4.91
경북,성주,참외,1,5,2022-04-11,1,,13.0,12.5,5.17
경북,성주,참외,1,5,2022-04-11,2,,13.5,12.5,4.84
경북,성주,참외,1,5,2022-04-11,3,,13.0,12.5,5.21
경북,성주,참외,1,5,2022-04-11,4,,13.5,13.0,4.92
경북,성주,참외,1,5,2022-04-18,1,,13.0,12.5,5.21
경북,성주,참외,1,5,2022-04-18,2,,13.5,12.5,4.85
경북,성주,참외,1,5,2022-04-18,3,,13.0,12.5,5.22
경북,성주,참외,1,5,2022-04-18,4,,14.0,13.0,4.94
경북,성주,참외,1,5,2022-04-25,1,,13.0,12.0,3.84
경북,성주,참외,1,5,2022-04-25,2,,12.0,11.0,3.53
경북,성주,참외,1,5,2022-04-25,3,,14.0,13.0,4.01
경북,성주,참외,1,5,2022-04-25,4,,13.0,12.0,4.43
경북,성주,참외,1,5,2022-05-02,1,,13.0,12.0,3.84
경북,성주,참외,1,5,2022-05-02,2,,12.0,11.0,3.53
경북,성주,참외,1,5,2022-05-02,3,,14.0,13.0,4.01
경북,성주,참외,1,5,2022-05-02,4,,13.0,12.0,4.43
경북,성주,참외,1,5,2022-05-09,1,,13.0,12.0,3.87
경북,성주,참외,1,5,2022-05-09,2,,13.0,12.0,3.47
경북,성주,참외,1,5,2022-05-09,3,,12.0,12.0,3.52
경북,성주,참외,1,5,2022-05-09,4,,13.0,12.0,3.97
경북,성주,참외,1,5,2022-05-16,1,,13.0,12.0,4.56
경북,성주,참외,1,5,2022-05-16,2,,13.0,12.0,4.92
경북,성주,참외,1,5,2022-05-16,3,,13.0,12.0,3.71
경북,성주,참외,1,5,2022-05-16,4,,13.0,12.0,4.06
경북,성주,참외,1,5,2022-05-23,1,,13.0,12.0,3.7
경북,성주,참외,1,5,2022-05-23,2,,13.0,12.0,3.86
경북,성주,참외,1,5,2022-05-23,3,,13.0,12.0,3.12
경북,성주,참외,1,5,2022-05-23,4,,13.0,12.0,3.88
경북,성주,참외,1,5,2022-05-30,1,,13.0,12.0,4.24
경북,성주,참외,1,5,2022-05-30,2,,13.0,12.0,3.99
경북,성주,참외,1,5,2022-05-30,3,,13.0,12.0,3.31
경북,성주,참외,1,5,2022-05-30,4,,13.0,12.0,4.08
경북,성주,참외,1,5,2022-06-07,1,,13.0,12.0,4.25
경북,성주,참외,1,5,2022-06-07,2,,13.0,12.0,4.0
경북,성주,참외,1,5,2022-06-07,3,,13.0,12.0,3.33
경북,성주,참외,1,5,2022-06-07,4,,13.0,12.0,4.1
경북,성주,참외,1,5,2022-06-13,1,,12.0,11.0,4.26
경북,성주,참외,1,5,2022-06-13,2,,10.5,10.0,4.01
경북,성주,참외,1,5,2022-06-13,3,,10.0,9.0,3.34
경북,성주,참외,1,5,2022-06-13,4,,12.0,11.0,4.11
경북,성주,참외,1,5,2022-06-20,1,,12.5,12.0,4.29
경북,성주,참외,1,5,2022-06-20,2,,11.0,10.5,4.03
경북,성주,참외,1,5,2022-06-20,3,,11.0,9.0,3.31
경북,성주,참외,1,5,2022-06-20,4,,10.0,10.0,4.09
경북,성주,참외,1,5,2022-06-27,1,,10.0,10.0,4.25
경북,성주,참외,1,5,2022-06-27,2,,10.5,10.0,4.06
경북,성주,참외,1,5,2022-06-27,3,,12.0,11.0,3.32
경북,성주,참외,1,5,2022-06-27,4,,11.0,10.0,4.13
경북,성주,참외,1,5,2022-07-04,1,,9.0,8.0,4.21
경북,성주,참외,1,5,2022-07-04,2,,10.0,10.0,4.1
경북,성주,참외,1,5,2022-07-04,3,,13.5,12.0,3.36
경북,성주,참외,1,5,2022-07-04,4,,14.0,12.0,4.15
경북,성주,참외,1,5,2022-07-11,1,,7.0,7.0,3.78
경북,성주,참외,1,5,2022-07-11,2,,8.0,8.0,3.64
경북,성주,참외,1,5,2022-07-11,3,,10.0,10.5,3.15
경북,성주,참외,1,5,2022-07-11,4,,11.0,10.0,3.97
경북,성주,참외,1,5,2022-07-18,1,,7.0,7.0,3.12
경북,성주,참외,1,5,2022-07-18,2,,8.0,8.0,2.9
경북,성주,참외,1,5,2022-07-18,3,,9.0,10.0,2.84
경북,성주,참외,1,5,2022-07-18,4,,9.0,10.0,3.42
경북,성주,참외,1,7,2022-01-13,1,149.0,9.0,8.0,3.6
경북,성주,참외,1,7,2022-01-13,2,168.0,10.0,9.0,4.67
경북,성주,참외,1,7,2022-01-13,3,162.0,9.0,9.0,4.4
경북,성주,참외,1,7,2022-01-13,4,166.0,10.0,9.0,5.14
경북,성주,참외,1,7,2022-01-17,1,,10.0,9.0,4.83
경북,성주,참외,1,7,2022-01-17,2,,11.0,9.5,5.5
경북,성주,참외,1,7,2022-01-17,3,,11.0,9.0,5.03
경북,성주,참외,1,7,2022-01-17,4,,11.0,10.0,5.98
경북,성주,참외,1,7,2022-01-24,1,,10.0,9.0,4.88
경북,성주,참외,1,7,2022-01-24,2,,11.0,10.0,5.52
경북,성주,참외,1,7,2022-01-24,3,,11.5,10.0,5.35
경북,성주,참외,1,7,2022-01-24,4,,11.5,10.0,6.01
경북,성주,참외,1,7,2022-02-03,1,,10.5,9.5,4.96
경북,성주,참외,1,7,2022-02-03,2,,11.3,10.5,5.61
경북,성주,참외,1,7,2022-02-03,3,,11.7,10.8,5.47
경북,성주,참외,1,7,2022-02-03,4,,11.7,10.6,6.17
경북,성주,참외,1,7,2022-02-07,1,,13.0,11.0,5.24
경북,성주,참외,1,7,2022-02-07,2,,11.5,10.8,5.63
경북,성주,참외,1,7,2022-02-07,3,,12.0,11.0,5.54
경북,성주,참외,1,7,2022-02-07,4,,12.0,11.0,6.21
경북,성주,참외,1,7,2022-02-14,1,,13.0,11.0,5.25
경북,성주,참외,1,7,2022-02-14,2,,11.5,11.0,5.65
경북,성주,참외,1,7,2022-02-14,3,,12.0,11.0,5.56
경북,성주,참외,1,7,2022-02-14,4,,12.0,11.0,6.22
경북,성주,참외,1,7,2022-02-21,1,,13.0,11.0,5.28
경북,성주,참외,1,7,2022-02-21,2,,11.5,11.0,5.68
경북,성주,참외,1,7,2022-02-21,3,,12.0,11.0,5.59
경북,성주,참외,1,7,2022-02-21,4,,12.0,11.0,6.25
경북,성주,참외,1,7,2022-02-28,1,,13.0,12.0,5.3
경북,성주,참외,1,7,2022-02-28,2,,11.5,11.0,5.69
경북,성주,참외,1,7,2022-02-28,3,,12.0,11.0,5.61
경북,성주,참외,1,7,2022-02-28,4,,12.0,11.0,6.26
경북,성주,참외,1,7,2022-03-07,1,,13.0,12.0,5.31
경북,성주,참외,1,7,2022-03-07,2,,11.5,11.0,5.7
경북,성주,참외,1,7,2022-03-07,3,,12.0,11.0,5.62
경북,성주,참외,1,7,2022-03-07,4,,12.0,11.0,6.34
경북,성주,참외,1,7,2022-03-14,1,,13.0,12.0,5.32
경북,성주,참외,1,7,2022-03-14,2,,11.5,11.0,5.71
경북,성주,참외,1,7,2022-03-14,3,,12.0,11.0,5.63
경북,성주,참외,1,7,2022-03-14,4,,12.0,11.0,6.35
경북,성주,참외,1,7,2022-03-21,1,,13.0,12.0,5.33
경북,성주,참외,1,7,2022-03-21,2,,12.0,11.0,5.7
경북,성주,참외,1,7,2022-03-21,3,,12.0,11.0,5.64
경북,성주,참외,1,7,2022-03-21,4,,13.0,12.0,6.36
경북,성주,참외,1,7,2022-03-28,1,,13.0,12.0,5.34
경북,성주,참외,1,7,2022-03-28,2,,12.0,11.0,5.71
경북,성주,참외,1,7,2022-03-28,3,,12.0,11.0,5.65
경북,성주,참외,1,7,2022-03-28,4,,13.0,12.0,6.37
경북,성주,참외,1,7,2022-04-04,1,,13.0,12.0,5.35
경북,성주,참외,1,7,2022-04-04,2,,12.0,11.0,5.72
경북,성주,참외,1,7,2022-04-04,3,,12.0,11.0,5.66
경북,성주,참외,1,7,2022-04-04,4,,13.0,12.0,6.38
경북,성주,참외,1,7,2022-04-11,1,,13.0,12.0,5.36
경북,성주,참외,1,7,2022-04-11,2,,12.5,11.0,5.73
경북,성주,참외,1,7,2022-04-11,3,,13.0,12.0,5.67
경북,성주,참외,1,7,2022-04-11,4,,13.0,12.0,6.39
경북,성주,참외,1,7,2022-04-18,1,,13.0,12.5,5.37
경북,성주,참외,1,7,2022-04-18,2,,13.0,12.0,5.74
경북,성주,참외,1,7,2022-04-18,3,,13.0,12.0,5.68
경북,성주,참외,1,7,2022-04-18,4,,13.0,12.0,6.4
경북,성주,참외,1,7,2022-04-25,1,,13.5,13.0,3.93
경북,성주,참외,1,7,2022-04-25,2,,13.0,12.0,4.32
경북,성주,참외,1,7,2022-04-25,3,,12.5,12.0,4.01
경북,성주,참외,1,7,2022-04-25,4,,12.0,11.0,4.87
경북,성주,참외,1,7,2022-05-02,1,,13.0,12.0,4.12
경북,성주,참외,1,7,2022-05-02,2,,13.0,12.0,4.16
경북,성주,참외,1,7,2022-05-02,3,,14.0,13.0,4.33
경북,성주,참외,1,7,2022-05-02,4,,13.0,12.0,3.5
경북,성주,참외,1,7,2022-05-09,1,,13.0,12.0,3.26
경북,성주,참외,1,7,2022-05-09,2,,13.0,12.0,3.58
경북,성주,참외,1,7,2022-05-09,3,,13.0,12.0,4.3
경북,성주,참외,1,7,2022-05-09,4,,14.0,13.0,4.11
경북,성주,참외,1,7,2022-05-16,1,,12.0,12.0,3.93
경북,성주,참외,1,7,2022-05-16,2,,13.0,12.0,4.23
경북,성주,참외,1,7,2022-05-16,3,,13.0,12.0,4.78
경북,성주,참외,1,7,2022-05-16,4,,12.0,11.0,5.05
경북,성주,참외,1,7,2022-05-23,1,,13.0,13.0,3.57
경북,성주,참외,1,7,2022-05-23,2,,13.0,12.0,3.72
경북,성주,참외,1,7,2022-05-23,3,,13.0,12.0,4.24
경북,성주,참외,1,7,2022-05-23,4,,13.0,12.0,3.39
경북,성주,참외,1,7,2022-05-30,1,,12.0,11.0,3.99
경북,성주,참외,1,7,2022-05-30,2,,13.0,12.0,3.21
경북,성주,참외,1,7,2022-05-30,3,,13.0,12.0,3.95
경북,성주,참외,1,7,2022-05-30,4,,13.0,13.0,3.81
경북,성주,참외,1,7,2022-06-07,1,,12.0,11.0,4.01
경북,성주,참외,1,7,2022-06-07,2,,13.0,12.0,3.23
경북,성주,참외,1,7,2022-06-07,3,,13.0,12.0,3.96
경북,성주,참외,1,7,2022-06-07,4,,13.0,13.0,3.81
경북,성주,참외,1,7,2022-06-13,1,,12.5,10.5,4.02
경북,성주,참외,1,7,2022-06-13,2,,13.5,11.0,3.24
경북,성주,참외,1,7,2022-06-13,3,,14.0,12.0,3.97
경북,성주,참외,1,7,2022-06-13,4,,12.0,11.0,3.82
경북,성주,참외,1,7,2022-06-20,1,,12.0,11.0,4.0
경북,성주,참외,1,7,2022-06-20,2,,13.0,11.0,3.26
경북,성주,참외,1,7,2022-06-20,3,,14.5,13.0,3.96
경북,성주,참외,1,7,2022-06-20,4,,11.0,10.0,3.84
경북,성주,참외,1,8,2022-01-12,1,240.0,11.5,9.0,4.04
경북,성주,참외,1,8,2022-01-12,2,301.0,8.5,7.5,3.69
경북,성주,참외,1,8,2022-01-12,3,216.0,7.0,6.0,3.32
경북,성주,참외,1,8,2022-01-12,4,262.0,8.5,7.0,3.17
경북,성주,참외,1,8,2022-01-17,1,,12.0,9.5,4.65
경북,성주,참외,1,8,2022-01-17,2,,11.0,9.0,4.41
경북,성주,참외,1,8,2022-01-17,3,,12.0,9.0,3.48
경북,성주,참외,1,8,2022-01-17,4,,10.0,8.0,3.51
경북,성주,참외,1,8,2022-01-24,1,,12.0,10.0,4.8
경북,성주,참외,1,8,2022-01-24,2,,12.0,10.0,4.53
경북,성주,참외,1,8,2022-01-24,3,,12.0,10.0,4.37
경북,성주,참외,1,8,2022-01-24,4,,11.0,9.0,4.17
경북,성주,참외,1,8,2022-02-03,1,,12.7,10.5,4.94
경북,성주,참외,1,8,2022-02-03,2,,13.0,12.0,4.68
경북,성주,참외,1,8,2022-02-03,3,,12.5,10.8,4.44
경북,성주,참외,1,8,2022-02-03,4,,12.0,10.0,4.23
경북,성주,참외,1,8,2022-02-07,1,,12.8,11.0,5.01
경북,성주,참외,1,8,2022-02-07,2,,13.2,12.3,4.71
경북,성주,참외,1,8,2022-02-07,3,,13.0,11.0,4.51
경북,성주,참외,1,8,2022-02-07,4,,13.0,13.0,4.36
경북,성주,참외,1,8,2022-02-14,1,,12.8,11.0,5.05
경북,성주,참외,1,8,2022-02-14,2,,13.2,12.5,4.73
경북,성주,참외,1,8,2022-02-14,3,,13.0,12.0,4.55
경북,성주,참외,1,8,2022-02-14,4,,13.0,13.0,4.38
경북,성주,참외,1,8,2022-02-21,1,,12.8,11.0,5.08
경북,성주,참외,1,8,2022-02-21,2,,13.2,12.5,4.76
경북,성주,참외,1,8,2022-02-21,3,,13.0,12.0,4.82
경북,성주,참외,1,8,2022-02-21,4,,13.0,13.0,4.7
경북,성주,참외,1,8,2022-02-28,1,,13.0,12.0,5.11
경북,성주,참외,1,8,2022-02-28,2,,13.5,12.5,4.78
경북,성주,참외,1,8,2022-02-28,3,,13.0,12.0,4.98
경북,성주,참외,1,8,2022-02-28,4,,13.0,13.0,4.73
경북,성주,참외,1,8,2022-03-07,1,,13.0,12.0,5.12
경북,성주,참외,1,8,2022-03-07,2,,13.5,12.5,4.79
경북,성주,참외,1,8,2022-03-07,3,,13.0,12.0,5.13
경북,성주,참외,1,8,2022-03-07,4,,13.0,13.0,4.87
경북,성주,참외,1,8,2022-03-14,1,,13.0,12.0,5.13
경북,성주,참외,1,8,2022-03-14,2,,13.5,12.5,4.8
경북,성주,참외,1,8,2022-03-14,3,,13.0,12.0,5.17
경북,성주,참외,1,8,2022-03-14,4,,13.0,13.0,4.88
경북,성주,참외,1,8,2022-03-21,1,,13.0,12.0,5.14
경북,성주,참외,1,8,2022-03-21,2,,13.5,12.5,4.81
경북,성주,참외,1,8,2022-03-21,3,,13.0,12.0,5.18
경북,성주,참외,1,8,2022-03-21,4,,13.0,13.0,4.89
경북,성주,참외,1,8,2022-03-28,1,,13.0,12.0,5.15
경북,성주,참외,1,8,2022-03-28,2,,13.5,12.5,4.82
경북,성주,참외,1,8,2022-03-28,3,,13.0,12.0,5.19
경북,성주,참외,1,8,2022-03-28,4,,13.0,13.0,4.9
경북,성주,참외,1,8,2022-04-04,1,,13.0,12.5,5.16
경북,성주,참외,1,8,2022-04-04,2,,13.5,12.5,4.83
경북,성주,참외,1,8,2022-04-04,3,,13.0,12.0,5.2
경북,성주,참외,1,8,2022-04-04,4,,13.5,13.0,4.91
경북,성주,참외,1,8,2022-04-11,1,,13.0,12.5,5.17
경북,성주,참외,1,8,2022-04-11,2,,13.5,12.5,4.84
경북,성주,참외,1,8,2022-04-11,3,,13.0,12.5,5.21
경북,성주,참외,1,8,2022-04-11,4,,13.5,13.0,4.92
경북,성주,참외,1,8,2022-04-18,1,,13.0,12.5,5.21
경북,성주,참외,1,8,2022-04-18,2,,13.5,12.5,4.85
경북,성주,참외,1,8,2022-04-18,3,,13.0,12.5,5.22
경북,성주,참외,1,8,2022-04-18,4,,14.0,13.0,4.94
경북,성주,참외,1,8,2022-04-25,1,,13.0,12.0,3.84
경북,성주,참외,1,8,2022-04-25,2,,12.0,11.0,3.53
경북,성주,참외,1,8,2022-04-25,3,,14.0,13.0,4.01
경북,성주,참외,1,8,2022-04-25,4,,13.0,12.0,4.43
경북,성주,참외,1,8,2022-05-02,1,,13.0,12.0,3.84
경북,성주,참외,1,8,2022-05-02,2,,12.0,11.0,3.53
경북,성주,참외,1,8,2022-05-02,3,,14.0,13.0,4.01
경북,성주,참외,1,8,2022-05-02,4,,13.0,12.0,4.43
경북,성주,참외,1,8,2022-05-09,1,,13.0,12.0,3.87
경북,성주,참외,1,8,2022-05-09,2,,13.0,12.0,3.47
경북,성주,참외,1,8,2022-05-09,3,,12.0,12.0,3.52
경북,성주,참외,1,8,2022-05-09,4,,13.0,12.0,3.97
경북,성주,참외,1,8,2022-05-16,1,,13.0,12.0,4.56
경북,성주,참외,1,8,2022-05-16,2,,13.0,12.0,4.92
경북,성주,참외,1,8,2022-05-16,3,,13.0,12.0,3.71
경북,성주,참외,1,8,2022-05-16,4,,13.0,12.0,4.06
경북,성주,참외,1,8,2022-05-23,1,,13.0,12.0,3.7
경북,성주,참외,1,8,2022-05-23,2,,13.0,12.0,3.86
경북,성주,참외,1,8,2022-05-23,3,,13.0,12.0,3.12
경북,성주,참외,1,8,2022-05-23,4,,13.0,12.0,3.88
경북,성주,참외,1,8,2022-05-30,1,,13.0,12.0,4.24
경북,성주,참외,1,8,2022-05-30,2,,13.0,12.0,3.99
경북,성주,참외,1,8,2022-05-30,3,,13.0,12.0,3.31
경북,성주,참외,1,8,2022-05-30,4,,13.0,12.0,4.08
경북,성주,참외,1,8,2022-06-07,1,,13.0,12.0,4.25
경북,성주,참외,1,8,2022-06-07,2,,13.0,12.0,4.0
경북,성주,참외,1,8,2022-06-07,3,,13.0,12.0,3.33
경북,성주,참외,1,8,2022-06-07,4,,13.0,12.0,4.1
경북,성주,참외,1,8,2022-06-13,1,,12.0,11.0,4.26
경북,성주,참외,1,8,2022-06-13,2,,10.5,10.0,4.01
경북,성주,참외,1,8,2022-06-13,3,,10.0,9.0,3.34
경북,성주,참외,1,8,2022-06-13,4,,12.0,11.0,4.11
경북,성주,참외,1,8,2022-06-20,1,,12.5,12.0,4.29
경북,성주,참외,1,8,2022-06-20,2,,11.0,10.5,4.03
경북,성주,참외,1,8,2022-06-20,3,,11.0,9.0,3.31
경북,성주,참외,1,8,2022-06-20,4,,10.0,10.0,4.09
경북,성주,참외,1,8,2022-06-27,1,,10.0,10.0,4.25
경북,성주,참외,1,8,2022-06-27,2,,10.5,10.0,4.06
경북,성주,참외,1,8,2022-06-27,3,,12.0,11.0,3.32
경북,성주,참외,1,8,2022-06-27,4,,11.0,10.0,4.13
경북,성주,참외,1,8,2022-07-04,1,,9.0,8.0,4.21
경북,성주,참외,1,8,2022-07-04,2,,10.0,10.0,4.1
경북,성주,참외,1,8,2022-07-04,3,,13.5,12.0,3.36
경북,성주,참외,1,8,2022-07-04,4,,14.0,12.0,4.15
경북,성주,참외,1,10,2022-01-12,1,215.0,17.0,14.5,5.82
경북,성주,참외,1,10,2022-01-12,2,192.0,17.0,15.5,5.86
경북,성주,참외,1,10,2022-01-12,3,201.0,17.0,14.0,5.57
경북,성주,참외,1,10,2022-01-12,4,194.0,17.0,15.0,5.83
경북,성주,참외,1,10,2022-01-18,1,,17.5,16.0,6.38
경북,성주,참외,1,10,2022-01-18,2,,20.0,16.5,6.24
경북,성주,참외,1,10,2022-01-18,3,,17.5,15.3,6.34
경북,성주,참외,1,10,2022-01-18,4,,17.5,15.3,6.0
경북,성주,참외,1,10,2022-01-25,1,,15.6,13.7,6.9
경북,성주,참외,1,10,2022-01-25,2,,17.3,15.3,4.85
경북,성주,참외,1,10,2022-01-25,3,,16.4,15.4,6.36
경북,성주,참외,1,10,2022-01-25,4,,17.6,16.5,6.42
경북,성주,참외,1,10,2022-02-04,1,,15.5,15.3,6.54
경북,성주,참외,1,10,2022-02-04,2,,16.5,15.5,6.39
경북,성주,참외,1,10,2022-02-04,3,,17.0,15.6,6.09
경북,성주,참외,1,10,2022-02-04,4,,15.2,13.8,5.87
경북,성주,참외,1,10,2022-02-08,1,,17.0,14.7,6.34
경북,성주,참외,1,10,2022-02-08,2,,16.5,15.5,5.95
경북,성주,참외,1,10,2022-02-08,3,,16.0,15.0,6.1
경북,성주,참외,1,10,2022-02-08,4,,17.0,16.3,5.92
경북,성주,참외,1,10,2022-02-15,1,,16.5,15.0,6.15
경북,성주,참외,1,10,2022-02-15,2,,16.0,15.2,6.13
경북,성주,참외,1,10,2022-02-15,3,,15.5,15.0,5.51
경북,성주,참외,1,10,2022-02-15,4,,14.5,13.0,5.38
경북,성주,참외,1,10,2022-02-22,1,,16.5,15.3,6.47
경북,성주,참외,1,10,2022-02-22,2,,15.0,13.5,5.68
경북,성주,참외,1,10,2022-02-22,3,,15.5,14.0,5.61
경북,성주,참외,1,10,2022-02-22,4,,15.0,14.0,5.55
경북,성주,참외,1,10,2022-03-03,1,,13.0,12.0,5.33
경북,성주,참외,1,10,2022-03-03,2,,14.0,12.2,4.11
경북,성주,참외,1,10,2022-03-03,3,,17.0,14.5,6.4
경북,성주,참외,1,10,2022-03-03,4,,15.5,13.8,6.72
경북,성주,참외,1,10,2022-03-08,1,,14.0,13.0,5.49
경북,성주,참외,1,10,2022-03-08,2,,14.5,13.0,4.53
경북,성주,참외,1,10,2022-03-08,3,,16.0,14.0,6.38
경북,성주,참외,1,10,2022-03-08,4,,15.3,13.5,4.72
경북,성주,참외,1,10,2022-03-14,1,,14.0,12.5,5.36
경북,성주,참외,1,10,2022-03-14,2,,16.4,13.0,5.36
경북,성주,참외,1,10,2022-03-14,3,,16.0,13.3,6.04
경북,성주,참외,1,10,2022-03-14,4,,17.0,14.5,5.63
경북,성주,참외,1,10,2022-03-22,1,,13.7,12.7,6.44
경북,성주,참외,1,10,2022-03-22,2,,15.0,13.0,5.33
경북,성주,참외,1,10,2022-03-22,3,,15.7,14.0,5.13
경북,성주,참외,1,10,2022-03-22,4,,14.1,13.5,5.2
경북,성주,참외,1,10,2022-03-29,1,,13.5,12.0,5.8
경북,성주,참외,1,10,2022-03-29,2,,14.7,15.0,5.66
경북,성주,참외,1,10,2022-03-29,3,,12.0,12.5,5.77
경북,성주,참외,1,10,2022-03-29,4,,14.0,13.0,5.69
경북,성주,참외,1,10,2022-04-05,1,,14.5,13.2,4.51
경북,성주,참외,1,10,2022-04-05,2,,13.5,11.7,6.29
경북,성주,참외,1,10,2022-04-05,3,,13.0,12.0,5.49
경북,성주,참외,1,10,2022-04-05,4,,13.6,12.0,5.24
경북,성주,참외,1,10,2022-04-12,1,,13.0,12.2,4.63
경북,성주,참외,1,10,2022-04-12,2,,13.4,13.0,5.78
경북,성주,참외,1,10,2022-04-12,3,,13.5,12.7,5.84
경북,성주,참외,1,10,2022-04-12,4,,13.0,13.0,4.93
경북,성주,참외,1,10,2022-04-19,1,,12.2,12.0,4.37
경북,성주,참외,1,10,2022-04-19,2,,15.5,13.2,5.62
경북,성주,참외,1,10,2022-04-19,3,,12.5,12.5,5.78
경북,성주,참외,1,10,2022-04-19,4,,13.0,12.5,5.65
경북,성주,참외,1,10,2022-04-26,1,,11.5,11.7,3.97
경북,성주,참외,1,10,2022-04-26,2,,12.5,13.1,4.42
경북,성주,참외,1,10,2022-04-26,3,,13.0,12.5,5.19
경북,성주,참외,1,10,2022-04-26,4,,13.1,12.5,4.79
경북,성주,참외,1,10,2022-05-03,1,,12.0,11.6,4.31
경북,성주,참외,1,10,2022-05-03,2,,12.0,11.5,4.7
경북,성주,참외,1,10,2022-05-03,3,,11.5,11.3,4.77
경북,성주,참외,1,10,2022-05-03,4,,11.5,11.0,4.41
경북,성주,참외,1,10,2022-05-10,1,,12.8,12.7,4.22
경북,성주,참외,1,10,2022-05-10,2,,11.8,10.5,4.37
경북,성주,참외,1,10,2022-05-10,3,,14.3,14.0,5.89
경북,성주,참외,1,10,2022-05-10,4,,13.0,12.0,4.28
경북,성주,참외,1,10,2022-05-17,1,,11.0,9.6,4.43
경북,성주,참외,1,10,2022-05-17,2,,13.0,11.2,4.48
경북,성주,참외,1,10,2022-05-17,3,,12.5,12.5,4.41
경북,성주,참외,1,10,2022-05-17,4,,11.0,10.5,4.57
경북,성주,참외,1,10,2022-05-24,1,,12.5,11.7,4.81
경북,성주,참외,1,10,2022-05-24,2,,10.0,11.0,4.47
경북,성주,참외,1,10,2022-05-24,3,,10.5,10.5,4.15
경북,성주,참외,1,10,2022-05-24,4,,11.0,10.5,4.57
경북,성주,참외,1,10,2022-05-31,1,,13.0,12.4,4.95
경북,성주,참외,1,10,2022-05-31,2,,12.0,11.0,4.62
경북,성주,참외,1,10,2022-05-31,3,,11.6,11.5,4.67
경북,성주,참외,1,10,2022-05-31,4,,11.5,11.0,5.28
경북,성주,참외,1,10,2022-06-08,1,,12.0,11.5,4.44
경북,성주,참외,1,10,2022-06-08,2,,10.0,9.0,3.87
경북,성주,참외,1,10,2022-06-08,3,,11.5,11.2,4.26
경북,성주,참외,1,10,2022-06-08,4,,11.0,10.5,4.19
경북,성주,참외,1,10,2022-06-14,1,,11.0,11.0,3.26
경북,성주,참외,1,10,2022-06-14,2,,11.0,10.5,4.46
경북,성주,참외,1,10,2022-06-14,3,,11.0,10.0,4.04
경북,성주,참외,1,10,2022-06-14,4,,10.5,10.0,4.16
경북,성주,참외,1,10,2022-06-21,1,,11.0,11.0,3.84
경북,성주,참외,1,10,2022-06-21,2,,11.5,11.0,3.61
경북,성주,참외,1,10,2022-06-21,3,,10.5,11.0,3.58
경북,성주,참외,1,10,2022-06-21,4,,11.0,10.5,3.49
경북,성주,참외,1,10,2022-06-28,1,,10.0,10.0,4.22
경북,성주,참외,1,10,2022-06-28,2,,10.0,11.0,4.79
경북,성주,참외,1,10,2022-06-28,3,,11.0,10.3,4.83
경북,성주,참외,1,10,2022-06-28,4,,10.0,11.0,4.87
경북,성주,참외,1,10,2022-07-05,1,,11.0,11.0,4.25
경북,성주,참외,1,10,2022-07-05,2,,10.0,10.0,3.93
경북,성주,참외,1,10,2022-07-05,3,,11.5,10.5,4.62
경북,성주,참외,1,10,2022-07-05,4,,10.5,10.5,4.83
경북,성주,참외,1,11,2022-01-11,1,250.0,16.0,14.0,5.11
경북,성주,참외,1,11,2022-01-11,2,206.0,16.0,14.5,4.47
경북,성주,참외,1,11,2022-01-11,3,156.0,16.0,14.2,4.38
경북,성주,참외,1,11,2022-01-11,4,203.0,16.0,16.0,5.67
경북,성주,참외,1,11,2022-01-18,1,,17.5,14.7,5.65
경북,성주,참외,1,11,2022-01-18,2,,17.8,15.9,6.39
경북,성주,참외,1,11,2022-01-18,3,,17.0,15.0,5.86
경북,성주,참외,1,11,2022-01-18,4,,19.5,17.0,6.27
경북,성주,참외,1,11,2022-01-25,1,,16.5,14.5,6.49
경북,성주,참외,1,11,2022-01-25,2,,18.0,16.7,5.86
경북,성주,참외,1,11,2022-01-25,3,,17.0,15.0,6.04
경북,성주,참외,1,11,2022-01-25,4,,18.5,16.3,6.06
경북,성주,참외,1,11,2022-02-04,1,,15.0,12.0,5.64
경북,성주,참외,1,11,2022-02-04,2,,15.5,13.0,6.08
경북,성주,참외,1,11,2022-02-04,3,,15.5,14.5,5.13
경북,성주,참외,1,11,2022-02-04,4,,14.5,13.5,4.7
경북,성주,참외,1,11,2022-02-08,1,,18.5,14.5,5.59
경북,성주,참외,1,11,2022-02-08,2,,16.5,14.5,5.76
경북,성주,참외,1,11,2022-02-08,3,,18.0,16.5,6.01
경북,성주,참외,1,11,2022-02-08,4,,17.7,16.0,6.19
경북,성주,참외,1,11,2022-02-15,1,,16.0,15.1,5.63
경북,성주,참외,1,11,2022-02-15,2,,16.0,13.2,5.02
경북,성주,참외,1,11,2022-02-15,3,,15.0,13.3,5.39
경북,성주,참외,1,11,2022-02-15,4,,18.0,16.4,5.84
경북,성주,참외,1,11,2022-02-22,1,,16.5,14.6,6.06
경북,성주,참외,1,11,2022-02-22,2,,16.2,14.5,5.13
경북,성주,참외,1,11,2022-02-22,3,,14.5,13.5,5.4
경북,성주,참외,1,11,2022-02-22,4,,16.5,16.0,6.2
경북,성주,참외,1,11,2022-03-03,1,,16.5,13.5,5.86
경북,성주,참외,1,11,2022-03-03,2,,15.0,13.8,5.11
경북,성주,참외,1,11,2022-03-03,3,,15.0,13.0,4.96
경북,성주,참외,1,11,2022-03-03,4,,15.5,15.0,5.31
경북,성주,참외,1,11,2022-03-08,1,,14.5,12.0,4.57
경북,성주,참외,1,11,2022-03-08,2,,13.0,11.7,4.9
경북,성주,참외,1,11,2022-03-08,3,,15.6,13.5,5.51
경북,성주,참외,1,11,2022-03-08,4,,15.5,13.2,4.94
경북,성주,참외,1,11,2022-03-14,1,,16.6,14.0,6.07
경북,성주,참외,1,11,2022-03-14,2,,17.0,13.5,5.43
경북,성주,참외,1,11,2022-03-14,3,,13.0,12.0,5.31
경북,성주,참외,1,11,2022-03-14,4,,15.5,14.0,6.46
경북,성주,참외,1,11,2022-03-22,1,,14.0,13.0,5.65
경북,성주,참외,1,11,2022-03-22,2,,15.0,13.0,5.73
경북,성주,참외,1,11,2022-03-22,3,,15.0,14.0,5.69
경북,성주,참외,1,11,2022-03-22,4,,15.5,12.5,6.73
경북,성주,참외,1,11,2022-03-29,1,,15.0,14.0,6.74
경북,성주,참외,1,11,2022-03-29,2,,15.0,13.5,6.23
경북,성주,참외,1,11,2022-03-29,3,,15.3,14.3,5.96
경북,성주,참외,1,11,2022-03-29,4,,12.7,11.5,6.02
경북,성주,참외,1,11,2022-04-05,1,,13.0,12.3,5.85
경북,성주,참외,1,11,2022-04-05,2,,14.5,11.2,5.81
경북,성주,참외,1,11,2022-04-05,3,,13.0,12.0,5.35
경북,성주,참외,1,11,2022-04-05,4,,12.5,12.0,5.11
경북,성주,참외,1,11,2022-04-12,1,,13.0,12.0,5.76
경북,성주,참외,1,11,2022-04-12,2,,13.5,12.2,5.64
경북,성주,참외,1,11,2022-04-12,3,,12.7,12.5,5.34
경북,성주,참외,1,11,2022-04-12,4,,13.5,13.0,5.49
경북,성주,참외,1,11,2022-04-19,1,,12.5,12.8,6.07
경북,성주,참외,1,11,2022-04-19,2,,13.0,13.0,5.57
경북,성주,참외,1,11,2022-04-19,3,,12.2,12.0,5.99
경북,성주,참외,1,11,2022-04-19,4,,11.5,12.0,4.69
경북,성주,참외,1,11,2022-04-26,1,,13.5,11.5,4.44
경북,성주,참외,1,11,2022-04-26,2,,15.0,12.3,5.74
경북,성주,참외,1,11,2022-04-26,3,,13.0,12.7,5.57
경북,성주,참외,1,11,2022-04-26,4,,12.0,11.5,4.64
경북,성주,참외,1,11,2022-05-03,1,,11.2,10.5,5.25
경북,성주,참외,1,11,2022-05-03,2,,14.0,12.5,5.86
경북,성주,참외,1,11,2022-05-03,3,,13.5,11.0,5.38
경북,성주,참외,1,11,2022-05-03,4,,14.0,12.0,5.27
경북,성주,참외,1,11,2022-05-10,1,,11.5,11.0,4.52
경북,성주,참외,1,11,2022-05-10,2,,11.1,10.6,5.0
경북,성주,참외,1,11,2022-05-10,3,,11.5,10.5,4.61
경북,성주,참외,1,11,2022-05-10,4,,11.5,11.5,4.64
경북,성주,참외,1,11,2022-05-17,1,,12.0,10.2,4.65
경북,성주,참외,1,11,2022-05-17,2,,11.0,11.8,4.72
경북,성주,참외,1,11,2022-05-17,3,,12.5,12.0,5.24
경북,성주,참외,1,11,2022-05-17,4,,11.0,10.5,4.86
경북,성주,참외,1,11,2022-05-24,1,,11.2,11.0,4.82
경북,성주,참외,1,11,2022-05-24,2,,12.0,11.2,5.03
경북,성주,참외,1,11,2022-05-24,3,,11.1,10.2,3.82
경북,성주,참외,1,11,2022-05-24,4,,11.0,11.0,4.85
경북,성주,참외,1,11,2022-05-31,1,,11.2,11.0,4.66
경북,성주,참외,1,11,2022-05-31,2,,12.0,11.5,4.9
경북,성주,참외,1,11,2022-05-31,3,,10.5,10.3,4.66
경북,성주,참외,1,11,2022-05-31,4,,11.5,11.0,4.62
경북,성주,참외,1,11,2022-06-08,1,,11.0,11.0,4.92
경북,성주,참외,1,11,2022-06-08,2,,11.1,10.2,5.18
경북,성주,참외,1,11,2022-06-08,3,,11.5,11.0,5.19
경북,성주,참외,1,11,2022-06-08,4,,10.5,11.0,4.98
경북,성주,참외,1,11,2022-06-14,1,,10.5,10.0,4.35
경북,성주,참외,1,11,2022-06-14,2,,10.0,10.2,4.4
경북,성주,참외,1,11,2022-06-14,3,,11.5,11.8,4.65
경북,성주,참외,1,11,2022-06-14,4,,10.5,10.5,4.72
경북,성주,참외,1,11,2022-06-21,1,,,,
경북,성주,참외,1,11,2022-06-21,2,,,,
경북,성주,참외,1,11,2022-06-21,3,,,,
경북,성주,참외,1,11,2022-06-21,4,,9.0,9.0,3.65
경북,성주,참외,1,12,2022-01-13,1,231.0,9.0,7.5,3.88
경북,성주,참외,1,12,2022-01-13,2,240.0,8.0,8.5,3.95
경북,성주,참외,1,12,2022-01-13,3,202.0,10.0,9.0,3.95
경북,성주,참외,1,12,2022-01-13,4,231.0,8.0,9.0,4.05
경북,성주,참외,1,12,2022-01-19,1,,10.0,9.0,4.08
경북,성주,참외,1,12,2022-01-19,2,,10.0,9.0,4.71
경북,성주,참외,1,12,2022-01-19,3,,12.0,11.0,4.43
경북,성주,참외,1,12,2022-01-19,4,,11.0,10.0,4.05
경북,성주,참외,1,12,2022-01-26,1,,11.0,9.5,4.54
경북,성주,참외,1,12,2022-01-26,2,,10.0,9.5,5.73
경북,성주,참외,1,12,2022-01-26,3,,12.0,11.5,4.81
경북,성주,참외,1,12,2022-01-26,4,,11.5,10.0,4.12
경북,성주,참외,1,12,2022-02-04,1,,11.4,10.0,4.61
경북,성주,참외,1,12,2022-02-04,2,,11.0,11.0,5.84
경북,성주,참외,1,12,2022-02-04,3,,12.8,12.0,4.89
경북,성주,참외,1,12,2022-02-04,4,,12.0,12.0,4.27
경북,성주,참외,1,12,2022-02-09,1,,11.5,10.0,4.62
경북,성주,참외,1,12,2022-02-09,2,,12.0,11.0,5.91
경북,성주,참외,1,12,2022-02-09,3,,13.0,12.0,4.91
경북,성주,참외,1,12,2022-02-09,4,,12.0,12.0,4.3
경북,성주,참외,1,12,2022-02-16,1,,11.5,10.0,4.63
경북,성주,참외,1,12,2022-02-16,2,,12.0,11.0,5.93
경북,성주,참외,1,12,2022-02-16,3,,13.0,12.0,4.94
경북,성주,참외,1,12,2022-02-16,4,,12.0,12.0,4.34
경북,성주,참외,1,12,2022-02-23,1,,11.5,10.0,4.65
경북,성주,참외,1,12,2022-02-23,2,,12.0,11.0,5.97
경북,성주,참외,1,12,2022-02-23,3,,13.0,12.0,4.68
경북,성주,참외,1,12,2022-02-23,4,,12.0,12.0,4.6
경북,성주,참외,1,12,2022-03-04,1,,12.0,11.0,4.73
경북,성주,참외,1,12,2022-03-04,2,,12.0,11.0,5.98
경북,성주,참외,1,12,2022-03-04,3,,13.0,12.0,4.82
경북,성주,참외,1,12,2022-03-04,4,,12.0,12.0,4.83
경북,성주,참외,1,12,2022-03-10,1,,12.0,11.0,4.74
경북,성주,참외,1,12,2022-03-10,2,,12.0,11.0,5.99
경북,성주,참외,1,12,2022-03-10,3,,13.0,12.0,4.85
경북,성주,참외,1,12,2022-03-10,4,,12.0,12.0,4.85
경북,성주,참외,1,12,2022-03-17,1,,13.0,12.0,4.78
경북,성주,참외,1,12,2022-03-17,2,,13.0,12.0,6.0
경북,성주,참외,1,12,2022-03-17,3,,13.0,12.0,4.87
경북,성주,참외,1,12,2022-03-17,4,,12.0,11.0,4.86
경북,성주,참외,1,12,2022-03-24,1,,13.0,12.0,4.79
경북,성주,참외,1,12,2022-03-24,2,,13.0,12.0,6.02
경북,성주,참외,1,12,2022-03-24,3,,13.0,12.0,4.88
경북,성주,참외,1,12,2022-03-24,4,,12.0,11.0,4.87
경북,성주,참외,1,12,2022-03-31,1,,13.0,12.0,4.8
경북,성주,참외,1,12,2022-03-31,2,,13.0,12.0,6.03
경북,성주,참외,1,12,2022-03-31,3,,13.0,12.0,4.89
경북,성주,참외,1,12,2022-03-31,4,,12.0,11.0,4.91
경북,성주,참외,1,12,2022-04-07,1,,13.0,12.0,4.81
경북,성주,참외,1,12,2022-04-07,2,,13.0,12.5,6.04
경북,성주,참외,1,12,2022-04-07,3,,13.0,12.0,4.9
경북,성주,참외,1,12,2022-04-07,4,,12.5,11.5,4.92
경북,성주,참외,1,12,2022-04-14,1,,13.0,12.5,4.82
경북,성주,참외,1,12,2022-04-14,2,,13.0,12.5,6.05
경북,성주,참외,1,12,2022-04-14,3,,13.0,12.5,4.91
경북,성주,참외,1,12,2022-04-14,4,,13.0,12.0,4.93
경북,성주,참외,1,12,2022-04-21,1,,13.0,12.0,5.02
경북,성주,참외,1,12,2022-04-21,2,,14.0,13.0,4.01
경북,성주,참외,1,12,2022-04-21,3,,13.5,12.0,4.19
경북,성주,참외,1,12,2022-04-21,4,,12.5,12.5,4.12
경북,성주,참외,1,12,2022-04-28,1,,13.0,12.0,3.64
경북,성주,참외,1,12,2022-04-28,2,,14.0,13.0,4.07
경북,성주,참외,1,12,2022-04-28,3,,13.0,13.0,4.4
경북,성주,참외,1,12,2022-04-28,4,,12.0,12.0,4.25
경북,성주,참외,1,12,2022-05-03,1,,13.0,12.0,4.08
경북,성주,참외,1,12,2022-05-03,2,,13.0,12.0,3.69
경북,성주,참외,1,12,2022-05-03,3,,14.0,13.0,4.47
경북,성주,참외,1,12,2022-05-03,4,,13.0,12.0,3.97
경북,성주,참외,1,12,2022-05-12,1,,13.0,12.0,4.11
경북,성주,참외,1,12,2022-05-12,2,,13.0,12.0,3.85
경북,성주,참외,1,12,2022-05-12,3,,13.0,12.0,4.28
경북,성주,참외,1,12,2022-05-12,4,,14.0,13.0,3.94
경북,성주,참외,1,12,2022-05-19,1,,13.0,12.0,4.92
경북,성주,참외,1,12,2022-05-19,2,,13.0,12.0,3.81
경북,성주,참외,1,12,2022-05-19,3,,13.0,12.0,3.1
경북,성주,참외,1,12,2022-05-19,4,,13.0,12.0,3.85
경북,성주,참외,1,12,2022-05-26,1,,13.0,13.0,4.27
경북,성주,참외,1,12,2022-05-26,2,,13.0,12.0,3.77
경북,성주,참외,1,12,2022-05-26,3,,13.0,12.0,3.99
경북,성주,참외,1,12,2022-05-26,4,,14.0,13.0,3.76
경북,성주,참외,1,12,2022-06-02,1,,13.0,13.0,4.28
경북,성주,참외,1,12,2022-06-02,2,,13.0,13.0,3.79
경북,성주,참외,1,12,2022-06-02,3,,13.0,12.0,4.01
경북,성주,참외,1,12,2022-06-02,4,,14.0,13.0,3.78
경북,성주,참외,1,12,2022-06-09,1,,13.0,13.0,4.29
경북,성주,참외,1,12,2022-06-09,2,,13.0,13.0,3.8
경북,성주,참외,1,12,2022-06-09,3,,13.0,12.0,4.02
경북,성주,참외,1,12,2022-06-09,4,,14.0,13.0,3.79
경북,성주,참외,1,12,2022-06-16,1,,13.0,12.5,4.27
경북,성주,참외,1,12,2022-06-16,2,,12.0,11.5,3.78
경북,성주,참외,1,12,2022-06-16,3,,13.0,12.0,4.04
경북,성주,참외,1,12,2022-06-16,4,,14.0,13.0,3.75
경북,성주,참외,1,12,2022-06-23,1,,12.0,10.0,4.28
경북,성주,참외,1,12,2022-06-23,2,,11.0,10.0,3.79
경북,성주,참외,1,12,2022-06-23,3,,13.0,11.0,4.05
경북,성주,참외,1,12,2022-06-23,4,,13.0,12.0,3.76
경북,성주,참외,1,12,2022-06-30,1,,10.0,9.0,4.3
경북,성주,참외,1,12,2022-06-30,2,,8.0,7.0,3.8
경북,성주,참외,1,12,2022-06-30,3,,11.5,10.0,4.07
경북,성주,참외,1,12,2022-06-30,4,,13.0,11.0,3.74
경북,성주,참외,1,13,2022-01-12,1,93.0,11.0,9.5,4.07
경북,성주,참외,1,13,2022-01-12,2,94.0,11.5,10.0,3.46
경북,성주,참외,1,13,2022-01-12,3,80.0,12.5,11.0,4.26
경북,성주,참외,1,13,2022-01-12,4,92.0,14.0,11.7,4.3
경북,성주,참외,1,13,2022-01-18,1,107.0,12.7,12.0,4.91
경북,성주,참외,1,13,2022-01-18,2,110.0,12.0,10.5,4.25
경북,성주,참외,1,13,2022-01-18,3,161.0,13.5,12.0,4.4
경북,성주,참외,1,13,2022-01-18,4,116.0,14.0,12.0,4.57
경북,성주,참외,1,13,2022-01-25,1,136.0,14.1,13.4,4.59
경북,성주,참외,1,13,2022-01-25,2,153.0,13.8,13.0,5.24
경북,성주,참외,1,13,2022-01-25,3,123.0,14.4,12.5,4.57
경북,성주,참외,1,13,2022-01-25,4,158.0,13.6,14.3,5.25
경북,성주,참외,1,13,2022-02-04,1,,14.9,14.2,6.06
경북,성주,참외,1,13,2022-02-04,2,,14.7,14.4,5.69
경북,성주,참외,1,13,2022-02-04,3,,14.1,14.0,5.17
경북,성주,참외,1,13,2022-02-04,4,,15.2,14.9,5.74
경북,성주,참외,1,13,2022-02-08,1,,15.7,14.8,6.35
경북,성주,참외,1,13,2022-02-08,2,,16.5,15.0,6.23
경북,성주,참외,1,13,2022-02-08,3,,15.0,14.2,5.96
경북,성주,참외,1,13,2022-02-08,4,,17.5,16.3,6.09
경북,성주,참외,1,13,2022-02-15,1,,16.7,15.9,6.09
경북,성주,참외,1,13,2022-02-15,2,,17.0,16.0,6.3
경북,성주,참외,1,13,2022-02-15,3,,17.0,16.0,5.79
경북,성주,참외,1,13,2022-02-15,4,,15.0,15.3,6.15
경북,성주,참외,1,13,2022-02-22,1,,16.0,13.8,6.11
경북,성주,참외,1,13,2022-02-22,2,,14.5,13.0,6.05
경북,성주,참외,1,13,2022-02-22,3,,15.5,14.0,5.46
경북,성주,참외,1,13,2022-02-22,4,,16.7,15.0,5.92
경북,성주,참외,1,13,2022-03-03,1,,14.0,13.3,5.17
경북,성주,참외,1,13,2022-03-03,2,,14.5,12.5,5.16
경북,성주,참외,1,13,2022-03-03,3,,15.8,13.5,5.76
경북,성주,참외,1,13,2022-03-03,4,,15.3,13.0,5.21
경북,성주,참외,1,13,2022-03-08,1,,15.3,14.6,5.27
경북,성주,참외,1,13,2022-03-08,2,,16.0,14.4,5.53
경북,성주,참외,1,13,2022-03-08,3,,15.5,13.9,6.2
경북,성주,참외,1,13,2022-03-08,4,,16.0,14.0,6.31
경북,성주,참외,1,13,2022-03-14,1,,13.9,13.3,5.19
경북,성주,참외,1,13,2022-03-14,2,,13.0,12.0,5.23
경북,성주,참외,1,13,2022-03-14,3,,13.5,12.1,5.32
경북,성주,참외,1,13,2022-03-14,4,,15.2,12.7,5.99
경북,성주,참외,1,13,2022-03-22,1,,16.5,15.0,6.17
경북,성주,참외,1,13,2022-03-22,2,,14.8,13.5,5.79
경북,성주,참외,1,13,2022-03-22,3,,16.2,13.3,4.88
경북,성주,참외,1,13,2022-03-22,4,,15.2,12.7,5.48
경북,성주,참외,1,13,2022-03-29,1,,15.5,15.0,6.42
경북,성주,참외,1,13,2022-03-29,2,,13.5,13.0,6.72
경북,성주,참외,1,13,2022-03-29,3,,15.2,14.5,6.48
경북,성주,참외,1,13,2022-03-29,4,,13.0,12.2,5.29
경북,성주,참외,1,13,2022-04-05,1,,12.7,12.5,6.41
경북,성주,참외,1,13,2022-04-05,2,,15.2,13.7,6.15
경북,성주,참외,1,13,2022-04-05,3,,13.2,13.0,5.92
경북,성주,참외,1,13,2022-04-05,4,,11.7,11.0,5.7
경북,성주,참외,1,13,2022-04-12,1,,12.5,12.2,6.38
경북,성주,참외,1,13,2022-04-12,2,,13.0,13.0,6.44
경북,성주,참외,1,13,2022-04-12,3,,12.0,11.5,5.82
경북,성주,참외,1,13,2022-04-12,4,,12.5,12.0,5.74
경북,성주,참외,1,13,2022-04-19,1,,13.6,13.0,5.45
경북,성주,참외,1,13,2022-04-19,2,,13.0,12.6,5.29
경북,성주,참외,1,13,2022-04-19,3,,13.0,11.6,6.2
경북,성주,참외,1,13,2022-04-19,4,,12.0,12.0,5.42
경북,성주,참외,1,13,2022-04-26,1,,12.0,11.0,5.09
경북,성주,참외,1,13,2022-04-26,2,,11.0,9.7,4.62
경북,성주,참외,1,13,2022-04-26,3,,11.0,11.0,4.35
경북,성주,참외,1,13,2022-04-26,4,,11.0,10.5,4.37
경북,성주,참외,1,13,2022-05-03,1,,13.0,12.0,5.41
경북,성주,참외,1,13,2022-05-03,2,,13.0,11.8,4.7
경북,성주,참외,1,13,2022-05-03,3,,12.0,11.0,5.06
경북,성주,참외,1,13,2022-05-03,4,,12.0,12.0,5.28
경북,성주,참외,1,13,2022-05-10,1,,12.0,10.5,3.83
경북,성주,참외,1,13,2022-05-10,2,,11.5,11.0,3.86
경북,성주,참외,1,13,2022-05-10,3,,11.0,10.5,3.72
경북,성주,참외,1,13,2022-05-10,4,,11.0,11.0,3.64
경북,성주,참외,1,13,2022-05-17,1,,11.5,12.0,5.03
경북,성주,참외,1,13,2022-05-17,2,,11.5,11.0,5.0
경북,성주,참외,1,13,2022-05-17,3,,13.0,12.1,5.5
경북,성주,참외,1,13,2022-05-17,4,,13.0,12.0,5.59
경북,성주,참외,1,13,2022-05-24,1,,12.5,12.5,4.66
경북,성주,참외,1,13,2022-05-24,2,,11.0,9.0,4.98
경북,성주,참외,1,13,2022-05-24,3,,13.0,10.0,4.31
경북,성주,참외,1,13,2022-05-24,4,,10.5,10.0,4.48
경북,성주,참외,1,13,2022-05-31,1,,12.5,12.0,5.74
경북,성주,참외,1,13,2022-05-31,2,,11.3,11.0,4.56
경북,성주,참외,1,13,2022-05-31,3,,10.5,10.8,5.17
경북,성주,참외,1,13,2022-05-31,4,,11.0,11.0,5.28
경북,성주,참외,1,13,2022-06-08,1,,9.0,9.5,4.54
경북,성주,참외,1,13,2022-06-08,2,,12.5,12.0,5.3
경북,성주,참외,1,13,2022-06-08,3,,13.0,12.0,5.1
경북,성주,참외,1,13,2022-06-08,4,,10.5,10.0,5.21
경북,성주,참외,1,13,2022-06-14,1,,9.5,9.5,5.02
경북,성주,참외,1,13,2022-06-14,2,,10.0,9.0,4.14
경북,성주,참외,1,13,2022-06-14,3,,10.0,10.0,5.11
경북,성주,참외,1,13,2022-06-14,4,,9.5,9.5,5.38
경북,성주,참외,1,13,2022-06-21,1,,10.0,10.0,5.14
경북,성주,참외,1,13,2022-06-21,2,,10.5,10.0,5.36
경북,성주,참외,1,13,2022-06-21,3,,10.5,10.0,4.74
경북,성주,참외,1,13,2022-06-21,4,,10.5,10.5,4.65
경북,성주,참외,1,13,2022-06-28,1,,9.5,9.5,4.43
경북,성주,참외,1,13,2022-06-28,2,,10.0,10.0,3.72
경북,성주,참외,1,13,2022-06-28,3,,10.0,10.0,4.47
경북,성주,참외,1,13,2022-06-28,4,,10.0,10.0,3.96
경북,성주,참외,1,13,2022-07-05,1,,10.5,11.5,3.9
경북,성주,참외,1,13,2022-07-05,2,,11.0,10.5,4.68
경북,성주,참외,1,13,2022-07-05,3,,9.5,10.0,4.26
경북,성주,참외,1,13,2022-07-05,4,,11.0,10.5,3.96
경북,성주,참외,1,14,2022-01-14,1,220.0,7.0,8.0,4.12
경북,성주,참외,1,14,2022-01-14,2,148.0,10.0,9.0,5.4
경북,성주,참외,1,14,2022-01-14,3,206.0,9.0,7.5,4.67
경북,성주,참외,1,14,2022-01-14,4,216.0,10.0,8.0,4.84
경북,성주,참외,1,14,2022-01-17,1,,10.5,10.0,4.88
경북,성주,참외,1,14,2022-01-17,2,,11.0,9.5,5.48
경북,성주,참외,1,14,2022-01-17,3,,10.0,9.0,5.18
경북,성주,참외,1,14,2022-01-17,4,,11.0,9.0,5.12
경북,성주,참외,1,14,2022-01-24,1,,11.0,10.5,5.08
경북,성주,참외,1,14,2022-01-24,2,,11.5,9.5,5.84
경북,성주,참외,1,14,2022-01-24,3,,10.0,9.5,5.2
경북,성주,참외,1,14,2022-01-24,4,,11.5,9.5,5.32
경북,성주,참외,1,14,2022-02-03,1,,12.0,11.0,5.14
경북,성주,참외,1,14,2022-02-03,2,,13.0,10.0,5.94
경북,성주,참외,1,14,2022-02-03,3,,11.0,11.0,5.29
경북,성주,참외,1,14,2022-02-03,4,,12.0,10.0,5.47
경북,성주,참외,1,14,2022-02-07,1,,12.2,11.5,5.21
경북,성주,참외,1,14,2022-02-07,2,,13.1,11.0,6.01
경북,성주,참외,1,14,2022-02-07,3,,11.5,11.2,5.31
경북,성주,참외,1,14,2022-02-07,4,,12.5,11.0,5.51
경북,성주,참외,1,14,2022-02-14,1,,12.2,11.5,5.22
경북,성주,참외,1,14,2022-02-14,2,,13.1,11.0,6.05
경북,성주,참외,1,14,2022-02-14,3,,11.5,11.5,5.35
경북,성주,참외,1,14,2022-02-14,4,,12.5,11.0,5.54
경북,성주,참외,1,14,2022-02-21,1,,12.5,11.5,5.25
경북,성주,참외,1,14,2022-02-21,2,,13.5,12.5,6.06
경북,성주,참외,1,14,2022-02-21,3,,12.0,12.0,5.37
경북,성주,참외,1,14,2022-02-21,4,,12.5,11.0,5.57
경북,성주,참외,1,14,2022-02-28,1,,12.5,11.5,5.28
경북,성주,참외,1,14,2022-02-28,2,,13.5,12.5,6.08
경북,성주,참외,1,14,2022-02-28,3,,12.0,12.0,5.4
경북,성주,참외,1,14,2022-02-28,4,,12.5,11.5,5.58
경북,성주,참외,1,14,2022-03-07,1,,12.5,11.5,5.29
경북,성주,참외,1,14,2022-03-07,2,,13.5,12.5,6.09
경북,성주,참외,1,14,2022-03-07,3,,12.0,12.0,5.41
경북,성주,참외,1,14,2022-03-07,4,,13.0,12.0,5.59
경북,성주,참외,1,14,2022-03-14,1,,12.5,11.5,5.3
경북,성주,참외,1,14,2022-03-14,2,,13.5,12.5,6.1
경북,성주,참외,1,14,2022-03-14,3,,13.0,12.0,5.42
경북,성주,참외,1,14,2022-03-14,4,,13.0,12.0,5.6
경북,성주,참외,1,14,2022-03-21,1,,12.5,11.5,5.31
경북,성주,참외,1,14,2022-03-21,2,,13.5,12.5,6.11
경북,성주,참외,1,14,2022-03-21,3,,13.0,12.0,5.43
경북,성주,참외,1,14,2022-03-21,4,,13.0,12.0,5.61
경북,성주,참외,1,14,2022-03-28,1,,12.5,11.5,5.32
경북,성주,참외,1,14,2022-03-28,2,,13.5,12.5,6.12
경북,성주,참외,1,14,2022-03-28,3,,13.0,12.0,5.44
경북,성주,참외,1,14,2022-03-28,4,,13.0,12.0,5.62
경북,성주,참외,1,14,2022-04-04,1,,12.5,11.5,5.33
경북,성주,참외,1,14,2022-04-04,2,,13.5,12.5,6.13
경북,성주,참외,1,14,2022-04-04,3,,13.0,12.0,5.45
경북,성주,참외,1,14,2022-04-04,4,,13.0,12.0,5.63
경북,성주,참외,1,14,2022-04-11,1,,12.5,11.5,5.34
경북,성주,참외,1,14,2022-04-11,2,,13.5,12.5,6.14
경북,성주,참외,1,14,2022-04-11,3,,13.0,12.0,5.46
경북,성주,참외,1,14,2022-04-11,4,,13.0,12.0,5.64
경북,성주,참외,1,14,2022-04-18,1,,13.0,12.0,5.35
경북,성주,참외,1,14,2022-04-18,2,,13.5,12.5,6.15
경북,성주,참외,1,14,2022-04-18,3,,13.0,12.5,5.47
경북,성주,참외,1,14,2022-04-18,4,,13.0,12.0,5.65
경북,성주,참외,1,14,2022-04-25,1,,13.0,12.0,4.29
경북,성주,참외,1,14,2022-04-25,2,,13.0,12.0,4.64
경북,성주,참외,1,14,2022-04-25,3,,12.0,11.0,4.08
경북,성주,참외,1,14,2022-04-25,4,,13.0,12.0,4.26
경북,성주,참외,1,14,2022-05-02,1,,13.0,12.0,3.84
경북,성주,참외,1,14,2022-05-02,2,,13.0,12.0,3.69
경북,성주,참외,1,14,2022-05-02,3,,13.0,12.0,3.68
경북,성주,참외,1,14,2022-05-02,4,,12.0,11.0,4.17
경북,성주,참외,1,14,2022-05-09,1,,13.0,12.0,3.37
경북,성주,참외,1,14,2022-05-09,2,,14.0,13.0,4.33
경북,성주,참외,1,14,2022-05-09,3,,12.0,12.0,3.57
경북,성주,참외,1,14,2022-05-09,4,,13.0,12.0,3.32
경북,성주,참외,1,14,2022-05-16,1,,13.0,12.0,4.72
경북,성주,참외,1,14,2022-05-16,2,,13.0,12.0,3.28
경북,성주,참외,1,14,2022-05-16,3,,13.0,12.0,4.53
경북,성주,참외,1,14,2022-05-16,4,,14.0,13.0,5.04
경북,성주,참외,1,14,2022-05-23,1,,13.0,12.0,3.28
경북,성주,참외,1,14,2022-05-23,2,,13.0,12.0,3.68
경북,성주,참외,1,14,2022-05-23,3,,13.0,12.0,3.54
경북,성주,참외,1,14,2022-05-23,4,,13.0,12.0,4.15
경북,성주,참외,1,14,2022-05-30,1,,13.0,12.0,4.52
경북,성주,참외,1,14,2022-05-30,2,,13.0,12.0,4.26
경북,성주,참외,1,14,2022-05-30,3,,13.0,12.0,3.52
경북,성주,참외,1,14,2022-05-30,4,,13.0,12.0,3.62
경북,성주,참외,1,14,2022-06-07,1,,13.0,12.0,4.53
경북,성주,참외,1,14,2022-06-07,2,,13.0,12.0,4.27
경북,성주,참외,1,14,2022-06-07,3,,13.0,12.0,3.53
경북,성주,참외,1,14,2022-06-07,4,,13.0,12.0,3.64
경북,성주,참외,1,14,2022-06-13,1,,12.0,11.0,4.54
경북,성주,참외,1,14,2022-06-13,2,,12.5,11.0,4.28
경북,성주,참외,1,14,2022-06-13,3,,13.0,12.0,3.54
경북,성주,참외,1,14,2022-06-13,4,,10.5,9.5,3.65
경북,성주,참외,1,14,2022-06-20,1,,13.0,11.0,4.53
경북,성주,참외,1,14,2022-06-20,2,,13.0,12.0,4.27
경북,성주,참외,1,14,2022-06-20,3,,12.0,11.5,3.56
경북,성주,참외,1,14,2022-06-20,4,,10.0,9.0,3.66
경북,성주,참외,1,14,2022-06-27,1,,12.0,11.0,4.54
경북,성주,참외,1,14,2022-06-27,2,,13.0,12.0,4.28
경북,성주,참외,1,14,2022-06-27,3,,11.5,11.0,3.57
경북,성주,참외,1,14,2022-06-27,4,,10.0,9.0,3.67
경북,성주,참외,1,14,2022-07-04,1,,10.0,9.0,4.57
경북,성주,참외,1,14,2022-07-04,2,,12.0,10.0,4.3
경북,성주,참외,1,14,2022-07-04,3,,11.0,10.0,3.55
경북,성주,참외,1,14,2022-07-04,4,,10.5,9.5,3.7
경북,성주,참외,1,14,2022-07-14,1,,8.0,7.0,3.6
경북,성주,참외,1,14,2022-07-14,2,,8.0,8.0,3.87
경북,성주,참외,1,14,2022-07-14,3,,8.0,7.0,3.93
경북,성주,참외,1,14,2022-07-14,4,,8.0,8.0,3.75
경북,성주,참외,1,15,2022-01-13,1,250.0,18.6,16.0,5.32
경북,성주,참외,1,15,2022-01-13,2,210.0,14.0,13.0,5.14
경북,성주,참외,1,15,2022-01-13,3,222.0,16.5,14.0,4.8
경북,성주,참외,1,15,2022-01-13,4,228.0,16.0,14.5,4.85
경북,성주,참외,1,15,2022-01-17,1,276.0,19.0,16.5,5.31
경북,성주,참외,1,15,2022-01-17,2,233.0,14.0,13.4,4.94
경북,성주,참외,1,15,2022-01-17,3,241.0,14.3,14.5,5.11
경북,성주,참외,1,15,2022-01-17,4,246.0,14.3,14.0,5.33
경북,성주,참외,1,15,2022-01-24,1,,17.0,17.5,6.23
경북,성주,참외,1,15,2022-01-24,2,,18.0,17.3,5.97
경북,성주,참외,1,15,2022-01-24,3,,16.0,15.0,4.85
경북,성주,참외,1,15,2022-01-24,4,,15.0,15.3,5.22
경북,성주,참외,1,15,2022-02-03,1,,13.0,14.7,5.31
경북,성주,참외,1,15,2022-02-03,2,,18.0,17.5,5.66
경북,성주,참외,1,15,2022-02-03,3,,15.3,16.0,5.66
경북,성주,참외,1,15,2022-02-03,4,,17.0,14.0,6.0
경북,성주,참외,1,15,2022-02-07,1,,13.5,16.0,5.62
경북,성주,참외,1,15,2022-02-07,2,,17.6,16.8,4.82
경북,성주,참외,1,15,2022-02-07,3,,14.6,14.0,5.61
경북,성주,참외,1,15,2022-02-07,4,,16.0,15.5,5.39
경북,성주,참외,1,15,2022-02-14,1,,13.7,14.3,5.82
경북,성주,참외,1,15,2022-02-14,2,,16.7,15.0,6.05
경북,성주,참외,1,15,2022-02-14,3,,15.0,14.7,5.66
경북,성주,참외,1,15,2022-02-14,4,,14.5,13.7,5.85
경북,성주,참외,1,15,2022-02-21,1,,15.5,14.1,5.45
경북,성주,참외,1,15,2022-02-21,2,,14.5,13.5,5.19
경북,성주,참외,1,15,2022-02-21,3,,14.7,14.0,5.53
경북,성주,참외,1,15,2022-02-21,4,,14.4,14.4,5.71
경북,성주,참외,1,15,2022-02-28,1,,14.0,12.0,4.53
경북,성주,참외,1,15,2022-02-28,2,,14.3,14.5,6.43
경북,성주,참외,1,15,2022-02-28,3,,16.5,15.0,6.01
경북,성주,참외,1,15,2022-02-28,4,,14.0,13.3,5.74
경북,성주,참외,1,15,2022-03-08,1,,14.0,13.2,5.0
경북,성주,참외,1,15,2022-03-08,2,,17.0,15.0,5.82
경북,성주,참외,1,15,2022-03-08,3,,14.3,13.5,5.49
경북,성주,참외,1,15,2022-03-08,4,,13.4,13.5,5.04
경북,성주,참외,1,15,2022-03-15,1,,14.0,13.0,5.24
경북,성주,참외,1,15,2022-03-15,2,,14.5,13.5,5.18
경북,성주,참외,1,15,2022-03-15,3,,14.8,13.3,5.32
경북,성주,참외,1,15,2022-03-15,4,,15.5,14.0,5.05
경북,성주,참외,1,15,2022-03-21,1,,13.5,12.5,5.67
경북,성주,참외,1,15,2022-03-21,2,,12.7,11.0,6.1
경북,성주,참외,1,15,2022-03-21,3,,13.2,11.8,6.2
경북,성주,참외,1,15,2022-03-21,4,,13.5,12.5,5.84
경북,성주,참외,1,15,2022-03-28,1,,14.5,12.1,5.74
경북,성주,참외,1,15,2022-03-28,2,,13.0,11.2,5.85
경북,성주,참외,1,15,2022-03-28,3,,12.5,11.5,5.64
경북,성주,참외,1,15,2022-03-28,4,,13.0,11.0,4.56
경북,성주,참외,1,15,2022-04-04,1,,13.5,12.0,5.9
경북,성주,참외,1,15,2022-04-04,2,,13.2,11.2,4.32
경북,성주,참외,1,15,2022-04-04,3,,12.5,12.0,5.25
경북,성주,참외,1,15,2022-04-04,4,,14.0,13.0,5.68
경북,성주,참외,1,15,2022-04-11,1,,13.2,12.2,5.55
경북,성주,참외,1,15,2022-04-11,2,,14.6,14.6,5.8
경북,성주,참외,1,15,2022-04-11,3,,14.5,13.5,5.53
경북,성주,참외,1,15,2022-04-11,4,,13.5,12.5,5.21
경북,성주,참외,1,15,2022-04-18,1,,14.5,13.5,5.1
경북,성주,참외,1,15,2022-04-18,2,,12.4,12.0,4.22
경북,성주,참외,1,15,2022-04-18,3,,14.0,13.0,5.37
경북,성주,참외,1,15,2022-04-18,4,,14.0,13.5,5.2
경북,성주,참외,1,15,2022-04-25,1,,11.0,10.0,3.85
경북,성주,참외,1,15,2022-04-25,2,,12.5,12.0,4.12
경북,성주,참외,1,15,2022-04-25,3,,10.5,11.0,3.88
경북,성주,참외,1,15,2022-04-25,4,,11.5,11.0,4.2
경북,성주,참외,1,15,2022-05-02,1,,11.5,10.5,3.85
경북,성주,참외,1,15,2022-05-02,2,,12.0,11.1,4.19
경북,성주,참외,1,15,2022-05-02,3,,12.6,11.5,4.68
경북,성주,참외,1,15,2022-05-02,4,,12.0,11.0,3.77
경북,성주,참외,1,15,2022-05-09,1,,12.0,10.0,4.9
경북,성주,참외,1,15,2022-05-09,2,,12.0,11.0,4.66
경북,성주,참외,1,15,2022-05-09,3,,14.0,12.5,3.74
경북,성주,참외,1,15,2022-05-09,4,,11.0,11.0,3.71
경북,성주,참외,1,15,2022-05-16,1,,11.2,10.5,4.36
경북,성주,참외,1,15,2022-05-16,2,,11.5,11.0,5.29
경북,성주,참외,1,15,2022-05-16,3,,11.0,10.5,5.33
경북,성주,참외,1,15,2022-05-16,4,,11.5,11.0,5.42
경북,성주,참외,1,15,2022-05-23,1,,12.7,12.5,4.28
경북,성주,참외,1,15,2022-05-23,2,,11.0,11.0,4.01
경북,성주,참외,1,15,2022-05-23,3,,11.7,11.5,4.26
경북,성주,참외,1,15,2022-05-23,4,,11.5,11.0,3.86
경북,성주,참외,1,15,2022-05-30,1,,11.7,11.0,4.81
경북,성주,참외,1,15,2022-05-30,2,,11.5,12.0,4.46
경북,성주,참외,1,15,2022-05-30,3,,11.5,11.0,4.49
경북,성주,참외,1,15,2022-05-30,4,,11.0,11.0,4.38
경북,성주,참외,1,15,2022-06-07,1,,14.5,12.0,4.94
경북,성주,참외,1,15,2022-06-07,2,,11.0,10.0,3.44
경북,성주,참외,1,15,2022-06-07,3,,12.0,11.5,3.95
경북,성주,참외,1,15,2022-06-07,4,,11.0,11.0,4.76
경북,성주,참외,1,15,2022-06-13,1,,12.0,11.0,5.06
경북,성주,참외,1,15,2022-06-13,2,,11.5,11.0,5.12
경북,성주,참외,1,15,2022-06-13,3,,12.5,11.5,4.41
경북,성주,참외,1,15,2022-06-13,4,,12.5,11.0,4.29
경북,성주,참외,1,15,2022-06-20,1,,12.0,11.0,5.13
경북,성주,참외,1,15,2022-06-20,2,,12.0,11.5,5.07
경북,성주,참외,1,15,2022-06-20,3,,11.0,11.0,4.66
경북,성주,참외,1,15,2022-06-20,4,,12.0,12.0,5.27
경북,성주,참외,1,15,2022-06-27,1,,9.6,9.0,4.26
경북,성주,참외,1,15,2022-06-27,2,,9.5,9.5,4.31
경북,성주,참외,1,15,2022-06-27,3,,9.5,9.0,4.43
경북,성주,참외,1,15,2022-06-27,4,,10.0,9.0,4.29
경북,성주,참외,1,15,2022-07-04,1,,10.0,9.0,3.7
경북,성주,참외,1,15,2022-07-04,2,,9.0,8.5,3.69
경북,성주,참외,1,15,2022-07-04,3,,10.0,8.5,3.74
경북,성주,참외,1,15,2022-07-04,4,,9.0,9.0,3.65
경북,성주,참외,1,15,2022-07-11,1,,10.0,9.0,3.85
경북,성주,참외,1,15,2022-07-11,2,,9.0,8.5,3.74
경북,성주,참외,1,15,2022-07-11,3,,9.0,8.5,3.74
경북,성주,참외,1,15,2022-07-11,4,,9.5,9.0,4.35
경북,성주,참외,1,15,2022-07-18,1,,8.5,8.5,2.76
경북,성주,참외,1,15,2022-07-18,2,,10.0,8.0,2.85
경북,성주,참외,1,15,2022-07-18,3,,10.0,10.5,2.39
경북,성주,참외,1,15,2022-07-18,4,,9.0,9.0,2.76
경북,성주,참외,1,16,2022-01-18,1,100.0,14.0,14.0,5.38
경북,성주,참외,1,16,2022-01-18,2,102.0,13.5,12.7,5.04
경북,성주,참외,1,16,2022-01-18,3,86.0,11.5,11.2,4.53
경북,성주,참외,1,16,2022-01-18,4,93.0,14.5,13.0,4.24
경북,성주,참외,1,16,2022-01-25,1,132.0,16.3,15.6,5.71
경북,성주,참외,1,16,2022-01-25,2,130.0,14.5,13.8,5.33
경북,성주,참외,1,16,2022-01-25,3,96.0,13.0,13.0,4.02
경북,성주,참외,1,16,2022-01-25,4,126.0,14.5,13.5,5.14
경북,성주,참외,1,16,2022-02-03,1,,16.5,15.7,5.5
경북,성주,참외,1,16,2022-02-03,2,,16.2,14.7,4.82
경북,성주,참외,1,16,2022-02-03,3,,13.0,13.8,4.61
경북,성주,참외,1,16,2022-02-03,4,,16.0,14.9,5.25
경북,성주,참외,1,16,2022-02-07,1,,16.2,15.3,5.62
경북,성주,참외,1,16,2022-02-07,2,,16.5,15.5,4.92
경북,성주,참외,1,16,2022-02-07,3,,14.7,13.8,4.52
경북,성주,참외,1,16,2022-02-07,4,,16.8,14.8,5.21
경북,성주,참외,1,16,2022-02-14,1,,13.5,13.2,5.02
경북,성주,참외,1,16,2022-02-14,2,,14.5,13.7,5.33
경북,성주,참외,1,16,2022-02-14,3,,13.8,13.4,4.82
경북,성주,참외,1,16,2022-02-14,4,,16.0,14.7,4.84
경북,성주,참외,1,16,2022-02-21,1,,14.6,15.3,5.93
경북,성주,참외,1,16,2022-02-21,2,,15.5,14.6,4.73
경북,성주,참외,1,16,2022-02-21,3,,14.3,15.0,5.34
경북,성주,참외,1,16,2022-02-21,4,,14.6,14.1,5.3
경북,성주,참외,1,16,2022-02-28,1,,14.0,14.0,4.48
경북,성주,참외,1,16,2022-02-28,2,,16.0,14.2,4.77
경북,성주,참외,1,16,2022-02-28,3,,14.0,12.0,4.29
경북,성주,참외,1,16,2022-02-28,4,,14.0,14.7,5.19
경북,성주,참외,1,16,2022-03-07,1,,13.7,12.2,4.49
경북,성주,참외,1,16,2022-03-07,2,,14.3,12.0,5.12
경북,성주,참외,1,16,2022-03-07,3,,16.0,13.1,4.8
경북,성주,참외,1,16,2022-03-07,4,,14.4,12.8,5.02
경북,성주,참외,1,16,2022-03-14,1,,14.6,13.0,4.89
경북,성주,참외,1,16,2022-03-14,2,,13.5,12.5,5.18
경북,성주,참외,1,16,2022-03-14,3,,14.0,13.0,5.23
경북,성주,참외,1,16,2022-03-14,4,,13.0,12.4,4.8
경북,성주,참외,1,16,2022-03-21,1,,13.0,11.5,4.87
경북,성주,참외,1,16,2022-03-21,2,,13.0,12.0,5.35
경북,성주,참외,1,16,2022-03-21,3,,13.4,12.0,5.06
경북,성주,참외,1,16,2022-03-21,4,,13.5,12.0,4.88
경북,성주,참외,1,16,2022-03-28,1,,12.7,13.0,5.52
경북,성주,참외,1,16,2022-03-28,2,,14.0,13.4,5.25
경북,성주,참외,1,16,2022-03-28,3,,13.3,13.5,5.19
경북,성주,참외,1,16,2022-03-28,4,,14.4,12.4,4.53
경북,성주,참외,1,16,2022-04-04,1,,13.5,12.5,5.07
경북,성주,참외,1,16,2022-04-04,2,,14.0,14.0,4.31
경북,성주,참외,1,16,2022-04-04,3,,13.6,12.7,4.35
경북,성주,참외,1,16,2022-04-04,4,,12.5,12.0,4.02
경북,성주,참외,1,16,2022-04-11,1,,13.0,11.0,4.17
경북,성주,참외,1,16,2022-04-11,2,,14.2,13.0,4.76
경북,성주,참외,1,16,2022-04-11,3,,13.2,12.7,4.32
경북,성주,참외,1,16,2022-04-11,4,,13.5,12.0,4.28
경북,성주,참외,1,16,2022-04-18,1,,12.5,11.7,4.63
경북,성주,참외,1,16,2022-04-18,2,,12.0,12.0,4.94
경북,성주,참외,1,16,2022-04-18,3,,11.5,11.0,4.55
경북,성주,참외,1,16,2022-04-18,4,,13.0,12.1,4.19
경북,성주,참외,1,16,2022-04-25,1,,14.0,11.5,4.08
경북,성주,참외,1,16,2022-04-25,2,,12.3,11.0,4.58
경북,성주,참외,1,16,2022-04-25,3,,13.4,12.8,4.76
경북,성주,참외,1,16,2022-04-25,4,,12.5,11.8,5.23
경북,성주,참외,1,16,2022-05-02,1,,13.5,12.7,5.28
경북,성주,참외,1,16,2022-05-02,2,,14.0,12.0,4.78
경북,성주,참외,1,16,2022-05-02,3,,12.0,11.0,5.11
경북,성주,참외,1,16,2022-05-02,4,,12.5,11.5,4.87
경북,성주,참외,1,16,2022-05-09,1,,10.5,10.0,3.66
경북,성주,참외,1,16,2022-05-09,2,,10.5,11.0,4.22
경북,성주,참외,1,16,2022-05-09,3,,10.5,10.0,3.7
경북,성주,참외,1,16,2022-05-09,4,,10.5,10.0,3.56
경북,성주,참외,1,16,2022-05-16,1,,9.5,9.5,4.65
경북,성주,참외,1,16,2022-05-16,2,,11.3,11.0,4.72
경북,성주,참외,1,16,2022-05-16,3,,10.0,9.6,4.61
경북,성주,참외,1,16,2022-05-16,4,,10.5,10.0,4.72
경북,성주,참외,1,16,2022-05-23,1,,11.0,10.2,4.29
경북,성주,참외,1,16,2022-05-23,2,,10.0,9.0,4.19
경북,성주,참외,1,16,2022-05-23,3,,11.5,9.0,4.7
경북,성주,참외,1,16,2022-05-23,4,,9.0,9.0,4.67
경북,성주,참외,1,16,2022-05-30,1,,10.2,10.0,4.29
경북,성주,참외,1,16,2022-05-30,2,,10.0,9.0,3.98
경북,성주,참외,1,16,2022-05-30,3,,9.5,9.5,4.31
경북,성주,참외,1,16,2022-05-30,4,,10.0,10.0,4.49
경북,성주,참외,1,16,2022-06-07,1,,10.0,10.0,4.61
경북,성주,참외,1,16,2022-06-07,2,,11.0,10.5,4.54
경북,성주,참외,1,16,2022-06-07,3,,10.0,9.5,4.37
경북,성주,참외,1,16,2022-06-07,4,,11.0,10.0,4.48
경북,성주,참외,1,16,2022-06-13,1,,10.0,10.0,4.62
경북,성주,참외,1,16,2022-06-13,2,,9.0,9.0,3.75
경북,성주,참외,1,16,2022-06-13,3,,9.3,8.5,4.22
경북,성주,참외,1,16,2022-06-13,4,,9.0,9.0,4.34
경북,성주,참외,1,16,2022-06-20,1,,10.0,10.0,4.65
경북,성주,참외,1,16,2022-06-20,2,,10.5,10.0,4.73
경북,성주,참외,1,16,2022-06-20,3,,10.0,9.5,4.81
경북,성주,참외,1,16,2022-06-20,4,,10.5,10.0,4.54
경북,성주,참외,1,16,2022-06-27,1,,9.0,9.0,4.32
경북,성주,참외,1,16,2022-06-27,2,,8.0,8.0,3.97
경북,성주,참외,1,16,2022-06-27,3,,9.0,8.0,3.85
경북,성주,참외,1,16,2022-06-27,4,,9.0,9.0,4.27
경북,성주,참외,1,16,2022-07-04,1,,9.0,9.0,3.63
경북,성주,참외,1,16,2022-07-04,2,,9.0,9.0,3.85
경북,성주,참외,1,16,2022-07-04,3,,10.0,9.5,3.94
경북,성주,참외,1,16,2022-07-04,4,,9.5,9.5,4.25
경북,성주,참외,1,17,2022-02-08,1,157.0,12.0,10.0,4.81
경북,성주,참외,1,17,2022-02-08,2,157.0,12.0,11.0,4.83
경북,성주,참외,1,17,2022-02-08,3,120.0,11.0,10.0,3.45
경북,성주,참외,1,17,2022-02-08,4,240.0,13.0,12.0,4.69
경북,성주,참외,1,17,2022-02-15,1,170.0,12.0,11.0,4.82
경북,성주,참외,1,17,2022-02-15,2,230.0,12.5,11.0,4.87
경북,성주,참외,1,17,2022-02-15,3,170.0,12.0,11.0,4.09
경북,성주,참외,1,17,2022-02-15,4,280.0,13.0,12.0,5.66
경북,성주,참외,1,17,2022-02-22,1,,12.0,11.0,5.12
경북,성주,참외,1,17,2022-02-22,2,,13.5,12.0,5.15
경북,성주,참외,1,17,2022-02-22,3,,13.0,12.0,4.87
경북,성주,참외,1,17,2022-02-22,4,,13.0,12.0,5.68
경북,성주,참외,1,17,2022-03-03,1,,12.5,11.5,5.14
경북,성주,참외,1,17,2022-03-03,2,,13.5,12.0,5.17
경북,성주,참외,1,17,2022-03-03,3,,13.0,12.0,4.88
경북,성주,참외,1,17,2022-03-03,4,,13.0,12.0,5.69
경북,성주,참외,1,17,2022-03-08,1,,12.5,11.5,5.15
경북,성주,참외,1,17,2022-03-08,2,,13.5,12.0,5.18
경북,성주,참외,1,17,2022-03-08,3,,13.0,12.0,4.89
경북,성주,참외,1,17,2022-03-08,4,,13.0,12.0,5.7
경북,성주,참외,1,17,2022-03-16,1,,12.5,11.5,5.16
경북,성주,참외,1,17,2022-03-16,2,,13.5,12.5,5.19
경북,성주,참외,1,17,2022-03-16,3,,13.0,12.0,4.9
경북,성주,참외,1,17,2022-03-16,4,,13.0,12.0,5.71
경북,성주,참외,1,17,2022-03-23,1,,12.5,11.5,5.17
경북,성주,참외,1,17,2022-03-23,2,,13.5,12.5,5.2
경북,성주,참외,1,17,2022-03-23,3,,13.5,12.0,4.91
경북,성주,참외,1,17,2022-03-23,4,,13.0,12.0,5.73
경북,성주,참외,1,17,2022-03-30,1,,12.5,11.5,5.18
경북,성주,참외,1,17,2022-03-30,2,,13.5,12.5,5.21
경북,성주,참외,1,17,2022-03-30,3,,13.5,12.5,4.92
경북,성주,참외,1,17,2022-03-30,4,,13.0,12.0,5.74
경북,성주,참외,1,17,2022-04-06,1,,12.5,11.5,5.19
경북,성주,참외,1,17,2022-04-06,2,,13.5,12.5,5.22
경북,성주,참외,1,17,2022-04-06,3,,13.5,12.5,4.93
경북,성주,참외,1,17,2022-04-06,4,,13.0,12.0,5.75
경북,성주,참외,1,17,2022-04-13,1,,12.5,11.5,5.2
경북,성주,참외,1,17,2022-04-13,2,,13.5,12.5,5.23
경북,성주,참외,1,17,2022-04-13,3,,13.5,13.0,4.95
경북,성주,참외,1,17,2022-04-13,4,,13.0,12.0,5.76
경북,성주,참외,1,17,2022-04-20,1,,12.0,11.0,3.28
경북,성주,참외,1,17,2022-04-20,2,,12.5,11.0,3.31
경북,성주,참외,1,17,2022-04-20,3,,12.5,11.5,3.36
경북,성주,참외,1,17,2022-04-20,4,,12.0,11.0,3.24
경북,성주,참외,1,17,2022-04-27,1,,13.0,12.0,3.7
경북,성주,참외,1,17,2022-04-27,2,,13.0,12.0,3.25
경북,성주,참외,1,17,2022-04-27,3,,13.0,12.0,3.42
경북,성주,참외,1,17,2022-04-27,4,,12.0,11.0,3.64
경북,성주,참외,1,17,2022-05-04,1,,12.0,11.0,3.55
경북,성주,참외,1,17,2022-05-04,2,,12.0,12.0,3.28
경북,성주,참외,1,17,2022-05-04,3,,12.0,12.0,3.78
경북,성주,참외,1,17,2022-05-04,4,,12.0,11.0,3.68
경북,성주,참외,1,17,2022-05-11,1,,12.0,11.0,4.33
경북,성주,참외,1,17,2022-05-11,2,,12.0,11.0,4.16
경북,성주,참외,1,17,2022-05-11,3,,13.0,12.0,4.28
경북,성주,참외,1,17,2022-05-11,4,,12.0,12.0,4.64
경북,성주,참외,1,17,2022-05-18,1,,13.0,12.0,3.93
경북,성주,참외,1,17,2022-05-18,2,,12.0,12.0,4.66
경북,성주,참외,1,17,2022-05-18,3,,13.0,12.0,3.73
경북,성주,참외,1,17,2022-05-18,4,,13.0,12.0,4.11
경북,성주,참외,1,17,2022-05-25,1,,13.0,12.0,4.24
경북,성주,참외,1,17,2022-05-25,2,,13.0,12.0,3.73
경북,성주,참외,1,17,2022-05-25,3,,13.0,12.0,4.22
경북,성주,참외,1,17,2022-05-25,4,,13.0,12.0,4.88
경북,성주,참외,1,17,2022-05-31,1,,13.0,12.0,3.93
경북,성주,참외,1,17,2022-05-31,2,,12.0,12.0,4.66
경북,성주,참외,1,17,2022-05-31,3,,13.0,12.0,3.73
경북,성주,참외,1,17,2022-05-31,4,,13.0,12.0,4.11
경북,성주,참외,1,17,2022-06-08,1,,13.0,12.0,3.94
경북,성주,참외,1,17,2022-06-08,2,,12.0,12.0,4.67
경북,성주,참외,1,17,2022-06-08,3,,13.0,12.0,3.74
경북,성주,참외,1,17,2022-06-08,4,,13.0,12.0,4.12
경북,성주,참외,1,17,2022-06-15,1,,13.0,12.0,3.88
경북,성주,참외,1,17,2022-06-15,2,,12.5,12.0,4.03
경북,성주,참외,1,17,2022-06-15,3,,13.5,12.5,3.8
경북,성주,참외,1,17,2022-06-15,4,,12.0,11.0,4.05
경북,성주,참외,1,17,2022-06-22,1,,10.0,9.0,3.89
경북,성주,참외,1,17,2022-06-22,2,,,,
경북,성주,참외,1,17,2022-06-22,3,,,,
경북,성주,참외,1,17,2022-06-22,4,,11.0,10.0,4.06
경북,성주,참외,1,17,2022-06-29,1,,8.0,7.0,3.9
경북,성주,참외,1,17,2022-06-29,2,,,,
경북,성주,참외,1,17,2022-06-29,3,,,,
경북,성주,참외,1,17,2022-06-29,4,,7.0,7.0,4.09
경북,성주,참외,1,17,2022-07-06,1,,7.0,6.0,3.91
경북,성주,참외,1,17,2022-07-06,2,,,,
경북,성주,참외,1,17,2022-07-06,3,,,,
경북,성주,참외,1,17,2022-07-06,4,,8.0,7.0,4.1
경북,성주,참외,1,18,2022-01-13,1,143.0,17.0,14.0,5.11
경북,성주,참외,1,18,2022-01-13,2,133.0,16.0,13.5,4.18
경북,성주,참외,1,18,2022-01-13,3,147.0,17.0,15.0,5.14
경북,성주,참외,1,18,2022-01-13,4,144.0,16.0,15.0,4.67
경북,성주,참외,1,18,2022-01-17,1,160.0,17.0,16.0,5.95
경북,성주,참외,1,18,2022-01-17,2,150.0,17.0,15.3,5.35
경북,성주,참외,1,18,2022-01-17,3,168.0,18.0,16.0,5.46
경북,성주,참외,1,18,2022-01-17,4,161.0,17.0,15.5,5.62
경북,성주,참외,1,18,2022-01-24,1,198.0,16.3,15.4,6.77
경북,성주,참외,1,18,2022-01-24,2,182.0,17.5,16.0,6.12
경북,성주,참외,1,18,2022-01-24,3,202.0,18.0,16.8,5.92
경북,성주,참외,1,18,2022-01-24,4,201.0,17.0,16.5,6.19
경북,성주,참외,1,18,2022-02-03,1,,16.0,15.0,6.54
경북,성주,참외,1,18,2022-02-03,2,,14.0,15.5,6.15
경북,성주,참외,1,18,2022-02-03,3,,19.0,18.0,6.36
경북,성주,참외,1,18,2022-02-03,4,,16.5,16.0,6.65
경북,성주,참외,1,18,2022-02-07,1,,16.5,15.5,6.62
경북,성주,참외,1,18,2022-02-07,2,,14.0,13.5,6.32
경북,성주,참외,1,18,2022-02-07,3,,18.5,17.0,6.48
경북,성주,참외,1,18,2022-02-07,4,,16.0,16.5,6.12
경북,성주,참외,1,18,2022-02-14,1,,16.0,15.5,6.4
경북,성주,참외,1,18,2022-02-14,2,,14.5,13.3,6.8
경북,성주,참외,1,18,2022-02-14,3,,16.5,14.3,6.32
경북,성주,참외,1,18,2022-02-14,4,,16.0,15.2,6.63
경북,성주,참외,1,18,2022-02-21,1,,15.2,13.0,6.23
경북,성주,참외,1,18,2022-02-21,2,,14.8,13.3,6.25
경북,성주,참외,1,18,2022-02-21,3,,14.5,14.5,6.02
경북,성주,참외,1,18,2022-02-21,4,,16.0,16.0,6.61
경북,성주,참외,1,18,2022-02-28,1,,15.0,14.0,6.11
경북,성주,참외,1,18,2022-02-28,2,,15.2,14.0,6.72
경북,성주,참외,1,18,2022-02-28,3,,14.0,13.5,6.31
경북,성주,참외,1,18,2022-02-28,4,,15.5,14.5,6.97
경북,성주,참외,1,18,2022-03-07,1,,15.5,15.0,6.66
경북,성주,참외,1,18,2022-03-07,2,,13.5,12.6,5.66
경북,성주,참외,1,18,2022-03-07,3,,14.5,14.0,6.21
경북,성주,참외,1,18,2022-03-07,4,,16.5,16.5,6.99
경북,성주,참외,1,18,2022-03-15,1,,15.5,14.5,5.72
경북,성주,참외,1,18,2022-03-15,2,,15.8,14.0,6.22
경북,성주,참외,1,18,2022-03-15,3,,16.0,15.0,6.31
경북,성주,참외,1,18,2022-03-15,4,,16.5,15.5,6.52
경북,성주,참외,1,18,2022-03-21,1,,15.0,14.0,5.3
경북,성주,참외,1,18,2022-03-21,2,,14.0,14.0,5.53
경북,성주,참외,1,18,2022-03-21,3,,14.5,13.0,5.24
경북,성주,참외,1,18,2022-03-21,4,,14.7,14.0,5.37
경북,성주,참외,1,18,2022-03-28,1,,15.0,14.5,6.0
경북,성주,참외,1,18,2022-03-28,2,,15.8,14.0,5.99
경북,성주,참외,1,18,2022-03-28,3,,14.5,13.5,6.06
경북,성주,참외,1,18,2022-03-28,4,,14.8,13.8,6.12
경북,성주,참외,1,18,2022-04-04,1,,14.0,12.5,6.48
경북,성주,참외,1,18,2022-04-04,2,,15.0,13.0,5.02
경북,성주,참외,1,18,2022-04-04,3,,14.0,12.0,5.45
경북,성주,참외,1,18,2022-04-04,4,,11.5,11.0,5.44
경북,성주,참외,1,18,2022-04-11,1,,13.5,12.3,5.42
경북,성주,참외,1,18,2022-04-11,2,,12.0,11.6,4.65
경북,성주,참외,1,18,2022-04-11,3,,14.0,12.0,5.9
경북,성주,참외,1,18,2022-04-11,4,,14.0,13.0,5.87
경북,성주,참외,1,18,2022-04-18,1,,14.0,13.3,4.61
경북,성주,참외,1,18,2022-04-18,2,,13.0,12.0,5.05
경북,성주,참외,1,18,2022-04-18,3,,12.5,12.5,5.22
경북,성주,참외,1,18,2022-04-18,4,,12.6,12.0,4.87
경북,성주,참외,1,18,2022-04-25,1,,12.6,11.0,5.46
경북,성주,참외,1,18,2022-04-25,2,,12.5,11.6,4.6
경북,성주,참외,1,18,2022-04-25,3,,12.3,11.5,5.32
경북,성주,참외,1,18,2022-04-25,4,,12.0,10.5,4.86
경북,성주,참외,1,18,2022-05-02,1,,12.0,10.5,4.98
경북,성주,참외,1,18,2022-05-02,2,,13.0,13.0,4.76
경북,성주,참외,1,18,2022-05-02,3,,11.0,11.0,3.9
경북,성주,참외,1,18,2022-05-02,4,,12.5,11.0,4.32
경북,성주,참외,1,18,2022-05-09,1,,12.0,11.2,5.19
경북,성주,참외,1,18,2022-05-09,2,,11.0,11.0,3.14
경북,성주,참외,1,18,2022-05-09,3,,12.2,11.0,4.28
경북,성주,참외,1,18,2022-05-09,4,,11.5,11.5,4.33
경북,성주,참외,1,18,2022-05-16,1,,12.0,11.2,5.07
경북,성주,참외,1,18,2022-05-16,2,,12.6,12.0,6.02
경북,성주,참외,1,18,2022-05-16,3,,12.5,11.5,5.21
경북,성주,참외,1,18,2022-05-16,4,,12.0,12.0,5.43
경북,성주,참외,1,18,2022-05-23,1,,12.0,12.0,4.5
경북,성주,참외,1,18,2022-05-23,2,,11.5,10.0,4.58
경북,성주,참외,1,18,2022-05-23,3,,13.0,12.0,3.96
경북,성주,참외,1,18,2022-05-23,4,,12.0,11.5,4.51
경북,성주,참외,1,18,2022-05-30,1,,10.5,10.5,4.88
경북,성주,참외,1,18,2022-05-30,2,,11.0,10.0,4.53
경북,성주,참외,1,18,2022-05-30,3,,12.0,11.3,5.48
경북,성주,참외,1,18,2022-05-30,4,,11.0,11.0,4.76
경북,성주,참외,1,18,2022-06-07,1,,9.5,8.0,3.32
경북,성주,참외,1,18,2022-06-07,2,,12.0,10.0,4.5
경북,성주,참외,1,18,2022-06-07,3,,12.0,11.5,5.82
경북,성주,참외,1,18,2022-06-07,4,,10.0,9.0,5.76
경북,성주,참외,1,18,2022-06-13,1,,9.5,9.2,4.86
경북,성주,참외,1,18,2022-06-13,2,,10.0,10.0,4.72
경북,성주,참외,1,18,2022-06-13,3,,10.2,10.0,3.95
경북,성주,참외,1,18,2022-06-13,4,,10.5,10.5,4.27
경북,성주,참외,1,18,2022-06-20,1,,10.0,9.5,4.73
경북,성주,참외,1,18,2022-06-20,2,,10.5,9.5,4.64
경북,성주,참외,1,18,2022-06-20,3,,10.0,10.0,4.58
경북,성주,참외,1,18,2022-06-20,4,,10.5,10.5,4.49
경북,성주,참외,1,18,2022-06-27,1,,10.5,10.5,4.3
경북,성주,참외,1,18,2022-06-27,2,,10.5,10.0,4.35
경북,성주,참외,1,18,2022-06-27,3,,11.0,10.5,4.41
경북,성주,참외,1,18,2022-06-27,4,,10.5,9.5,4.27
경북,성주,참외,1,18,2022-07-04,1,,9.0,9.0,4.13
경북,성주,참외,1,18,2022-07-04,2,,10.5,9.5,3.86
경북,성주,참외,1,18,2022-07-04,3,,9.5,9.0,4.21
경북,성주,참외,1,18,2022-07-04,4,,10.5,10.0,3.95
경북,성주,참외,1,18,2022-07-11,1,,10.0,10.0,4.52
경북,성주,참외,1,18,2022-07-11,2,,9.0,9.0,3.54
경북,성주,참외,1,18,2022-07-11,3,,9.0,9.0,3.67
경북,성주,참외,1,18,2022-07-11,4,,9.5,9.5,4.54
경북,성주,참외,1,18,2022-07-18,1,,9.0,9.0,5.64
경북,성주,참외,1,18,2022-07-18,2,,9.0,8.5,3.07
경북,성주,참외,1,18,2022-07-18,3,,10.0,9.0,4.47
경북,성주,참외,1,18,2022-07-18,4,,10.0,9.0,3.13
경북,성주,참외,1,18,2022-07-25,1,,9.0,8.0,4.15
경북,성주,참외,1,18,2022-07-25,2,,10.0,9.0,2.69
경북,성주,참외,1,18,2022-07-25,3,,11.0,10.5,2.54
경북,성주,참외,1,18,2022-07-25,4,,10.0,9.5,3.29
경북,성주,참외,1,18,2022-08-04,1,,8.0,7.5,3.95
경북,성주,참외,1,18,2022-08-04,2,,10.0,9.5,3.56
경북,성주,참외,1,18,2022-08-04,3,,9.0,7.5,3.98
경북,성주,참외,1,18,2022-08-04,4,,9.0,9.0,4.44
경북,성주,참외,1,18,2022-08-11,1,,8.0,8.0,3.86
경북,성주,참외,1,18,2022-08-11,2,,9.0,8.0,3.54
경북,성주,참외,1,18,2022-08-11,3,,10.0,9.5,3.72
경북,성주,참외,1,18,2022-08-11,4,,9.0,9.0,4.24
경북,성주,참외,1,18,2022-08-16,1,,8.0,7.5,3.76
경북,성주,참외,1,18,2022-08-16,2,,8.0,8.0,3.24
경북,성주,참외,1,18,2022-08-16,3,,9.0,8.5,3.19
경북,성주,참외,1,18,2022-08-16,4,,8.0,8.0,3.36
경북,성주,참외,1,19,2022-01-14,1,68.0,10.0,8.5,4.55
경북,성주,참외,1,19,2022-01-14,2,93.0,7.0,6.5,4.36
경북,성주,참외,1,19,2022-01-14,3,80.0,7.0,7.0,4.88
경북,성주,참외,1,19,2022-01-14,4,64.0,7.0,7.0,4.39
경북,성주,참외,1,19,2022-01-18,1,107.0,11.0,9.0,5.16
경북,성주,참외,1,19,2022-01-18,2,114.0,10.0,9.0,4.88
경북,성주,참외,1,19,2022-01-18,3,119.0,11.0,10.0,5.2
경북,성주,참외,1,19,2022-01-18,4,85.0,9.0,9.0,4.52
경북,성주,참외,1,19,2022-01-25,1,150.0,11.0,10.0,5.28
경북,성주,참외,1,19,2022-01-25,2,165.0,13.0,11.0,5.36
경북,성주,참외,1,19,2022-01-25,3,173.0,11.0,10.0,5.68
경북,성주,참외,1,19,2022-01-25,4,118.0,11.0,10.0,5.01
경북,성주,참외,1,19,2022-02-04,1,249.0,11.2,10.5,5.31
경북,성주,참외,1,19,2022-02-04,2,254.0,13.5,12.0,5.41
경북,성주,참외,1,19,2022-02-04,3,225.0,11.5,10.5,5.77
경북,성주,참외,1,19,2022-02-04,4,221.0,11.5,10.4,5.03
경북,성주,참외,1,19,2022-02-08,1,,11.5,12.0,6.73
경북,성주,참외,1,19,2022-02-08,2,,13.5,12.0,6.08
경북,성주,참외,1,19,2022-02-08,3,,11.5,10.5,5.84
경북,성주,참외,1,19,2022-02-08,4,,12.0,11.0,5.14
경북,성주,참외,1,19,2022-02-15,1,,12.0,12.0,6.74
경북,성주,참외,1,19,2022-02-15,2,,13.5,12.0,6.1
경북,성주,참외,1,19,2022-02-15,3,,11.5,10.5,5.85
경북,성주,참외,1,19,2022-02-15,4,,13.5,13.0,6.36
경북,성주,참외,1,19,2022-02-22,1,,12.5,12.0,6.77
경북,성주,참외,1,19,2022-02-22,2,,13.5,12.5,6.13
경북,성주,참외,1,19,2022-02-22,3,,11.5,10.5,5.86
경북,성주,참외,1,19,2022-02-22,4,,13.5,13.0,6.37
경북,성주,참외,1,19,2022-03-03,1,,12.5,12.0,6.78
경북,성주,참외,1,19,2022-03-03,2,,13.5,12.5,6.15
경북,성주,참외,1,19,2022-03-03,3,,11.5,10.5,5.88
경북,성주,참외,1,19,2022-03-03,4,,13.5,13.0,6.38
경북,성주,참외,1,19,2022-03-08,1,,13.0,12.5,6.88
경북,성주,참외,1,19,2022-03-08,2,,14.0,13.0,6.16
경북,성주,참외,1,19,2022-03-08,3,,12.0,11.0,5.89
경북,성주,참외,1,19,2022-03-08,4,,13.5,13.0,6.39
경북,성주,참외,1,19,2022-03-16,1,,13.0,12.5,6.89
경북,성주,참외,1,19,2022-03-16,2,,14.0,13.0,6.17
경북,성주,참외,1,19,2022-03-16,3,,12.0,11.0,5.9
경북,성주,참외,1,19,2022-03-16,4,,13.5,13.0,6.4
경북,성주,참외,1,19,2022-03-23,1,,13.0,12.5,6.9
경북,성주,참외,1,19,2022-03-23,2,,14.0,13.0,6.18
경북,성주,참외,1,19,2022-03-23,3,,12.0,11.5,5.92
경북,성주,참외,1,19,2022-03-23,4,,14.0,13.0,6.42
경북,성주,참외,1,19,2022-03-30,1,,13.0,12.5,6.91
경북,성주,참외,1,19,2022-03-30,2,,14.0,13.0,6.19
경북,성주,참외,1,19,2022-03-30,3,,12.0,11.5,5.93
경북,성주,참외,1,19,2022-03-30,4,,14.0,13.0,6.43
경북,성주,참외,1,19,2022-04-06,1,,13.0,12.5,6.92
경북,성주,참외,1,19,2022-04-06,2,,14.0,13.5,6.2
경북,성주,참외,1,19,2022-04-06,3,,12.5,11.5,5.94
경북,성주,참외,1,19,2022-04-06,4,,14.0,13.0,6.44
경북,성주,참외,1,19,2022-04-13,1,,13.0,12.5,6.93
경북,성주,참외,1,19,2022-04-13,2,,14.0,13.5,6.21
경북,성주,참외,1,19,2022-04-13,3,,13.0,12.0,5.95
경북,성주,참외,1,19,2022-04-13,4,,14.0,13.0,6.45
경북,성주,참외,1,19,2022-04-20,1,,13.0,12.0,5.07
경북,성주,참외,1,19,2022-04-20,2,,13.0,12.0,4.64
경북,성주,참외,1,19,2022-04-20,3,,14.0,13.0,4.11
경북,성주,참외,1,19,2022-04-20,4,,14.0,13.0,4.51
경북,성주,참외,1,19,2022-04-27,1,,13.0,13.0,5.09
경북,성주,참외,1,19,2022-04-27,2,,12.0,12.0,5.52
경북,성주,참외,1,19,2022-04-27,3,,13.0,12.0,3.86
경북,성주,참외,1,19,2022-04-27,4,,14.0,13.0,5.41
경북,성주,참외,1,19,2022-05-04,1,,13.0,12.0,4.93
경북,성주,참외,1,19,2022-05-04,2,,13.0,12.0,3.92
경북,성주,참외,1,19,2022-05-04,3,,12.0,12.0,4.04
경북,성주,참외,1,19,2022-05-04,4,,12.0,12.0,3.98
경북,성주,참외,1,19,2022-05-11,1,,13.0,12.0,3.79
경북,성주,참외,1,19,2022-05-11,2,,13.0,12.0,3.31
경북,성주,참외,1,19,2022-05-11,3,,13.0,12.0,3.79
경북,성주,참외,1,19,2022-05-11,4,,12.0,12.0,4.14
경북,성주,참외,1,19,2022-05-18,1,,13.0,12.0,3.8
경북,성주,참외,1,19,2022-05-18,2,,13.0,12.0,3.83
경북,성주,참외,1,19,2022-05-18,3,,13.0,12.0,3.67
경북,성주,참외,1,19,2022-05-18,4,,13.0,12.0,4.58
경북,성주,참외,1,19,2022-05-25,1,,13.0,12.0,4.68
경북,성주,참외,1,19,2022-05-25,2,,13.0,12.0,4.53
경북,성주,참외,1,19,2022-05-25,3,,13.0,12.0,4.65
경북,성주,참외,1,19,2022-05-25,4,,13.0,12.0,4.24
경북,성주,참외,1,19,2022-05-31,1,,13.0,12.0,3.31
경북,성주,참외,1,19,2022-05-31,2,,13.0,12.0,4.08
경북,성주,참외,1,19,2022-05-31,3,,13.0,12.0,4.69
경북,성주,참외,1,19,2022-05-31,4,,14.0,13.0,3.4
경북,성주,참외,1,19,2022-06-08,1,,13.0,12.0,3.33
경북,성주,참외,1,19,2022-06-08,2,,13.0,12.0,4.09
경북,성주,참외,1,19,2022-06-08,3,,13.0,12.0,4.7
경북,성주,참외,1,19,2022-06-08,4,,14.0,13.0,3.41
경북,성주,참외,1,19,2022-06-15,1,,13.0,12.0,3.31
경북,성주,참외,1,19,2022-06-15,2,,12.0,11.0,4.1
경북,성주,참외,1,19,2022-06-15,3,,12.5,12.0,4.68
경북,성주,참외,1,19,2022-06-15,4,,14.0,13.0,3.4
경북,성주,참외,1,19,2022-06-22,1,,11.0,11.0,3.32
경북,성주,참외,1,19,2022-06-22,2,,12.0,11.5,4.11
경북,성주,참외,1,19,2022-06-22,3,,11.0,10.0,4.49
경북,성주,참외,1,19,2022-06-22,4,,13.0,12.0,3.41
경북,성주,참외,1,19,2022-06-29,1,,10.0,9.0,3.34
경북,성주,참외,1,19,2022-06-29,2,,9.0,8.0,4.13
경북,성주,참외,1,19,2022-06-29,3,,11.0,10.5,4.52
경북,성주,참외,1,19,2022-06-29,4,,14.0,13.0,3.43
경북,성주,참외,1,19,2022-07-06,1,,13.0,11.0,3.35
경북,성주,참외,1,19,2022-07-06,2,,8.5,7.0,4.16
경북,성주,참외,1,19,2022-07-06,3,,12.0,12.0,4.55
경북,성주,참외,1,19,2022-07-06,4,,10.5,9.5,3.46
경북,성주,참외,1,20,2022-01-14,1,,10.0,8.0,4.2
경북,성주,참외,1,20,2022-01-14,2,,10.0,9.0,4.06
경북,성주,참외,1,20,2022-01-14,3,,8.5,8.5,4.7
경북,성주,참외,1,20,2022-01-14,4,,10.0,8.0,4.14
경북,성주,참외,1,20,2022-01-19,1,,10.0,10.0,4.35
경북,성주,참외,1,20,2022-01-19,2,,11.0,9.5,4.42
경북,성주,참외,1,20,2022-01-19,3,,9.0,10.0,4.96
경북,성주,참외,1,20,2022-01-19,4,,11.0,10.0,4.26
경북,성주,참외,1,20,2022-01-26,1,,12.0,11.0,4.85
경북,성주,참외,1,20,2022-01-26,2,,11.0,10.0,5.2
경북,성주,참외,1,20,2022-01-26,3,,10.0,10.0,5.01
경북,성주,참외,1,20,2022-01-26,4,,11.0,10.5,4.45
경북,성주,참외,1,20,2022-02-04,1,,12.6,11.4,4.97
경북,성주,참외,1,20,2022-02-04,2,,12.0,10.5,5.47
경북,성주,참외,1,20,2022-02-04,3,,11.0,10.5,5.13
경북,성주,참외,1,20,2022-02-04,4,,12.0,11.0,4.51
경북,성주,참외,1,20,2022-02-09,1,,12.7,11.5,4.99
경북,성주,참외,1,20,2022-02-09,2,,12.5,11.0,5.51
경북,성주,참외,1,20,2022-02-09,3,,12.0,11.0,5.17
경북,성주,참외,1,20,2022-02-09,4,,12.5,11.0,4.53
경북,성주,참외,1,20,2022-02-16,1,,13.0,11.5,5.01
경북,성주,참외,1,20,2022-02-16,2,,12.5,11.0,5.54
경북,성주,참외,1,20,2022-02-16,3,,12.0,11.0,5.2
경북,성주,참외,1,20,2022-02-16,4,,12.5,11.0,4.57
경북,성주,참외,1,20,2022-02-23,1,,13.0,12.0,5.04
경북,성주,참외,1,20,2022-02-23,2,,12.5,11.0,5.58
경북,성주,참외,1,20,2022-02-23,3,,12.0,11.0,5.23
경북,성주,참외,1,20,2022-02-23,4,,12.5,11.0,4.58
경북,성주,참외,1,20,2022-03-04,1,,13.0,12.0,5.05
경북,성주,참외,1,20,2022-03-04,2,,12.5,11.0,5.59
경북,성주,참외,1,20,2022-03-04,3,,12.0,11.0,5.28
경북,성주,참외,1,20,2022-03-04,4,,12.5,11.5,4.62
경북,성주,참외,1,20,2022-03-10,1,,13.0,12.0,5.08
경북,성주,참외,1,20,2022-03-10,2,,12.5,11.0,5.6
경북,성주,참외,1,20,2022-03-10,3,,12.0,11.0,5.59
경북,성주,참외,1,20,2022-03-10,4,,12.5,11.5,4.66
경북,성주,참외,1,20,2022-03-17,1,,13.0,12.0,5.09
경북,성주,참외,1,20,2022-03-17,2,,12.5,11.5,5.61
경북,성주,참외,1,20,2022-03-17,3,,12.0,11.0,5.6
경북,성주,참외,1,20,2022-03-17,4,,12.5,11.5,4.67
경북,성주,참외,1,20,2022-03-24,1,,13.0,12.0,5.1
경북,성주,참외,1,20,2022-03-24,2,,12.5,11.5,5.62
경북,성주,참외,1,20,2022-03-24,3,,12.0,11.0,5.61
경북,성주,참외,1,20,2022-03-24,4,,12.5,11.5,4.68
경북,성주,참외,1,20,2022-03-31,1,,13.0,12.0,5.11
경북,성주,참외,1,20,2022-03-31,2,,12.5,11.5,5.63
경북,성주,참외,1,20,2022-03-31,3,,12.0,11.0,5.62
경북,성주,참외,1,20,2022-03-31,4,,12.5,11.5,4.69
경북,성주,참외,1,20,2022-04-07,1,,13.0,12.0,5.12
경북,성주,참외,1,20,2022-04-07,2,,13.0,12.0,5.64
경북,성주,참외,1,20,2022-04-07,3,,13.0,12.0,5.63
경북,성주,참외,1,20,2022-04-07,4,,12.5,11.5,4.7
경북,성주,참외,1,20,2022-04-14,1,,13.0,12.0,5.13
경북,성주,참외,1,20,2022-04-14,2,,13.0,12.0,5.65
경북,성주,참외,1,20,2022-04-14,3,,13.0,12.5,5.64
경북,성주,참외,1,20,2022-04-14,4,,13.0,11.5,4.71
경북,성주,참외,1,20,2022-04-21,1,,13.0,12.0,4.77
경북,성주,참외,1,20,2022-04-21,2,,13.0,12.0,4.19
경북,성주,참외,1,20,2022-04-21,3,,12.0,11.0,4.42
경북,성주,참외,1,20,2022-04-21,4,,13.0,12.0,3.72
경북,성주,참외,1,20,2022-04-28,1,,13.0,12.0,4.25
경북,성주,참외,1,20,2022-04-28,2,,13.0,12.0,3.91
경북,성주,참외,1,20,2022-04-28,3,,14.0,13.0,3.86
경북,성주,참외,1,20,2022-04-28,4,,13.0,12.0,4.13
경북,성주,참외,1,20,2022-05-03,1,,13.0,12.0,4.6
경북,성주,참외,1,20,2022-05-03,2,,13.0,12.0,4.45
경북,성주,참외,1,20,2022-05-03,3,,13.0,12.0,4.68
경북,성주,참외,1,20,2022-05-03,4,,13.0,12.0,4.07
경북,성주,참외,1,20,2022-05-12,1,,12.0,12.0,3.86
경북,성주,참외,1,20,2022-05-12,2,,13.0,12.0,3.73
경북,성주,참외,1,20,2022-05-12,3,,13.0,12.0,3.25
경북,성주,참외,1,20,2022-05-12,4,,13.0,12.0,3.48
경북,성주,참외,1,20,2022-05-19,1,,13.0,12.0,4.47
경북,성주,참외,1,20,2022-05-19,2,,13.0,12.0,4.11
경북,성주,참외,1,20,2022-05-19,3,,13.0,12.0,3.63
경북,성주,참외,1,20,2022-05-19,4,,12.0,12.0,3.89
경북,성주,참외,1,20,2022-05-26,1,,13.0,12.0,5.08
경북,성주,참외,1,20,2022-05-26,2,,12.0,12.0,5.27
경북,성주,참외,1,20,2022-05-26,3,,13.0,12.0,3.45
경북,성주,참외,1,20,2022-05-26,4,,13.0,13.0,4.24
경북,성주,참외,1,20,2022-06-02,1,,13.0,12.0,5.1
경북,성주,참외,1,20,2022-06-02,2,,12.0,12.0,5.28
경북,성주,참외,1,20,2022-06-02,3,,13.0,12.0,3.44
경북,성주,참외,1,20,2022-06-02,4,,13.0,13.0,4.25
경북,성주,참외,1,20,2022-06-09,1,,13.0,12.0,5.12
경북,성주,참외,1,20,2022-06-09,2,,12.0,12.0,5.29
경북,성주,참외,1,20,2022-06-09,3,,13.0,12.0,3.45
경북,성주,참외,1,20,2022-06-09,4,,13.0,13.0,4.26
경북,성주,참외,1,20,2022-06-16,1,,13.0,12.0,5.1
경북,성주,참외,1,20,2022-06-16,2,,12.5,12.0,5.3
경북,성주,참외,1,20,2022-06-16,3,,12.0,11.0,3.43
경북,성주,참외,1,20,2022-06-16,4,,12.0,11.5,4.25
경북,성주,참외,1,20,2022-06-23,1,,12.0,11.0,5.11
경북,성주,참외,1,20,2022-06-23,2,,12.0,12.0,5.31
경북,성주,참외,1,20,2022-06-23,3,,13.0,11.0,3.42
경북,성주,참외,1,20,2022-06-23,4,,11.5,11.0,4.24
경북,성주,참외,1,20,2022-06-30,1,,11.0,10.0,5.13
경북,성주,참외,1,20,2022-06-30,2,,9.0,8.0,5.27
경북,성주,참외,1,20,2022-06-30,3,,10.5,10.0,3.45
경북,성주,참외,1,20,2022-06-30,4,,8.0,7.0,4.25
경북,성주,참외,1,20,2022-07-07,1,,8.0,7.0,5.15
경북,성주,참외,1,20,2022-07-07,2,,10.0,10.0,5.3
경북,성주,참외,1,20,2022-07-07,3,,9.5,9.0,3.49
경북,성주,참외,1,20,2022-07-07,4,,14.0,13.0,4.23
경북,성주,참외,1,20,2022-07-13,1,,8.0,8.0,4.32
경북,성주,참외,1,20,2022-07-13,2,,8.0,9.0,3.92
경북,성주,참외,1,20,2022-07-13,3,,8.0,8.0,3.87
경북,성주,참외,1,20,2022-07-13,4,,7.0,7.0,3.19
경북,성주,참외,1,20,2022-07-20,1,,9.0,9.0,3.29
경북,성주,참외,1,20,2022-07-20,2,,9.0,8.0,3.24
경북,성주,참외,1,20,2022-07-20,3,,9.0,8.0,3.52
경북,성주,참외,1,20,2022-07-20,4,,8.0,8.0,2.92
경북,성주,참외,1,20,2022-07-27,1,,10.0,9.0,3.52
경북,성주,참외,1,20,2022-07-27,2,,9.0,9.0,3.64
경북,성주,참외,1,20,2022-07-27,3,,9.0,8.0,2.92
경북,성주,참외,1,20,2022-07-27,4,,9.0,9.0,4.25
경북,성주,참외,1,20,2022-08-03,1,,13.0,12.5,4.18
경북,성주,참외,1,20,2022-08-03,2,,10.5,10.5,3.74
경북,성주,참외,1,20,2022-08-03,3,,8.0,7.0,3.51
경북,성주,참외,1,20,2022-08-03,4,,9.0,9.0,3.85
경북,성주,참외,1,20,2022-08-10,1,,12.0,11.0,3.83
경북,성주,참외,1,20,2022-08-10,2,,11.0,11.0,3.72
경북,성주,참외,1,20,2022-08-10,3,,12.0,11.0,4.45
경북,성주,참외,1,20,2022-08-10,4,,10.0,10.0,4.27
경북,성주,참외,1,21,2022-01-11,1,138.0,12.0,10.0,5.3
경북,성주,참외,1,21,2022-01-11,2,170.0,11.0,10.0,4.48
경북,성주,참외,1,21,2022-01-11,3,175.0,10.0,9.0,4.91
경북,성주,참외,1,21,2022-01-11,4,178.0,10.0,9.5,4.83
경북,성주,참외,1,21,2022-01-18,1,177.0,12.0,10.0,5.58
경북,성주,참외,1,21,2022-01-18,2,196.0,11.0,10.5,5.23
경북,성주,참외,1,21,2022-01-18,3,180.0,12.0,10.0,5.52
경북,성주,참외,1,21,2022-01-18,4,192.0,11.0,10.0,4.45
경북,성주,참외,1,21,2022-01-25,1,,12.5,11.0,5.8
경북,성주,참외,1,21,2022-01-25,2,,11.5,11.0,5.5
경북,성주,참외,1,21,2022-01-25,3,,12.5,11.5,5.67
경북,성주,참외,1,21,2022-01-25,4,,12.0,11.5,5.31
경북,성주,참외,1,21,2022-02-03,1,,12.8,11.5,5.91
경북,성주,참외,1,21,2022-02-03,2,,12.0,11.5,5.61
경북,성주,참외,1,21,2022-02-03,3,,13.0,12.0,5.71
경북,성주,참외,1,21,2022-02-03,4,,12.5,11.7,5.47
경북,성주,참외,1,21,2022-02-08,1,,13.0,12.0,5.98
경북,성주,참외,1,21,2022-02-08,2,,12.0,11.5,5.72
경북,성주,참외,1,21,2022-02-08,3,,13.0,12.0,5.84
경북,성주,참외,1,21,2022-02-08,4,,12.5,12.0,5.53
경북,성주,참외,1,21,2022-02-15,1,,13.0,12.0,5.99
경북,성주,참외,1,21,2022-02-15,2,,12.0,11.5,5.75
경북,성주,참외,1,21,2022-02-15,3,,13.0,12.0,5.86
경북,성주,참외,1,21,2022-02-15,4,,12.5,12.0,5.53
경북,성주,참외,1,21,2022-02-22,1,,13.0,12.0,6.01
경북,성주,참외,1,21,2022-02-22,2,,12.0,11.5,5.48
경북,성주,참외,1,21,2022-02-22,3,,13.0,12.0,5.87
경북,성주,참외,1,21,2022-02-22,4,,12.5,12.0,5.55
경북,성주,참외,1,21,2022-03-03,1,,13.0,12.0,6.03
경북,성주,참외,1,21,2022-03-03,2,,12.0,11.5,5.49
경북,성주,참외,1,21,2022-03-03,3,,13.0,12.0,5.89
경북,성주,참외,1,21,2022-03-03,4,,12.5,12.0,5.57
경북,성주,참외,1,21,2022-03-08,1,,13.0,12.0,6.04
경북,성주,참외,1,21,2022-03-08,2,,13.0,12.0,5.5
경북,성주,참외,1,21,2022-03-08,3,,13.0,12.0,5.9
경북,성주,참외,1,21,2022-03-08,4,,13.0,12.0,5.58
경북,성주,참외,1,21,2022-03-16,1,,13.0,12.0,6.05
경북,성주,참외,1,21,2022-03-16,2,,13.0,12.0,5.51
경북,성주,참외,1,21,2022-03-16,3,,13.0,12.0,5.91
경북,성주,참외,1,21,2022-03-16,4,,13.0,12.0,5.59
경북,성주,참외,1,21,2022-03-23,1,,13.0,12.0,6.07
경북,성주,참외,1,21,2022-03-23,2,,13.0,12.5,5.54
경북,성주,참외,1,21,2022-03-23,3,,13.0,12.0,5.92
경북,성주,참외,1,21,2022-03-23,4,,13.0,12.0,5.6
경북,성주,참외,1,21,2022-03-30,1,,13.0,12.0,6.08
경북,성주,참외,1,21,2022-03-30,2,,13.0,12.5,5.55
경북,성주,참외,1,21,2022-03-30,3,,13.0,12.0,5.93
경북,성주,참외,1,21,2022-03-30,4,,13.0,12.0,5.61
경북,성주,참외,1,21,2022-04-06,1,,13.0,12.0,6.09
경북,성주,참외,1,21,2022-04-06,2,,13.0,12.5,5.56
경북,성주,참외,1,21,2022-04-06,3,,13.0,12.0,5.94
경북,성주,참외,1,21,2022-04-06,4,,13.0,12.0,5.62
경북,성주,참외,1,21,2022-04-13,1,,13.0,12.0,6.1
경북,성주,참외,1,21,2022-04-13,2,,13.0,12.5,5.57
경북,성주,참외,1,21,2022-04-13,3,,13.0,12.0,5.95
경북,성주,참외,1,21,2022-04-13,4,,13.0,12.0,5.63
경북,성주,참외,1,21,2022-04-20,1,,12.0,12.0,3.28
경북,성주,참외,1,21,2022-04-20,2,,13.0,12.5,4.02
경북,성주,참외,1,21,2022-04-20,3,,13.0,12.0,3.99
경북,성주,참외,1,21,2022-04-20,4,,12.5,11.5,4.21
경북,성주,참외,1,21,2022-04-27,1,,13.0,12.0,4.07
경북,성주,참외,1,21,2022-04-27,2,,14.0,13.0,4.05
경북,성주,참외,1,21,2022-04-27,3,,13.0,12.0,4.76
경북,성주,참외,1,21,2022-04-27,4,,13.0,12.0,4.89
경북,성주,참외,1,21,2022-05-04,1,,12.0,11.0,4.1
경북,성주,참외,1,21,2022-05-04,2,,12.0,11.0,4.61
경북,성주,참외,1,21,2022-05-04,3,,12.0,12.0,4.47
경북,성주,참외,1,21,2022-05-04,4,,12.0,11.0,3.81
경북,성주,참외,1,21,2022-05-11,1,,12.0,11.0,3.62
경북,성주,참외,1,21,2022-05-11,2,,13.0,12.0,4.36
경북,성주,참외,1,21,2022-05-11,3,,13.0,12.0,4.45
경북,성주,참외,1,21,2022-05-11,4,,13.0,13.0,4.67
경북,성주,참외,1,21,2022-05-18,1,,13.0,12.0,3.74
경북,성주,참외,1,21,2022-05-18,2,,13.0,12.0,3.54
경북,성주,참외,1,21,2022-05-18,3,,13.0,12.0,4.01
경북,성주,참외,1,21,2022-05-18,4,,13.0,12.0,4.58
경북,성주,참외,1,21,2022-05-25,1,,13.0,12.0,3.74
경북,성주,참외,1,21,2022-05-25,2,,13.0,12.0,3.54
경북,성주,참외,1,21,2022-05-25,3,,13.0,12.0,4.01
경북,성주,참외,1,21,2022-05-25,4,,13.0,12.0,4.58
경북,성주,참외,1,21,2022-05-31,1,,13.0,12.0,3.73
경북,성주,참외,1,21,2022-05-31,2,,13.0,12.0,4.02
경북,성주,참외,1,21,2022-05-31,3,,14.0,13.0,4.15
경북,성주,참외,1,21,2022-05-31,4,,13.0,12.0,3.94
경북,성주,참외,1,21,2022-06-08,1,,13.0,12.0,4.21
경북,성주,참외,1,21,2022-06-08,2,,13.0,12.0,3.74
경북,성주,참외,1,21,2022-06-08,3,,13.0,12.0,4.03
경북,성주,참외,1,21,2022-06-08,4,,14.0,13.0,4.16
경북,성주,참외,1,21,2022-06-15,1,,12.5,11.5,4.22
경북,성주,참외,1,21,2022-06-15,2,,13.0,12.0,3.75
경북,성주,참외,1,21,2022-06-15,3,,13.5,12.5,4.05
경북,성주,참외,1,21,2022-06-15,4,,14.0,12.5,4.17
경북,성주,참외,1,21,2022-06-22,1,,10.0,9.0,4.23
경북,성주,참외,1,21,2022-06-22,2,,12.0,11.0,3.76
경북,성주,참외,1,21,2022-06-22,3,,14.0,13.0,4.06
경북,성주,참외,1,21,2022-06-22,4,,11.0,11.0,4.18
경북,성주,참외,1,21,2022-06-29,1,,11.0,10.0,4.25
경북,성주,참외,1,21,2022-06-29,2,,11.0,11.0,3.78
경북,성주,참외,1,21,2022-06-29,3,,12.0,10.0,4.03
경북,성주,참외,1,21,2022-06-29,4,,10.0,9.5,4.17
경북,성주,참외,1,21,2022-07-06,1,,10.0,9.0,4.29
경북,성주,참외,1,21,2022-07-06,2,,13.0,11.0,3.76
경북,성주,참외,1,21,2022-07-06,3,,12.0,10.5,4.01
경북,성주,참외,1,21,2022-07-06,4,,8.5,7.0,4.19
경북,성주,참외,1,21,2022-07-13,1,,8.0,8.0,4.55
경북,성주,참외,1,21,2022-07-13,2,,8.0,7.0,4.08
경북,성주,참외,1,21,2022-07-13,3,,7.0,7.0,3.35
경북,성주,참외,1,21,2022-07-13,4,,8.0,7.0,3.47
경북,칠곡,참외,1,6,2022-01-14,1,160.0,15.0,15.3,5.12
경북,칠곡,참외,1,6,2022-01-14,2,148.0,14.0,14.7,5.69
경북,칠곡,참외,1,6,2022-01-14,3,158.0,13.5,14.5,4.91
경북,칠곡,참외,1,6,2022-01-14,4,173.0,15.0,14.0,5.28
경북,칠곡,참외,1,6,2022-01-19,1,180.0,15.5,16.0,5.95
경북,칠곡,참외,1,6,2022-01-19,2,184.0,16.7,14.0,5.62
경북,칠곡,참외,1,6,2022-01-19,3,197.0,15.0,15.5,4.88
경북,칠곡,참외,1,6,2022-01-19,4,213.0,16.2,16.0,5.65
경북,칠곡,참외,1,6,2022-01-26,1,,16.5,15.8,6.02
경북,칠곡,참외,1,6,2022-01-26,2,,16.5,15.1,6.79
경북,칠곡,참외,1,6,2022-01-26,3,,15.5,16.0,5.57
경북,칠곡,참외,1,6,2022-01-26,4,,17.0,16.3,5.91
경북,칠곡,참외,1,6,2022-02-03,1,,13.0,16.5,5.91
경북,칠곡,참외,1,6,2022-02-03,2,,15.0,16.5,6.22
경북,칠곡,참외,1,6,2022-02-03,3,,13.0,14.5,6.44
경북,칠곡,참외,1,6,2022-02-03,4,,13.0,15.0,5.74
경북,칠곡,참외,1,6,2022-02-09,1,,18.0,15.5,6.48
경북,칠곡,참외,1,6,2022-02-09,2,,18.0,14.0,6.67
경북,칠곡,참외,1,6,2022-02-09,3,,16.5,16.0,6.34
경북,칠곡,참외,1,6,2022-02-09,4,,17.0,16.2,5.85
경북,칠곡,참외,1,6,2022-02-16,1,,13.8,13.5,6.05
경북,칠곡,참외,1,6,2022-02-16,2,,14.5,12.2,5.96
경북,칠곡,참외,1,6,2022-02-16,3,,15.0,13.5,5.63
경북,칠곡,참외,1,6,2022-02-16,4,,14.2,12.5,5.52
경북,칠곡,참외,1,6,2022-02-23,1,,16.0,15.0,5.67
경북,칠곡,참외,1,6,2022-02-23,2,,15.5,14.0,5.46
경북,칠곡,참외,1,6,2022-02-23,3,,16.0,14.5,5.52
경북,칠곡,참외,1,6,2022-02-23,4,,15.0,13.5,5.22
경북,칠곡,참외,1,6,2022-03-04,1,,14.0,12.8,5.01
경북,칠곡,참외,1,6,2022-03-04,2,,14.0,14.0,5.44
경북,칠곡,참외,1,6,2022-03-04,3,,16.6,14.7,5.23
경북,칠곡,참외,1,6,2022-03-04,4,,15.0,14.0,5.15
경북,칠곡,참외,1,6,2022-03-10,1,,14.5,13.0,5.49
경북,칠곡,참외,1,6,2022-03-10,2,,15.8,14.2,5.31
경북,칠곡,참외,1,6,2022-03-10,3,,14.5,13.2,5.05
경북,칠곡,참외,1,6,2022-03-10,4,,15.7,13.8,5.41
경북,칠곡,참외,1,6,2022-03-16,1,,14.0,13.0,5.5
경북,칠곡,참외,1,6,2022-03-16,2,,12.2,11.2,5.0
경북,칠곡,참외,1,6,2022-03-16,3,,12.5,11.5,5.39
경북,칠곡,참외,1,6,2022-03-16,4,,14.0,12.5,5.44
경북,칠곡,참외,1,6,2022-03-23,1,,12.0,11.4,5.34
경북,칠곡,참외,1,6,2022-03-23,2,,12.0,12.4,5.15
경북,칠곡,참외,1,6,2022-03-23,3,,11.6,10.1,4.8
경북,칠곡,참외,1,6,2022-03-23,4,,12.0,11.4,5.09
경북,칠곡,참외,1,6,2022-03-30,1,,13.0,11.5,4.81
경북,칠곡,참외,1,6,2022-03-30,2,,13.5,12.5,5.38
경북,칠곡,참외,1,6,2022-03-30,3,,12.0,11.0,5.59
경북,칠곡,참외,1,6,2022-03-30,4,,12.0,10.5,5.03
경북,칠곡,참외,1,6,2022-04-06,1,,12.0,11.1,4.66
경북,칠곡,참외,1,6,2022-04-06,2,,13.0,13.0,5.01
경북,칠곡,참외,1,6,2022-04-06,3,,12.9,13.1,6.09
경북,칠곡,참외,1,6,2022-04-06,4,,13.0,12.5,5.51
경북,칠곡,참외,1,6,2022-04-13,1,,12.4,12.0,4.44
경북,칠곡,참외,1,6,2022-04-13,2,,12.0,11.0,5.1
경북,칠곡,참외,1,6,2022-04-13,3,,15.2,14.5,5.0
경북,칠곡,참외,1,6,2022-04-13,4,,13.2,14.0,5.56
경북,칠곡,참외,1,6,2022-04-20,1,,14.5,12.6,5.37
경북,칠곡,참외,1,6,2022-04-20,2,,12.0,12.2,5.16
경북,칠곡,참외,1,6,2022-04-20,3,,13.8,14.0,5.35
경북,칠곡,참외,1,6,2022-04-20,4,,13.2,12.6,5.49
경북,칠곡,참외,1,6,2022-04-27,1,,12.0,11.3,4.68
경북,칠곡,참외,1,6,2022-04-27,2,,12.1,11.3,4.58
경북,칠곡,참외,1,6,2022-04-27,3,,12.7,11.5,4.67
경북,칠곡,참외,1,6,2022-04-27,4,,12.0,11.0,4.51
경북,칠곡,참외,1,6,2022-05-04,1,,13.5,12.0,4.28
경북,칠곡,참외,1,6,2022-05-04,2,,13.0,12.5,4.18
경북,칠곡,참외,1,6,2022-05-04,3,,14.0,14.0,5.06
경북,칠곡,참외,1,6,2022-05-04,4,,14.0,13.0,4.52
경북,칠곡,참외,1,6,2022-05-11,1,,13.5,12.0,4.75
경북,칠곡,참외,1,6,2022-05-11,2,,13.0,12.0,3.6
경북,칠곡,참외,1,6,2022-05-11,3,,11.5,11.5,4.11
경북,칠곡,참외,1,6,2022-05-11,4,,12.5,12.0,4.27
경북,칠곡,참외,1,6,2022-05-18,1,,12.5,12.4,4.29
경북,칠곡,참외,1,6,2022-05-18,2,,13.0,11.0,4.46
경북,칠곡,참외,1,6,2022-05-18,3,,12.2,11.5,4.57
경북,칠곡,참외,1,6,2022-05-18,4,,12.0,11.0,4.3
경북,칠곡,참외,1,6,2022-05-25,1,,10.5,10.0,3.82
경북,칠곡,참외,1,6,2022-05-25,2,,12.0,12.0,4.5
경북,칠곡,참외,1,6,2022-05-25,3,,13.0,12.0,5.12
경북,칠곡,참외,1,6,2022-05-25,4,,11.0,11.0,4.61
경북,칠곡,참외,1,6,2022-06-02,1,,11.0,10.5,5.66
경북,칠곡,참외,1,6,2022-06-02,2,,12.0,11.0,5.3
경북,칠곡,참외,1,6,2022-06-02,3,,13.5,11.5,5.13
경북,칠곡,참외,1,6,2022-06-02,4,,11.0,11.0,5.34
경북,칠곡,참외,1,6,2022-06-09,1,,11.0,11.0,5.04
경북,칠곡,참외,1,6,2022-06-09,2,,11.5,11.1,4.54
경북,칠곡,참외,1,6,2022-06-09,3,,11.5,11.5,3.92
경북,칠곡,참외,1,6,2022-06-09,4,,11.5,11.0,4.69
경북,칠곡,참외,1,6,2022-06-15,1,,11.0,11.0,5.12
경북,칠곡,참외,1,6,2022-06-15,2,,11.0,11.5,4.68
경북,칠곡,참외,1,6,2022-06-15,3,,11.0,11.5,4.57
경북,칠곡,참외,1,6,2022-06-15,4,,11.0,10.5,5.07
경북,칠곡,참외,1,6,2022-06-22,1,,11.0,10.5,4.74
경북,칠곡,참외,1,6,2022-06-22,2,,,,
경북,칠곡,참외,1,6,2022-06-22,3,,11.0,11.0,5.26
경북,칠곡,참외,1,6,2022-06-22,4,,,,
경북,칠곡,참외,1,6,2022-06-29,1,,10.5,9.6,4.2
경북,칠곡,참외,1,6,2022-06-29,2,,,,
경북,칠곡,참외,1,6,2022-06-29,3,,11.5,11.0,4.98
경북,칠곡,참외,1,6,2022-06-29,4,,,,
경북,칠곡,참외,1,6,2022-07-06,1,,9.5,8.5,3.41
경북,칠곡,참외,1,6,2022-07-06,2,,,,
경북,칠곡,참외,1,6,2022-07-06,3,,10.0,10.0,3.37
경북,칠곡,참외,1,6,2022-07-06,4,,,,
경북,칠곡,참외,1,6,2022-07-14,1,,9.5,9.5,3.52
경북,칠곡,참외,1,6,2022-07-14,2,,,,
경북,칠곡,참외,1,6,2022-07-14,3,,10.0,9.5,3.83
경북,칠곡,참외,1,6,2022-07-14,4,,,,
경북,칠곡,참외,1,6,2022-07-21,1,,10.5,9.5,3.2
경북,칠곡,참외,1,6,2022-07-21,2,,,,
경북,칠곡,참외,1,6,2022-07-21,3,,9.0,8.0,3.94
경북,칠곡,참외,1,6,2022-07-21,4,,,,
경북,칠곡,참외,1,6,2022-07-28,1,,8.0,8.0,3.48
경북,칠곡,참외,1,6,2022-07-28,2,,,,
경북,칠곡,참외,1,6,2022-07-28,3,,10.0,9.5,3.3
경북,칠곡,참외,1,6,2022-07-28,4,,,,
경북,칠곡,참외,1,6,2022-08-04,1,,11.0,10.0,3.97
경북,칠곡,참외,1,6,2022-08-04,2,,,,
경북,칠곡,참외,1,6,2022-08-04,3,,11.5,10.5,3.5
경북,칠곡,참외,1,6,2022-08-04,4,,,,
경북,칠곡,참외,1,6,2022-08-10,1,,11.0,10.0,3.83
경북,칠곡,참외,1,6,2022-08-10,2,,,,
경북,칠곡,참외,1,6,2022-08-10,3,,10.0,10.5,3.92
경북,칠곡,참외,1,6,2022-08-10,4,,,,
경북,칠곡,참외,1,6,2022-08-16,1,,10.0,9.5,3.54
경북,칠곡,참외,1,6,2022-08-16,2,,,,
경북,칠곡,참외,1,6,2022-08-16,3,,9.0,9.0,3.25
경북,칠곡,참외,1,6,2022-08-16,4,,,,
경북,칠곡,참외,1,9,2022-01-14,1,122.0,14.0,14.0,4.2
경북,칠곡,참외,1,9,2022-01-14,2,97.0,14.0,13.0,4.5
경북,칠곡,참외,1,9,2022-01-14,3,167.0,16.0,15.4,5.23
경북,칠곡,참외,1,9,2022-01-14,4,109.0,14.5,12.3,3.88
경북,칠곡,참외,1,9,2022-01-19,1,124.0,15.6,14.0,4.99
경북,칠곡,참외,1,9,2022-01-19,2,101.0,15.1,12.5,4.43
경북,칠곡,참외,1,9,2022-01-19,3,173.0,16.5,14.0,5.33
경북,칠곡,참외,1,9,2022-01-19,4,118.0,13.5,13.0,4.7
경북,칠곡,참외,1,9,2022-01-26,1,145.0,13.3,12.0,4.77
경북,칠곡,참외,1,9,2022-01-26,2,123.0,12.9,12.0,4.77
경북,칠곡,참외,1,9,2022-01-26,3,192.0,16.8,14.0,5.76
경북,칠곡,참외,1,9,2022-01-26,4,143.0,12.7,12.0,4.94
경북,칠곡,참외,1,9,2022-02-03,1,170.0,11.0,13.0,6.22
경북,칠곡,참외,1,9,2022-02-03,2,157.0,10.0,11.0,5.98
경북,칠곡,참외,1,9,2022-02-03,3,200.0,14.0,14.0,7.14
경북,칠곡,참외,1,9,2022-02-03,4,161.0,9.5,12.0,5.58
경북,칠곡,참외,1,9,2022-02-09,1,,13.2,13.4,5.55
경북,칠곡,참외,1,9,2022-02-09,2,,14.0,13.5,5.29
경북,칠곡,참외,1,9,2022-02-09,3,,17.0,14.0,6.14
경북,칠곡,참외,1,9,2022-02-09,4,,16.5,14.0,5.46
경북,칠곡,참외,1,9,2022-02-16,1,,13.2,13.1,5.98
경북,칠곡,참외,1,9,2022-02-16,2,,14.7,13.2,5.59
경북,칠곡,참외,1,9,2022-02-16,3,,14.0,13.0,6.97
경북,칠곡,참외,1,9,2022-02-16,4,,12.0,12.0,6.5
경북,칠곡,참외,1,9,2022-02-23,1,,15.5,13.5,5.9
경북,칠곡,참외,1,9,2022-02-23,2,,17.4,15.3,6.35
경북,칠곡,참외,1,9,2022-02-23,3,,16.5,14.5,5.56
경북,칠곡,참외,1,9,2022-02-23,4,,15.0,13.5,6.93
경북,칠곡,참외,1,9,2022-03-04,1,,15.5,13.5,7.15
경북,칠곡,참외,1,9,2022-03-04,2,,14.8,13.7,6.67
경북,칠곡,참외,1,9,2022-03-04,3,,15.0,14.5,6.34
경북,칠곡,참외,1,9,2022-03-04,4,,16.9,13.8,5.92
경북,칠곡,참외,1,9,2022-03-10,1,,15.5,14.0,6.88
경북,칠곡,참외,1,9,2022-03-10,2,,14.8,13.5,5.09
경북,칠곡,참외,1,9,2022-03-10,3,,15.0,13.3,6.04
경북,칠곡,참외,1,9,2022-03-10,4,,15.0,13.0,6.34
경북,칠곡,참외,1,9,2022-03-16,1,,14.0,12.5,5.86
경북,칠곡,참외,1,9,2022-03-16,2,,12.5,11.5,5.93
경북,칠곡,참외,1,9,2022-03-16,3,,14.2,13.0,6.76
경북,칠곡,참외,1,9,2022-03-16,4,,15.5,13.4,5.67
경북,칠곡,참외,1,9,2022-03-23,1,,13.6,12.1,6.82
경북,칠곡,참외,1,9,2022-03-23,2,,13.5,13.0,6.38
경북,칠곡,참외,1,9,2022-03-23,3,,14.0,13.0,5.54
경북,칠곡,참외,1,9,2022-03-23,4,,13.0,13.3,5.88
경북,칠곡,참외,1,9,2022-03-30,1,,14.0,13.0,6.61
경북,칠곡,참외,1,9,2022-03-30,2,,13.0,14.8,5.65
경북,칠곡,참외,1,9,2022-03-30,3,,12.7,11.5,6.11
경북,칠곡,참외,1,9,2022-03-30,4,,13.5,12.5,4.9
경북,칠곡,참외,1,9,2022-04-06,1,,13.5,13.0,6.11
경북,칠곡,참외,1,9,2022-04-06,2,,14.3,13.0,5.87
경북,칠곡,참외,1,9,2022-04-06,3,,13.2,14.0,6.31
경북,칠곡,참외,1,9,2022-04-06,4,,13.0,13.0,6.01
경북,칠곡,참외,1,9,2022-04-13,1,,8.7,10.0,4.94
경북,칠곡,참외,1,9,2022-04-13,2,,9.5,9.3,5.24
경북,칠곡,참외,1,9,2022-04-13,3,,12.0,11.5,5.74
경북,칠곡,참외,1,9,2022-04-13,4,,12.5,11.0,4.99
경북,칠곡,참외,1,9,2022-04-20,1,,11.5,11.0,5.35
경북,칠곡,참외,1,9,2022-04-20,2,,11.4,11.5,5.51
경북,칠곡,참외,1,9,2022-04-20,3,,13.3,12.5,5.63
경북,칠곡,참외,1,9,2022-04-20,4,,13.0,12.0,5.42
경북,칠곡,참외,1,9,2022-04-27,1,,13.8,11.6,5.65
경북,칠곡,참외,1,9,2022-04-27,2,,11.0,10.2,5.23
경북,칠곡,참외,1,9,2022-04-27,3,,12.0,12.0,4.48
경북,칠곡,참외,1,9,2022-04-27,4,,12.2,12.0,5.4
경북,칠곡,참외,1,9,2022-05-04,1,,12.0,12.0,5.5
경북,칠곡,참외,1,9,2022-05-04,2,,12.0,13.0,5.84
경북,칠곡,참외,1,9,2022-05-04,3,,12.5,12.0,4.31
경북,칠곡,참외,1,9,2022-05-04,4,,13.0,12.0,4.49
경북,칠곡,참외,1,9,2022-05-11,1,,12.0,11.5,3.95
경북,칠곡,참외,1,9,2022-05-11,2,,12.7,11.7,4.24
경북,칠곡,참외,1,9,2022-05-11,3,,12.0,12.0,4.65
경북,칠곡,참외,1,9,2022-05-11,4,,13.0,11.7,4.29
경북,칠곡,참외,1,9,2022-05-18,1,,13.0,12.5,4.23
경북,칠곡,참외,1,9,2022-05-18,2,,11.5,11.0,3.96
경북,칠곡,참외,1,9,2022-05-18,3,,11.1,11.2,4.37
경북,칠곡,참외,1,9,2022-05-18,4,,11.5,11.5,4.42
경북,칠곡,참외,1,9,2022-05-25,1,,12.0,11.5,4.48
경북,칠곡,참외,1,9,2022-05-25,2,,12.1,12.0,6.56
경북,칠곡,참외,1,9,2022-05-25,3,,13.4,12.5,5.39
경북,칠곡,참외,1,9,2022-05-25,4,,12.0,11.5,6.47
경북,칠곡,참외,1,9,2022-06-02,1,,12.0,11.5,5.58
경북,칠곡,참외,1,9,2022-06-02,2,,11.5,11.5,5.42
경북,칠곡,참외,1,9,2022-06-02,3,,11.5,11.0,5.65
경북,칠곡,참외,1,9,2022-06-02,4,,12.0,11.5,5.53
경북,칠곡,참외,1,9,2022-06-09,1,,12.0,11.5,5.48
경북,칠곡,참외,1,9,2022-06-09,2,,11.5,11.0,5.63
경북,칠곡,참외,1,9,2022-06-09,3,,11.5,11.5,5.6
경북,칠곡,참외,1,9,2022-06-09,4,,12.0,11.0,5.52
경북,칠곡,참외,1,9,2022-06-15,1,,12.0,11.5,5.36
경북,칠곡,참외,1,9,2022-06-15,2,,11.5,11.5,5.52
경북,칠곡,참외,1,9,2022-06-15,3,,11.0,11.0,5.47
경북,칠곡,참외,1,9,2022-06-15,4,,11.0,12.0,5.59
경북,칠곡,참외,1,9,2022-06-22,1,,10.5,10.5,5.27
경북,칠곡,참외,1,9,2022-06-22,2,,11.0,10.5,5.34
경북,칠곡,참외,1,9,2022-06-22,3,,11.0,11.0,4.97
경북,칠곡,참외,1,9,2022-06-22,4,,10.5,11.0,5.14
경북,칠곡,참외,1,9,2022-06-29,1,,11.1,10.0,4.79
경북,칠곡,참외,1,9,2022-06-29,2,,11.0,10.8,4.82
경북,칠곡,참외,1,9,2022-06-29,3,,11.0,10.5,4.33
경북,칠곡,참외,1,9,2022-06-29,4,,11.0,10.5,4.65
경북,칠곡,참외,1,9,2022-07-06,1,,11.0,9.8,3.89
경북,칠곡,참외,1,9,2022-07-06,2,,12.0,11.0,4.27
경북,칠곡,참외,1,9,2022-07-06,3,,12.0,11.2,4.23
경북,칠곡,참외,1,9,2022-07-06,4,,11.0,10.0,4.36
경북,성주,참외,1,1,2023-01-05,1,,12.0,10.0,4.1
경북,성주,참외,1,1,2023-01-05,2,,14.0,14.0,4.1
경북,성주,참외,1,1,2023-01-05,3,,13.0,12.0,4.1
경북,성주,참외,1,1,2023-01-05,4,,15.0,12.0,5.1
경북,성주,참외,1,1,2023-01-10,1,,11.1,7.9,5.2
경북,성주,참외,1,1,2023-01-10,2,,11.6,11.2,5.0
경북,성주,참외,1,1,2023-01-10,3,,12.6,9.8,4.4
경북,성주,참외,1,1,2023-01-10,4,,11.1,11.7,4.9
경북,성주,참외,1,1,2023-01-18,1,,13.5,13.0,4.3
경북,성주,참외,1,1,2023-01-18,2,,15.0,14.5,4.5
경북,성주,참외,1,1,2023-01-18,3,,12.5,12.0,4.7
경북,성주,참외,1,1,2023-01-18,4,,15.0,13.5,5.8
경북,성주,참외,1,1,2023-01-27,1,,14.2,13.0,4.8
경북,성주,참외,1,1,2023-01-27,2,,16.0,14.5,6.1
경북,성주,참외,1,1,2023-01-27,3,,17.0,16.5,5.7
경북,성주,참외,1,1,2023-01-27,4,,15.0,13.0,4.9
경북,성주,참외,1,1,2023-02-02,1,,11.0,9.5,4.1
경북,성주,참외,1,1,2023-02-02,2,,11.0,10.0,5.4
경북,성주,참외,1,1,2023-02-02,3,,10.5,9.5,4.4
경북,성주,참외,1,1,2023-02-02,4,,11.0,9.5,5.5
경북,성주,참외,1,1,2023-02-07,1,,10.0,9.0,4.7
경북,성주,참외,1,1,2023-02-07,2,,10.5,10.0,3.3
경북,성주,참외,1,1,2023-02-07,3,,11.0,10.0,4.2
경북,성주,참외,1,1,2023-02-07,4,,11.0,9.5,4.3
경북,성주,참외,1,1,2023-02-14,1,,11.0,10.5,4.6
경북,성주,참외,1,1,2023-02-14,2,,11.5,10.0,4.8
경북,성주,참외,1,1,2023-02-14,3,,10.5,9.5,4.0
경북,성주,참외,1,1,2023-02-14,4,,12.0,10.0,4.2
경북,성주,참외,1,1,2023-02-20,1,,11.0,10.0,4.9
경북,성주,참외,1,1,2023-02-20,2,,11.0,10.5,4.1
경북,성주,참외,1,1,2023-02-20,3,,11.0,10.5,4.0
경북,성주,참외,1,1,2023-02-20,4,,11.3,9.8,4.1
경북,성주,참외,1,1,2023-02-28,1,,12.0,12.0,3.3
경북,성주,참외,1,1,2023-02-28,2,,12.5,12.0,3.8
경북,성주,참외,1,1,2023-02-28,3,,11.0,10.0,4.1
경북,성주,참외,1,1,2023-02-28,4,,12.0,11.0,4.4
경북,성주,참외,1,1,2023-03-07,1,,14.0,11.5,4.2
경북,성주,참외,1,1,2023-03-07,2,,13.5,12.0,3.7
경북,성주,참외,1,1,2023-03-07,3,,12.5,12.0,4.2
경북,성주,참외,1,1,2023-03-07,4,,14.0,11.5,3.2
경북,성주,참외,1,1,2023-03-14,1,,11.0,10.5,3.4
경북,성주,참외,1,1,2023-03-14,2,,12.0,10.5,3.4
경북,성주,참외,1,1,2023-03-14,3,,11.5,11.0,3.4
경북,성주,참외,1,1,2023-03-14,4,,11.5,12.0,3.3
경북,성주,참외,1,1,2023-03-21,1,,12.0,11.5,4.1
경북,성주,참외,1,1,2023-03-21,2,,11.0,10.0,4.6
경북,성주,참외,1,1,2023-03-21,3,,11.0,10.0,5.7
경북,성주,참외,1,1,2023-03-21,4,,13.0,12.0,5.4
경북,성주,참외,1,1,2023-03-28,1,,12.0,12.0,5.5
경북,성주,참외,1,1,2023-03-28,2,,10.0,9.5,5.2
경북,성주,참외,1,1,2023-03-28,3,,11.0,10.0,6.0
경북,성주,참외,1,1,2023-03-28,4,,10.0,10.0,5.3
경북,성주,참외,1,1,2023-04-04,1,,10.0,9.0,4.0
경북,성주,참외,1,1,2023-04-04,2,,11.5,10.0,4.3
경북,성주,참외,1,1,2023-04-04,3,,9.5,10.0,5.0
경북,성주,참외,1,1,2023-04-04,4,,11.0,10.0,4.4
경북,성주,참외,1,1,2023-04-11,1,,12.0,11.5,5.3
경북,성주,참외,1,1,2023-04-11,2,,10.0,10.0,4.3
경북,성주,참외,1,1,2023-04-11,3,,11.5,10.0,4.4
경북,성주,참외,1,1,2023-04-11,4,,11.2,10.5,4.4
경북,성주,참외,1,1,2023-04-18,1,,10.0,9.5,4.5
경북,성주,참외,1,1,2023-04-18,2,,10.0,9.5,4.6
경북,성주,참외,1,1,2023-04-18,3,,9.5,10.0,3.2
경북,성주,참외,1,1,2023-04-18,4,,9.0,9.0,3.7
경북,성주,참외,1,1,2023-04-25,1,,10.5,10.0,3.8
경북,성주,참외,1,1,2023-04-25,2,,10.0,10.5,3.8
경북,성주,참외,1,1,2023-04-25,3,,10.5,10.0,3.7
경북,성주,참외,1,1,2023-04-25,4,,9.5,10.0,3.3
경북,성주,참외,1,1,2023-05-03,1,,11.0,10.0,3.5
경북,성주,참외,1,1,2023-05-03,2,,10.0,9.0,3.2
경북,성주,참외,1,1,2023-05-03,3,,11.0,10.5,4.2
경북,성주,참외,1,1,2023-05-03,4,,9.0,10.0,3.7
경북,성주,참외,1,1,2023-05-09,1,,12.0,10.0,4.0
경북,성주,참외,1,1,2023-05-09,2,,11.0,12.0,4.5
경북,성주,참외,1,1,2023-05-09,3,,10.0,8.0,3.6
경북,성주,참외,1,1,2023-05-09,4,,9.0,11.0,4.8
경북,성주,참외,1,1,2023-05-16,1,,10.0,9.0,3.1
경북,성주,참외,1,1,2023-05-16,2,,9.5,8.0,4.1
경북,성주,참외,1,1,2023-05-16,3,,10.0,11.0,4.3
경북,성주,참외,1,1,2023-05-16,4,,10.0,9.0,4.3
경북,성주,참외,1,1,2023-05-23,1,,9.5,10.0,4.8
경북,성주,참외,1,1,2023-05-23,2,,9.0,10.0,5.0
경북,성주,참외,1,1,2023-05-23,3,,8.2,9.0,4.1
경북,성주,참외,1,1,2023-05-23,4,,9.0,10.0,4.9
경북,성주,참외,1,2,2023-01-06,1,,10.1,8.0,3.2
경북,성주,참외,1,2,2023-01-06,2,,12.0,11.0,3.7
경북,성주,참외,1,2,2023-01-06,3,,13.0,12.0,3.6
경북,성주,참외,1,2,2023-01-06,4,,10.9,12.0,3.1
경북,성주,참외,1,2,2023-01-12,1,,12.0,10.5,3.8
경북,성주,참외,1,2,2023-01-12,2,,13.0,11.6,4.0
경북,성주,참외,1,2,2023-01-12,3,,12.7,12.0,3.7
경북,성주,참외,1,2,2023-01-12,4,,11.9,10.8,3.6
경북,성주,참외,1,2,2023-01-19,1,,12.0,12.8,5.1
경북,성주,참외,1,2,2023-01-19,2,,12.0,13.6,5.3
경북,성주,참외,1,2,2023-01-19,3,,10.5,11.4,4.6
경북,성주,참외,1,2,2023-01-19,4,,10.3,12.0,3.7
경북,성주,참외,1,2,2023-01-26,1,,16.5,14.0,4.2
경북,성주,참외,1,2,2023-01-26,2,,14.5,13.5,4.9
경북,성주,참외,1,2,2023-01-26,3,,15.7,13.6,4.1
경북,성주,참외,1,2,2023-01-26,4,,14.0,12.9,4.4
경북,성주,참외,1,2,2023-01-31,1,,14.0,14.0,4.1
경북,성주,참외,1,2,2023-01-31,2,,12.0,12.5,4.6
경북,성주,참외,1,2,2023-01-31,3,,13.5,14.5,5.3
경북,성주,참외,1,2,2023-01-31,4,,12.0,13.0,4.4
경북,성주,참외,1,2,2023-02-08,1,,12.5,12.0,5.6
경북,성주,참외,1,2,2023-02-08,2,,12.0,13.0,6.2
경북,성주,참외,1,2,2023-02-08,3,,14.0,14.0,6.0
경북,성주,참외,1,2,2023-02-08,4,,12.5,11.5,7.4
경북,성주,참외,1,2,2023-02-15,1,,12.5,13.0,5.9
경북,성주,참외,1,2,2023-02-15,2,,14.5,15.0,6.1
경북,성주,참외,1,2,2023-02-15,3,,12.5,13.0,4.9
경북,성주,참외,1,2,2023-02-15,4,,12.0,12.0,5.0
경북,성주,참외,1,2,2023-02-22,1,,13.0,12.0,6.1
경북,성주,참외,1,2,2023-02-22,2,,12.5,12.0,7.4
경북,성주,참외,1,2,2023-02-22,3,,11.5,13.0,6.2
경북,성주,참외,1,2,2023-02-22,4,,13.0,13.0,5.2
경북,성주,참외,1,2,2023-02-28,1,,12.0,10.5,5.8
경북,성주,참외,1,2,2023-02-28,2,,13.0,13.0,5.2
경북,성주,참외,1,2,2023-02-28,3,,13.0,13.0,6.2
경북,성주,참외,1,2,2023-02-28,4,,13.5,13.5,5.4
경북,성주,참외,1,2,2023-03-08,1,,11.0,10.0,7.3
경북,성주,참외,1,2,2023-03-08,2,,12.0,11.0,8.4
경북,성주,참외,1,2,2023-03-08,3,,10.0,11.0,5.9
경북,성주,참외,1,2,2023-03-08,4,,10.0,9.0,5.5
경북,성주,참외,1,2,2023-03-15,1,,10.0,9.0,7.0
경북,성주,참외,1,2,2023-03-15,2,,9.5,10.0,4.5
경북,성주,참외,1,2,2023-03-15,3,,10.0,10.0,6.6
경북,성주,참외,1,2,2023-03-15,4,,10.0,10.0,6.7
경북,성주,참외,1,2,2023-03-22,1,,10.0,11.0,6.4
경북,성주,참외,1,2,2023-03-22,2,,11.0,11.0,6.2
경북,성주,참외,1,2,2023-03-22,3,,10.0,9.0,6.9
경북,성주,참외,1,2,2023-03-22,4,,10.0,10.0,7.2
경북,성주,참외,1,2,2023-03-29,1,,10.0,10.0,6.1
경북,성주,참외,1,2,2023-03-29,2,,10.0,10.0,5.8
경북,성주,참외,1,2,2023-03-29,3,,10.5,10.0,5.1
경북,성주,참외,1,2,2023-03-29,4,,10.0,9.5,6.0
경북,성주,참외,1,2,2023-04-05,1,,9.0,9.0,4.6
경북,성주,참외,1,2,2023-04-05,2,,10.0,11.0,5.6
경북,성주,참외,1,2,2023-04-05,3,,8.5,8.5,6.2
경북,성주,참외,1,2,2023-04-05,4,,10.0,10.0,5.6
경북,성주,참외,1,2,2023-04-12,1,,10.0,10.0,6.2
경북,성주,참외,1,2,2023-04-12,2,,10.0,11.0,7.5
경북,성주,참외,1,2,2023-04-12,3,,9.0,9.0,4.9
경북,성주,참외,1,2,2023-04-12,4,,10.0,10.0,5.1
경북,성주,참외,1,2,2023-04-19,1,,9.0,8.5,4.9
경북,성주,참외,1,2,2023-04-19,2,,8.0,9.0,6.0
경북,성주,참외,1,2,2023-04-19,3,,8.0,7.5,4.9
경북,성주,참외,1,2,2023-04-19,4,,8.0,8.0,4.2
경북,성주,참외,1,2,2023-04-26,1,,9.0,8.5,5.1
경북,성주,참외,1,2,2023-04-26,2,,9.0,10.0,6.1
경북,성주,참외,1,2,2023-04-26,3,,9.0,8.5,4.9
경북,성주,참외,1,2,2023-04-26,4,,9.0,9.5,4.6
경북,성주,참외,1,2,2023-05-04,1,,9.0,10.0,4.6
경북,성주,참외,1,2,2023-05-04,2,,10.0,10.5,5.8
경북,성주,참외,1,2,2023-05-04,3,,9.0,8.0,5.5
경북,성주,참외,1,2,2023-05-04,4,,8.0,9.0,6.4
경북,성주,참외,1,2,2023-05-10,1,,9.0,9.0,5.0
경북,성주,참외,1,2,2023-05-10,2,,8.0,7.0,4.4
경북,성주,참외,1,2,2023-05-10,3,,9.0,9.0,5.0
경북,성주,참외,1,2,2023-05-10,4,,9.0,10.0,4.1
경북,성주,참외,1,2,2023-05-17,1,,8.0,8.0,4.4
경북,성주,참외,1,2,2023-05-17,2,,7.0,8.5,4.5
경북,성주,참외,1,2,2023-05-17,3,,8.5,10.0,4.5
경북,성주,참외,1,2,2023-05-17,4,,9.0,8.0,4.3
경북,성주,참외,1,2,2023-05-24,1,,6.5,6.5,3.9
경북,성주,참외,1,2,2023-05-24,2,,7.5,9.5,4.5
경북,성주,참외,1,2,2023-05-24,3,,6.5,7.0,4.7
경북,성주,참외,1,2,2023-05-24,4,,7.5,7.5,3.4
경북,성주,참외,1,2,2023-06-01,1,,8.5,9.0,4.2
경북,성주,참외,1,2,2023-06-01,2,,8.0,10.5,4.3
경북,성주,참외,1,2,2023-06-01,3,,8.0,9.0,4.7
경북,성주,참외,1,2,2023-06-01,4,,8.5,10.0,4.3
경북,성주,참외,1,2,2023-06-07,1,,9.0,9.0,3.6
경북,성주,참외,1,2,2023-06-07,2,,8.5,9.5,3.9
경북,성주,참외,1,2,2023-06-07,3,,8.0,9.0,4.4
경북,성주,참외,1,2,2023-06-07,4,,9.0,10.0,4.9
경북,성주,참외,1,2,2023-06-14,1,,8.5,9.0,3.7
경북,성주,참외,1,2,2023-06-14,2,,8.5,9.5,3.4
경북,성주,참외,1,2,2023-06-14,3,,9.0,10.0,3.7
경북,성주,참외,1,2,2023-06-14,4,,10.0,10.0,4.8
경북,성주,참외,1,3,2023-01-05,1,,14.0,13.0,4.6
경북,성주,참외,1,3,2023-01-05,2,,14.5,13.0,4.5
경북,성주,참외,1,3,2023-01-05,3,,14.0,13.0,4.8
경북,성주,참외,1,3,2023-01-05,4,,14.0,11.0,4.5
경북,성주,참외,1,3,2023-01-11,1,,16.0,16.3,5.6
경북,성주,참외,1,3,2023-01-11,2,,16.2,15.0,4.7
경북,성주,참외,1,3,2023-01-11,3,,15.7,16.0,5.1
경북,성주,참외,1,3,2023-01-11,4,,14.0,13.5,5.1
경북,성주,참외,1,3,2023-01-19,1,,19.5,17.0,5.5
경북,성주,참외,1,3,2023-01-19,2,,16.0,14.0,6.3
경북,성주,참외,1,3,2023-01-19,3,,16.5,15.0,5.1
경북,성주,참외,1,3,2023-01-19,4,,16.0,15.0,6.0
경북,성주,참외,1,3,2023-01-26,1,,19.5,16.5,2.4
경북,성주,참외,1,3,2023-01-26,2,,16.0,14.5,2.9
경북,성주,참외,1,3,2023-01-26,3,,18.0,16.5,5.5
경북,성주,참외,1,3,2023-01-26,4,,16.9,15.5,5.7
경북,성주,참외,1,3,2023-01-31,1,,17.0,18.0,6.5
경북,성주,참외,1,3,2023-01-31,2,,16.0,15.5,6.9
경북,성주,참외,1,3,2023-01-31,3,,15.5,16.0,6.2
경북,성주,참외,1,3,2023-01-31,4,,14.5,14.5,6.3
경북,성주,참외,1,3,2023-02-08,1,,14.0,13.5,5.9
경북,성주,참외,1,3,2023-02-08,2,,13.0,14.0,6.2
경북,성주,참외,1,3,2023-02-08,3,,15.5,15.0,6.2
경북,성주,참외,1,3,2023-02-08,4,,14.0,14.0,6.5
경북,성주,참외,1,3,2023-02-15,1,,17.5,18.0,6.7
경북,성주,참외,1,3,2023-02-15,2,,15.0,17.0,7.3
경북,성주,참외,1,3,2023-02-15,3,,16.0,17.0,6.7
경북,성주,참외,1,3,2023-02-15,4,,15.5,16.0,7.1
경북,성주,참외,1,3,2023-02-22,1,,14.0,13.0,6.6
경북,성주,참외,1,3,2023-02-22,2,,13.0,14.0,7.2
경북,성주,참외,1,3,2023-02-22,3,,15.0,15.0,5.3
경북,성주,참외,1,3,2023-02-22,4,,13.0,14.5,5.8
경북,성주,참외,1,3,2023-02-28,1,,10.0,10.0,7.2
경북,성주,참외,1,3,2023-02-28,2,,10.0,9.0,6.7
경북,성주,참외,1,3,2023-02-28,3,,10.0,9.5,7.7
경북,성주,참외,1,3,2023-02-28,4,,10.0,10.0,4.7
경북,성주,참외,1,3,2023-03-08,1,,10.0,10.0,6.7
경북,성주,참외,1,3,2023-03-08,2,,10.0,10.0,7.9
경북,성주,참외,1,3,2023-03-08,3,,10.0,9.5,7.4
경북,성주,참외,1,3,2023-03-08,4,,10.0,11.0,7.7
경북,성주,참외,1,3,2023-03-15,1,,11.5,11.0,5.1
경북,성주,참외,1,3,2023-03-15,2,,11.0,10.0,5.0
경북,성주,참외,1,3,2023-03-15,3,,10.0,10.0,5.6
경북,성주,참외,1,3,2023-03-15,4,,10.0,11.0,6.2
경북,성주,참외,1,3,2023-03-22,1,,11.5,10.0,6.2
경북,성주,참외,1,3,2023-03-22,2,,11.5,10.0,4.6
경북,성주,참외,1,3,2023-03-22,3,,11.0,11.0,6.4
경북,성주,참외,1,3,2023-03-22,4,,11.0,11.0,5.6
경북,성주,참외,1,3,2023-03-29,1,,8.0,10.0,7.9
경북,성주,참외,1,3,2023-03-29,2,,10.5,10.5,4.6
경북,성주,참외,1,3,2023-03-29,3,,12.0,11.0,5.8
경북,성주,참외,1,3,2023-03-29,4,,11.5,11.0,4.2
경북,성주,참외,1,3,2023-04-05,1,,11.0,12.0,5.0
경북,성주,참외,1,3,2023-04-05,2,,11.0,10.0,4.7
경북,성주,참외,1,3,2023-04-05,3,,11.0,10.0,5.8
경북,성주,참외,1,3,2023-04-05,4,,10.0,10.0,5.9
경북,성주,참외,1,3,2023-04-12,1,,10.0,10.0,4.8
경북,성주,참외,1,3,2023-04-12,2,,11.0,11.0,4.7
경북,성주,참외,1,3,2023-04-12,3,,10.0,10.0,4.1
경북,성주,참외,1,3,2023-04-12,4,,10.0,11.0,4.6
경북,성주,참외,1,3,2023-04-19,1,,8.0,9.0,4.6
경북,성주,참외,1,3,2023-04-19,2,,8.0,8.0,5.2
경북,성주,참외,1,3,2023-04-19,3,,10.0,10.0,5.4
경북,성주,참외,1,3,2023-04-19,4,,10.0,10.0,5.6
경북,성주,참외,1,3,2023-04-26,1,,9.0,9.0,4.7
경북,성주,참외,1,3,2023-04-26,2,,10.0,11.0,4.7
경북,성주,참외,1,3,2023-04-26,3,,10.0,10.0,3.5
경북,성주,참외,1,3,2023-04-26,4,,10.0,10.0,4.5
경북,성주,참외,1,3,2023-05-04,1,,9.0,9.5,4.7
경북,성주,참외,1,3,2023-05-04,2,,10.0,10.0,5.0
경북,성주,참외,1,3,2023-05-04,3,,10.0,10.5,4.0
경북,성주,참외,1,3,2023-05-04,4,,9.0,9.5,4.9
경북,성주,참외,1,3,2023-05-10,1,,9.0,9.0,4.3
경북,성주,참외,1,3,2023-05-10,2,,10.0,8.0,4.1
경북,성주,참외,1,3,2023-05-10,3,,8.5,8.5,4.0
경북,성주,참외,1,3,2023-05-10,4,,10.0,10.0,4.6
경북,성주,참외,1,3,2023-05-17,1,,8.0,8.5,4.2
경북,성주,참외,1,3,2023-05-17,2,,8.0,8.5,4.2
경북,성주,참외,1,3,2023-05-17,3,,7.0,8.0,4.2
경북,성주,참외,1,3,2023-05-17,4,,8.0,9.0,3.9
경북,성주,참외,1,3,2023-05-24,1,,6.5,8.0,4.2
경북,성주,참외,1,3,2023-05-24,2,,7.0,8.0,3.6
경북,성주,참외,1,3,2023-05-24,3,,6.0,7.5,3.7
경북,성주,참외,1,3,2023-05-24,4,,6.5,6.5,5.9
경북,성주,참외,1,3,2023-06-01,1,,8.5,10.0,4.1
경북,성주,참외,1,3,2023-06-01,2,,8.0,11.5,3.4
경북,성주,참외,1,3,2023-06-01,3,,10.0,12.0,4.9
경북,성주,참외,1,3,2023-06-01,4,,9.5,10.0,5.5
경북,성주,참외,1,3,2023-06-07,1,,8.0,10.0,4.7
경북,성주,참외,1,3,2023-06-07,2,,9.0,10.0,4.3
경북,성주,참외,1,3,2023-06-07,3,,10.0,13.0,3.7
경북,성주,참외,1,3,2023-06-07,4,,8.5,10.0,4.2
경북,성주,참외,1,3,2023-06-14,1,,7.5,8.0,3.3
경북,성주,참외,1,3,2023-06-14,2,,10.0,10.5,3.8
경북,성주,참외,1,3,2023-06-14,3,,9.5,10.5,4.3
경북,성주,참외,1,3,2023-06-14,4,,9.0,10.0,4.8
경북,성주,참외,1,3,2023-06-21,1,,8.5,10.0,3.2
경북,성주,참외,1,3,2023-06-21,2,,9.0,9.0,3.5
경북,성주,참외,1,3,2023-06-21,3,,8.0,9.0,4.4
경북,성주,참외,1,3,2023-06-21,4,,8.0,10.0,4.1
경북,성주,참외,1,4,2023-01-05,1,,18.0,16.5,6.1
경북,성주,참외,1,4,2023-01-05,2,,19.0,15.0,5.9
경북,성주,참외,1,4,2023-01-05,3,,15.0,13.5,5.0
경북,성주,참외,1,4,2023-01-05,4,,19.0,16.5,5.8
경북,성주,참외,1,4,2023-01-09,1,,19.0,16.0,6.2
경북,성주,참외,1,4,2023-01-09,2,,19.0,15.0,6.2
경북,성주,참외,1,4,2023-01-09,3,,19.5,15.5,5.8
경북,성주,참외,1,4,2023-01-09,4,,19.5,17.0,6.2
경북,성주,참외,1,4,2023-01-17,1,,12.5,11.5,4.5
경북,성주,참외,1,4,2023-01-17,2,,13.0,16.0,4.6
경북,성주,참외,1,4,2023-01-17,3,,17.0,15.0,5.5
경북,성주,참외,1,4,2023-01-17,4,,17.5,15.0,5.3
경북,성주,참외,1,4,2023-01-25,1,,20.0,17.0,5.5
경북,성주,참외,1,4,2023-01-25,2,,18.5,17.5,5.4
경북,성주,참외,1,4,2023-01-25,3,,17.5,16.5,4.9
경북,성주,참외,1,4,2023-01-25,4,,17.0,16.0,5.2
경북,성주,참외,1,4,2023-01-31,1,,20.0,17.0,5.5
경북,성주,참외,1,4,2023-01-31,2,,20.0,16.5,4.6
경북,성주,참외,1,4,2023-01-31,3,,17.0,15.5,4.9
경북,성주,참외,1,4,2023-01-31,4,,16.0,13.5,4.4
경북,성주,참외,1,4,2023-02-08,1,,20.0,16.5,5.9
경북,성주,참외,1,4,2023-02-08,2,,18.0,15.5,5.2
경북,성주,참외,1,4,2023-02-08,3,,17.4,16.0,5.9
경북,성주,참외,1,4,2023-02-08,4,,17.0,18.0,5.1
경북,성주,참외,1,4,2023-02-15,1,,13.0,11.0,4.7
경북,성주,참외,1,4,2023-02-15,2,,9.0,8.0,5.4
경북,성주,참외,1,4,2023-02-15,3,,12.0,9.5,5.7
경북,성주,참외,1,4,2023-02-15,4,,9.0,9.0,6.4
경북,성주,참외,1,4,2023-02-22,1,,12.5,12.0,6.0
경북,성주,참외,1,4,2023-02-22,2,,11.0,10.0,5.8
경북,성주,참외,1,4,2023-02-22,3,,10.0,9.0,5.9
경북,성주,참외,1,4,2023-02-22,4,,10.0,9.0,4.9
경북,성주,참외,1,4,2023-03-02,1,,12.5,11.0,6.7
경북,성주,참외,1,4,2023-03-02,2,,12.0,11.0,4.3
경북,성주,참외,1,4,2023-03-02,3,,9.0,8.5,5.1
경북,성주,참외,1,4,2023-03-02,4,,10.0,11.0,5.6
경북,성주,참외,1,4,2023-03-08,1,,13.0,11.0,6.8
경북,성주,참외,1,4,2023-03-08,2,,14.0,12.5,4.5
경북,성주,참외,1,4,2023-03-08,3,,14.0,12.0,6.8
경북,성주,참외,1,4,2023-03-08,4,,12.0,10.5,5.5
경북,성주,참외,1,4,2023-03-15,1,,12.0,10.8,5.2
경북,성주,참외,1,4,2023-03-15,2,,13.0,11.0,4.4
경북,성주,참외,1,4,2023-03-15,3,,12.0,10.5,5.7
경북,성주,참외,1,4,2023-03-15,4,,12.0,10.0,4.3
경북,성주,참외,1,4,2023-03-22,1,,13.0,12.0,6.2
경북,성주,참외,1,4,2023-03-22,2,,12.0,11.0,6.1
경북,성주,참외,1,4,2023-03-22,3,,14.0,12.5,6.5
경북,성주,참외,1,4,2023-03-22,4,,13.0,12.5,8.2
경북,성주,참외,1,4,2023-03-28,1,,10.5,10.5,5.1
경북,성주,참외,1,4,2023-03-28,2,,14.0,12.0,4.4
경북,성주,참외,1,4,2023-03-28,3,,10.0,9.0,5.9
경북,성주,참외,1,4,2023-03-28,4,,10.0,8.5,6.5
경북,성주,참외,1,4,2023-04-05,1,,10.5,10.0,6.7
경북,성주,참외,1,4,2023-04-05,2,,12.0,8.5,4.8
경북,성주,참외,1,4,2023-04-05,3,,10.0,9.0,4.3
경북,성주,참외,1,4,2023-04-05,4,,10.0,9.5,4.9
경북,성주,참외,1,4,2023-04-12,1,,10.5,10.5,4.8
경북,성주,참외,1,4,2023-04-12,2,,10.0,8.5,6.3
경북,성주,참외,1,4,2023-04-12,3,,11.0,9.5,5.7
경북,성주,참외,1,4,2023-04-12,4,,11.0,9.5,4.2
경북,성주,참외,1,4,2023-04-19,1,,7.0,6.0,6.0
경북,성주,참외,1,4,2023-04-19,2,,8.0,7.0,6.5
경북,성주,참외,1,4,2023-04-19,3,,8.5,8.0,5.0
경북,성주,참외,1,4,2023-04-19,4,,8.5,8.0,4.2
경북,성주,참외,1,4,2023-04-26,1,,9.0,9.0,5.0
경북,성주,참외,1,4,2023-04-26,2,,10.0,9.0,6.9
경북,성주,참외,1,4,2023-04-26,3,,8.0,8.0,5.2
경북,성주,참외,1,4,2023-04-26,4,,10.0,9.5,5.8
경북,성주,참외,1,4,2023-05-04,1,,13.0,11.0,3.8
경북,성주,참외,1,4,2023-05-04,2,,12.0,10.0,5.0
경북,성주,참외,1,4,2023-05-04,3,,10.0,9.0,4.6
경북,성주,참외,1,4,2023-05-04,4,,8.5,8.0,5.3
경북,성주,참외,1,4,2023-05-10,1,,8.5,8.0,5.8
경북,성주,참외,1,4,2023-05-10,2,,8.0,6.0,4.8
경북,성주,참외,1,4,2023-05-10,3,,8.0,9.0,4.5
경북,성주,참외,1,4,2023-05-10,4,,9.5,9.0,4.6
경북,성주,참외,1,4,2023-05-17,1,,9.0,8.0,4.6
경북,성주,참외,1,4,2023-05-17,2,,7.0,6.5,3.9
경북,성주,참외,1,4,2023-05-17,3,,9.0,8.0,5.3
경북,성주,참외,1,4,2023-05-17,4,,8.5,7.0,4.9
경북,성주,참외,1,4,2023-05-24,1,,9.0,8.0,4.0
경북,성주,참외,1,4,2023-05-24,2,,8.0,7.5,3.8
경북,성주,참외,1,4,2023-05-24,3,,9.0,8.5,4.1
경북,성주,참외,1,4,2023-05-24,4,,10.0,9.0,4.7
경북,성주,참외,1,4,2023-06-01,1,,11.0,10.0,4.0
경북,성주,참외,1,4,2023-06-01,2,,8.5,7.5,3.6
경북,성주,참외,1,4,2023-06-01,3,,9.0,8.0,4.0
경북,성주,참외,1,4,2023-06-01,4,,11.0,10.0,6.5
경북,성주,참외,1,4,2023-06-07,1,,10.0,9.0,4.2
경북,성주,참외,1,4,2023-06-07,2,,10.0,10.0,4.3
경북,성주,참외,1,4,2023-06-07,3,,10.0,8.0,3.6
경북,성주,참외,1,4,2023-06-07,4,,10.0,10.0,4.3
경북,성주,참외,1,4,2023-06-14,1,,11.0,10.0,3.7
경북,성주,참외,1,4,2023-06-14,2,,9.0,7.0,4.0
경북,성주,참외,1,4,2023-06-14,3,,12.0,10.0,4.3
경북,성주,참외,1,4,2023-06-14,4,,12.0,11.0,4.5
경북,성주,참외,1,4,2023-06-21,1,,10.0,9.0,4.8
경북,성주,참외,1,4,2023-06-21,2,,10.0,9.0,4.8
경북,성주,참외,1,4,2023-06-21,3,,9.0,8.0,4.3
경북,성주,참외,1,4,2023-06-21,4,,10.0,9.0,5.3
경북,성주,참외,1,4,2023-06-28,1,,9.0,9.0,4.4
경북,성주,참외,1,4,2023-06-28,2,,10.0,9.0,4.8
경북,성주,참외,1,4,2023-06-28,3,,8.0,8.0,5.7
경북,성주,참외,1,4,2023-06-28,4,,7.0,7.0,4.3
경북,성주,참외,1,5,2023-01-09,1,,11.5,12.0,4.5
경북,성주,참외,1,5,2023-01-09,2,,11.5,11.6,4.0
경북,성주,참외,1,5,2023-01-09,3,,11.5,12.0,4.0
경북,성주,참외,1,5,2023-01-09,4,,12.5,11.3,4.0
경북,성주,참외,1,5,2023-01-17,1,,13.0,13.2,4.2
경북,성주,참외,1,5,2023-01-17,2,,12.5,14.0,3.4
경북,성주,참외,1,5,2023-01-17,3,,12.5,13.0,3.9
경북,성주,참외,1,5,2023-01-17,4,,14.0,12.5,3.8
경북,성주,참외,1,5,2023-01-25,1,,15.7,12.5,4.5
경북,성주,참외,1,5,2023-01-25,2,,13.5,12.0,5.1
경북,성주,참외,1,5,2023-01-25,3,,15.5,13.0,4.1
경북,성주,참외,1,5,2023-01-25,4,,15.0,13.5,4.3
경북,성주,참외,1,5,2023-01-30,1,,15.8,14.8,3.4
경북,성주,참외,1,5,2023-01-30,2,,14.0,12.5,4.0
경북,성주,참외,1,5,2023-01-30,3,,15.5,14.5,3.5
경북,성주,참외,1,5,2023-01-30,4,,15.0,14.0,3.5
경북,성주,참외,1,5,2023-02-06,1,,12.0,11.0,4.0
경북,성주,참외,1,5,2023-02-06,2,,10.5,10.0,5.2
경북,성주,참외,1,5,2023-02-06,3,,11.0,10.0,3.9
경북,성주,참외,1,5,2023-02-06,4,,12.5,10.0,3.1
경북,성주,참외,1,5,2023-02-13,1,,13.0,11.5,5.1
경북,성주,참외,1,5,2023-02-13,2,,13.0,11.0,6.3
경북,성주,참외,1,5,2023-02-13,3,,13.0,11.0,3.5
경북,성주,참외,1,5,2023-02-13,4,,12.0,11.0,4.3
경북,성주,참외,1,5,2023-02-21,1,,14.0,11.0,4.1
경북,성주,참외,1,5,2023-02-21,2,,14.0,12.0,4.5
경북,성주,참외,1,5,2023-02-21,3,,13.5,12.5,3.8
경북,성주,참외,1,5,2023-02-21,4,,13.0,11.0,4.3
경북,성주,참외,1,5,2023-02-27,1,,10.0,10.0,4.4
경북,성주,참외,1,5,2023-02-27,2,,13.5,12.0,3.8
경북,성주,참외,1,5,2023-02-27,3,,14.5,11.0,4.3
경북,성주,참외,1,5,2023-02-27,4,,12.0,10.5,4.5
경북,성주,참외,1,5,2023-03-06,1,,12.0,10.5,4.8
경북,성주,참외,1,5,2023-03-06,2,,11.5,11.0,4.6
경북,성주,참외,1,5,2023-03-06,3,,12.0,10.0,3.8
경북,성주,참외,1,5,2023-03-06,4,,11.5,10.7,4.2
경북,성주,참외,1,5,2023-03-13,1,,12.7,11.0,4.7
경북,성주,참외,1,5,2023-03-13,2,,13.0,10.5,4.4
경북,성주,참외,1,5,2023-03-13,3,,11.5,10.7,4.7
경북,성주,참외,1,5,2023-03-13,4,,13.5,10.5,4.6
경북,성주,참외,1,5,2023-03-20,1,,12.5,12.0,4.9
경북,성주,참외,1,5,2023-03-20,2,,11.5,9.5,3.5
경북,성주,참외,1,5,2023-03-20,3,,11.5,10.0,3.8
경북,성주,참외,1,5,2023-03-20,4,,14.0,12.5,4.1
경북,성주,참외,1,5,2023-03-27,1,,12.0,11.0,3.8
경북,성주,참외,1,5,2023-03-27,2,,13.0,12.0,3.9
경북,성주,참외,1,5,2023-03-27,3,,12.0,11.5,3.4
경북,성주,참외,1,5,2023-03-27,4,,12.0,11.0,4.7
경북,성주,참외,1,5,2023-04-03,1,,12.5,10.0,4.5
경북,성주,참외,1,5,2023-04-03,2,,11.5,11.5,4.8
경북,성주,참외,1,5,2023-04-03,3,,11.0,9.0,4.4
경북,성주,참외,1,5,2023-04-03,4,,11.5,10.0,4.7
경북,성주,참외,1,5,2023-04-10,1,,11.5,11.0,4.7
경북,성주,참외,1,5,2023-04-10,2,,13.0,11.5,3.9
경북,성주,참외,1,5,2023-04-10,3,,11.0,10.5,4.4
경북,성주,참외,1,5,2023-04-10,4,,11.5,10.0,4.9
경북,성주,참외,1,5,2023-04-17,1,,11.5,12.0,3.5
경북,성주,참외,1,5,2023-04-17,2,,10.0,10.0,4.2
경북,성주,참외,1,5,2023-04-17,3,,10.0,9.0,4.0
경북,성주,참외,1,5,2023-04-17,4,,10.5,9.0,3.5
경북,성주,참외,1,5,2023-04-24,1,,11.0,10.0,4.4
경북,성주,참외,1,5,2023-04-24,2,,11.5,10.0,4.1
경북,성주,참외,1,5,2023-04-24,3,,10.0,9.0,4.0
경북,성주,참외,1,5,2023-04-24,4,,10.0,9.5,5.0
경북,성주,참외,1,5,2023-05-02,1,,11.0,10.0,4.4
경북,성주,참외,1,5,2023-05-02,2,,9.0,7.5,4.5
경북,성주,참외,1,5,2023-05-02,3,,9.0,10.0,4.5
경북,성주,참외,1,5,2023-05-02,4,,10.0,10.0,5.6
경북,성주,참외,1,5,2023-05-08,1,,9.0,9.0,4.0
경북,성주,참외,1,5,2023-05-08,2,,11.0,12.0,4.0
경북,성주,참외,1,5,2023-05-08,3,,9.0,9.0,3.5
경북,성주,참외,1,5,2023-05-08,4,,9.0,9.0,4.3
경북,성주,참외,1,5,2023-05-15,1,,11.5,10.0,4.1
경북,성주,참외,1,5,2023-05-15,2,,8.0,8.5,3.5
경북,성주,참외,1,5,2023-05-15,3,,8.5,8.0,4.1
경북,성주,참외,1,5,2023-05-15,4,,8.5,9.0,4.2
경북,성주,참외,1,5,2023-05-22,1,,9.5,10.0,4.8
경북,성주,참외,1,5,2023-05-22,2,,9.0,10.0,4.3
경북,성주,참외,1,5,2023-05-22,3,,7.5,9.0,4.3
경북,성주,참외,1,5,2023-05-22,4,,9.0,10.5,5.3
경북,성주,참외,1,5,2023-05-30,1,,9.0,9.0,5.3
경북,성주,참외,1,5,2023-05-30,2,,10.0,11.0,4.1
경북,성주,참외,1,5,2023-05-30,3,,10.0,11.5,3.6
경북,성주,참외,1,5,2023-05-30,4,,11.5,11.5,5.0
경북,성주,참외,1,5,2023-06-07,1,,12.0,11.0,5.6
경북,성주,참외,1,5,2023-06-07,2,,11.0,10.0,4.9
경북,성주,참외,1,5,2023-06-07,3,,12.0,11.5,5.0
경북,성주,참외,1,5,2023-06-07,4,,10.0,9.6,5.4
경북,성주,참외,1,5,2023-06-12,1,,11.5,10.0,4.0
경북,성주,참외,1,5,2023-06-12,2,,11.0,10.0,4.4
경북,성주,참외,1,5,2023-06-12,3,,10.0,9.5,4.0
경북,성주,참외,1,5,2023-06-12,4,,12.0,10.5,4.1
경북,성주,참외,1,5,2023-06-19,1,,9.0,9.0,3.4
경북,성주,참외,1,5,2023-06-19,2,,11.0,10.0,3.7
경북,성주,참외,1,5,2023-06-19,3,,10.0,9.5,3.7
경북,성주,참외,1,5,2023-06-19,4,,10.0,9.0,3.4
경북,성주,참외,1,5,2023-06-26,1,,10.0,9.0,3.0
경북,성주,참외,1,5,2023-06-26,2,,9.0,9.0,3.6
경북,성주,참외,1,5,2023-06-26,3,,10.0,10.0,3.7
경북,성주,참외,1,5,2023-06-26,4,,9.0,10.0,3.1
경북,성주,참외,1,5,2023-07-03,1,,8.0,9.0,3.2
경북,성주,참외,1,5,2023-07-03,2,,8.5,9.0,4.0
경북,성주,참외,1,5,2023-07-03,3,,8.0,9.0,4.3
경북,성주,참외,1,5,2023-07-03,4,,8.0,9.0,4.6
경북,성주,참외,1,5,2023-07-10,1,,7.5,9.0,3.0
경북,성주,참외,1,5,2023-07-10,2,,8.0,8.0,4.2
경북,성주,참외,1,5,2023-07-10,3,,7.5,7.5,4.3
경북,성주,참외,1,5,2023-07-10,4,,7.0,9.0,4.1
경북,성주,참외,1,5,2023-07-17,1,,9.5,9.0,4.0
경북,성주,참외,1,5,2023-07-17,2,,10.3,9.0,3.6
경북,성주,참외,1,5,2023-07-17,3,,10.0,8.7,4.3
경북,성주,참외,1,5,2023-07-17,4,,11.0,10.0,3.7
경북,성주,참외,1,6,2023-01-05,1,,10.0,10.5,3.8
경북,성주,참외,1,6,2023-01-05,2,,10.0,10.5,3.4
경북,성주,참외,1,6,2023-01-05,3,,10.5,10.5,4.4
경북,성주,참외,1,6,2023-01-05,4,,10.0,10.5,3.5
경북,성주,참외,1,6,2023-01-10,1,,11.5,12.0,3.9
경북,성주,참외,1,6,2023-01-10,2,,12.0,10.0,4.7
경북,성주,참외,1,6,2023-01-10,3,,11.7,11.3,3.7
경북,성주,참외,1,6,2023-01-10,4,,12.0,11.5,4.4
경북,성주,참외,1,6,2023-01-20,1,,14.0,15.0,4.6
경북,성주,참외,1,6,2023-01-20,2,,13.5,13.0,4.6
경북,성주,참외,1,6,2023-01-20,3,,14.0,13.0,5.2
경북,성주,참외,1,6,2023-01-20,4,,14.0,13.5,6.5
경북,성주,참외,1,6,2023-01-25,1,,15.0,14.5,5.0
경북,성주,참외,1,6,2023-01-25,2,,15.0,13.5,4.5
경북,성주,참외,1,6,2023-01-25,3,,14.0,12.0,4.6
경북,성주,참외,1,6,2023-01-25,4,,16.0,15.0,4.9
경북,성주,참외,1,6,2023-01-30,1,,16.5,15.0,5.0
경북,성주,참외,1,6,2023-01-30,2,,16.0,16.0,4.9
경북,성주,참외,1,6,2023-01-30,3,,13.0,14.5,4.6
경북,성주,참외,1,6,2023-01-30,4,,12.5,14.3,4.9
경북,성주,참외,1,6,2023-02-06,1,,17.5,18.0,6.5
경북,성주,참외,1,6,2023-02-06,2,,16.0,17.0,6.4
경북,성주,참외,1,6,2023-02-06,3,,17.5,17.5,6.6
경북,성주,참외,1,6,2023-02-06,4,,17.0,18.0,4.8
경북,성주,참외,1,6,2023-02-13,1,,15.0,14.5,8.2
경북,성주,참외,1,6,2023-02-13,2,,14.5,15.0,5.3
경북,성주,참외,1,6,2023-02-13,3,,13.5,14.5,7.6
경북,성주,참외,1,6,2023-02-13,4,,14.5,14.5,6.9
경북,성주,참외,1,6,2023-02-20,1,,17.5,18.0,7.1
경북,성주,참외,1,6,2023-02-20,2,,16.0,17.0,5.4
경북,성주,참외,1,6,2023-02-20,3,,15.0,16.0,4.6
경북,성주,참외,1,6,2023-02-20,4,,15.0,15.0,5.3
경북,성주,참외,1,6,2023-02-27,1,,11.0,11.0,6.7
경북,성주,참외,1,6,2023-02-27,2,,14.0,14.0,8.1
경북,성주,참외,1,6,2023-02-27,3,,14.0,13.0,5.5
경북,성주,참외,1,6,2023-02-27,4,,12.0,12.5,5.6
경북,성주,참외,1,6,2023-03-06,1,,10.0,10.0,10.9
경북,성주,참외,1,6,2023-03-06,2,,11.5,12.0,8.7
경북,성주,참외,1,6,2023-03-06,3,,12.0,10.0,5.3
경북,성주,참외,1,6,2023-03-06,4,,13.0,13.0,5.1
경북,성주,참외,1,6,2023-03-13,1,,12.0,11.0,7.0
경북,성주,참외,1,6,2023-03-13,2,,10.0,10.0,5.3
경북,성주,참외,1,6,2023-03-13,3,,11.0,10.0,6.4
경북,성주,참외,1,6,2023-03-13,4,,13.0,10.0,6.0
경북,성주,참외,1,6,2023-03-20,1,,12.0,12.0,5.4
경북,성주,참외,1,6,2023-03-20,2,,11.0,10.0,5.5
경북,성주,참외,1,6,2023-03-20,3,,11.5,11.0,6.1
경북,성주,참외,1,6,2023-03-20,4,,12.0,12.0,5.8
경북,성주,참외,1,6,2023-03-27,1,,11.0,12.0,6.5
경북,성주,참외,1,6,2023-03-27,2,,11.0,10.5,5.5
경북,성주,참외,1,6,2023-03-27,3,,10.0,10.0,6.1
경북,성주,참외,1,6,2023-03-27,4,,12.0,11.0,4.5
경북,성주,참외,1,6,2023-04-03,1,,12.0,10.0,5.9
경북,성주,참외,1,6,2023-04-03,2,,10.5,10.0,5.7
경북,성주,참외,1,6,2023-04-03,3,,10.0,10.0,6.2
경북,성주,참외,1,6,2023-04-03,4,,9.0,10.0,5.6
경북,성주,참외,1,6,2023-04-10,1,,10.0,10.0,8.1
경북,성주,참외,1,6,2023-04-10,2,,10.0,10.0,6.1
경북,성주,참외,1,6,2023-04-10,3,,10.0,9.0,6.4
경북,성주,참외,1,6,2023-04-10,4,,11.5,11.0,5.5
경북,성주,참외,1,6,2023-04-17,1,,11.0,9.5,4.8
경북,성주,참외,1,6,2023-04-17,2,,10.5,10.0,4.1
경북,성주,참외,1,6,2023-04-17,3,,10.0,9.0,5.0
경북,성주,참외,1,6,2023-04-17,4,,11.0,11.0,5.5
경북,성주,참외,1,6,2023-04-24,1,,11.5,11.0,6.3
경북,성주,참외,1,6,2023-04-24,2,,10.5,10.0,5.1
경북,성주,참외,1,6,2023-04-24,3,,12.0,11.5,6.2
경북,성주,참외,1,6,2023-04-24,4,,12.0,10.0,4.5
경북,성주,참외,1,6,2023-05-02,1,,10.0,10.0,5.5
경북,성주,참외,1,6,2023-05-02,2,,9.0,9.0,5.7
경북,성주,참외,1,6,2023-05-02,3,,9.0,10.0,5.0
경북,성주,참외,1,6,2023-05-02,4,,9.0,10.0,5.4
경북,성주,참외,1,6,2023-05-08,1,,10.0,12.0,4.9
경북,성주,참외,1,6,2023-05-08,2,,9.0,10.0,5.0
경북,성주,참외,1,6,2023-05-08,3,,9.0,10.0,4.3
경북,성주,참외,1,6,2023-05-08,4,,8.5,9.0,6.0
경북,성주,참외,1,6,2023-05-15,1,,9.5,10.0,4.3
경북,성주,참외,1,6,2023-05-15,2,,8.0,9.0,5.2
경북,성주,참외,1,6,2023-05-15,3,,8.0,9.0,4.7
경북,성주,참외,1,6,2023-05-15,4,,9.0,10.0,5.2
경북,성주,참외,1,6,2023-05-22,1,,8.0,9.0,4.8
경북,성주,참외,1,6,2023-05-22,2,,9.0,10.0,5.1
경북,성주,참외,1,6,2023-05-22,3,,8.0,9.0,4.4
경북,성주,참외,1,6,2023-05-22,4,,8.0,8.5,3.7
경북,성주,참외,1,6,2023-05-30,1,,8.0,10.0,3.5
경북,성주,참외,1,6,2023-05-30,2,,10.0,10.0,4.5
경북,성주,참외,1,6,2023-05-30,3,,8.0,10.0,4.2
경북,성주,참외,1,6,2023-05-30,4,,9.0,10.0,4.1
경북,성주,참외,1,6,2023-06-05,1,,8.0,8.5,3.9
경북,성주,참외,1,6,2023-06-05,2,,9.5,10.5,4.1
경북,성주,참외,1,6,2023-06-05,3,,9.5,11.0,4.3
경북,성주,참외,1,6,2023-06-05,4,,7.5,9.0,3.8
경북,성주,참외,1,6,2023-06-12,1,,8.0,9.5,3.8
경북,성주,참외,1,6,2023-06-12,2,,10.0,11.0,4.4
경북,성주,참외,1,6,2023-06-12,3,,8.5,10.0,4.4
경북,성주,참외,1,6,2023-06-12,4,,8.0,9.0,3.8
경북,성주,참외,1,6,2023-06-19,1,,8.5,9.5,4.8
경북,성주,참외,1,6,2023-06-19,2,,8.0,9.0,3.7
경북,성주,참외,1,6,2023-06-19,3,,8.5,10.0,4.5
경북,성주,참외,1,6,2023-06-19,4,,8.0,9.5,3.8
경북,성주,참외,1,6,2023-06-26,1,,8.5,9.0,5.0
경북,성주,참외,1,6,2023-06-26,2,,8.0,10.0,4.0
경북,성주,참외,1,6,2023-06-26,3,,9.0,10.5,4.7
경북,성주,참외,1,6,2023-06-26,4,,9.0,10.0,5.0
경북,성주,참외,1,6,2023-07-04,1,,9.0,9.0,3.8
경북,성주,참외,1,6,2023-07-04,2,,9.0,9.0,3.7
경북,성주,참외,1,6,2023-07-04,3,,7.5,8.0,4.3
경북,성주,참외,1,6,2023-07-04,4,,8.0,9.0,4.6
경북,성주,참외,1,6,2023-07-11,1,,8.0,9.0,4.2
경북,성주,참외,1,6,2023-07-11,2,,9.0,9.5,4.0
경북,성주,참외,1,6,2023-07-11,3,,8.0,8.5,4.6
경북,성주,참외,1,6,2023-07-11,4,,8.0,8.5,4.8
경북,칠곡,참외,1,7,2023-01-09,1,,13.0,13.0,4.3
경북,칠곡,참외,1,7,2023-01-09,2,,14.5,13.0,4.2
경북,칠곡,참외,1,7,2023-01-09,3,,13.0,11.5,4.6
경북,칠곡,참외,1,7,2023-01-09,4,,13.5,12.4,5.1
경북,칠곡,참외,1,7,2023-01-20,1,,16.5,16.0,5.9
경북,칠곡,참외,1,7,2023-01-20,2,,13.0,13.0,5.6
경북,칠곡,참외,1,7,2023-01-20,3,,16.0,14.0,5.2
경북,칠곡,참외,1,7,2023-01-20,4,,16.0,16.0,5.0
경북,칠곡,참외,1,7,2023-01-26,1,,17.5,16.0,5.4
경북,칠곡,참외,1,7,2023-01-26,2,,17.5,15.5,6.1
경북,칠곡,참외,1,7,2023-01-26,3,,15.0,13.5,5.1
경북,칠곡,참외,1,7,2023-01-26,4,,18.0,17.5,4.1
경북,칠곡,참외,1,7,2023-02-02,1,,16.0,15.5,5.1
경북,칠곡,참외,1,7,2023-02-02,2,,15.0,15.5,4.6
경북,칠곡,참외,1,7,2023-02-02,3,,15.0,15.0,6.9
경북,칠곡,참외,1,7,2023-02-02,4,,14.5,15.8,5.4
경북,칠곡,참외,1,7,2023-02-08,1,,14.0,13.5,6.4
경북,칠곡,참외,1,7,2023-02-08,2,,13.5,12.5,5.9
경북,칠곡,참외,1,7,2023-02-08,3,,14.0,13.0,4.7
경북,칠곡,참외,1,7,2023-02-08,4,,14.0,14.0,5.7
경북,칠곡,참외,1,7,2023-02-15,1,,14.5,14.5,4.2
경북,칠곡,참외,1,7,2023-02-15,2,,15.5,15.0,4.5
경북,칠곡,참외,1,7,2023-02-15,3,,15.0,14.5,4.1
경북,칠곡,참외,1,7,2023-02-15,4,,13.0,12.5,3.6
경북,칠곡,참외,1,7,2023-02-22,1,,13.0,13.5,3.7
경북,칠곡,참외,1,7,2023-02-22,2,,12.8,12.5,4.5
경북,칠곡,참외,1,7,2023-02-22,3,,13.5,12.5,4.3
경북,칠곡,참외,1,7,2023-02-22,4,,13.0,12.0,4.1
경북,칠곡,참외,1,7,2023-03-02,1,,16.0,15.0,4.9
경북,칠곡,참외,1,7,2023-03-02,2,,15.0,14.5,4.1
경북,칠곡,참외,1,7,2023-03-02,3,,14.5,14.5,4.8
경북,칠곡,참외,1,7,2023-03-02,4,,16.0,15.0,5.3
경북,칠곡,참외,1,7,2023-03-08,1,,12.5,13.0,5.2
경북,칠곡,참외,1,7,2023-03-08,2,,13.5,13.0,4.2
경북,칠곡,참외,1,7,2023-03-08,3,,14.0,13.5,3.7
경북,칠곡,참외,1,7,2023-03-08,4,,14.0,14.0,4.0
경북,칠곡,참외,1,7,2023-03-15,1,,11.0,10.5,4.4
경북,칠곡,참외,1,7,2023-03-15,2,,12.5,11.5,5.9
경북,칠곡,참외,1,7,2023-03-15,3,,13.0,12.5,5.1
경북,칠곡,참외,1,7,2023-03-15,4,,12.5,11.0,5.3
경북,칠곡,참외,1,7,2023-03-22,1,,13.5,13.0,6.3
경북,칠곡,참외,1,7,2023-03-22,2,,13.0,12.5,3.2
경북,칠곡,참외,1,7,2023-03-22,3,,14.0,13.0,4.4
경북,칠곡,참외,1,7,2023-03-22,4,,12.0,11.0,4.7
경북,칠곡,참외,1,7,2023-03-29,1,,12.0,12.0,4.3
경북,칠곡,참외,1,7,2023-03-29,2,,11.0,11.0,5.9
경북,칠곡,참외,1,7,2023-03-29,3,,13.5,13.0,5.6
경북,칠곡,참외,1,7,2023-03-29,4,,11.8,11.5,5.6
경북,칠곡,참외,1,7,2023-04-05,1,,11.0,11.0,4.2
경북,칠곡,참외,1,7,2023-04-05,2,,11.0,10.5,4.2
경북,칠곡,참외,1,7,2023-04-05,3,,10.0,11.0,4.6
경북,칠곡,참외,1,7,2023-04-05,4,,10.0,10.0,4.0
경북,칠곡,참외,1,7,2023-04-12,1,,10.0,10.0,4.1
경북,칠곡,참외,1,7,2023-04-12,2,,10.0,10.5,4.2
경북,칠곡,참외,1,7,2023-04-12,3,,12.0,12.5,4.8
경북,칠곡,참외,1,7,2023-04-12,4,,14.0,14.5,4.1
경북,칠곡,참외,1,7,2023-04-19,1,,9.0,9.5,4.2
경북,칠곡,참외,1,7,2023-04-19,2,,11.5,11.5,4.0
경북,칠곡,참외,1,7,2023-04-19,3,,11.0,10.5,3.1
경북,칠곡,참외,1,7,2023-04-19,4,,10.0,9.5,3.8
경북,칠곡,참외,1,7,2023-04-26,1,,9.0,8.0,3.4
경북,칠곡,참외,1,7,2023-04-26,2,,10.0,9.0,4.5
경북,칠곡,참외,1,7,2023-04-26,3,,10.0,10.0,4.0
경북,칠곡,참외,1,7,2023-04-26,4,,9.0,9.0,3.0
경북,칠곡,참외,1,7,2023-05-04,1,,10.0,9.0,3.9
경북,칠곡,참외,1,7,2023-05-04,2,,9.0,8.5,3.5
경북,칠곡,참외,1,7,2023-05-04,3,,11.0,10.0,3.8
경북,칠곡,참외,1,7,2023-05-04,4,,10.0,9.0,4.4
경북,칠곡,참외,1,7,2023-05-10,1,,9.0,8.0,4.1
경북,칠곡,참외,1,7,2023-05-10,2,,9.0,8.5,3.9
경북,칠곡,참외,1,7,2023-05-10,3,,10.0,9.0,3.8
경북,칠곡,참외,1,7,2023-05-10,4,,10.0,10.0,5.0
경북,칠곡,참외,1,7,2023-05-17,1,,7.5,9.0,4.5
경북,칠곡,참외,1,7,2023-05-17,2,,8.0,10.0,3.7
경북,칠곡,참외,1,7,2023-05-17,3,,9.0,9.0,4.1
경북,칠곡,참외,1,7,2023-05-17,4,,10.0,11.0,3.1
경북,칠곡,참외,1,7,2023-05-24,1,,9.0,9.8,4.0
경북,칠곡,참외,1,7,2023-05-24,2,,7.4,10.0,4.9
경북,칠곡,참외,1,7,2023-05-24,3,,8.0,9.5,4.2
경북,칠곡,참외,1,7,2023-05-24,4,,9.0,10.0,4.4
경북,칠곡,참외,1,7,2023-06-01,1,,11.0,10.0,4.6
경북,칠곡,참외,1,7,2023-06-01,2,,10.0,10.0,4.2
경북,칠곡,참외,1,7,2023-06-01,3,,10.0,9.0,4.2
경북,칠곡,참외,1,7,2023-06-01,4,,11.5,10.0,4.4
경북,칠곡,참외,1,7,2023-06-05,1,,11.0,10.0,5.0
경북,칠곡,참외,1,7,2023-06-05,2,,12.0,10.5,4.5
경북,칠곡,참외,1,7,2023-06-05,3,,12.0,10.0,3.4
경북,칠곡,참외,1,7,2023-06-05,4,,11.5,11.3,4.1
경북,칠곡,참외,1,7,2023-06-14,1,,13.5,12.0,4.1
경북,칠곡,참외,1,7,2023-06-14,2,,11.5,10.0,4.8
경북,칠곡,참외,1,7,2023-06-14,3,,11.0,10.0,4.8
경북,칠곡,참외,1,7,2023-06-14,4,,11.0,10.0,3.9
경북,칠곡,참외,1,7,2023-06-21,1,,10.5,10.0,3.8
경북,칠곡,참외,1,7,2023-06-21,2,,9.0,8.0,3.6
경북,칠곡,참외,1,7,2023-06-21,3,,10.0,10.0,3.3
경북,칠곡,참외,1,7,2023-06-21,4,,9.5,9.0,3.9
경북,칠곡,참외,1,7,2023-06-28,1,,10.0,9.5,3.6
경북,칠곡,참외,1,7,2023-06-28,2,,10.0,9.0,3.8
경북,칠곡,참외,1,7,2023-06-28,3,,12.0,11.0,3.8
경북,칠곡,참외,1,7,2023-06-28,4,,12.0,10.0,3.0
경북,성주,참외,1,8,2023-01-04,1,179.0,11.7,14.0,8.1
경북,성주,참외,1,8,2023-01-04,2,176.0,12.0,13.6,5.3
경북,성주,참외,1,8,2023-01-04,3,167.0,14.0,14.0,4.9
경북,성주,참외,1,8,2023-01-04,4,175.0,16.0,16.5,4.3
경북,성주,참외,1,8,2023-01-11,1,,12.7,9.2,4.8
경북,성주,참외,1,8,2023-01-11,2,,12.5,9.2,4.4
경북,성주,참외,1,8,2023-01-11,3,,14.3,9.9,4.7
경북,성주,참외,1,8,2023-01-11,4,,12.4,10.6,5.0
경북,성주,참외,1,8,2023-01-19,1,,13.7,12.5,4.7
경북,성주,참외,1,8,2023-01-19,2,,13.3,13.0,4.7
경북,성주,참외,1,8,2023-01-19,3,,13.5,13.1,4.8
경북,성주,참외,1,8,2023-01-19,4,,12.5,12.8,5.2
경북,성주,참외,1,8,2023-01-26,1,,15.0,13.0,4.4
경북,성주,참외,1,8,2023-01-26,2,,15.0,13.5,4.5
경북,성주,참외,1,8,2023-01-26,3,,14.7,13.5,5.2
경북,성주,참외,1,8,2023-01-26,4,,14.5,13.7,5.5
경북,성주,참외,1,8,2023-01-31,1,,15.0,14.0,4.4
경북,성주,참외,1,8,2023-01-31,2,,15.3,16.0,5.1
경북,성주,참외,1,8,2023-01-31,3,,13.5,13.0,3.9
경북,성주,참외,1,8,2023-01-31,4,,13.5,14.0,4.2
경북,성주,참외,1,8,2023-02-06,1,,14.5,13.0,5.6
경북,성주,참외,1,8,2023-02-06,2,,16.0,14.0,5.6
경북,성주,참외,1,8,2023-02-06,3,,15.0,14.0,4.9
경북,성주,참외,1,8,2023-02-06,4,,15.5,13.0,5.0
경북,성주,참외,1,8,2023-02-13,1,,16.0,14.5,6.3
경북,성주,참외,1,8,2023-02-13,2,,16.0,15.0,4.8
경북,성주,참외,1,8,2023-02-13,3,,15.0,14.0,4.4
경북,성주,참외,1,8,2023-02-13,4,,14.5,13.0,4.9
경북,성주,참외,1,8,2023-02-20,1,,15.0,13.5,5.9
경북,성주,참외,1,8,2023-02-20,2,,18.0,15.5,4.0
경북,성주,참외,1,8,2023-02-20,3,,16.0,14.0,4.3
경북,성주,참외,1,8,2023-02-20,4,,14.0,11.5,3.8
경북,성주,참외,1,8,2023-02-27,1,,10.0,8.5,5.2
경북,성주,참외,1,8,2023-02-27,2,,11.0,9.0,4.3
경북,성주,참외,1,8,2023-02-27,3,,11.5,9.0,4.6
경북,성주,참외,1,8,2023-02-27,4,,12.0,11.0,4.5
경북,성주,참외,1,8,2023-03-06,1,,12.5,10.5,4.2
경북,성주,참외,1,8,2023-03-06,2,,12.0,11.0,3.2
경북,성주,참외,1,8,2023-03-06,3,,13.5,10.0,3.5
경북,성주,참외,1,8,2023-03-06,4,,11.0,9.5,3.9
경북,성주,참외,1,8,2023-03-13,1,,12.0,11.5,5.5
경북,성주,참외,1,8,2023-03-13,2,,13.0,10.0,4.5
경북,성주,참외,1,8,2023-03-13,3,,13.0,10.0,5.0
경북,성주,참외,1,8,2023-03-13,4,,12.0,10.0,4.9
경북,성주,참외,1,8,2023-03-20,1,,13.0,12.0,4.7
경북,성주,참외,1,8,2023-03-20,2,,13.0,11.0,5.1
경북,성주,참외,1,8,2023-03-20,3,,13.0,11.0,4.5
경북,성주,참외,1,8,2023-03-20,4,,14.0,11.0,4.8
경북,성주,참외,1,8,2023-03-27,1,,14.5,13.5,4.5
경북,성주,참외,1,8,2023-03-27,2,,14.0,10.5,5.5
경북,성주,참외,1,8,2023-03-27,3,,11.0,9.5,5.2
경북,성주,참외,1,8,2023-03-27,4,,14.5,11.0,3.7
경북,성주,참외,1,8,2023-04-03,1,,13.5,11.0,5.4
경북,성주,참외,1,8,2023-04-03,2,,13.0,11.0,3.6
경북,성주,참외,1,8,2023-04-03,3,,12.0,11.5,4.8
경북,성주,참외,1,8,2023-04-03,4,,11.0,11.0,4.8
경북,성주,참외,1,8,2023-04-10,1,,11.0,9.0,3.2
경북,성주,참외,1,8,2023-04-10,2,,11.0,9.0,4.5
경북,성주,참외,1,8,2023-04-10,3,,11.0,10.0,4.2
경북,성주,참외,1,8,2023-04-10,4,,13.5,11.0,5.0
경북,성주,참외,1,8,2023-04-17,1,,10.0,9.5,5.3
경북,성주,참외,1,8,2023-04-17,2,,11.0,11.0,4.8
경북,성주,참외,1,8,2023-04-17,3,,11.0,10.0,6.0
경북,성주,참외,1,8,2023-04-17,4,,11.0,10.0,5.1
경북,성주,참외,1,8,2023-04-24,1,,10.0,9.0,3.6
경북,성주,참외,1,8,2023-04-24,2,,11.0,10.0,4.7
경북,성주,참외,1,8,2023-04-24,3,,10.0,9.0,4.3
경북,성주,참외,1,8,2023-04-24,4,,10.0,8.5,4.8
경북,성주,참외,1,8,2023-05-02,1,,10.0,10.0,4.3
경북,성주,참외,1,8,2023-05-02,2,,12.0,11.0,4.2
경북,성주,참외,1,8,2023-05-02,3,,10.0,10.0,4.6
경북,성주,참외,1,8,2023-05-02,4,,11.5,10.0,5.0
경북,성주,참외,1,8,2023-05-08,1,,12.0,10.0,4.2
경북,성주,참외,1,8,2023-05-08,2,,12.0,11.0,4.9
경북,성주,참외,1,8,2023-05-08,3,,12.5,11.0,4.8
경북,성주,참외,1,8,2023-05-08,4,,12.0,9.5,4.0
경북,성주,참외,1,8,2023-05-15,1,,10.0,9.0,4.7
경북,성주,참외,1,8,2023-05-15,2,,12.0,10.0,3.8
경북,성주,참외,1,8,2023-05-15,3,,12.0,10.0,5.3
경북,성주,참외,1,8,2023-05-15,4,,11.0,10.0,4.7
경북,성주,참외,1,8,2023-05-22,1,,10.0,9.5,3.5
경북,성주,참외,1,8,2023-05-22,2,,11.0,10.0,3.6
경북,성주,참외,1,8,2023-05-22,3,,11.0,10.0,4.4
경북,성주,참외,1,8,2023-05-22,4,,10.0,9.5,3.2
경북,성주,참외,1,8,2023-05-30,1,,10.0,9.5,5.9
경북,성주,참외,1,8,2023-05-30,2,,10.0,11.0,5.6
경북,성주,참외,1,8,2023-05-30,3,,11.0,11.5,4.9
경북,성주,참외,1,8,2023-05-30,4,,10.0,9.0,5.0
경북,성주,참외,1,8,2023-06-05,1,,10.0,9.0,4.3
경북,성주,참외,1,8,2023-06-05,2,,15.0,12.0,3.7
경북,성주,참외,1,8,2023-06-05,3,,9.0,9.0,3.9
경북,성주,참외,1,8,2023-06-05,4,,13.0,12.0,3.6
경북,성주,참외,1,8,2023-06-12,1,,11.0,10.0,5.3
경북,성주,참외,1,8,2023-06-12,2,,11.0,11.5,4.1
경북,성주,참외,1,8,2023-06-12,3,,10.0,9.0,3.4
경북,성주,참외,1,8,2023-06-12,4,,11.0,10.0,5.9
경북,성주,참외,1,8,2023-06-19,1,,11.0,11.5,4.4
경북,성주,참외,1,8,2023-06-19,2,,10.0,8.5,4.7
경북,성주,참외,1,8,2023-06-19,3,,10.0,9.0,4.6
경북,성주,참외,1,8,2023-06-19,4,,10.0,8.2,5.5
경북,성주,참외,1,8,2023-06-26,1,,9.0,9.0,4.5
경북,성주,참외,1,8,2023-06-26,2,,10.0,9.0,4.4
경북,성주,참외,1,8,2023-06-26,3,,11.0,10.0,5.2
경북,성주,참외,1,8,2023-06-26,4,,11.0,10.0,4.3
경북,성주,참외,1,8,2023-07-04,1,,10.6,9.4,3.7
경북,성주,참외,1,8,2023-07-04,2,,12.0,10.0,4.3
경북,성주,참외,1,8,2023-07-04,3,,9.0,10.0,4.3
경북,성주,참외,1,8,2023-07-04,4,,9.5,9.0,4.0
경북,칠곡,참외,1,9,2023-01-09,1,,7.8,9.0,3.5
경북,칠곡,참외,1,9,2023-01-09,2,,8.7,9.5,3.3
경북,칠곡,참외,1,9,2023-01-09,3,,8.0,9.3,2.9
경북,칠곡,참외,1,9,2023-01-09,4,,8.5,10.0,3.6
경북,칠곡,참외,1,9,2023-01-20,1,,12.0,10.5,4.0
경북,칠곡,참외,1,9,2023-01-20,2,,11.0,10.0,5.1
경북,칠곡,참외,1,9,2023-01-20,3,,12.0,10.0,3.9
경북,칠곡,참외,1,9,2023-01-20,4,,12.5,11.5,3.2
경북,칠곡,참외,1,9,2023-01-26,1,,15.5,14.0,3.6
경북,칠곡,참외,1,9,2023-01-26,2,,12.5,11.0,4.9
경북,칠곡,참외,1,9,2023-01-26,3,,14.0,12.5,3.1
경북,칠곡,참외,1,9,2023-01-26,4,,12.5,10.5,5.4
경북,칠곡,참외,1,9,2023-02-02,1,,12.0,15.5,6.6
경북,칠곡,참외,1,9,2023-02-02,2,,14.0,16.0,5.4
경북,칠곡,참외,1,9,2023-02-02,3,,14.0,15.3,5.1
경북,칠곡,참외,1,9,2023-02-02,4,,12.0,13.0,5.2
경북,칠곡,참외,1,9,2023-02-08,1,,15.0,14.7,5.4
경북,칠곡,참외,1,9,2023-02-08,2,,16.0,15.0,5.1
경북,칠곡,참외,1,9,2023-02-08,3,,15.0,14.0,5.3
경북,칠곡,참외,1,9,2023-02-08,4,,15.0,14.5,5.0
경북,칠곡,참외,1,9,2023-02-15,1,,15.5,15.0,4.9
경북,칠곡,참외,1,9,2023-02-15,2,,15.0,15.5,6.1
경북,칠곡,참외,1,9,2023-02-15,3,,15.0,14.5,4.8
경북,칠곡,참외,1,9,2023-02-15,4,,16.0,15.5,4.9
경북,칠곡,참외,1,9,2023-02-22,1,,12.5,12.0,5.0
경북,칠곡,참외,1,9,2023-02-22,2,,14.5,13.0,4.9
경북,칠곡,참외,1,9,2023-02-22,3,,13.0,13.0,5.4
경북,칠곡,참외,1,9,2023-02-22,4,,13.0,12.0,6.5
경북,칠곡,참외,1,9,2023-03-02,1,,15.0,14.5,6.1
경북,칠곡,참외,1,9,2023-03-02,2,,15.0,14.5,4.2
경북,칠곡,참외,1,9,2023-03-02,3,,14.0,14.0,5.4
경북,칠곡,참외,1,9,2023-03-02,4,,15.0,15.0,6.4
경북,칠곡,참외,1,9,2023-03-08,1,,14.0,13.0,4.7
경북,칠곡,참외,1,9,2023-03-08,2,,13.0,15.0,3.8
경북,칠곡,참외,1,9,2023-03-08,3,,13.0,12.0,4.6
경북,칠곡,참외,1,9,2023-03-08,4,,16.0,13.4,6.5
경북,칠곡,참외,1,9,2023-03-15,1,,13.0,11.5,4.5
경북,칠곡,참외,1,9,2023-03-15,2,,12.5,11.5,3.1
경북,칠곡,참외,1,9,2023-03-15,3,,11.3,11.0,3.7
경북,칠곡,참외,1,9,2023-03-15,4,,11.0,12.0,4.6
경북,칠곡,참외,1,9,2023-03-22,1,,11.0,11.0,5.2
경북,칠곡,참외,1,9,2023-03-22,2,,13.0,11.5,5.1
경북,칠곡,참외,1,9,2023-03-22,3,,12.0,11.0,4.2
경북,칠곡,참외,1,9,2023-03-22,4,,13.0,12.5,5.1
경북,칠곡,참외,1,9,2023-03-29,1,,11.5,11.0,6.1
경북,칠곡,참외,1,9,2023-03-29,2,,10.0,9.0,5.3
경북,칠곡,참외,1,9,2023-03-29,3,,10.5,10.0,5.2
경북,칠곡,참외,1,9,2023-03-29,4,,12.5,12.0,5.7
경북,칠곡,참외,1,9,2023-04-05,1,,11.0,10.5,5.1
경북,칠곡,참외,1,9,2023-04-05,2,,11.5,10.0,5.0
경북,칠곡,참외,1,9,2023-04-05,3,,11.0,10.0,4.2
경북,칠곡,참외,1,9,2023-04-05,4,,11.0,11.0,4.5
경북,칠곡,참외,1,9,2023-04-12,1,,9.0,11.0,4.0
경북,칠곡,참외,1,9,2023-04-12,2,,9.0,9.0,4.4
경북,칠곡,참외,1,9,2023-04-12,3,,10.0,9.5,4.9
경북,칠곡,참외,1,9,2023-04-12,4,,9.0,9.5,5.6
경북,칠곡,참외,1,9,2023-04-19,1,,9.0,10.0,4.4
경북,칠곡,참외,1,9,2023-04-19,2,,10.0,10.0,4.3
경북,칠곡,참외,1,9,2023-04-19,3,,10.0,11.0,5.9
경북,칠곡,참외,1,9,2023-04-19,4,,10.0,9.0,5.3
경북,칠곡,참외,1,9,2023-04-26,1,,10.0,9.5,4.5
경북,칠곡,참외,1,9,2023-04-26,2,,11.0,12.0,4.2
경북,칠곡,참외,1,9,2023-04-26,3,,10.0,9.0,4.0
경북,칠곡,참외,1,9,2023-04-26,4,,9.0,9.0,4.7
경북,칠곡,참외,1,9,2023-05-04,1,,10.0,9.5,4.5
경북,칠곡,참외,1,9,2023-05-04,2,,10.0,9.0,4.2
경북,칠곡,참외,1,9,2023-05-04,3,,10.0,10.0,4.6
경북,칠곡,참외,1,9,2023-05-04,4,,11.0,9.5,4.3
경북,칠곡,참외,1,9,2023-05-10,1,,9.0,9.5,4.2
경북,칠곡,참외,1,9,2023-05-10,2,,10.0,10.0,4.5
경북,칠곡,참외,1,9,2023-05-10,3,,9.5,10.0,5.7
경북,칠곡,참외,1,9,2023-05-10,4,,9.0,10.0,3.8
경북,칠곡,참외,1,9,2023-05-17,1,,9.0,8.0,4.7
경북,칠곡,참외,1,9,2023-05-17,2,,9.5,10.0,4.7
경북,칠곡,참외,1,9,2023-05-17,3,,9.0,9.0,5.1
경북,칠곡,참외,1,9,2023-05-17,4,,9.0,9.0,4.4
경북,칠곡,참외,1,9,2023-05-23,1,,9.0,8.0,3.8
경북,칠곡,참외,1,9,2023-05-23,2,,9.0,10.0,4.1
경북,칠곡,참외,1,9,2023-05-23,3,,9.2,9.0,5.8
경북,칠곡,참외,1,9,2023-05-23,4,,9.0,9.5,4.0
경북,칠곡,참외,1,9,2023-06-01,1,,11.0,9.8,4.9
경북,칠곡,참외,1,9,2023-06-01,2,,11.0,10.0,4.6
경북,칠곡,참외,1,9,2023-06-01,3,,10.0,9.5,4.3
경북,칠곡,참외,1,9,2023-06-01,4,,10.4,9.5,3.6
경북,칠곡,참외,1,9,2023-06-05,1,,10.5,9.4,4.4
경북,칠곡,참외,1,9,2023-06-05,2,,12.0,10.0,4.6
경북,칠곡,참외,1,9,2023-06-05,3,,11.0,10.0,4.4
경북,칠곡,참외,1,9,2023-06-05,4,,10.0,9.0,4.0
경북,칠곡,참외,1,9,2023-06-14,1,,11.5,10.7,3.3
경북,칠곡,참외,1,9,2023-06-14,2,,12.6,10.9,3.4
경북,칠곡,참외,1,9,2023-06-14,3,,11.0,9.7,3.8
경북,칠곡,참외,1,9,2023-06-14,4,,12.0,10.8,3.9
경북,칠곡,참외,1,9,2023-06-21,1,,10.5,9.0,3.7
경북,칠곡,참외,1,9,2023-06-21,2,,11.0,10.0,3.8
경북,칠곡,참외,1,9,2023-06-21,3,,10.0,8.0,3.5
경북,칠곡,참외,1,9,2023-06-21,4,,10.0,9.0,3.1
경북,칠곡,참외,1,9,2023-06-28,1,,9.0,7.0,3.3
경북,칠곡,참외,1,9,2023-06-28,2,,10.5,7.5,3.6
경북,칠곡,참외,1,9,2023-06-28,3,,9.0,8.0,3.1
경북,칠곡,참외,1,9,2023-06-28,4,,10.5,8.0,3.0
경북,칠곡,참외,1,9,2023-07-05,1,,8.0,8.0,3.2
경북,칠곡,참외,1,9,2023-07-05,2,,8.0,9.0,3.6
경북,칠곡,참외,1,9,2023-07-05,3,,8.5,9.0,4.5
경북,칠곡,참외,1,9,2023-07-05,4,,9.0,9.0,4.2
경북,칠곡,참외,1,9,2023-07-12,1,,10.0,9.0,5.2
경북,칠곡,참외,1,9,2023-07-12,2,,9.0,9.0,4.8
경북,칠곡,참외,1,9,2023-07-12,3,,8.5,9.0,4.0
경북,칠곡,참외,1,9,2023-07-12,4,,8.0,8.5,3.7
경북,성주,참외,1,10,2023-01-10,1,,6.0,5.8,2.6
경북,성주,참외,1,10,2023-01-10,2,,6.0,5.5,2.9
경북,성주,참외,1,10,2023-01-10,3,,6.0,5.7,2.3
경북,성주,참외,1,10,2023-01-10,4,,5.0,5.2,2.0
경북,성주,참외,1,10,2023-01-17,1,,8.0,8.5,3.1
경북,성주,참외,1,10,2023-01-17,2,,8.5,8.3,3.7
경북,성주,참외,1,10,2023-01-17,3,,8.5,8.5,3.1
경북,성주,참외,1,10,2023-01-17,4,,7.5,7.7,3.2
경북,성주,참외,1,10,2023-01-25,1,,11.0,11.0,3.8
경북,성주,참외,1,10,2023-01-25,2,,7.5,8.0,3.2
경북,성주,참외,1,10,2023-01-25,3,,10.0,9.5,4.0
경북,성주,참외,1,10,2023-01-25,4,,10.0,9.0,3.1
경북,성주,참외,1,10,2023-01-30,1,,10.0,10.5,4.3
경북,성주,참외,1,10,2023-01-30,2,,9.5,10.0,3.1
경북,성주,참외,1,10,2023-01-30,3,,9.5,10.0,3.8
경북,성주,참외,1,10,2023-01-30,4,,9.0,9.5,3.9
경북,성주,참외,1,10,2023-02-08,1,,13.5,12.5,4.9
경북,성주,참외,1,10,2023-02-08,2,,15.0,14.0,5.2
경북,성주,참외,1,10,2023-02-08,3,,15.5,14.5,4.8
경북,성주,참외,1,10,2023-02-08,4,,15.5,14.5,5.4
경북,성주,참외,1,10,2023-02-15,1,,20.0,17.0,4.9
경북,성주,참외,1,10,2023-02-15,2,,16.0,14.0,5.9
경북,성주,참외,1,10,2023-02-15,3,,18.0,16.0,5.6
경북,성주,참외,1,10,2023-02-15,4,,16.0,15.0,4.8
경북,성주,참외,1,10,2023-02-22,1,,17.0,14.0,6.3
경북,성주,참외,1,10,2023-02-22,2,,16.0,13.0,5.6
경북,성주,참외,1,10,2023-02-22,3,,15.0,12.5,6.9
경북,성주,참외,1,10,2023-02-22,4,,19.0,16.5,5.9
경북,성주,참외,1,10,2023-03-02,1,,16.5,15.0,4.9
경북,성주,참외,1,10,2023-03-02,2,,17.5,17.0,4.6
경북,성주,참외,1,10,2023-03-02,3,,17.0,16.0,5.0
경북,성주,참외,1,10,2023-03-02,4,,18.0,15.0,6.2
경북,성주,참외,1,10,2023-03-08,1,,18.0,16.0,4.5
경북,성주,참외,1,10,2023-03-08,1,,18.0,16.0,4.5
경북,성주,참외,1,10,2023-03-08,2,,21.0,18.0,6.9
경북,성주,참외,1,10,2023-03-08,2,,21.0,18.0,6.9
경북,성주,참외,1,10,2023-03-08,3,,17.0,15.0,4.2
경북,성주,참외,1,10,2023-03-08,3,,17.0,15.0,4.2
경북,성주,참외,1,10,2023-03-08,4,,15.0,14.0,4.1
경북,성주,참외,1,10,2023-03-08,4,,15.0,14.0,4.1
경북,성주,참외,1,10,2023-03-15,1,,11.0,11.5,5.3
경북,성주,참외,1,10,2023-03-15,2,,12.0,10.5,6.3
경북,성주,참외,1,10,2023-03-15,3,,12.0,11.0,5.8
경북,성주,참외,1,10,2023-03-15,4,,12.0,11.0,5.4
경북,성주,참외,1,10,2023-03-22,1,,13.0,11.0,6.2
경북,성주,참외,1,10,2023-03-22,2,,13.0,11.5,7.6
경북,성주,참외,1,10,2023-03-22,3,,13.0,11.5,4.4
경북,성주,참외,1,10,2023-03-22,4,,11.5,11.0,5.7
경북,성주,참외,1,10,2023-03-28,1,,14.0,11.5,3.8
경북,성주,참외,1,10,2023-03-28,2,,14.0,12.0,5.7
경북,성주,참외,1,10,2023-03-28,3,,13.0,11.5,5.3
경북,성주,참외,1,10,2023-03-28,4,,10.0,10.0,4.9
경북,성주,참외,1,10,2023-04-05,1,,14.0,11.0,3.4
경북,성주,참외,1,10,2023-04-05,2,,10.0,9.0,9.3
경북,성주,참외,1,10,2023-04-05,3,,12.5,11.0,5.4
경북,성주,참외,1,10,2023-04-05,4,,11.0,9.5,6.0
경북,성주,참외,1,10,2023-04-12,1,,11.5,10.0,6.0
경북,성주,참외,1,10,2023-04-12,2,,10.0,9.0,5.4
경북,성주,참외,1,10,2023-04-12,3,,10.0,9.0,4.9
경북,성주,참외,1,10,2023-04-12,4,,10.0,9.0,4.3
경북,성주,참외,1,10,2023-04-19,1,,12.0,9.5,6.4
경북,성주,참외,1,10,2023-04-19,2,,11.0,9.0,4.4
경북,성주,참외,1,10,2023-04-19,3,,10.0,9.0,5.0
경북,성주,참외,1,10,2023-04-19,4,,10.0,8.0,5.9
경북,성주,참외,1,10,2023-04-26,1,,8.0,8.0,4.3
경북,성주,참외,1,10,2023-04-26,2,,10.0,9.0,4.2
경북,성주,참외,1,10,2023-04-26,3,,10.0,8.0,4.9
경북,성주,참외,1,10,2023-04-26,4,,8.0,7.0,4.6
경북,성주,참외,1,10,2023-05-04,1,,10.5,9.5,5.0
경북,성주,참외,1,10,2023-05-04,2,,8.5,7.0,5.1
경북,성주,참외,1,10,2023-05-04,3,,9.0,8.0,4.2
경북,성주,참외,1,10,2023-05-04,4,,9.5,9.0,4.8
경북,성주,참외,1,10,2023-05-10,1,,9.0,7.5,3.4
경북,성주,참외,1,10,2023-05-10,2,,9.0,8.0,3.7
경북,성주,참외,1,10,2023-05-10,3,,9.0,9.0,3.6
경북,성주,참외,1,10,2023-05-10,4,,9.0,7.5,4.2
경북,성주,참외,1,10,2023-05-17,1,,10.0,9.5,4.4
경북,성주,참외,1,10,2023-05-17,2,,8.0,7.0,3.9
경북,성주,참외,1,10,2023-05-17,3,,10.0,9.0,3.6
경북,성주,참외,1,10,2023-05-17,4,,9.0,8.0,4.7
경북,성주,참외,1,10,2023-05-24,1,,9.0,8.0,4.5
경북,성주,참외,1,10,2023-05-24,2,,8.0,8.0,4.9
경북,성주,참외,1,10,2023-05-24,3,,9.0,7.5,4.6
경북,성주,참외,1,10,2023-05-24,4,,11.0,9.0,3.4
경북,성주,참외,1,10,2023-06-01,1,,10.0,9.0,5.0
경북,성주,참외,1,10,2023-06-01,2,,10.0,9.0,4.3
경북,성주,참외,1,10,2023-06-01,3,,10.0,9.0,5.1
경북,성주,참외,1,10,2023-06-01,4,,10.0,9.0,4.6
경북,성주,참외,1,10,2023-06-07,1,,9.0,8.0,5.9
경북,성주,참외,1,10,2023-06-07,2,,9.0,7.0,5.1
경북,성주,참외,1,10,2023-06-07,3,,10.0,9.0,4.6
경북,성주,참외,1,10,2023-06-07,4,,10.0,10.0,4.3
경북,성주,참외,1,10,2023-06-14,1,,10.0,9.0,5.5
경북,성주,참외,1,10,2023-06-14,2,,9.0,8.0,4.6
경북,성주,참외,1,10,2023-06-14,3,,10.0,9.0,4.2
경북,성주,참외,1,10,2023-06-14,4,,10.0,9.0,5.9
경북,성주,참외,1,10,2023-06-21,1,,10.0,8.0,3.6
경북,성주,참외,1,10,2023-06-21,2,,10.0,8.0,3.5
경북,성주,참외,1,10,2023-06-21,3,,11.0,9.0,3.4
경북,성주,참외,1,10,2023-06-21,4,,10.0,8.5,3.2
경북,성주,참외,1,10,2023-06-28,1,,9.0,9.0,4.1
경북,성주,참외,1,10,2023-06-28,2,,10.0,9.0,4.0
경북,성주,참외,1,10,2023-06-28,3,,8.0,8.0,3.2
경북,성주,참외,1,10,2023-06-28,4,,10.0,9.0,4.2
경북,성주,참외,1,11,2023-01-06,1,,17.0,16.0,4.2
경북,성주,참외,1,11,2023-01-06,2,,18.0,16.0,4.7
경북,성주,참외,1,11,2023-01-06,3,,15.5,16.0,6.2
경북,성주,참외,1,11,2023-01-06,4,,17.0,15.0,5.2
경북,성주,참외,1,11,2023-01-11,1,,14.7,14.2,5.7
경북,성주,참외,1,11,2023-01-11,2,,13.5,13.8,5.0
경북,성주,참외,1,11,2023-01-11,3,,12.8,14.8,5.9
경북,성주,참외,1,11,2023-01-11,4,,14.2,14.8,4.5
경북,성주,참외,1,11,2023-01-19,1,,18.0,15.5,3.6
경북,성주,참외,1,11,2023-01-19,2,,16.0,15.5,3.8
경북,성주,참외,1,11,2023-01-19,3,,15.5,13.0,4.3
경북,성주,참외,1,11,2023-01-19,4,,14.5,12.5,5.1
경북,성주,참외,1,11,2023-01-26,1,,18.0,15.8,4.4
경북,성주,참외,1,11,2023-01-26,2,,18.0,17.0,4.9
경북,성주,참외,1,11,2023-01-26,3,,19.0,17.5,4.2
경북,성주,참외,1,11,2023-01-26,4,,18.0,16.0,3.3
경북,성주,참외,1,11,2023-01-31,1,,17.0,16.0,4.1
경북,성주,참외,1,11,2023-01-31,2,,18.0,16.0,5.2
경북,성주,참외,1,11,2023-01-31,3,,18.5,17.0,5.0
경북,성주,참외,1,11,2023-01-31,4,,17.0,15.0,4.5
경북,성주,참외,1,11,2023-02-06,1,,18.5,17.0,6.0
경북,성주,참외,1,11,2023-02-06,2,,18.0,17.0,5.9
경북,성주,참외,1,11,2023-02-06,3,,18.5,17.0,5.2
경북,성주,참외,1,11,2023-02-06,4,,18.0,17.0,5.4
경북,성주,참외,1,11,2023-02-13,1,,16.5,14.5,5.7
경북,성주,참외,1,11,2023-02-13,2,,13.5,11.5,5.1
경북,성주,참외,1,11,2023-02-13,3,,17.5,16.8,6.4
경북,성주,참외,1,11,2023-02-13,4,,18.0,17.0,5.4
경북,성주,참외,1,11,2023-02-20,1,,17.0,16.0,5.4
경북,성주,참외,1,11,2023-02-20,2,,15.0,16.5,5.4
경북,성주,참외,1,11,2023-02-20,3,,17.0,16.0,6.5
경북,성주,참외,1,11,2023-02-20,4,,18.0,16.0,5.5
경북,성주,참외,1,11,2023-02-27,1,,9.5,8.0,3.9
경북,성주,참외,1,11,2023-02-27,2,,14.0,12.5,5.4
경북,성주,참외,1,11,2023-02-27,3,,14.0,10.5,4.8
경북,성주,참외,1,11,2023-02-27,4,,12.0,11.5,5.8
경북,성주,참외,1,11,2023-03-06,1,,13.0,11.5,4.7
경북,성주,참외,1,11,2023-03-06,2,,12.0,10.0,5.0
경북,성주,참외,1,11,2023-03-06,3,,14.0,12.0,5.6
경북,성주,참외,1,11,2023-03-06,4,,13.0,11.0,4.8
경북,성주,참외,1,11,2023-03-13,1,,14.0,13.0,5.6
경북,성주,참외,1,11,2023-03-13,2,,14.0,13.0,5.3
경북,성주,참외,1,11,2023-03-13,3,,14.0,12.0,6.2
경북,성주,참외,1,11,2023-03-13,4,,13.0,11.0,5.9
경북,성주,참외,1,11,2023-03-20,1,,15.0,13.0,5.6
경북,성주,참외,1,11,2023-03-20,2,,13.0,10.0,5.6
경북,성주,참외,1,11,2023-03-20,3,,13.0,11.0,5.3
경북,성주,참외,1,11,2023-03-20,4,,12.0,10.5,3.9
경북,성주,참외,1,11,2023-03-27,1,,10.0,9.5,6.6
경북,성주,참외,1,11,2023-03-27,2,,11.0,10.0,5.2
경북,성주,참외,1,11,2023-03-27,3,,12.0,10.0,8.7
경북,성주,참외,1,11,2023-03-27,4,,12.0,10.0,5.9
경북,성주,참외,1,11,2023-04-03,1,,12.0,10.0,5.0
경북,성주,참외,1,11,2023-04-03,2,,12.0,10.0,4.1
경북,성주,참외,1,11,2023-04-03,3,,13.0,11.5,4.9
경북,성주,참외,1,11,2023-04-03,4,,10.0,11.0,4.9
경북,성주,참외,1,11,2023-04-10,1,,12.0,11.0,4.1
경북,성주,참외,1,11,2023-04-10,2,,10.0,7.5,6.0
경북,성주,참외,1,11,2023-04-10,3,,10.0,8.5,5.0
경북,성주,참외,1,11,2023-04-10,4,,12.0,9.0,4.5
경북,성주,참외,1,11,2023-04-17,1,,11.0,11.0,5.3
경북,성주,참외,1,11,2023-04-17,2,,10.0,9.5,5.9
경북,성주,참외,1,11,2023-04-17,3,,12.5,10.5,5.6
경북,성주,참외,1,11,2023-04-17,4,,11.5,8.5,3.9
경북,성주,참외,1,11,2023-04-24,1,,12.5,11.0,6.6
경북,성주,참외,1,11,2023-04-24,2,,12.0,11.0,5.3
경북,성주,참외,1,11,2023-04-24,3,,13.0,10.5,5.3
경북,성주,참외,1,11,2023-04-24,4,,12.0,10.0,5.4
경북,성주,참외,1,11,2023-05-02,1,,12.0,11.0,5.9
경북,성주,참외,1,11,2023-05-02,2,,11.0,9.0,4.8
경북,성주,참외,1,11,2023-05-02,3,,11.0,10.0,4.5
경북,성주,참외,1,11,2023-05-02,4,,11.0,10.0,5.9
경북,성주,참외,1,11,2023-05-08,1,,11.0,11.0,4.9
경북,성주,참외,1,11,2023-05-08,2,,11.0,11.0,4.6
경북,성주,참외,1,11,2023-05-08,3,,12.0,10.0,4.8
경북,성주,참외,1,11,2023-05-08,4,,12.0,10.0,5.8
경북,성주,참외,1,11,2023-05-15,1,,9.5,9.0,4.3
경북,성주,참외,1,11,2023-05-15,2,,7.0,7.0,4.7
경북,성주,참외,1,11,2023-05-15,3,,7.0,7.0,5.7
경북,성주,참외,1,11,2023-05-15,4,,7.0,6.0,5.7
경북,성주,참외,1,11,2023-05-22,1,,8.0,8.0,
경북,성주,참외,1,11,2023-05-22,2,,8.0,7.0,4.3
경북,성주,참외,1,11,2023-05-22,3,,8.0,7.0,4.6
경북,성주,참외,1,11,2023-05-22,4,,8.0,7.0,4.1
경북,성주,참외,1,11,2023-05-30,1,,10.5,9.0,3.2
경북,성주,참외,1,11,2023-05-30,2,,10.5,10.0,4.0
경북,성주,참외,1,11,2023-05-30,3,,10.0,10.0,4.4
경북,성주,참외,1,11,2023-05-30,4,,9.0,8.0,4.2
경북,성주,참외,1,11,2023-06-05,1,,10.0,9.0,4.3
경북,성주,참외,1,11,2023-06-05,2,,9.0,8.5,3.6
경북,성주,참외,1,11,2023-06-05,3,,13.0,11.0,3.4
경북,성주,참외,1,11,2023-06-05,4,,12.0,11.0,4.0
경북,성주,참외,1,11,2023-06-12,1,,10.0,9.0,4.3
경북,성주,참외,1,11,2023-06-12,2,,11.0,10.0,4.0
경북,성주,참외,1,11,2023-06-12,3,,11.0,9.0,4.2
경북,성주,참외,1,11,2023-06-12,4,,11.0,10.0,4.0
경북,성주,참외,1,11,2023-06-19,1,,11.0,9.0,
경북,성주,참외,1,11,2023-06-19,2,,11.0,10.0,5.3
경북,성주,참외,1,11,2023-06-19,3,,10.0,9.0,4.3
경북,성주,참외,1,11,2023-06-19,4,,10.0,10.0,4.6
경북,성주,참외,1,11,2023-06-26,1,,10.0,9.0,
경북,성주,참외,1,11,2023-06-26,2,,11.0,10.0,3.4
경북,성주,참외,1,11,2023-06-26,3,,9.0,8.0,4.6
경북,성주,참외,1,11,2023-06-26,4,,10.0,9.0,5.8
경북,성주,참외,1,12,2023-01-04,1,117.0,11.0,12.0,3.5
경북,성주,참외,1,12,2023-01-04,2,140.0,13.0,13.5,4.6
경북,성주,참외,1,12,2023-01-04,3,156.0,15.0,13.6,4.0
경북,성주,참외,1,12,2023-01-04,4,114.0,14.0,13.5,4.3
경북,성주,참외,1,12,2023-01-11,1,,12.0,11.0,4.7
경북,성주,참외,1,12,2023-01-11,2,,15.0,12.5,4.7
경북,성주,참외,1,12,2023-01-11,3,,15.5,13.0,4.2
경북,성주,참외,1,12,2023-01-11,4,,16.0,14.0,5.0
경북,성주,참외,1,12,2023-01-18,1,,16.0,14.5,4.2
경북,성주,참외,1,12,2023-01-18,2,,15.0,13.5,4.1
경북,성주,참외,1,12,2023-01-18,3,,16.5,14.5,6.4
경북,성주,참외,1,12,2023-01-18,4,,17.5,15.0,6.8
경북,성주,참외,1,12,2023-01-27,1,,15.2,16.0,5.5
경북,성주,참외,1,12,2023-01-27,2,,16.0,16.3,6.7
경북,성주,참외,1,12,2023-01-27,3,,15.0,15.0,5.6
경북,성주,참외,1,12,2023-01-27,4,,15.0,16.5,5.1
경북,성주,참외,1,12,2023-02-02,1,,18.0,14.0,5.7
경북,성주,참외,1,12,2023-02-02,2,,17.5,14.0,4.6
경북,성주,참외,1,12,2023-02-02,3,,15.5,14.5,4.1
경북,성주,참외,1,12,2023-02-02,4,,17.0,13.5,4.2
경북,성주,참외,1,12,2023-02-07,1,,20.0,18.0,5.7
경북,성주,참외,1,12,2023-02-07,2,,19.0,17.0,5.4
경북,성주,참외,1,12,2023-02-07,3,,15.0,13.0,5.4
경북,성주,참외,1,12,2023-02-07,4,,17.0,14.5,5.1
경북,성주,참외,1,12,2023-02-14,1,,14.5,12.0,4.8
경북,성주,참외,1,12,2023-02-14,2,,13.0,11.0,4.7
경북,성주,참외,1,12,2023-02-14,3,,16.0,13.5,4.8
경북,성주,참외,1,12,2023-02-14,4,,14.5,12.0,4.1
경북,성주,참외,1,12,2023-02-21,1,,15.5,14.5,4.6
경북,성주,참외,1,12,2023-02-21,2,,15.0,14.0,5.0
경북,성주,참외,1,12,2023-02-21,3,,16.0,14.0,5.6
경북,성주,참외,1,12,2023-02-21,4,,15.0,14.5,4.9
경북,성주,참외,1,12,2023-02-28,1,,15.0,13.0,5.1
경북,성주,참외,1,12,2023-02-28,2,,15.0,14.5,5.6
경북,성주,참외,1,12,2023-02-28,3,,15.0,14.0,4.4
경북,성주,참외,1,12,2023-02-28,4,,15.0,13.5,5.1
경북,성주,참외,1,12,2023-03-07,1,,14.0,13.0,5.6
경북,성주,참외,1,12,2023-03-07,2,,13.0,12.0,6.2
경북,성주,참외,1,12,2023-03-07,3,,12.5,11.0,6.3
경북,성주,참외,1,12,2023-03-07,4,,16.0,16.0,5.8
경북,성주,참외,1,12,2023-03-14,1,,13.0,12.0,5.3
경북,성주,참외,1,12,2023-03-14,2,,12.5,11.0,5.1
경북,성주,참외,1,12,2023-03-14,3,,13.5,11.0,4.5
경북,성주,참외,1,12,2023-03-14,4,,13.5,11.5,5.4
경북,성주,참외,1,12,2023-03-21,1,,15.0,11.5,6.1
경북,성주,참외,1,12,2023-03-21,2,,16.0,13.5,4.1
경북,성주,참외,1,12,2023-03-21,3,,13.5,11.5,4.4
경북,성주,참외,1,12,2023-03-21,4,,12.0,11.5,6.3
경북,성주,참외,1,12,2023-03-29,1,,16.0,14.0,5.6
경북,성주,참외,1,12,2023-03-29,2,,12.0,10.0,4.4
경북,성주,참외,1,12,2023-03-29,3,,14.5,12.0,4.6
경북,성주,참외,1,12,2023-03-29,4,,13.0,11.0,5.2
경북,성주,참외,1,12,2023-04-04,1,,16.0,14.0,6.7
경북,성주,참외,1,12,2023-04-04,2,,12.0,10.0,5.0
경북,성주,참외,1,12,2023-04-04,3,,12.0,10.0,4.9
경북,성주,참외,1,12,2023-04-04,4,,13.0,11.0,6.0
경북,성주,참외,1,12,2023-04-11,1,,12.0,10.5,5.9
경북,성주,참외,1,12,2023-04-11,2,,12.0,11.0,5.0
경북,성주,참외,1,12,2023-04-11,3,,11.0,10.5,5.6
경북,성주,참외,1,12,2023-04-11,4,,11.5,10.5,4.9
경북,성주,참외,1,12,2023-04-18,1,,10.0,9.5,4.4
경북,성주,참외,1,12,2023-04-18,2,,11.0,9.0,6.5
경북,성주,참외,1,12,2023-04-18,3,,10.0,8.5,3.6
경북,성주,참외,1,12,2023-04-18,4,,10.0,9.0,5.0
경북,성주,참외,1,12,2023-04-25,1,,12.0,11.0,4.9
경북,성주,참외,1,12,2023-04-25,2,,10.0,10.0,5.2
경북,성주,참외,1,12,2023-04-25,3,,11.0,10.0,4.6
경북,성주,참외,1,12,2023-04-25,4,,10.0,10.0,4.3
경북,성주,참외,1,12,2023-05-03,1,,12.0,11.0,4.2
경북,성주,참외,1,12,2023-05-03,2,,10.0,9.0,5.9
경북,성주,참외,1,12,2023-05-03,3,,12.0,11.0,4.5
경북,성주,참외,1,12,2023-05-03,4,,10.0,9.0,5.6
경북,성주,참외,1,12,2023-05-09,1,,10.0,10.0,4.3
경북,성주,참외,1,12,2023-05-09,2,,12.0,12.0,6.0
경북,성주,참외,1,12,2023-05-09,3,,10.5,10.5,5.3
경북,성주,참외,1,12,2023-05-09,4,,10.0,9.0,5.1
경북,성주,참외,1,12,2023-05-16,1,,10.0,9.0,4.2
경북,성주,참외,1,12,2023-05-16,2,,8.0,7.5,5.6
경북,성주,참외,1,12,2023-05-16,3,,10.0,11.0,4.2
경북,성주,참외,1,12,2023-05-16,4,,10.0,9.0,4.5
경북,성주,참외,1,12,2023-05-23,1,,10.0,9.0,3.3
경북,성주,참외,1,12,2023-05-23,2,,9.0,8.5,4.1
경북,성주,참외,1,12,2023-05-23,3,,10.0,9.5,4.1
경북,성주,참외,1,12,2023-05-23,4,,9.0,8.0,4.5
경북,성주,참외,1,12,2023-05-31,1,,11.0,10.5,6.2
경북,성주,참외,1,12,2023-05-31,2,,10.0,9.5,4.1
경북,성주,참외,1,12,2023-05-31,3,,11.0,9.0,4.9
경북,성주,참외,1,12,2023-05-31,4,,11.0,10.0,4.9
경북,성주,참외,1,12,2023-06-07,1,,12.0,11.5,4.4
경북,성주,참외,1,12,2023-06-07,2,,12.0,11.0,4.2
경북,성주,참외,1,12,2023-06-07,3,,10.0,9.0,4.4
경북,성주,참외,1,12,2023-06-07,4,,11.0,9.0,4.0
경북,성주,참외,1,12,2023-06-13,1,,9.0,8.0,4.3
경북,성주,참외,1,12,2023-06-13,2,,12.0,12.0,4.1
경북,성주,참외,1,12,2023-06-13,3,,10.0,11.0,5.2
경북,성주,참외,1,12,2023-06-13,4,,11.0,10.0,4.5
경북,성주,참외,1,12,2023-06-20,1,,11.0,10.0,3.5
경북,성주,참외,1,12,2023-06-20,2,,10.0,9.0,3.8
경북,성주,참외,1,12,2023-06-20,3,,11.0,11.5,4.2
경북,성주,참외,1,12,2023-06-20,4,,10.0,10.0,3.5
경북,성주,참외,1,12,2023-06-27,1,,10.0,9.0,5.5
경북,성주,참외,1,12,2023-06-27,2,,11.0,11.0,4.8
경북,성주,참외,1,12,2023-06-27,3,,11.0,10.0,4.8
경북,성주,참외,1,12,2023-06-27,4,,11.0,9.0,3.9
경북,성주,참외,1,12,2023-07-03,1,,10.0,9.0,3.9
경북,성주,참외,1,12,2023-07-03,2,,11.0,10.0,3.6
경북,성주,참외,1,12,2023-07-03,3,,11.5,10.0,4.0
경북,성주,참외,1,12,2023-07-03,4,,10.0,9.5,3.8
경북,성주,참외,1,13,2023-01-06,1,,10.0,10.0,3.6
경북,성주,참외,1,13,2023-01-06,2,,9.0,8.9,4.7
경북,성주,참외,1,13,2023-01-06,3,,10.0,9.0,4.0
경북,성주,참외,1,13,2023-01-06,4,,8.1,8.5,4.5
경북,성주,참외,1,13,2023-01-12,1,,10.5,10.5,4.0
경북,성주,참외,1,13,2023-01-12,2,,9.5,9.0,3.6
경북,성주,참외,1,13,2023-01-12,3,,11.7,10.4,4.3
경북,성주,참외,1,13,2023-01-12,4,,10.5,9.5,4.4
경북,성주,참외,1,13,2023-01-19,1,,10.0,9.0,4.3
경북,성주,참외,1,13,2023-01-19,2,,10.0,9.0,3.8
경북,성주,참외,1,13,2023-01-19,3,,10.5,10.0,3.1
경북,성주,참외,1,13,2023-01-19,4,,10.0,10.0,4.3
경북,성주,참외,1,13,2023-01-26,1,,14.0,13.0,3.7
경북,성주,참외,1,13,2023-01-26,2,,11.5,11.0,4.0
경북,성주,참외,1,13,2023-01-26,3,,12.0,11.0,4.2
경북,성주,참외,1,13,2023-01-26,4,,12.5,11.5,3.9
경북,성주,참외,1,13,2023-01-31,1,,12.5,11.5,4.0
경북,성주,참외,1,13,2023-01-31,2,,13.8,12.6,4.0
경북,성주,참외,1,13,2023-01-31,3,,13.0,11.5,4.1
경북,성주,참외,1,13,2023-01-31,4,,14.0,13.0,3.3
경북,성주,참외,1,13,2023-02-06,1,,15.0,14.0,3.6
경북,성주,참외,1,13,2023-02-06,2,,16.0,16.0,4.3
경북,성주,참외,1,13,2023-02-06,3,,14.0,13.0,5.6
경북,성주,참외,1,13,2023-02-06,4,,15.0,14.0,5.2
경북,성주,참외,1,13,2023-02-13,1,,13.0,13.0,4.8
경북,성주,참외,1,13,2023-02-13,2,,14.0,13.0,5.0
경북,성주,참외,1,13,2023-02-13,3,,15.0,14.5,5.7
경북,성주,참외,1,13,2023-02-13,4,,13.0,13.0,7.2
경북,성주,참외,1,13,2023-02-20,1,,16.5,15.5,6.2
경북,성주,참외,1,13,2023-02-20,2,,16.0,14.0,3.6
경북,성주,참외,1,13,2023-02-20,3,,16.5,15.0,5.1
경북,성주,참외,1,13,2023-02-20,4,,17.5,15.5,6.4
경북,성주,참외,1,13,2023-02-27,1,,14.0,13.0,4.6
경북,성주,참외,1,13,2023-02-27,2,,12.8,11.5,6.2
경북,성주,참외,1,13,2023-02-27,3,,13.0,12.0,4.3
경북,성주,참외,1,13,2023-02-27,4,,14.0,13.0,5.7
경북,성주,참외,1,13,2023-03-06,1,,15.0,12.0,4.8
경북,성주,참외,1,13,2023-03-06,2,,14.0,13.0,3.8
경북,성주,참외,1,13,2023-03-06,3,,14.0,12.0,4.3
경북,성주,참외,1,13,2023-03-06,4,,15.0,13.0,4.2
경북,성주,참외,1,13,2023-03-13,1,,11.0,10.0,5.6
경북,성주,참외,1,13,2023-03-13,2,,11.0,10.0,7.2
경북,성주,참외,1,13,2023-03-13,3,,12.0,10.5,4.5
경북,성주,참외,1,13,2023-03-13,4,,12.0,11.0,5.6
경북,성주,참외,1,13,2023-03-20,1,,10.0,11.0,5.1
경북,성주,참외,1,13,2023-03-20,2,,11.0,11.0,6.7
경북,성주,참외,1,13,2023-03-20,3,,13.0,11.5,5.9
경북,성주,참외,1,13,2023-03-20,4,,12.0,11.0,4.9
경북,성주,참외,1,13,2023-03-27,1,,11.5,10.5,5.6
경북,성주,참외,1,13,2023-03-27,2,,12.0,11.5,5.3
경북,성주,참외,1,13,2023-03-27,3,,12.0,11.0,4.9
경북,성주,참외,1,13,2023-03-27,4,,12.0,10.5,6.2
경북,성주,참외,1,13,2023-04-03,1,,11.0,11.0,5.2
경북,성주,참외,1,13,2023-04-03,2,,12.0,11.5,4.6
경북,성주,참외,1,13,2023-04-03,3,,11.0,9.0,4.8
경북,성주,참외,1,13,2023-04-03,4,,11.0,9.0,5.8
경북,성주,참외,1,13,2023-04-10,1,,10.0,8.5,6.5
경북,성주,참외,1,13,2023-04-10,2,,11.5,9.0,5.4
경북,성주,참외,1,13,2023-04-10,3,,11.0,9.0,6.9
경북,성주,참외,1,13,2023-04-10,4,,11.0,9.5,4.8
경북,성주,참외,1,13,2023-04-17,1,,10.5,9.5,4.6
경북,성주,참외,1,13,2023-04-17,2,,10.0,9.0,5.2
경북,성주,참외,1,13,2023-04-17,3,,11.0,9.0,5.3
경북,성주,참외,1,13,2023-04-17,4,,11.0,9.0,5.1
경북,성주,참외,1,13,2023-04-24,1,,10.0,10.0,5.6
경북,성주,참외,1,13,2023-04-24,2,,10.0,9.5,4.0
경북,성주,참외,1,13,2023-04-24,3,,10.5,9.5,4.4
경북,성주,참외,1,13,2023-04-24,4,,10.0,9.0,4.8
경북,성주,참외,1,13,2023-05-02,1,,10.0,10.0,4.7
경북,성주,참외,1,13,2023-05-02,2,,12.0,11.0,5.4
경북,성주,참외,1,13,2023-05-02,3,,11.0,10.0,4.7
경북,성주,참외,1,13,2023-05-02,4,,10.0,10.0,4.1
경북,성주,참외,1,13,2023-05-08,1,,10.0,9.5,5.7
경북,성주,참외,1,13,2023-05-08,2,,10.0,9.0,4.8
경북,성주,참외,1,13,2023-05-08,3,,12.5,11.0,5.7
경북,성주,참외,1,13,2023-05-08,4,,9.0,8.0,4.9
경북,성주,참외,1,13,2023-05-15,1,,10.0,9.0,5.1
경북,성주,참외,1,13,2023-05-15,2,,10.5,10.0,4.7
경북,성주,참외,1,13,2023-05-15,3,,11.5,10.5,4.5
경북,성주,참외,1,13,2023-05-15,4,,9.0,8.5,4.6
경북,성주,참외,1,13,2023-05-22,1,,12.0,12.0,4.3
경북,성주,참외,1,13,2023-05-22,2,,10.0,10.5,3.1
경북,성주,참외,1,13,2023-05-22,3,,11.0,11.0,4.5
경북,성주,참외,1,13,2023-05-22,4,,12.5,12.0,5.4
경북,성주,참외,1,13,2023-05-30,1,,12.0,11.0,5.3
경북,성주,참외,1,13,2023-05-30,2,,11.0,10.0,6.9
경북,성주,참외,1,13,2023-05-30,3,,13.0,12.5,5.0
경북,성주,참외,1,13,2023-05-30,4,,12.0,10.0,5.2
경북,성주,참외,1,13,2023-06-05,1,,11.0,10.0,5.1
경북,성주,참외,1,13,2023-06-05,2,,10.0,10.0,6.0
경북,성주,참외,1,13,2023-06-05,3,,12.0,12.0,3.6
경북,성주,참외,1,13,2023-06-05,4,,11.5,10.0,5.4
경북,성주,참외,1,13,2023-06-12,1,,10.0,9.0,4.4
경북,성주,참외,1,13,2023-06-12,2,,10.0,9.5,4.0
경북,성주,참외,1,13,2023-06-12,3,,11.0,9.5,6.4
경북,성주,참외,1,13,2023-06-12,4,,12.0,12.0,5.1
경북,성주,참외,1,13,2023-06-19,1,,10.0,9.0,4.0
경북,성주,참외,1,13,2023-06-19,2,,10.0,9.0,4.1
경북,성주,참외,1,13,2023-06-19,3,,10.0,9.0,5.0
경북,성주,참외,1,13,2023-06-19,4,,9.0,9.0,4.6
경북,성주,참외,1,13,2023-06-26,1,,10.0,9.0,5.8
경북,성주,참외,1,13,2023-06-26,2,,9.0,7.0,4.4
경북,성주,참외,1,13,2023-06-26,3,,9.0,8.0,4.6
경북,성주,참외,1,13,2023-06-26,4,,8.0,7.5,4.2
경북,성주,참외,1,13,2023-07-05,1,,10.0,8.0,4.0
경북,성주,참외,1,13,2023-07-05,2,,10.0,8.5,4.0
경북,성주,참외,1,13,2023-07-05,3,,10.5,8.5,3.9
경북,성주,참외,1,13,2023-07-05,4,,11.0,10.2,4.1
경북,성주,참외,1,14,2023-01-09,1,,12.5,11.0,3.9
경북,성주,참외,1,14,2023-01-09,2,,12.7,11.0,3.5
경북,성주,참외,1,14,2023-01-09,3,,13.0,12.0,2.9
경북,성주,참외,1,14,2023-01-09,4,,13.4,12.5,4.3
경북,성주,참외,1,14,2023-01-19,1,,12.5,10.5,4.2
경북,성주,참외,1,14,2023-01-19,2,,14.0,12.0,4.8
경북,성주,참외,1,14,2023-01-19,3,,15.5,12.5,4.4
경북,성주,참외,1,14,2023-01-19,4,,14.5,12.5,4.9
경북,성주,참외,1,14,2023-01-26,1,,14.7,14.5,4.7
경북,성주,참외,1,14,2023-01-26,2,,13.5,13.5,4.5
경북,성주,참외,1,14,2023-01-26,3,,14.0,14.0,4.8
경북,성주,참외,1,14,2023-01-26,4,,13.5,13.5,6.1
경북,성주,참외,1,14,2023-02-02,1,,13.0,15.0,5.4
경북,성주,참외,1,14,2023-02-02,2,,13.0,14.0,7.0
경북,성주,참외,1,14,2023-02-02,3,,12.0,14.0,6.3
경북,성주,참외,1,14,2023-02-02,4,,12.0,14.5,5.8
경북,성주,참외,1,14,2023-02-07,1,,13.5,14.0,6.3
경북,성주,참외,1,14,2023-02-07,2,,14.0,13.0,5.2
경북,성주,참외,1,14,2023-02-07,3,,12.5,14.0,6.8
경북,성주,참외,1,14,2023-02-07,4,,10.0,11.0,7.0
경북,성주,참외,1,14,2023-02-14,1,,12.5,12.5,7.6
경북,성주,참외,1,14,2023-02-14,2,,11.0,13.0,6.2
경북,성주,참외,1,14,2023-02-14,3,,11.5,12.5,6.8
경북,성주,참외,1,14,2023-02-14,4,,11.5,13.0,7.2
경북,성주,참외,1,14,2023-02-21,1,,12.0,12.0,7.7
경북,성주,참외,1,14,2023-02-21,2,,12.5,12.0,6.6
경북,성주,참외,1,14,2023-02-21,3,,11.5,12.0,7.2
경북,성주,참외,1,14,2023-02-21,4,,11.5,12.0,7.3
경북,성주,참외,1,14,2023-03-02,1,,13.0,13.0,8.0
경북,성주,참외,1,14,2023-03-02,2,,13.0,12.0,6.0
경북,성주,참외,1,14,2023-03-02,3,,12.0,12.5,7.0
경북,성주,참외,1,14,2023-03-02,4,,12.5,13.0,7.8
경북,성주,참외,1,14,2023-03-07,1,,11.5,13.0,6.7
경북,성주,참외,1,14,2023-03-07,2,,12.0,14.0,5.7
경북,성주,참외,1,14,2023-03-07,3,,10.0,10.0,5.0
경북,성주,참외,1,14,2023-03-07,4,,11.5,11.0,6.2
경북,성주,참외,1,14,2023-03-14,1,,10.0,10.0,8.0
경북,성주,참외,1,14,2023-03-14,2,,11.5,10.0,5.8
경북,성주,참외,1,14,2023-03-14,3,,10.0,12.0,5.0
경북,성주,참외,1,14,2023-03-14,4,,11.0,12.0,5.2
경북,성주,참외,1,14,2023-03-21,1,,10.0,11.0,6.8
경북,성주,참외,1,14,2023-03-21,2,,9.0,10.0,4.7
경북,성주,참외,1,14,2023-03-21,3,,11.0,11.0,6.6
경북,성주,참외,1,14,2023-03-21,4,,12.0,12.0,6.4
경북,성주,참외,1,14,2023-03-28,1,,12.0,12.0,7.2
경북,성주,참외,1,14,2023-03-28,2,,11.0,10.0,4.0
경북,성주,참외,1,14,2023-03-28,3,,9.0,8.5,4.4
경북,성주,참외,1,14,2023-03-28,4,,9.0,9.0,5.7
경북,성주,참외,1,14,2023-04-04,1,,9.0,9.0,6.4
경북,성주,참외,1,14,2023-04-04,2,,9.0,9.0,6.5
경북,성주,참외,1,14,2023-04-04,3,,9.5,9.0,4.4
경북,성주,참외,1,14,2023-04-04,4,,9.0,9.0,5.2
경북,성주,참외,1,14,2023-04-11,1,,9.0,9.0,4.6
경북,성주,참외,1,14,2023-04-11,2,,9.5,8.0,6.4
경북,성주,참외,1,14,2023-04-11,3,,10.0,9.0,4.2
경북,성주,참외,1,14,2023-04-11,4,,10.0,11.0,4.2
경북,성주,참외,1,14,2023-04-18,1,,9.0,8.0,5.4
경북,성주,참외,1,14,2023-04-18,2,,8.5,8.5,4.8
경북,성주,참외,1,14,2023-04-18,3,,8.0,9.0,4.9
경북,성주,참외,1,14,2023-04-18,4,,9.0,10.0,5.0
경북,성주,참외,1,14,2023-04-25,1,,8.0,7.5,4.9
경북,성주,참외,1,14,2023-04-25,2,,8.0,8.5,4.9
경북,성주,참외,1,14,2023-04-25,3,,8.0,8.0,4.8
경북,성주,참외,1,14,2023-04-25,4,,8.0,8.0,4.4
경북,성주,참외,1,14,2023-05-03,1,,8.0,9.0,5.6
경북,성주,참외,1,14,2023-05-03,2,,10.0,11.0,6.4
경북,성주,참외,1,14,2023-05-03,3,,9.0,10.0,4.3
경북,성주,참외,1,14,2023-05-03,4,,9.0,9.0,5.2
경북,성주,참외,1,14,2023-05-09,1,,9.0,9.0,4.3
경북,성주,참외,1,14,2023-05-09,2,,9.0,9.0,5.4
경북,성주,참외,1,14,2023-05-09,3,,9.0,10.0,4.1
경북,성주,참외,1,14,2023-05-09,4,,8.5,9.5,4.5
경북,성주,참외,1,14,2023-05-16,1,,8.0,9.0,4.1
경북,성주,참외,1,14,2023-05-16,2,,7.0,9.0,4.1
경북,성주,참외,1,14,2023-05-16,3,,7.5,9.0,4.6
경북,성주,참외,1,14,2023-05-16,4,,9.0,10.0,5.1
경북,성주,참외,1,14,2023-05-23,1,,6.5,7.0,4.2
경북,성주,참외,1,14,2023-05-23,2,,7.5,8.0,4.8
경북,성주,참외,1,14,2023-05-23,3,,7.5,8.5,4.7
경북,성주,참외,1,14,2023-05-23,4,,8.0,9.5,5.0
경북,성주,참외,1,14,2023-05-31,1,,9.5,11.0,4.5
경북,성주,참외,1,14,2023-05-31,2,,9.0,9.5,5.3
경북,성주,참외,1,14,2023-05-31,3,,8.0,10.0,4.3
경북,성주,참외,1,14,2023-05-31,4,,9.0,10.0,6.5
경북,성주,참외,1,14,2023-06-07,1,,9.5,10.0,3.6
경북,성주,참외,1,14,2023-06-07,2,,12.0,12.5,4.4
경북,성주,참외,1,14,2023-06-07,3,,10.0,11.0,3.4
경북,성주,참외,1,14,2023-06-07,4,,9.0,10.0,4.1
경북,성주,참외,1,14,2023-06-13,1,,9.0,9.0,4.5
경북,성주,참외,1,14,2023-06-13,2,,11.0,13.0,4.0
경북,성주,참외,1,14,2023-06-13,3,,12.0,12.5,4.4
경북,성주,참외,1,14,2023-06-13,4,,10.0,10.0,4.3
경북,성주,참외,1,14,2023-06-20,1,,8.5,10.0,3.9
경북,성주,참외,1,14,2023-06-20,2,,8.5,9.5,5.0
경북,성주,참외,1,14,2023-06-20,3,,9.0,10.0,4.2
경북,성주,참외,1,14,2023-06-20,4,,10.0,11.0,3.5
경북,성주,참외,1,14,2023-06-27,1,,8.5,10.0,4.5
경북,성주,참외,1,14,2023-06-27,2,,9.0,10.5,4.4
경북,성주,참외,1,14,2023-06-27,3,,8.5,10.0,4.6
경북,성주,참외,1,14,2023-06-27,4,,8.0,10.5,4.7
경북,성주,참외,1,15,2023-01-06,1,,12.0,11.5,4.3
경북,성주,참외,1,15,2023-01-06,2,,12.0,11.5,5.0
경북,성주,참외,1,15,2023-01-06,3,,11.5,11.0,4.1
경북,성주,참외,1,15,2023-01-06,4,,12.0,12.0,3.9
경북,성주,참외,1,15,2023-01-12,1,,17.0,15.0,4.4
경북,성주,참외,1,15,2023-01-12,2,,14.0,11.0,5.2
경북,성주,참외,1,15,2023-01-12,3,,17.0,14.0,5.6
경북,성주,참외,1,15,2023-01-12,4,,15.0,13.0,4.2
경북,성주,참외,1,15,2023-01-18,1,,18.3,17.8,5.1
경북,성주,참외,1,15,2023-01-18,2,,17.9,15.3,8.0
경북,성주,참외,1,15,2023-01-18,3,,16.0,15.4,7.8
경북,성주,참외,1,15,2023-01-18,4,,17.7,15.5,4.3
경북,성주,참외,1,15,2023-01-27,1,,15.0,12.0,5.8
경북,성주,참외,1,15,2023-01-27,2,,20.0,17.0,5.6
경북,성주,참외,1,15,2023-01-27,3,,17.0,15.0,4.3
경북,성주,참외,1,15,2023-01-27,4,,20.0,15.5,4.2
경북,성주,참외,1,15,2023-02-02,1,,16.5,13.0,5.8
경북,성주,참외,1,15,2023-02-02,2,,18.5,17.5,5.7
경북,성주,참외,1,15,2023-02-02,3,,17.0,15.0,5.5
경북,성주,참외,1,15,2023-02-02,4,,18.0,16.5,4.6
경북,성주,참외,1,15,2023-02-07,1,,12.0,10.5,3.7
경북,성주,참외,1,15,2023-02-07,2,,13.0,12.5,4.3
경북,성주,참외,1,15,2023-02-07,3,,12.0,11.0,4.1
경북,성주,참외,1,15,2023-02-07,4,,15.0,12.0,3.3
경북,성주,참외,1,15,2023-02-14,1,,15.0,14.0,4.2
경북,성주,참외,1,15,2023-02-14,2,,14.0,13.5,4.4
경북,성주,참외,1,15,2023-02-14,3,,13.5,12.0,3.9
경북,성주,참외,1,15,2023-02-14,4,,14.0,11.0,3.7
경북,성주,참외,1,15,2023-02-20,1,,13.5,11.0,4.3
경북,성주,참외,1,15,2023-02-20,2,,13.5,11.5,4.2
경북,성주,참외,1,15,2023-02-20,3,,12.0,10.5,4.8
경북,성주,참외,1,15,2023-02-20,4,,12.5,10.5,4.9
경북,성주,참외,1,15,2023-02-28,1,,13.0,11.5,3.7
경북,성주,참외,1,15,2023-02-28,2,,14.0,11.0,4.8
경북,성주,참외,1,15,2023-02-28,3,,13.0,12.5,4.8
경북,성주,참외,1,15,2023-02-28,4,,13.0,11.0,4.2
경북,성주,참외,1,15,2023-03-07,1,,12.0,11.0,5.2
경북,성주,참외,1,15,2023-03-07,2,,13.0,11.0,6.0
경북,성주,참외,1,15,2023-03-07,3,,11.5,10.5,5.4
경북,성주,참외,1,15,2023-03-07,4,,11.5,10.0,4.8
경북,성주,참외,1,15,2023-03-14,1,,12.5,11.0,5.6
경북,성주,참외,1,15,2023-03-14,2,,12.0,11.5,4.9
경북,성주,참외,1,15,2023-03-14,3,,12.5,12.0,4.1
경북,성주,참외,1,15,2023-03-14,4,,12.3,10.0,3.8
경북,성주,참외,1,15,2023-03-21,1,,14.0,14.0,5.7
경북,성주,참외,1,15,2023-03-21,2,,15.0,14.5,4.1
경북,성주,참외,1,15,2023-03-21,3,,13.0,12.0,4.3
경북,성주,참외,1,15,2023-03-21,4,,14.5,12.5,3.9
경북,성주,참외,1,15,2023-03-28,1,,14.0,13.0,5.0
경북,성주,참외,1,15,2023-03-28,2,,15.0,14.0,4.4
경북,성주,참외,1,15,2023-03-28,3,,12.0,11.0,4.5
경북,성주,참외,1,15,2023-03-28,4,,12.0,11.5,4.7
경북,성주,참외,1,15,2023-04-04,1,,11.5,11.0,3.8
경북,성주,참외,1,15,2023-04-04,2,,14.0,12.0,3.4
경북,성주,참외,1,15,2023-04-04,3,,12.5,11.0,3.9
경북,성주,참외,1,15,2023-04-04,4,,12.5,12.0,4.2
경북,성주,참외,1,15,2023-04-11,1,,11.0,10.0,3.8
경북,성주,참외,1,15,2023-04-11,2,,10.0,9.5,4.2
경북,성주,참외,1,15,2023-04-11,3,,12.0,13.0,3.7
경북,성주,참외,1,15,2023-04-11,4,,12.5,12.0,4.5
경북,성주,참외,1,15,2023-04-18,1,,10.0,10.0,3.7
경북,성주,참외,1,15,2023-04-18,2,,11.0,10.5,4.8
경북,성주,참외,1,15,2023-04-18,3,,12.5,11.0,3.7
경북,성주,참외,1,15,2023-04-18,4,,10.0,9.5,4.1
경북,성주,참외,1,15,2023-04-25,1,,10.0,9.0,3.3
경북,성주,참외,1,15,2023-04-25,2,,9.0,9.5,4.6
경북,성주,참외,1,15,2023-04-25,3,,10.3,9.0,3.8
경북,성주,참외,1,15,2023-04-25,4,,10.0,10.0,3.3
경북,성주,참외,1,15,2023-05-03,1,,10.0,9.0,3.1
경북,성주,참외,1,15,2023-05-03,2,,9.0,8.0,4.7
경북,성주,참외,1,15,2023-05-03,3,,11.0,16.0,4.5
경북,성주,참외,1,15,2023-05-03,4,,10.0,9.5,4.8
경북,성주,참외,1,15,2023-05-09,1,,10.0,9.5,3.2
경북,성주,참외,1,15,2023-05-09,2,,9.0,10.0,5.7
경북,성주,참외,1,15,2023-05-09,3,,9.0,8.0,5.3
경북,성주,참외,1,15,2023-05-09,4,,9.0,10.0,4.5
경북,성주,참외,1,15,2023-05-16,1,,9.5,9.5,4.0
경북,성주,참외,1,15,2023-05-16,2,,9.5,8.5,3.7
경북,성주,참외,1,15,2023-05-16,3,,9.3,9.0,4.3
경북,성주,참외,1,15,2023-05-16,4,,9.0,8.0,4.0
경북,성주,참외,1,15,2023-05-23,1,,10.0,10.2,4.3
경북,성주,참외,1,15,2023-05-23,2,,10.0,11.5,3.5
경북,성주,참외,1,15,2023-05-23,3,,10.0,9.0,3.5
경북,성주,참외,1,15,2023-05-23,4,,9.0,10.0,3.9
경북,성주,참외,1,15,2023-05-31,1,,11.5,10.5,4.6
경북,성주,참외,1,15,2023-05-31,2,,13.0,12.0,3.3
경북,성주,참외,1,15,2023-05-31,3,,11.0,9.5,4.3
경북,성주,참외,1,15,2023-05-31,4,,10.0,9.0,4.0
경북,성주,참외,1,15,2023-06-07,1,,9.5,9.0,3.8
경북,성주,참외,1,15,2023-06-07,2,,9.8,10.0,4.2
경북,성주,참외,1,15,2023-06-07,3,,9.5,7.5,4.1
경북,성주,참외,1,15,2023-06-07,4,,9.0,8.5,3.6
경북,성주,참외,1,15,2023-06-13,1,,10.0,9.0,3.7
경북,성주,참외,1,15,2023-06-13,2,,11.0,10.5,3.5
경북,성주,참외,1,15,2023-06-13,3,,10.5,9.0,3.8
경북,성주,참외,1,15,2023-06-13,4,,10.0,9.0,3.6
경북,성주,참외,1,15,2023-06-20,1,,10.0,9.0,3.1
경북,성주,참외,1,15,2023-06-20,2,,9.5,9.0,3.5
경북,성주,참외,1,15,2023-06-20,3,,10.5,9.5,3.7
경북,성주,참외,1,15,2023-06-20,4,,10.5,10.0,4.0
경북,성주,참외,1,15,2023-06-27,1,,10.0,9.0,3.6
경북,성주,참외,1,15,2023-06-27,2,,10.0,9.0,3.0
경북,성주,참외,1,15,2023-06-27,3,,11.0,10.0,3.7
경북,성주,참외,1,15,2023-06-27,4,,9.0,8.0,3.4
경북,성주,참외,1,15,2023-07-03,1,,8.0,9.5,4.0
경북,성주,참외,1,15,2023-07-03,2,,9.5,10.0,4.9
경북,성주,참외,1,15,2023-07-03,3,,8.5,10.0,4.0
경북,성주,참외,1,15,2023-07-03,4,,9.0,10.0,4.2
경북,성주,참외,1,15,2023-07-11,1,,10.0,9.0,3.7
경북,성주,참외,1,15,2023-07-11,2,,12.0,10.0,5.4
경북,성주,참외,1,15,2023-07-11,3,,10.0,9.5,3.7
경북,성주,참외,1,15,2023-07-11,4,,10.0,9.0,3.8
경북,성주,참외,1,15,2023-07-18,1,,12.0,11.0,3.9
경북,성주,참외,1,15,2023-07-18,2,,9.5,8.0,4.7
경북,성주,참외,1,15,2023-07-18,3,,11.0,10.0,3.8
경북,성주,참외,1,15,2023-07-18,4,,10.0,8.5,4.3
경북,성주,참외,1,16,2023-01-10,1,,10.6,11.5,3.6
경북,성주,참외,1,16,2023-01-10,2,,10.9,11.3,4.4
경북,성주,참외,1,16,2023-01-10,3,,10.6,10.8,2.2
경북,성주,참외,1,16,2023-01-10,4,,9.3,11.2,4.0
경북,성주,참외,1,16,2023-01-18,1,,,,5.1
경북,성주,참외,1,16,2023-01-18,2,,,,4.4
경북,성주,참외,1,16,2023-01-18,3,,,,5.0
경북,성주,참외,1,16,2023-01-18,4,,10.0,10.3,4.2
경북,성주,참외,1,16,2023-01-27,1,,14.0,12.5,5.2
경북,성주,참외,1,16,2023-01-27,2,,13.5,12.5,4.7
경북,성주,참외,1,16,2023-01-27,3,,,,3.7
경북,성주,참외,1,16,2023-01-27,4,,14.0,13.0,3.8
경북,성주,참외,1,16,2023-02-02,1,,16.0,15.0,4.3
경북,성주,참외,1,16,2023-02-02,2,,16.0,15.0,4.9
경북,성주,참외,1,16,2023-02-02,3,,17.0,16.0,4.2
경북,성주,참외,1,16,2023-02-02,4,,15.5,15.0,4.3
경북,성주,참외,1,16,2023-02-07,1,,16.0,14.7,5.8
경북,성주,참외,1,16,2023-02-07,2,,15.5,14.0,6.4
경북,성주,참외,1,16,2023-02-07,3,,16.0,14.5,5.2
경북,성주,참외,1,16,2023-02-07,4,,15.5,14.0,6.0
경북,성주,참외,1,16,2023-02-14,1,,16.5,16.5,4.4
경북,성주,참외,1,16,2023-02-14,2,,16.5,14.0,4.9
경북,성주,참외,1,16,2023-02-14,3,,16.8,13.2,5.6
경북,성주,참외,1,16,2023-02-14,4,,16.0,15.5,4.7
경북,성주,참외,1,16,2023-02-20,1,,17.0,15.0,5.1
경북,성주,참외,1,16,2023-02-20,2,,16.0,14.0,4.4
경북,성주,참외,1,16,2023-02-20,3,,17.0,14.5,4.7
경북,성주,참외,1,16,2023-02-20,4,,17.0,14.0,4.1
경북,성주,참외,1,16,2023-02-28,1,,17.0,16.0,4.3
경북,성주,참외,1,16,2023-02-28,2,,18.5,15.5,4.6
경북,성주,참외,1,16,2023-02-28,3,,16.5,17.0,4.6
경북,성주,참외,1,16,2023-02-28,4,,18.0,16.5,5.4
경북,성주,참외,1,16,2023-03-07,1,,15.0,13.0,4.2
경북,성주,참외,1,16,2023-03-07,2,,12.5,12.0,4.5
경북,성주,참외,1,16,2023-03-07,3,,13.0,10.0,4.2
경북,성주,참외,1,16,2023-03-07,4,,14.0,11.5,3.9
경북,성주,참외,1,16,2023-03-14,1,,13.0,11.0,4.5
경북,성주,참외,1,16,2023-03-14,2,,14.0,11.0,4.3
경북,성주,참외,1,16,2023-03-14,3,,13.0,11.5,4.9
경북,성주,참외,1,16,2023-03-14,4,,12.5,11.0,4.3
경북,성주,참외,1,16,2023-03-21,1,,14.5,12.0,4.5
경북,성주,참외,1,16,2023-03-21,2,,15.0,13.2,3.1
경북,성주,참외,1,16,2023-03-21,3,,15.5,12.7,3.3
경북,성주,참외,1,16,2023-03-21,4,,14.5,13.0,3.2
경북,성주,참외,1,16,2023-03-28,1,,12.5,12.0,3.6
경북,성주,참외,1,16,2023-03-28,2,,11.5,12.0,3.5
경북,성주,참외,1,16,2023-03-28,3,,13.0,12.0,3.5
경북,성주,참외,1,16,2023-03-28,4,,14.5,13.5,3.1
경북,성주,참외,1,16,2023-04-04,1,,12.5,11.0,4.1
경북,성주,참외,1,16,2023-04-04,2,,12.0,10.5,4.0
경북,성주,참외,1,16,2023-04-04,3,,13.0,11.4,3.8
경북,성주,참외,1,16,2023-04-04,4,,11.0,11.0,4.3
경북,성주,참외,1,16,2023-04-11,1,,11.5,10.0,4.0
경북,성주,참외,1,16,2023-04-11,2,,11.0,10.0,4.1
경북,성주,참외,1,16,2023-04-11,3,,11.5,10.0,3.7
경북,성주,참외,1,16,2023-04-11,4,,13.0,11.0,4.0
경북,성주,참외,1,16,2023-04-18,1,,12.0,10.0,4.0
경북,성주,참외,1,16,2023-04-18,2,,12.0,10.0,3.2
경북,성주,참외,1,16,2023-04-18,3,,11.0,10.0,4.9
경북,성주,참외,1,16,2023-04-18,4,,12.0,12.0,4.5
경북,성주,참외,1,16,2023-04-25,1,,12.0,11.5,4.4
경북,성주,참외,1,16,2023-04-25,2,,9.0,9.0,4.2
경북,성주,참외,1,16,2023-04-25,3,,9.5,10.0,5.7
경북,성주,참외,1,16,2023-04-25,4,,11.0,10.0,4.8
경북,성주,참외,1,16,2023-05-03,1,,9.0,8.0,5.1
경북,성주,참외,1,16,2023-05-03,2,,8.0,9.0,4.1
경북,성주,참외,1,16,2023-05-03,3,,10.0,10.0,4.5
경북,성주,참외,1,16,2023-05-03,4,,9.0,8.5,4.5
경북,성주,참외,1,16,2023-05-09,1,,9.0,8.0,3.3
경북,성주,참외,1,16,2023-05-09,2,,9.0,10.0,4.1
경북,성주,참외,1,16,2023-05-09,3,,9.0,8.5,5.0
경북,성주,참외,1,16,2023-05-09,4,,8.0,9.0,4.5
경북,성주,참외,1,16,2023-05-16,1,,8.0,8.0,4.6
경북,성주,참외,1,16,2023-05-16,2,,8.5,8.0,3.4
경북,성주,참외,1,16,2023-05-16,3,,8.0,8.5,4.6
경북,성주,참외,1,16,2023-05-16,4,,9.0,8.0,4.1
경북,성주,참외,1,16,2023-05-23,1,,11.0,11.5,3.4
경북,성주,참외,1,16,2023-05-23,2,,9.0,8.5,3.1
경북,성주,참외,1,16,2023-05-23,3,,8.5,8.0,3.6
경북,성주,참외,1,16,2023-05-23,4,,8.5,7.3,4.2
경북,성주,참외,1,16,2023-05-31,1,,10.0,9.5,4.1
경북,성주,참외,1,16,2023-05-31,2,,9.7,9.5,5.5
경북,성주,참외,1,16,2023-05-31,3,,10.5,10.0,4.4
경북,성주,참외,1,16,2023-05-31,4,,8.5,8.0,3.9
경북,성주,참외,1,16,2023-06-07,1,,9.8,9.0,4.1
경북,성주,참외,1,16,2023-06-07,2,,10.0,9.0,4.3
경북,성주,참외,1,16,2023-06-07,3,,10.5,9.0,3.5
경북,성주,참외,1,16,2023-06-07,4,,9.0,7.0,4.0
경북,성주,참외,1,16,2023-06-13,1,,10.0,9.0,3.6
경북,성주,참외,1,16,2023-06-13,2,,10.3,9.0,3.4
경북,성주,참외,1,16,2023-06-13,3,,10.0,9.0,3.1
경북,성주,참외,1,16,2023-06-13,4,,9.0,7.4,3.5
경북,성주,참외,1,16,2023-06-20,1,,10.0,9.0,4.3
경북,성주,참외,1,16,2023-06-20,2,,10.5,9.0,3.8
경북,성주,참외,1,16,2023-06-20,3,,10.0,9.0,3.8
경북,성주,참외,1,16,2023-06-20,4,,9.0,8.0,3.2
경북,성주,참외,1,16,2023-06-27,1,,11.5,10.0,3.2
경북,성주,참외,1,16,2023-06-27,2,,10.0,8.5,3.8
경북,성주,참외,1,16,2023-06-27,3,,10.0,9.0,3.4
경북,성주,참외,1,16,2023-06-27,4,,9.3,8.0,3.2
경북,성주,참외,1,17,2023-01-12,1,,9.0,8.5,3.2
경북,성주,참외,1,17,2023-01-12,2,,7.5,8.2,3.7
경북,성주,참외,1,17,2023-01-12,3,,9.0,9.0,2.8
경북,성주,참외,1,17,2023-01-12,4,,7.0,7.0,3.7
경북,성주,참외,1,17,2023-01-18,1,,8.0,7.0,4.0
경북,성주,참외,1,17,2023-01-18,2,,8.0,7.0,3.6
경북,성주,참외,1,17,2023-01-18,3,,7.0,6.5,3.7
경북,성주,참외,1,17,2023-01-18,4,,8.0,7.5,3.8
경북,성주,참외,1,17,2023-01-27,1,,10.5,10.5,4.0
경북,성주,참외,1,17,2023-01-27,2,,9.5,10.3,3.8
경북,성주,참외,1,17,2023-01-27,3,,10.5,10.7,5.5
경북,성주,참외,1,17,2023-01-27,4,,11.5,10.5,4.2
경북,성주,참외,1,17,2023-02-02,1,,13.0,12.0,3.3
경북,성주,참외,1,17,2023-02-02,2,,13.5,11.5,3.9
경북,성주,참외,1,17,2023-02-02,3,,12.0,11.0,4.1
경북,성주,참외,1,17,2023-02-02,4,,11.5,11.0,4.3
경북,성주,참외,1,17,2023-02-07,1,,11.5,13.5,5.6
경북,성주,참외,1,17,2023-02-07,2,,11.0,12.0,5.7
경북,성주,참외,1,17,2023-02-07,3,,10.0,11.5,4.6
경북,성주,참외,1,17,2023-02-07,4,,10.0,11.0,5.5
경북,성주,참외,1,17,2023-02-14,1,,12.0,13.5,6.1
경북,성주,참외,1,17,2023-02-14,2,,12.5,15.0,6.9
경북,성주,참외,1,17,2023-02-14,3,,13.0,15.0,5.9
경북,성주,참외,1,17,2023-02-14,4,,11.5,13.0,5.6
경북,성주,참외,1,17,2023-02-21,1,,14.0,15.5,6.0
경북,성주,참외,1,17,2023-02-21,2,,14.0,16.0,5.3
경북,성주,참외,1,17,2023-02-21,3,,14.0,15.0,6.8
경북,성주,참외,1,17,2023-02-21,4,,13.0,14.0,5.6
경북,성주,참외,1,17,2023-03-02,1,,11.5,12.0,5.9
경북,성주,참외,1,17,2023-03-02,2,,11.0,11.5,4.1
경북,성주,참외,1,17,2023-03-02,3,,11.5,12.0,5.3
경북,성주,참외,1,17,2023-03-02,4,,13.0,14.5,5.4
경북,성주,참외,1,17,2023-03-07,1,,11.0,13.0,7.1
경북,성주,참외,1,17,2023-03-07,2,,12.0,12.0,5.9
경북,성주,참외,1,17,2023-03-07,3,,10.0,12.0,8.2
경북,성주,참외,1,17,2023-03-07,4,,11.0,11.0,6.8
경북,성주,참외,1,17,2023-03-14,1,,11.5,12.5,5.8
경북,성주,참외,1,17,2023-03-14,2,,11.0,13.0,6.2
경북,성주,참외,1,17,2023-03-14,3,,10.0,12.0,5.7
경북,성주,참외,1,17,2023-03-14,4,,11.0,13.0,5.3
경북,성주,참외,1,17,2023-03-21,1,,11.0,12.0,6.0
경북,성주,참외,1,17,2023-03-21,2,,10.0,11.0,7.4
경북,성주,참외,1,17,2023-03-21,3,,11.0,12.0,5.1
경북,성주,참외,1,17,2023-03-21,4,,10.0,11.5,7.0
경북,성주,참외,1,17,2023-03-28,1,,10.0,10.0,5.6
경북,성주,참외,1,17,2023-03-28,2,,10.5,11.5,4.5
경북,성주,참외,1,17,2023-03-28,3,,10.0,11.0,4.6
경북,성주,참외,1,17,2023-03-28,4,,10.0,11.0,6.0
경북,성주,참외,1,17,2023-04-04,1,,9.0,9.0,5.3
경북,성주,참외,1,17,2023-04-04,2,,10.0,12.0,6.6
경북,성주,참외,1,17,2023-04-04,3,,10.0,10.0,6.1
경북,성주,참외,1,17,2023-04-04,4,,10.0,11.0,6.5
경북,성주,참외,1,17,2023-04-11,1,,10.0,9.0,6.0
경북,성주,참외,1,17,2023-04-11,2,,10.0,11.5,6.3
경북,성주,참외,1,17,2023-04-11,3,,11.0,10.0,6.1
경북,성주,참외,1,17,2023-04-11,4,,10.0,9.0,5.4
경북,성주,참외,1,17,2023-04-18,1,,10.0,9.0,5.1
경북,성주,참외,1,17,2023-04-18,2,,10.0,11.0,5.3
경북,성주,참외,1,17,2023-04-18,3,,11.0,11.0,5.6
경북,성주,참외,1,17,2023-04-18,4,,9.0,9.0,5.0
경북,성주,참외,1,17,2023-04-25,1,,8.0,8.0,6.0
경북,성주,참외,1,17,2023-04-25,2,,7.5,8.0,4.3
경북,성주,참외,1,17,2023-04-25,3,,9.0,10.0,5.2
경북,성주,참외,1,17,2023-04-25,4,,9.0,9.5,5.3
경북,성주,참외,1,17,2023-05-03,1,,7.0,7.5,4.4
경북,성주,참외,1,17,2023-05-03,2,,7.0,9.0,4.6
경북,성주,참외,1,17,2023-05-03,3,,8.5,8.5,4.5
경북,성주,참외,1,17,2023-05-03,4,,6.5,7.5,4.5
경북,성주,참외,1,17,2023-05-09,1,,10.0,9.0,4.2
경북,성주,참외,1,17,2023-05-09,2,,8.0,8.0,4.4
경북,성주,참외,1,17,2023-05-09,3,,9.0,9.0,4.3
경북,성주,참외,1,17,2023-05-09,4,,7.0,7.0,3.8
경북,성주,참외,1,17,2023-05-16,1,,7.0,7.5,5.2
경북,성주,참외,1,17,2023-05-16,2,,6.5,8.0,4.2
경북,성주,참외,1,17,2023-05-16,3,,7.0,8.0,4.2
경북,성주,참외,1,17,2023-05-16,4,,6.5,7.0,3.6
경북,성주,참외,1,17,2023-05-23,1,,6.5,5.5,4.4
경북,성주,참외,1,17,2023-05-23,2,,5.5,7.5,4.0
경북,성주,참외,1,17,2023-05-23,3,,6.5,8.0,5.2
경북,성주,참외,1,17,2023-05-23,4,,5.5,6.0,5.4
경북,성주,참외,1,17,2023-05-31,1,,7.5,9.0,3.7
경북,성주,참외,1,17,2023-05-31,2,,8.0,9.5,4.2
경북,성주,참외,1,17,2023-05-31,3,,9.0,9.0,4.1
경북,성주,참외,1,17,2023-05-31,4,,8.0,10.5,5.4
경북,성주,참외,1,17,2023-06-07,1,,10.0,10.0,3.4
경북,성주,참외,1,17,2023-06-07,2,,8.0,8.5,4.6
경북,성주,참외,1,17,2023-06-07,3,,7.0,9.0,4.7
경북,성주,참외,1,17,2023-06-07,4,,8.5,11.5,4.7
경북,성주,참외,1,17,2023-06-13,1,,9.0,10.0,4.6
경북,성주,참외,1,17,2023-06-13,2,,9.5,10.0,5.5
경북,성주,참외,1,17,2023-06-13,3,,9.5,9.0,4.0
경북,성주,참외,1,17,2023-06-13,4,,9.5,9.0,4.6
경북,성주,참외,1,17,2023-06-20,1,,9.0,11.0,4.8
경북,성주,참외,1,17,2023-06-20,2,,9.0,9.5,3.7
경북,성주,참외,1,17,2023-06-20,3,,9.0,10.0,4.3
경북,성주,참외,1,17,2023-06-20,4,,9.0,11.0,4.5
경북,성주,참외,1,17,2023-06-27,1,,9.0,11.0,4.0
경북,성주,참외,1,17,2023-06-27,2,,9.0,9.0,3.8
경북,성주,참외,1,17,2023-06-27,3,,8.5,9.0,4.6
경북,성주,참외,1,17,2023-06-27,4,,8.0,9.0,5.9
경북,성주,참외,1,17,2023-07-03,1,,9.0,11.0,4.5
경북,성주,참외,1,17,2023-07-03,2,,10.5,9.0,4.1
경북,성주,참외,1,17,2023-07-03,3,,10.0,9.0,4.1
경북,성주,참외,1,17,2023-07-03,4,,12.0,10.0,5.3
경북,성주,참외,1,18,2023-01-10,1,,14.0,13.0,4.6
경북,성주,참외,1,18,2023-01-10,2,,13.0,13.0,4.0
경북,성주,참외,1,18,2023-01-10,3,,14.5,12.4,3.8
경북,성주,참외,1,18,2023-01-10,4,,13.2,12.4,4.2
경북,성주,참외,1,18,2023-01-18,1,,17.0,15.0,5.6
경북,성주,참외,1,18,2023-01-18,2,,14.0,14.7,4.9
경북,성주,참외,1,18,2023-01-18,3,,15.0,14.5,4.8
경북,성주,참외,1,18,2023-01-18,4,,15.0,13.8,5.9
경북,성주,참외,1,18,2023-01-27,1,,17.0,16.0,4.1
경북,성주,참외,1,18,2023-01-27,2,,15.0,14.0,4.4
경북,성주,참외,1,18,2023-01-27,3,,13.0,11.5,5.5
경북,성주,참외,1,18,2023-01-27,4,,18.0,16.5,4.9
경북,성주,참외,1,18,2023-02-02,1,,16.0,16.0,5.9
경북,성주,참외,1,18,2023-02-02,2,,16.0,15.0,5.0
경북,성주,참외,1,18,2023-02-02,3,,16.0,15.0,4.5
경북,성주,참외,1,18,2023-02-02,4,,15.0,14.0,5.1
경북,성주,참외,1,18,2023-02-07,1,,17.0,17.0,5.7
경북,성주,참외,1,18,2023-02-07,2,,16.0,16.0,6.0
경북,성주,참외,1,18,2023-02-07,3,,18.0,18.0,5.6
경북,성주,참외,1,18,2023-02-07,4,,16.0,16.5,5.6
경북,성주,참외,1,18,2023-02-14,1,,13.5,13.5,5.5
경북,성주,참외,1,18,2023-02-14,2,,15.0,14.0,5.4
경북,성주,참외,1,18,2023-02-14,3,,15.0,15.0,5.3
경북,성주,참외,1,18,2023-02-14,4,,15.0,14.5,7.4
경북,성주,참외,1,18,2023-02-21,1,,14.5,13.5,4.5
경북,성주,참외,1,18,2023-02-21,2,,17.5,17.0,6.4
경북,성주,참외,1,18,2023-02-21,3,,14.0,13.0,4.5
경북,성주,참외,1,18,2023-02-21,4,,14.0,13.5,4.7
경북,성주,참외,1,18,2023-02-28,1,,15.0,14.0,4.9
경북,성주,참외,1,18,2023-02-28,2,,12.0,11.0,5.0
경북,성주,참외,1,18,2023-02-28,3,,13.0,12.8,8.7
경북,성주,참외,1,18,2023-02-28,4,,14.0,13.0,4.9
경북,성주,참외,1,18,2023-03-07,1,,15.0,14.0,5.1
경북,성주,참외,1,18,2023-03-07,2,,13.0,11.0,5.6
경북,성주,참외,1,18,2023-03-07,3,,13.0,11.0,4.4
경북,성주,참외,1,18,2023-03-07,4,,14.0,13.0,6.7
경북,성주,참외,1,18,2023-03-14,1,,10.0,9.5,5.5
경북,성주,참외,1,18,2023-03-14,2,,9.0,8.5,5.7
경북,성주,참외,1,18,2023-03-14,3,,8.5,9.0,5.9
경북,성주,참외,1,18,2023-03-14,4,,10.0,9.0,7.5
경북,성주,참외,1,18,2023-03-21,1,,10.5,10.0,5.8
경북,성주,참외,1,18,2023-03-21,2,,10.5,10.3,5.3
경북,성주,참외,1,18,2023-03-21,3,,9.5,9.5,5.0
경북,성주,참외,1,18,2023-03-21,4,,10.0,9.0,4.1
경북,성주,참외,1,18,2023-03-29,1,,10.0,10.0,7.7
경북,성주,참외,1,18,2023-03-29,2,,11.0,10.5,5.6
경북,성주,참외,1,18,2023-03-29,3,,12.0,10.0,7.5
경북,성주,참외,1,18,2023-03-29,4,,11.0,10.0,4.7
경북,성주,참외,1,18,2023-04-04,1,,12.0,12.5,5.2
경북,성주,참외,1,18,2023-04-04,2,,11.0,9.5,6.0
경북,성주,참외,1,18,2023-04-04,3,,12.0,11.0,4.1
경북,성주,참외,1,18,2023-04-04,4,,10.5,11.0,4.5
경북,성주,참외,1,18,2023-04-11,1,,11.0,10.0,6.8
경북,성주,참외,1,18,2023-04-11,2,,12.0,11.0,4.0
경북,성주,참외,1,18,2023-04-11,3,,10.0,9.0,4.3
경북,성주,참외,1,18,2023-04-11,4,,12.0,12.0,5.6
경북,성주,참외,1,18,2023-04-18,1,,12.0,11.0,6.3
경북,성주,참외,1,18,2023-04-18,2,,9.0,9.0,4.2
경북,성주,참외,1,18,2023-04-18,3,,12.0,10.0,7.0
경북,성주,참외,1,18,2023-04-18,4,,12.0,10.0,6.7
경북,성주,참외,1,18,2023-04-25,1,,10.0,9.5,5.8
경북,성주,참외,1,18,2023-04-25,2,,13.0,11.0,4.2
경북,성주,참외,1,18,2023-04-25,3,,12.0,11.0,3.5
경북,성주,참외,1,18,2023-04-25,4,,11.0,10.0,5.2
경북,성주,참외,1,18,2023-05-03,1,,11.0,10.0,4.8
경북,성주,참외,1,18,2023-05-03,2,,12.0,10.0,5.9
경북,성주,참외,1,18,2023-05-03,3,,11.0,10.0,4.3
경북,성주,참외,1,18,2023-05-03,4,,10.0,8.5,4.5
경북,성주,참외,1,18,2023-05-09,1,,10.0,9.5,5.1
경북,성주,참외,1,18,2023-05-09,2,,13.0,10.0,4.4
경북,성주,참외,1,18,2023-05-09,3,,12.0,10.0,4.3
경북,성주,참외,1,18,2023-05-09,4,,11.5,11.0,3.7
경북,성주,참외,1,18,2023-05-16,1,,8.0,7.5,3.9
경북,성주,참외,1,18,2023-05-16,2,,8.0,7.0,4.7
경북,성주,참외,1,18,2023-05-16,3,,10.0,10.0,4.2
경북,성주,참외,1,18,2023-05-16,4,,10.0,9.0,4.6
경북,성주,참외,1,18,2023-05-23,1,,10.0,9.0,4.6
경북,성주,참외,1,18,2023-05-23,2,,9.0,9.0,5.8
경북,성주,참외,1,18,2023-05-23,3,,10.0,9.0,4.8
경북,성주,참외,1,18,2023-05-23,4,,10.0,10.0,4.7
경북,성주,참외,1,18,2023-05-31,1,,9.5,9.5,3.6
경북,성주,참외,1,18,2023-05-31,2,,9.0,10.0,3.2
경북,성주,참외,1,18,2023-05-31,3,,10.0,9.0,4.7
경북,성주,참외,1,18,2023-05-31,4,,10.0,9.0,3.9
경북,성주,참외,1,18,2023-06-07,1,,9.0,8.0,3.7
경북,성주,참외,1,18,2023-06-07,2,,10.0,9.0,4.2
경북,성주,참외,1,18,2023-06-07,3,,9.0,10.0,4.3
경북,성주,참외,1,18,2023-06-07,4,,11.0,10.0,3.4
경북,성주,참외,1,18,2023-06-13,1,,10.0,9.0,5.1
경북,성주,참외,1,18,2023-06-13,2,,8.0,8.0,4.3
경북,성주,참외,1,18,2023-06-13,3,,9.0,8.0,4.8
경북,성주,참외,1,18,2023-06-13,4,,9.0,10.0,4.6
경북,성주,참외,1,18,2023-06-20,1,,11.0,9.0,4.1
경북,성주,참외,1,18,2023-06-20,2,,11.0,10.0,4.3
경북,성주,참외,1,18,2023-06-20,3,,11.0,9.0,4.2
경북,성주,참외,1,18,2023-06-20,4,,11.0,10.0,3.9
경북,성주,참외,1,18,2023-06-27,1,,10.0,8.0,5.3
경북,성주,참외,1,18,2023-06-27,2,,11.0,10.0,4.0
경북,성주,참외,1,18,2023-06-27,3,,11.0,9.0,5.4
경북,성주,참외,1,18,2023-06-27,4,,10.0,9.0,4.4
경북,성주,참외,1,18,2023-07-03,1,,11.0,9.5,4.0
경북,성주,참외,1,18,2023-07-03,2,,9.5,9.0,4.8
경북,성주,참외,1,18,2023-07-03,3,,10.0,9.0,4.3
경북,성주,참외,1,18,2023-07-03,4,,10.0,10.0,4.8
경북,성주,참외,1,18,2023-07-11,1,,10.0,9.0,4.1
경북,성주,참외,1,18,2023-07-11,2,,11.0,9.0,4.0
경북,성주,참외,1,18,2023-07-11,3,,10.5,9.0,3.5
경북,성주,참외,1,18,2023-07-11,4,,11.0,10.0,4.3
경북,성주,참외,1,18,2023-07-18,1,,11.0,9.0,4.2
경북,성주,참외,1,18,2023-07-18,2,,11.5,10.0,4.9
경북,성주,참외,1,18,2023-07-18,3,,12.0,11.0,4.3
경북,성주,참외,1,18,2023-07-18,4,,9.5,8.0,3.6
경북,성주,참외,1,18,2023-07-24,1,,10.0,9.0,4.9
경북,성주,참외,1,18,2023-07-24,2,,10.0,10.0,3.8
경북,성주,참외,1,18,2023-07-24,3,,10.5,9.5,3.8
경북,성주,참외,1,18,2023-07-24,4,,10.0,9.0,3.9
경북,성주,참외,1,18,2023-07-31,1,,10.0,9.0,4.2
경북,성주,참외,1,18,2023-07-31,2,,13.0,11.0,3.5
경북,성주,참외,1,18,2023-07-31,3,,10.5,9.5,3.8
경북,성주,참외,1,18,2023-07-31,4,,10.0,9.0,4.8
경북,성주,참외,1,19,2023-01-09,1,,11.5,12.5,4.3
경북,성주,참외,1,19,2023-01-09,2,,11.0,10.0,3.9
경북,성주,참외,1,19,2023-01-09,3,,12.0,12.0,3.9
경북,성주,참외,1,19,2023-01-09,4,,12.3,12.7,3.9
경북,성주,참외,1,19,2023-01-17,1,,10.0,10.5,4.1
경북,성주,참외,1,19,2023-01-17,2,,10.2,10.4,3.8
경북,성주,참외,1,19,2023-01-17,3,,11.5,11.0,3.6
경북,성주,참외,1,19,2023-01-17,4,,11.0,12.0,4.2
경북,성주,참외,1,19,2023-01-25,1,,11.8,14.0,3.6
경북,성주,참외,1,19,2023-01-25,2,,12.4,12.0,4.6
경북,성주,참외,1,19,2023-01-25,3,,13.0,13.5,4.2
경북,성주,참외,1,19,2023-01-25,4,,11.8,11.3,4.0
경북,성주,참외,1,19,2023-01-30,1,,15.0,13.0,5.2
경북,성주,참외,1,19,2023-01-30,2,,13.0,12.5,5.0
경북,성주,참외,1,19,2023-01-30,3,,16.5,13.0,4.5
경북,성주,참외,1,19,2023-01-30,4,,14.0,13.0,4.4
경북,성주,참외,1,19,2023-02-06,1,,17.0,18.0,4.8
경북,성주,참외,1,19,2023-02-06,2,,14.0,16.0,6.1
경북,성주,참외,1,19,2023-02-06,3,,15.5,15.0,6.2
경북,성주,참외,1,19,2023-02-06,4,,15.0,17.0,6.2
경북,성주,참외,1,19,2023-02-13,1,,16.0,17.5,6.0
경북,성주,참외,1,19,2023-02-13,2,,16.0,17.5,6.9
경북,성주,참외,1,19,2023-02-13,3,,15.0,14.0,6.5
경북,성주,참외,1,19,2023-02-13,4,,14.5,16.5,7.8
경북,성주,참외,1,19,2023-02-20,1,,18.0,18.0,6.2
경북,성주,참외,1,19,2023-02-20,2,,15.0,17.0,5.7
경북,성주,참외,1,19,2023-02-20,3,,17.0,16.5,6.0
경북,성주,참외,1,19,2023-02-20,4,,15.0,16.0,6.2
경북,성주,참외,1,19,2023-02-27,1,,10.0,11.0,6.2
경북,성주,참외,1,19,2023-02-27,2,,11.0,11.0,6.1
경북,성주,참외,1,19,2023-02-27,3,,15.0,16.0,5.9
경북,성주,참외,1,19,2023-02-27,4,,17.0,17.5,5.6
경북,성주,참외,1,19,2023-03-06,1,,12.0,12.0,9.6
경북,성주,참외,1,19,2023-03-06,2,,12.0,11.5,7.9
경북,성주,참외,1,19,2023-03-06,3,,14.0,12.0,6.3
경북,성주,참외,1,19,2023-03-06,4,,13.0,11.0,6.8
경북,성주,참외,1,19,2023-03-13,1,,13.0,13.0,8.0
경북,성주,참외,1,19,2023-03-13,2,,12.0,11.0,6.3
경북,성주,참외,1,19,2023-03-13,3,,14.0,12.0,5.9
경북,성주,참외,1,19,2023-03-13,4,,12.0,12.0,6.4
경북,성주,참외,1,19,2023-03-20,1,,13.0,13.0,7.1
경북,성주,참외,1,19,2023-03-20,2,,12.0,12.0,5.3
경북,성주,참외,1,19,2023-03-20,3,,10.0,9.0,7.1
경북,성주,참외,1,19,2023-03-20,4,,12.0,11.5,6.0
경북,성주,참외,1,19,2023-03-27,1,,13.0,13.0,6.9
경북,성주,참외,1,19,2023-03-27,2,,12.0,12.0,6.4
경북,성주,참외,1,19,2023-03-27,3,,10.0,8.0,6.1
경북,성주,참외,1,19,2023-03-27,4,,12.0,11.0,6.2
경북,성주,참외,1,19,2023-04-03,1,,12.0,11.0,6.3
경북,성주,참외,1,19,2023-04-03,2,,12.0,12.0,5.9
경북,성주,참외,1,19,2023-04-03,3,,12.0,11.0,6.9
경북,성주,참외,1,19,2023-04-03,4,,10.0,10.0,6.1
경북,성주,참외,1,19,2023-04-10,1,,10.0,9.0,7.1
경북,성주,참외,1,19,2023-04-10,2,,11.0,11.0,5.6
경북,성주,참외,1,19,2023-04-10,3,,10.5,9.0,5.8
경북,성주,참외,1,19,2023-04-10,4,,8.5,8.5,6.9
경북,성주,참외,1,19,2023-04-17,1,,9.0,8.0,4.5
경북,성주,참외,1,19,2023-04-17,2,,10.0,10.0,5.1
경북,성주,참외,1,19,2023-04-17,3,,9.0,9.0,5.9
경북,성주,참외,1,19,2023-04-17,4,,10.0,10.0,4.9
경북,성주,참외,1,19,2023-04-24,1,,10.0,10.0,5.8
경북,성주,참외,1,19,2023-04-24,2,,10.5,10.0,5.1
경북,성주,참외,1,19,2023-04-24,3,,11.0,10.5,5.7
경북,성주,참외,1,19,2023-04-24,4,,11.5,10.5,5.5
경북,성주,참외,1,19,2023-05-02,1,,10.0,10.0,6.8
경북,성주,참외,1,19,2023-05-02,2,,10.0,10.0,5.4
경북,성주,참외,1,19,2023-05-02,3,,8.0,8.5,5.5
경북,성주,참외,1,19,2023-05-02,4,,11.0,11.0,5.3
경북,성주,참외,1,19,2023-05-08,1,,10.0,10.0,4.4
경북,성주,참외,1,19,2023-05-08,2,,9.0,9.5,5.0
경북,성주,참외,1,19,2023-05-08,3,,8.5,9.0,5.0
경북,성주,참외,1,19,2023-05-08,4,,9.0,10.0,5.1
경북,성주,참외,1,19,2023-05-15,1,,9.0,10.0,4.1
경북,성주,참외,1,19,2023-05-15,2,,8.5,9.0,4.3
경북,성주,참외,1,19,2023-05-15,3,,8.0,9.0,4.4
경북,성주,참외,1,19,2023-05-15,4,,8.0,9.0,4.5
경북,성주,참외,1,19,2023-05-22,1,,7.5,9.0,3.7
경북,성주,참외,1,19,2023-05-22,2,,8.0,8.5,3.4
경북,성주,참외,1,19,2023-05-22,3,,8.0,9.0,4.3
경북,성주,참외,1,19,2023-05-22,4,,6.5,8.5,4.3
경북,성주,참외,1,19,2023-05-30,1,,8.0,9.0,5.3
경북,성주,참외,1,19,2023-05-30,2,,8.0,8.0,4.9
경북,성주,참외,1,19,2023-05-30,3,,8.0,8.5,4.5
경북,성주,참외,1,19,2023-05-30,4,,8.0,9.0,4.6
경북,성주,참외,1,19,2023-06-05,1,,7.5,8.0,4.0
경북,성주,참외,1,19,2023-06-05,2,,9.5,9.5,3.1
경북,성주,참외,1,19,2023-06-05,3,,7.5,8.0,3.6
경북,성주,참외,1,19,2023-06-05,4,,10.0,9.0,4.5
경북,성주,참외,1,19,2023-06-12,1,,8.0,9.0,4.3
경북,성주,참외,1,19,2023-06-12,2,,10.0,9.5,3.8
경북,성주,참외,1,19,2023-06-12,3,,8.5,9.0,4.2
경북,성주,참외,1,19,2023-06-12,4,,8.0,8.5,4.9
경북,성주,참외,1,19,2023-06-19,1,,10.0,10.0,4.9
경북,성주,참외,1,19,2023-06-19,2,,9.0,8.5,3.7
경북,성주,참외,1,19,2023-06-19,3,,11.0,10.5,2.7
경북,성주,참외,1,19,2023-06-19,4,,8.0,9.0,3.4
경북,성주,참외,1,19,2023-06-26,1,,9.0,9.5,4.1
경북,성주,참외,1,19,2023-06-26,2,,9.0,9.0,4.3
경북,성주,참외,1,19,2023-06-26,3,,8.0,9.0,3.6
경북,성주,참외,1,19,2023-06-26,4,,8.0,8.5,3.6
경북,성주,참외,1,20,2023-01-05,1,,18.5,17.0,5.5
경북,성주,참외,1,20,2023-01-05,2,,16.5,16.0,4.0
경북,성주,참외,1,20,2023-01-05,3,,16.5,15.0,6.4
경북,성주,참외,1,20,2023-01-05,4,,16.0,15.0,5.0
경북,성주,참외,1,20,2023-01-10,1,,15.0,13.5,6.4
경북,성주,참외,1,20,2023-01-10,2,,17.0,16.0,5.9
경북,성주,참외,1,20,2023-01-10,3,,15.2,14.0,6.6
경북,성주,참외,1,20,2023-01-10,4,,17.5,18.0,7.0
경북,성주,참외,1,20,2023-01-20,1,,16.5,15.5,6.2
경북,성주,참외,1,20,2023-01-20,2,,21.5,19.3,6.1
경북,성주,참외,1,20,2023-01-20,3,,18.0,17.0,5.5
경북,성주,참외,1,20,2023-01-20,4,,16.0,15.0,7.7
경북,성주,참외,1,20,2023-01-25,1,,15.5,15.0,6.1
경북,성주,참외,1,20,2023-01-25,2,,16.5,17.0,6.6
경북,성주,참외,1,20,2023-01-25,3,,17.0,15.0,5.5
경북,성주,참외,1,20,2023-01-25,4,,16.0,15.0,5.6
경북,성주,참외,1,20,2023-01-30,1,,14.0,13.0,6.0
경북,성주,참외,1,20,2023-01-30,2,,14.0,16.5,5.3
경북,성주,참외,1,20,2023-01-30,3,,14.5,17.5,5.0
경북,성주,참외,1,20,2023-01-30,4,,16.0,17.0,4.5
경북,성주,참외,1,20,2023-02-06,1,,15.5,17.0,5.4
경북,성주,참외,1,20,2023-02-06,2,,16.0,16.0,5.3
경북,성주,참외,1,20,2023-02-06,3,,13.0,15.0,4.7
경북,성주,참외,1,20,2023-02-06,4,,15.0,17.5,5.1
경북,성주,참외,1,20,2023-02-13,1,,15.0,15.5,5.4
경북,성주,참외,1,20,2023-02-13,2,,15.0,17.0,7.8
경북,성주,참외,1,20,2023-02-13,3,,14.0,13.0,6.5
경북,성주,참외,1,20,2023-02-13,4,,14.0,16.0,6.6
경북,성주,참외,1,20,2023-02-20,1,,14.0,12.0,7.7
경북,성주,참외,1,20,2023-02-20,2,,16.0,16.0,5.4
경북,성주,참외,1,20,2023-02-20,3,,13.0,12.0,6.8
경북,성주,참외,1,20,2023-02-20,4,,15.0,16.0,4.3
경북,성주,참외,1,20,2023-02-27,1,,15.7,15.0,5.8
경북,성주,참외,1,20,2023-02-27,2,,10.5,10.0,6.5
경북,성주,참외,1,20,2023-02-27,3,,12.0,12.0,5.3
경북,성주,참외,1,20,2023-02-27,4,,12.0,11.0,6.3
경북,성주,참외,1,20,2023-03-06,1,,10.0,10.0,5.3
경북,성주,참외,1,20,2023-03-06,2,,12.0,11.0,6.4
경북,성주,참외,1,20,2023-03-06,3,,10.0,10.0,7.9
경북,성주,참외,1,20,2023-03-06,4,,10.0,10.0,6.1
경북,성주,참외,1,20,2023-03-13,1,,10.0,10.0,5.6
경북,성주,참외,1,20,2023-03-13,2,,10.0,9.0,6.3
경북,성주,참외,1,20,2023-03-13,3,,11.0,11.0,6.4
경북,성주,참외,1,20,2023-03-13,4,,12.0,15.0,6.6
경북,성주,참외,1,20,2023-03-20,1,,11.5,11.0,5.5
경북,성주,참외,1,20,2023-03-20,2,,11.0,11.0,5.4
경북,성주,참외,1,20,2023-03-20,3,,13.0,12.0,6.5
경북,성주,참외,1,20,2023-03-20,4,,11.0,11.0,7.9
경북,성주,참외,1,20,2023-03-27,1,,10.0,12.0,6.7
경북,성주,참외,1,20,2023-03-27,2,,10.0,11.0,4.8
경북,성주,참외,1,20,2023-03-27,3,,10.0,9.0,5.3
경북,성주,참외,1,20,2023-03-27,4,,10.0,11.0,5.2
경북,성주,참외,1,20,2023-04-03,1,,11.0,12.0,6.6
경북,성주,참외,1,20,2023-04-03,2,,13.0,11.5,4.1
경북,성주,참외,1,20,2023-04-03,3,,11.0,11.0,4.5
경북,성주,참외,1,20,2023-04-03,4,,11.0,12.0,6.8
경북,성주,참외,1,20,2023-04-10,1,,10.0,10.0,6.8
경북,성주,참외,1,20,2023-04-10,2,,13.0,12.0,5.6
경북,성주,참외,1,20,2023-04-10,3,,10.0,10.0,6.6
경북,성주,참외,1,20,2023-04-10,4,,11.0,12.0,4.7
경북,성주,참외,1,20,2023-04-17,1,,10.0,9.0,5.5
경북,성주,참외,1,20,2023-04-17,2,,9.0,9.0,6.0
경북,성주,참외,1,20,2023-04-17,3,,10.0,10.0,4.7
경북,성주,참외,1,20,2023-04-17,4,,10.5,10.0,5.0
경북,성주,참외,1,20,2023-04-24,1,,10.5,10.0,5.5
경북,성주,참외,1,20,2023-04-24,2,,12.0,12.0,5.6
경북,성주,참외,1,20,2023-04-24,3,,12.0,10.0,4.7
경북,성주,참외,1,20,2023-04-24,4,,12.0,10.0,5.5
경북,성주,참외,1,20,2023-05-02,1,,9.0,8.5,5.1
경북,성주,참외,1,20,2023-05-02,2,,10.0,10.0,5.3
경북,성주,참외,1,20,2023-05-02,3,,9.0,9.0,4.6
경북,성주,참외,1,20,2023-05-02,4,,10.0,10.0,6.8
경북,성주,참외,1,20,2023-05-08,1,,9.0,9.0,5.3
경북,성주,참외,1,20,2023-05-08,2,,10.0,8.0,4.7
경북,성주,참외,1,20,2023-05-08,3,,8.5,8.5,4.3
경북,성주,참외,1,20,2023-05-08,4,,10.0,10.0,5.5
경북,성주,참외,1,20,2023-05-15,1,,7.0,8.0,5.7
경북,성주,참외,1,20,2023-05-15,2,,5.0,7.5,4.3
경북,성주,참외,1,20,2023-05-15,3,,8.0,8.0,5.9
경북,성주,참외,1,20,2023-05-15,4,,8.0,8.0,5.4
경북,성주,참외,1,20,2023-05-22,1,,7.0,8.5,4.8
경북,성주,참외,1,20,2023-05-22,2,,7.5,8.0,3.6
경북,성주,참외,1,20,2023-05-22,3,,9.0,10.0,3.6
경북,성주,참외,1,20,2023-05-22,4,,7.0,9.0,3.9
경북,성주,참외,1,20,2023-05-30,1,,8.5,9.0,4.7
경북,성주,참외,1,20,2023-05-30,2,,10.0,10.5,3.1
경북,성주,참외,1,20,2023-05-30,3,,8.5,9.0,4.5
경북,성주,참외,1,20,2023-05-30,4,,8.0,10.5,4.6
경북,성주,참외,1,20,2023-06-05,1,,8.0,11.0,4.4
경북,성주,참외,1,20,2023-06-05,2,,9.0,10.5,4.1
경북,성주,참외,1,20,2023-06-05,3,,8.0,10.0,3.2
경북,성주,참외,1,20,2023-06-05,4,,9.5,9.5,4.1
경북,성주,참외,1,20,2023-06-12,1,,8.5,9.0,4.1
경북,성주,참외,1,20,2023-06-12,2,,7.5,9.0,4.2
경북,성주,참외,1,20,2023-06-12,3,,10.0,11.0,3.7
경북,성주,참외,1,20,2023-06-12,4,,10.0,10.0,4.8
경북,성주,참외,1,20,2023-06-19,1,,9.0,10.5,3.8
경북,성주,참외,1,20,2023-06-19,2,,10.0,10.5,3.6
경북,성주,참외,1,20,2023-06-19,3,,9.0,10.0,3.7
경북,성주,참외,1,20,2023-06-19,4,,9.0,10.0,4.0
경북,성주,참외,1,20,2023-06-26,1,,9.0,10.5,5.1
경북,성주,참외,1,20,2023-06-26,2,,9.0,9.5,4.8
경북,성주,참외,1,20,2023-06-26,3,,9.0,10.0,4.4
경북,성주,참외,1,20,2023-06-26,4,,9.0,9.0,4.4
경북,성주,참외,1,20,2023-07-04,1,,10.0,11.0,3.7
경북,성주,참외,1,20,2023-07-04,2,,10.0,9.5,3.7
경북,성주,참외,1,20,2023-07-04,3,,8.5,9.0,4.2
경북,성주,참외,1,20,2023-07-04,4,,8.5,8.5,4.0
경북,성주,참외,1,20,2023-07-11,1,,9.0,10.0,5.2
경북,성주,참외,1,20,2023-07-11,2,,10.0,9.0,5.0
경북,성주,참외,1,20,2023-07-11,3,,8.0,9.0,4.7
경북,성주,참외,1,20,2023-07-11,4,,9.0,9.0,3.7
경북,성주,참외,1,20,2023-07-17,1,,9.0,9.0,4.2
경북,성주,참외,1,20,2023-07-17,2,,9.0,9.0,4.9
경북,성주,참외,1,20,2023-07-17,3,,8.0,8.0,4.7
경북,성주,참외,1,20,2023-07-17,4,,9.0,9.0,3.9
경북,성주,참외,1,21,2023-01-06,1,,8.5,8.5,3.4
경북,성주,참외,1,21,2023-01-06,2,,9.0,9.0,3.8
경북,성주,참외,1,21,2023-01-06,3,,9.0,8.5,3.6
경북,성주,참외,1,21,2023-01-06,4,,9.5,8.5,3.3
경북,성주,참외,1,21,2023-01-11,1,,10.0,9.6,4.1
경북,성주,참외,1,21,2023-01-11,2,,10.0,9.3,3.9
경북,성주,참외,1,21,2023-01-11,3,,11.5,10.2,4.2
경북,성주,참외,1,21,2023-01-11,4,,11.0,9.7,4.0
경북,성주,참외,1,21,2023-01-17,1,,10.5,9.0,3.7
경북,성주,참외,1,21,2023-01-17,2,,12.0,9.0,4.1
경북,성주,참외,1,21,2023-01-17,3,,12.0,10.0,3.4
경북,성주,참외,1,21,2023-01-17,4,,12.5,11.5,3.7
경북,성주,참외,1,21,2023-01-25,1,,11.0,9.3,4.1
경북,성주,참외,1,21,2023-01-25,2,,10.8,11.5,3.4
경북,성주,참외,1,21,2023-01-25,3,,12.0,12.0,3.7
경북,성주,참외,1,21,2023-01-25,4,,11.5,10.0,3.5
경북,성주,참외,1,21,2023-01-30,1,,11.0,10.0,3.8
경북,성주,참외,1,21,2023-01-30,2,,11.5,10.0,4.0
경북,성주,참외,1,21,2023-01-30,3,,12.0,11.0,4.2
경북,성주,참외,1,21,2023-01-30,4,,12.0,11.0,4.5
경북,성주,참외,1,21,2023-02-06,1,,10.0,9.0,3.5
경북,성주,참외,1,21,2023-02-06,2,,10.0,10.0,4.1
경북,성주,참외,1,21,2023-02-06,3,,10.5,9.0,4.6
경북,성주,참외,1,21,2023-02-06,4,,10.0,8.0,4.3
경북,성주,참외,1,21,2023-02-13,1,,11.0,9.5,3.9
경북,성주,참외,1,21,2023-02-13,2,,11.0,9.0,4.1
경북,성주,참외,1,21,2023-02-13,3,,10.5,10.0,4.5
경북,성주,참외,1,21,2023-02-13,4,,11.5,9.0,3.2
경북,성주,참외,1,21,2023-02-21,1,,12.0,10.5,4.7
경북,성주,참외,1,21,2023-02-21,2,,11.7,11.0,4.6
경북,성주,참외,1,21,2023-02-21,3,,11.0,10.5,4.3
경북,성주,참외,1,21,2023-02-21,4,,11.5,10.5,4.3
경북,성주,참외,1,21,2023-02-27,1,,12.0,9.5,4.6
경북,성주,참외,1,21,2023-02-27,2,,11.5,9.5,4.4
경북,성주,참외,1,21,2023-02-27,3,,12.0,9.5,4.7
경북,성주,참외,1,21,2023-02-27,4,,12.0,10.5,4.4
경북,성주,참외,1,21,2023-03-06,1,,12.5,10.5,3.3
경북,성주,참외,1,21,2023-03-06,2,,12.5,11.0,5.6
경북,성주,참외,1,21,2023-03-06,3,,12.5,11.5,4.5
경북,성주,참외,1,21,2023-03-06,4,,12.0,9.0,4.1
경북,성주,참외,1,21,2023-03-13,1,,12.0,10.5,3.3
경북,성주,참외,1,21,2023-03-13,2,,12.0,10.0,4.2
경북,성주,참외,1,21,2023-03-13,3,,12.0,10.0,4.4
경북,성주,참외,1,21,2023-03-13,4,,11.5,10.0,4.0
경북,성주,참외,1,21,2023-03-20,1,,11.5,9.0,3.0
경북,성주,참외,1,21,2023-03-20,2,,12.0,10.0,3.6
경북,성주,참외,1,21,2023-03-20,3,,11.8,10.0,3.8
경북,성주,참외,1,21,2023-03-20,4,,12.5,10.0,3.7
경북,성주,참외,1,21,2023-03-27,1,,12.5,12.0,3.7
경북,성주,참외,1,21,2023-03-27,2,,10.0,9.0,4.6
경북,성주,참외,1,21,2023-03-27,3,,11.7,10.5,4.0
경북,성주,참외,1,21,2023-03-27,4,,12.0,10.7,4.9
경북,성주,참외,1,21,2023-04-03,1,,11.5,9.5,3.8
경북,성주,참외,1,21,2023-04-03,2,,12.0,10.5,3.4
경북,성주,참외,1,21,2023-04-03,3,,11.5,11.0,4.5
경북,성주,참외,1,21,2023-04-03,4,,11.0,9.0,3.8
경북,성주,참외,1,21,2023-04-10,1,,13.0,10.5,3.4
경북,성주,참외,1,21,2023-04-10,2,,12.0,11.0,3.1
경북,성주,참외,1,21,2023-04-10,3,,10.0,9.5,4.0
경북,성주,참외,1,21,2023-04-10,4,,12.0,11.5,4.1
경북,성주,참외,1,21,2023-04-17,1,,11.0,9.0,3.7
경북,성주,참외,1,21,2023-04-17,2,,10.0,9.0,3.3
경북,성주,참외,1,21,2023-04-17,3,,11.0,9.0,3.1
경북,성주,참외,1,21,2023-04-17,4,,11.0,10.0,4.1
경북,성주,참외,1,21,2023-04-24,1,,12.0,9.5,4.1
경북,성주,참외,1,21,2023-04-24,2,,12.0,11.0,3.7
경북,성주,참외,1,21,2023-04-24,3,,11.0,10.5,3.3
경북,성주,참외,1,21,2023-04-24,4,,11.0,10.0,3.9
경북,성주,참외,1,21,2023-05-02,1,,10.0,9.0,3.3
경북,성주,참외,1,21,2023-05-02,2,,10.0,9.0,3.3
경북,성주,참외,1,21,2023-05-02,3,,11.0,9.5,3.6
경북,성주,참외,1,21,2023-05-02,4,,10.0,8.0,3.9
경북,성주,참외,1,21,2023-05-08,1,,10.0,9.0,3.4
경북,성주,참외,1,21,2023-05-08,2,,11.0,10.5,3.5
경북,성주,참외,1,21,2023-05-08,3,,10.0,9.5,3.8
경북,성주,참외,1,21,2023-05-08,4,,9.0,9.0,3.2
경북,성주,참외,1,21,2023-05-15,1,,9.0,8.5,4.8
경북,성주,참외,1,21,2023-05-15,2,,9.0,8.0,3.5
경북,성주,참외,1,21,2023-05-15,3,,7.5,8.0,3.4
경북,성주,참외,1,21,2023-05-15,4,,9.5,8.0,3.7
경북,성주,참외,1,21,2023-05-22,1,,8.0,7.0,3.0
경북,성주,참외,1,21,2023-05-22,2,,8.0,7.5,3.5
경북,성주,참외,1,21,2023-05-22,3,,9.0,8.0,4.0
경북,성주,참외,1,21,2023-05-22,4,,9.0,7.5,3.9
경북,성주,참외,1,21,2023-05-30,1,,8.0,9.0,3.3
경북,성주,참외,1,21,2023-05-30,2,,8.0,7.5,3.2
경북,성주,참외,1,21,2023-05-30,3,,6.0,7.5,3.9
경북,성주,참외,1,21,2023-05-30,4,,8.0,8.0,3.8
경북,성주,참외,1,21,2023-06-05,1,,9.5,8.5,3.1
경북,성주,참외,1,21,2023-06-05,2,,9.0,8.0,3.8
경북,성주,참외,1,21,2023-06-05,3,,8.0,7.5,3.7
경북,성주,참외,1,21,2023-06-05,4,,10.0,9.0,3.4
경북,성주,참외,1,21,2023-06-12,1,,8.0,9.0,3.9
경북,성주,참외,1,21,2023-06-12,2,,10.5,9.0,3.4
경북,성주,참외,1,21,2023-06-12,3,,9.0,8.0,3.3
경북,성주,참외,1,21,2023-06-12,4,,10.0,9.5,3.9
경북,성주,참외,1,21,2023-06-19,1,,8.0,7.0,3.6
경북,성주,참외,1,21,2023-06-19,2,,8.0,8.0,3.8
경북,성주,참외,1,21,2023-06-19,3,,9.0,8.0,3.4
경북,성주,참외,1,21,2023-06-19,4,,10.0,9.0,3.0
경북,성주,참외,1,21,2023-06-26,1,,10.0,8.0,3.8
경북,성주,참외,1,21,2023-06-26,2,,10.0,9.0,3.5
경북,성주,참외,1,21,2023-06-26,3,,9.0,7.5,3.5
경북,성주,참외,1,21,2023-06-26,4,,10.0,8.5,3.7
경북,성주,참외,1,21,2023-07-03,1,,7.0,8.0,4.3
경북,성주,참외,1,21,2023-07-03,2,,7.5,8.0,4.3
경북,성주,참외,1,21,2023-07-03,3,,8.0,8.5,4.2
경북,성주,참외,1,21,2023-07-03,4,,8.0,9.0,4.5
경북,성주,참외,1,21,2023-07-10,1,,7.0,7.0,3.4
경북,성주,참외,1,21,2023-07-10,2,,7.0,7.5,4.1
경북,성주,참외,1,21,2023-07-10,3,,7.0,7.5,4.8
경북,성주,참외,1,21,2023-07-10,4,,7.0,8.0,4.2
경북,성주,참외,1,21,2023-07-17,1,,7.5,7.5,4.6
경북,성주,참외,1,21,2023-07-17,2,,7.5,7.5,3.8
경북,성주,참외,1,21,2023-07-17,3,,7.5,8.0,3.6
경북,성주,참외,1,21,2023-07-17,4,,8.0,8.0,4.4
