조사월,기온_C,야간기온_C,DIF,EC_dS_m,일사량_Wm2,slr_wma,관수량,경과일,GDD정규화,GDD정규화_sq,적산온도,누적일사량,CU_norm,연간CU,NDVI,ET0_mm,종형_T,종형_EC,줄기굵기_실측,엽장_실측,런너번호,꽃수,관부직경_mm,과실수대리,과당무게대리_g,수확량_kg_10a,당도_Brix,특품율
11,9.9,-3.0,12.9,1.08,386.6,383.6,0.5,41.0,0.3442,0.1185,20.4,1596.8,0.4844,688.0,0.4435,0.5,124.19,0.0006,4.31,9.0,3.0,14.535416862566796,7.42,10.69,19.7,795.0,5.04,0.376
11,7.6,-3.6,11.2,1.38,325.2,326.5,1.4,44.0,0.3631,0.1319,16.6,1417.3,0.5908,773.0,0.3587,0.5,179.52,0.0794,4.8,11.5,4.0,11.45920450294864,8.26,7.87,16.7,795.0,7.59,0.489
2,6.1,-6.3,12.4,1.87,458.6,453.5,2.9,31.0,0.2617,0.0685,9.6,1439.9,0.3524,582.0,0.269,0.5,221.51,0.5873,6.62,10.5,3.0,11.615637709530647,11.39,8.39,18.4,795.0,7.56,0.435
11,7.8,-5.8,13.6,0.85,399.7,399.0,0.6,56.0,0.4642,0.2155,21.7,2226.5,0.4585,667.0,0.56,0.5,174.9,0.0615,4.95,9.6,1.0,18.74017231651364,8.52,15.02,21.0,795.0,8.29,0.445
1,1.7,-9.1,10.8,1.44,178.6,198.2,3.9,31.0,0.2616,0.0685,2.6,560.9,0.4812,685.0,0.3148,0.5,373.28,0.1169,4.9,13.1,2.0,14.155504635268727,8.43,11.0,14.0,795.0,9.13,0.425
3,5.3,-7.8,13.0,1.23,453.5,473.3,2.8,25.0,0.2115,0.0447,6.7,1151.1,0.7522,902.0,0.3836,0.5,247.78,0.0175,3.32,9.0,2.0,17.440151902289834,5.71,13.68,20.4,795.0,7.34,0.451
1,-1.9,-13.9,12.1,1.49,213.5,214.8,3.2,35.0,0.2919,0.0852,-3.3,747.6,0.5026,702.0,0.276,0.5,522.87,0.152,5.94,16.0,2.0,12.045504394335767,10.22,9.44,15.4,795.0,9.0,0.497
4,17.3,4.4,12.9,1.17,577.3,597.6,2.2,44.0,0.9088,0.8259,38.3,2555.8,0.5897,772.0,0.7294,0.5,13.56,0.0049,6.89,13.0,2.0,15.436956875906555,11.86,12.05,22.3,3411.1,11.04,0.574
1,-0.7,-10.2,9.4,0.52,354.2,357.5,1.0,47.0,0.3908,0.1527,-1.8,1661.0,0.6725,838.0,0.5076,0.5,472.93,0.3343,4.9,10.0,1.0,17.819683000495,8.43,14.5,17.9,795.0,6.77,0.465
1,0.4,-11.3,11.7,0.77,367.4,366.8,3.7,38.0,0.3206,0.1028,0.8,1413.4,0.6611,829.0,0.503,0.5,423.82,0.1079,4.33,13.5,1.0,22.31605536521389,7.45,17.87,19.2,795.0,9.03,0.354
1,-0.7,-11.4,10.7,1.27,280.5,284.5,3.7,14.0,0.1184,0.014,-0.5,398.4,0.5007,701.0,0.2778,0.5,472.57,0.0289,5.5,10.5,2.0,9.643160592840939,9.46,7.63,15.9,795.0,5.13,0.388
12,1.2,-9.4,10.6,1.2,206.8,210.5,2.9,37.0,0.3101,0.0961,2.1,769.3,0.7823,926.0,0.4923,0.5,393.96,0.0107,5.22,16.0,3.0,19.483470369535304,8.98,14.64,14.9,795.0,7.94,0.447
11,7.6,-6.2,13.8,1.11,365.6,361.1,0.2,47.0,0.3946,0.1557,18.1,1731.1,0.7707,917.0,0.4306,0.5,178.5,0.0002,5.4,9.3,4.0,18.744852006003477,9.29,13.48,20.1,795.0,6.0,0.47
11,5.9,-7.5,13.4,1.81,323.7,321.6,0.9,20.0,0.1681,0.0283,6.0,652.9,0.5609,749.0,0.3146,0.5,227.68,0.5106,5.37,15.0,2.0,13.443961435280034,9.24,10.53,17.4,795.0,5.96,0.264
3,6.1,-2.1,8.2,0.93,590.8,583.6,0.9,53.0,0.4393,0.193,16.2,3114.6,0.9954,1096.0,0.6054,0.5,221.0,0.0275,6.04,16.4,1.0,12.84803831486171,10.39,11.03,19.4,795.0,8.47,0.405
2,-0.9,-10.5,9.6,0.99,421.0,426.4,3.7,59.0,0.4934,0.2435,-2.7,2492.6,0.6732,839.0,0.6535,0.5,479.94,0.012,4.15,15.0,3.0,11.998282068133857,7.14,8.94,17.8,795.0,10.05,0.575
3,4.8,-3.8,8.6,1.48,431.0,420.4,1.2,47.0,0.3889,0.1513,11.2,2011.6,0.7555,904.0,0.4615,0.5,262.48,0.145,3.0,10.5,3.0,19.12043959075708,5.16,14.34,16.0,795.0,8.91,0.505
1,-1.2,-10.4,9.2,0.6,285.7,288.9,3.5,49.0,0.4097,0.1679,-2.9,1404.6,0.7934,935.0,0.4154,0.5,492.13,0.2469,3.5,13.0,2.0,13.467389111284296,6.02,10.74,16.4,795.0,7.69,0.423
11,9.8,-2.1,11.9,0.56,366.3,381.2,2.3,17.0,0.1424,0.0203,8.4,625.8,0.3315,565.0,0.2053,0.5,125.85,0.2947,3.33,15.1,3.0,19.02109364830641,5.73,13.93,19.9,795.0,6.09,0.453
2,0.7,-9.6,10.3,1.7,247.0,240.5,2.4,25.0,0.2053,0.0421,0.9,608.4,0.1949,456.0,0.2924,0.5,410.69,0.3551,6.54,10.0,4.0,25.0,11.25,17.71,14.0,795.0,6.65,0.352
12,2.1,-10.6,12.6,0.67,152.3,165.0,3.3,40.0,0.3312,0.1097,4.1,605.2,0.6469,818.0,0.4964,0.5,359.07,0.183,5.42,11.0,3.0,9.024303641954468,9.33,6.69,17.0,795.0,8.68,0.407
4,11.1,0.0,11.1,0.94,501.9,500.9,3.0,50.0,0.5077,0.2577,27.6,2492.8,0.6972,858.0,0.4539,0.5,97.35,0.0269,3.1,8.0,1.0,15.463784888119955,5.33,12.76,20.4,1038.4,9.82,0.465
1,-4.4,-14.7,10.3,1.38,266.4,258.2,3.4,25.0,0.2113,0.0447,-5.6,675.4,0.5701,756.0,0.4701,0.5,646.58,0.0798,5.52,10.0,3.0,16.815206676807136,9.5,12.47,15.1,795.0,7.75,0.497
2,6.1,-3.8,9.9,0.93,314.2,299.4,3.8,47.0,0.3952,0.1562,14.5,1490.3,0.7658,913.0,0.4311,0.5,221.16,0.0302,5.8,11.0,2.0,14.85580348089303,9.98,11.75,16.6,795.0,9.5,0.389
3,3.7,-5.0,8.7,1.18,389.0,368.7,1.9,28.0,0.2312,0.0535,5.1,1079.2,0.5944,776.0,0.5475,0.5,299.32,0.0059,4.66,10.0,2.0,14.085269795681535,8.02,11.04,16.2,795.0,9.17,0.408
3,7.3,-0.7,8.0,0.76,396.7,405.6,1.0,27.0,0.2263,0.0512,9.9,1077.2,0.7919,934.0,0.4376,0.5,187.64,0.1139,4.85,14.3,3.0,13.932293648311695,8.35,10.48,16.7,795.0,8.04,0.395
12,6.0,-5.1,11.1,0.95,261.9,264.1,2.6,17.0,0.142,0.0202,5.1,446.3,0.5944,775.0,0.2965,0.5,224.15,0.0222,4.57,11.8,3.0,18.819273986502296,7.86,13.99,16.7,795.0,5.96,0.426
4,18.1,9.1,9.1,0.3,541.2,545.9,0.5,43.0,0.9353,0.8748,38.7,2313.8,0.4885,691.0,0.7619,0.5,8.26,0.64,6.7,8.6,3.0,9.724994043720422,11.53,7.08,20.9,2005.4,10.64,0.483
4,14.8,3.4,11.3,1.65,523.6,516.2,3.6,38.0,0.615,0.3782,27.9,1980.6,0.6594,827.0,0.645,0.5,39.0,0.3064,4.68,9.5,1.0,15.17070911554872,8.05,12.51,19.1,1819.9,9.58,0.448
2,3.6,-10.3,13.8,1.17,489.8,489.8,0.1,13.0,0.1075,0.0116,2.3,631.7,0.5691,755.0,0.3589,0.5,304.23,0.0044,3.7,12.5,1.0,14.650278402709946,6.37,12.04,21.8,795.0,5.43,0.336
3,4.7,-7.3,11.9,1.56,374.8,373.0,2.7,55.0,0.4578,0.2096,12.8,2059.1,0.5297,724.0,0.5277,0.5,266.87,0.2154,10.52,10.5,2.0,13.196250075946278,18.1,10.32,17.6,795.0,8.99,0.494
3,6.4,-2.9,9.3,0.85,419.9,430.8,1.7,21.0,0.179,0.032,6.8,901.8,0.6929,854.0,0.3336,0.5,213.88,0.0642,5.7,12.5,1.0,12.27009272801289,9.81,10.36,17.9,795.0,5.69,0.393
2,2.6,-10.2,12.8,0.98,360.9,362.9,2.5,47.0,0.3915,0.1533,6.1,1695.4,0.8882,1011.0,0.5866,0.5,339.42,0.0147,3.69,14.5,3.0,13.321773381524189,6.35,10.1,19.5,795.0,7.38,0.443
2,3.9,-9.1,12.9,1.45,230.6,216.7,3.0,15.0,0.122,0.0149,2.8,337.6,0.5297,724.0,0.3322,0.5,292.7,0.1213,6.6,12.8,2.0,11.323973027893935,11.36,8.92,16.5,795.0,5.89,0.355
2,5.1,-5.0,10.1,1.05,322.5,306.3,2.4,13.0,0.1114,0.0124,3.4,431.0,0.3338,567.0,0.2609,0.5,251.64,0.0028,3.9,12.5,2.0,14.66077609422614,6.71,11.26,16.6,795.0,6.8,0.382
12,3.1,-6.3,9.5,1.43,242.4,247.1,3.6,23.0,0.1882,0.0354,3.5,547.5,0.6531,822.0,0.2759,0.5,320.07,0.1059,7.0,14.4,2.0,20.494786853624845,12.04,15.89,13.9,795.0,9.63,0.393
12,1.6,-11.6,13.2,0.94,298.1,305.4,3.8,13.0,0.1049,0.011,1.0,375.2,0.6461,817.0,0.3625,0.5,377.48,0.0241,3.4,13.0,3.0,13.7752929583956,5.85,10.25,18.9,795.0,8.96,0.382
4,14.5,0.9,13.7,1.14,603.9,610.7,0.8,31.0,0.4852,0.2354,22.2,1847.4,0.7685,915.0,0.625,0.5,42.03,0.0018,4.54,11.5,1.0,6.787567004167568,7.81,6.31,23.4,2060.8,9.07,0.432
2,1.4,-12.1,13.5,0.91,351.1,370.8,3.9,57.0,0.4718,0.2226,4.1,1987.8,0.5985,779.0,0.5785,0.5,382.27,0.0369,5.5,11.5,1.0,18.951382485384276,9.46,15.29,20.1,795.0,9.85,0.432
11,5.9,-3.0,8.9,0.85,261.6,277.1,3.0,19.0,0.1586,0.0251,5.7,497.9,0.7307,885.0,0.2592,0.5,226.83,0.062,6.1,13.0,3.0,12.450576308753126,10.5,9.32,15.3,795.0,8.36,0.374
1,-1.7,-15.6,13.9,0.53,278.0,274.7,3.1,49.0,0.4085,0.1668,-4.2,1362.5,0.6833,847.0,0.5525,0.5,515.39,0.3267,5.12,12.0,1.0,13.39827352830111,8.81,11.2,20.3,795.0,9.66,0.431
12,1.0,-12.4,13.4,0.83,130.3,136.8,3.3,63.0,0.5272,0.278,3.3,824.4,0.819,955.0,0.4482,0.5,398.87,0.0706,3.6,12.7,2.0,7.953299828711637,6.19,6.62,16.9,795.0,9.06,0.569
12,6.1,-4.7,10.8,0.64,224.0,218.3,1.6,49.0,0.4053,0.1643,14.9,1089.2,0.8682,995.0,0.5127,0.5,221.11,0.2118,4.65,11.6,2.0,12.699851751401413,8.0,10.22,16.7,795.0,7.32,0.414
2,2.2,-9.7,11.9,1.05,344.1,350.7,0.3,18.0,0.1525,0.0233,2.0,629.9,0.7825,926.0,0.2829,0.5,353.89,0.0029,6.2,12.5,3.0,11.535085617068919,10.67,8.68,18.4,795.0,6.46,0.358
1,-2.2,-13.0,10.8,0.7,274.6,263.9,0.3,43.0,0.3615,0.1307,-4.9,1190.9,0.8842,1007.0,0.5542,0.5,540.17,0.1637,4.2,13.0,4.0,20.463233823203183,7.23,14.85,17.3,795.0,7.5,0.398
4,16.5,6.3,10.2,1.81,492.6,490.4,2.1,58.0,1.0,1.0,47.9,2857.0,0.8303,964.0,0.9,0.5,19.96,0.5038,5.5,15.0,3.0,13.502015447146112,9.46,10.19,17.3,3511.3,11.2,0.553
2,3.0,-5.4,8.4,1.49,435.3,440.1,0.5,59.0,0.4931,0.2431,9.0,2575.5,0.7843,927.0,0.4735,0.5,323.08,0.1516,4.82,10.5,4.0,13.007660399827937,8.29,9.18,15.8,795.0,8.39,0.371
11,6.4,-6.8,13.2,1.32,220.3,208.5,1.7,48.0,0.3964,0.1572,15.2,1048.0,0.7947,936.0,0.4397,0.5,213.56,0.0492,4.7,15.0,3.0,9.751456219494724,8.09,7.35,16.9,795.0,8.35,0.525
12,4.7,-5.0,9.7,1.31,270.3,281.2,1.1,43.0,0.3576,0.1279,10.0,1159.7,0.7219,878.0,0.5067,0.5,266.85,0.0429,4.5,15.1,2.0,11.293020742891834,7.74,9.05,14.8,795.0,7.56,0.492
11,9.1,-3.0,12.2,0.42,353.1,359.3,3.6,39.0,0.3266,0.1067,17.9,1383.6,0.8363,969.0,0.3808,0.5,140.96,0.4615,5.4,8.8,1.0,14.35405117888995,9.29,12.03,20.3,795.0,7.99,0.42
4,17.4,4.3,13.1,0.75,558.6,567.8,2.1,27.0,0.5596,0.3132,23.5,1507.6,0.4755,680.0,0.6195,0.5,12.67,0.1233,3.6,13.0,1.0,14.381597486060155,6.19,11.77,23.3,2138.8,8.68,0.539
3,8.9,-2.4,11.2,0.3,366.6,373.1,0.2,54.0,0.4491,0.2017,23.9,1975.9,0.8902,1012.0,0.459,0.5,147.46,0.64,5.6,13.0,3.0,17.988431232870063,9.64,13.6,20.0,795.0,7.65,0.416
1,1.0,-7.6,8.5,0.83,285.5,282.4,1.6,10.0,0.0867,0.0075,0.5,297.1,0.7559,905.0,0.3147,0.5,401.84,0.0733,4.2,15.6,1.0,14.163547855417596,7.23,11.83,15.3,795.0,5.48,0.303
11,10.4,-2.1,12.5,1.09,307.8,295.3,3.1,33.0,0.3006,0.0904,17.3,1024.3,0.634,807.0,0.4659,0.5,111.94,0.0001,4.6,9.0,3.0,14.180018501852832,7.91,10.54,18.2,795.0,7.82,0.39
11,8.0,-3.3,11.2,1.44,280.9,270.4,1.4,62.0,0.5142,0.2644,24.6,1733.3,0.6276,802.0,0.494,0.5,169.83,0.1165,4.7,10.0,3.0,15.670529151415522,8.09,11.65,15.9,795.0,9.3,0.438
1,-1.2,-11.7,10.4,1.21,230.2,234.0,0.7,33.0,0.2754,0.0758,-2.1,760.9,0.7711,917.0,0.4328,0.5,494.81,0.0122,3.7,9.5,1.0,14.412194110108251,6.37,12.03,15.1,795.0,7.76,0.336
4,13.3,3.1,10.2,0.72,502.7,493.5,0.3,60.0,0.8228,0.677,39.6,2999.1,0.5742,759.0,0.7706,0.5,59.67,0.145,3.6,16.8,1.0,12.76463491045146,6.19,10.63,20.2,1958.6,8.67,0.585
1,-3.7,-14.7,11.0,1.16,461.6,449.4,2.3,14.0,0.118,0.0139,-2.6,653.4,0.3975,618.0,0.3704,0.5,611.17,0.0035,4.02,12.0,2.0,10.90892035393884,6.92,8.5,19.1,795.0,6.94,0.482
12,3.1,-5.2,8.3,1.42,259.7,257.4,3.7,45.0,0.3753,0.1409,7.0,1169.9,0.6271,802.0,0.5022,0.5,320.08,0.1032,5.0,17.3,4.0,16.042368424503795,8.6,11.33,13.3,795.0,8.9,0.467
11,8.5,-0.3,8.7,0.7,302.8,305.7,3.7,46.0,0.3872,0.1499,19.7,1407.2,0.4007,621.0,0.4765,0.5,156.66,0.1637,4.7,12.5,3.0,16.75980020131333,8.09,12.29,16.1,795.0,9.93,0.404
4,14.0,0.7,13.2,1.44,484.6,471.0,2.6,52.0,0.7727,0.5971,36.1,2507.6,0.7183,875.0,0.6935,0.5,49.55,0.1187,7.11,9.5,3.0,9.576843601209154,12.23,7.16,20.5,2755.8,10.02,0.616
1,-2.3,-15.2,12.9,1.55,249.2,266.3,0.9,28.0,0.231,0.0534,-3.2,690.8,0.6312,805.0,0.3305,0.5,541.88,0.2056,4.8,8.5,2.0,14.597753842345531,8.26,11.45,16.5,795.0,6.26,0.551
12,0.8,-11.1,11.9,1.51,301.3,296.3,1.0,24.0,0.1981,0.0392,1.0,716.2,0.7708,917.0,0.3029,0.5,407.04,0.1662,4.3,15.9,2.0,7.625472558072579,7.4,6.34,16.6,795.0,8.35,0.249
4,15.5,4.1,11.4,1.74,530.0,525.8,2.4,37.0,0.6538,0.4275,29.0,1981.1,0.4999,700.0,0.6437,0.5,30.29,0.4077,3.37,13.9,2.0,15.764550042415621,5.8,12.22,19.1,1980.7,9.06,0.394
3,9.1,-2.6,11.7,1.17,394.8,376.2,1.9,50.0,0.4184,0.1751,22.9,1982.2,0.4871,690.0,0.6063,0.5,141.51,0.0044,4.5,14.0,2.0,14.02115304965394,7.74,10.91,18.6,795.0,8.16,0.432
1,3.4,-10.0,13.4,0.78,197.3,191.2,3.2,33.0,0.2751,0.0757,5.6,651.3,0.6247,800.0,0.3564,0.5,310.09,0.1036,4.9,15.0,3.0,19.789506178088416,8.43,14.74,18.0,795.0,7.7,0.302
11,10.8,-2.2,13.0,1.06,278.2,266.3,0.9,60.0,0.579,0.3353,32.3,1663.0,0.9587,1067.0,0.478,0.5,103.78,0.0018,4.2,6.0,1.0,14.31783598991031,7.23,12.11,18.3,946.2,8.86,0.453
2,0.9,-11.2,12.1,0.3,315.1,307.8,3.1,21.0,0.1787,0.0319,0.9,675.7,0.3864,609.0,0.3582,0.5,405.14,0.64,5.3,19.6,2.0,15.551893000732814,9.12,11.97,20.0,795.0,8.07,0.368
2,5.0,-6.7,11.8,0.95,365.2,367.0,1.4,44.0,0.3678,0.1352,11.0,1611.7,0.6984,859.0,0.5338,0.5,255.79,0.0229,4.86,13.5,1.0,13.594492806030683,8.36,11.35,18.8,795.0,8.33,0.45
2,5.1,-4.7,9.8,1.36,287.0,301.0,3.2,23.0,0.1923,0.037,5.9,662.2,0.5237,719.0,0.4761,0.5,252.78,0.0651,4.7,14.2,3.0,13.081964348671459,8.09,9.63,15.1,795.0,7.73,0.412
4,14.0,1.7,12.3,1.21,549.5,556.2,1.2,40.0,0.5928,0.3514,27.7,2180.9,0.4107,629.0,0.7296,0.5,49.55,0.012,4.0,10.4,4.0,16.16034201323069,6.88,11.25,21.3,2002.5,8.72,0.567
11,7.5,-3.7,11.2,1.15,348.2,345.0,2.9,57.0,0.4724,0.2231,21.3,1974.0,0.6621,830.0,0.5776,0.5,181.82,0.003,4.1,12.0,2.0,16.27567192580619,7.05,12.74,17.6,795.0,9.13,0.421
4,17.5,5.2,12.2,1.9,520.9,525.9,1.4,48.0,0.9983,0.9966,42.0,2505.3,0.7091,867.0,0.8821,0.5,12.57,0.6394,4.27,11.0,2.0,11.209470458059801,7.35,8.97,19.1,2712.6,12.92,0.56
12,0.4,-12.0,12.3,1.69,212.6,201.3,0.1,58.0,0.4832,0.2335,1.1,1232.6,0.7255,880.0,0.4032,0.5,425.35,0.3495,3.2,11.0,1.0,13.389244162688426,5.51,11.22,15.1,795.0,8.46,0.473
3,10.9,-1.2,12.1,1.61,458.9,467.8,1.9,15.0,0.147,0.0216,8.1,682.5,0.7026,862.0,0.3232,0.5,101.43,0.2604,5.42,9.5,2.0,12.510704654254953,9.33,9.95,18.9,795.0,8.14,0.4
1,1.2,-11.6,12.8,1.48,176.5,183.1,1.4,24.0,0.2017,0.0407,1.4,427.3,0.7836,927.0,0.3596,0.5,392.91,0.1436,5.2,13.6,1.0,21.30479902341453,8.95,17.21,15.5,795.0,8.03,0.384
2,-3.7,-12.6,8.9,0.68,383.9,378.8,3.8,37.0,0.3115,0.0971,-6.9,1435.2,0.4803,684.0,0.4265,0.5,610.73,0.1792,3.8,8.3,1.0,16.736234276259708,6.54,13.54,17.5,795.0,8.87,0.416
2,2.2,-11.0,13.2,0.93,398.0,398.7,2.0,35.0,0.2893,0.0837,3.8,1381.8,0.7055,864.0,0.3023,0.5,352.97,0.0305,4.11,16.1,4.0,10.866210573108686,7.07,7.51,20.5,795.0,7.19,0.412
3,7.8,-1.5,9.3,1.28,489.0,509.5,1.1,35.0,0.2957,0.0874,13.8,1735.0,0.6319,805.0,0.4233,0.5,174.37,0.0332,4.9,10.0,1.0,14.349825932325976,8.43,11.87,17.8,795.0,6.3,0.425
1,-2.0,-14.8,12.8,0.8,290.5,283.7,2.5,12.0,0.1041,0.0108,-1.3,363.0,0.7398,892.0,0.2591,0.5,529.45,0.0889,3.6,10.5,4.0,11.283734974184158,6.19,7.85,18.9,795.0,7.36,0.266
3,8.3,-1.2,9.5,1.45,462.9,441.4,2.5,11.0,0.0938,0.0088,4.6,521.0,0.7551,904.0,0.1719,0.5,162.52,0.1218,6.2,12.0,1.0,14.365753435421981,10.67,11.98,17.2,795.0,7.92,0.302
2,-0.7,-13.2,12.5,0.65,358.5,364.7,2.1,42.0,0.3532,0.1248,-1.5,1519.5,0.6579,826.0,0.3871,0.5,470.81,0.1993,8.8,18.0,3.0,14.95073870793501,15.14,11.14,20.0,795.0,7.94,0.35
12,-1.5,-12.0,10.6,1.1,320.8,325.7,2.9,41.0,0.3429,0.1176,-3.0,1320.2,0.837,970.0,0.4669,0.5,504.63,0.0,5.6,7.1,3.0,13.41759160034551,9.64,10.13,16.8,795.0,9.7,0.424
11,7.4,-4.9,12.3,1.23,282.1,272.7,0.6,53.0,0.4416,0.195,19.6,1495.0,0.7053,864.0,0.5111,0.5,184.79,0.017,5.37,6.8,3.0,10.323854243585872,9.24,7.71,17.3,795.0,8.35,0.486
3,2.1,-9.8,11.9,1.11,376.6,367.4,1.2,24.0,0.2027,0.0411,2.6,916.1,0.6443,815.0,0.4525,0.5,357.1,0.0002,7.3,13.0,2.0,17.705280541451224,12.56,13.79,18.7,795.0,6.2,0.377
2,-0.1,-9.7,9.6,0.97,339.0,327.5,3.7,56.0,0.4652,0.2164,-0.4,1892.1,0.6771,842.0,0.4952,0.5,446.91,0.017,5.1,15.0,3.0,14.306105135122468,8.78,10.67,16.6,795.0,9.06,0.449
3,6.1,-2.1,8.2,0.37,449.6,450.8,2.4,51.0,0.4283,0.1834,15.7,2310.3,0.6219,798.0,0.3563,0.5,221.79,0.5345,6.25,14.0,2.0,16.048213164577703,10.75,12.53,18.7,795.0,8.22,0.402
4,10.1,-0.1,10.2,1.29,527.8,548.5,3.9,62.0,0.5218,0.2723,31.1,3265.7,0.4958,697.0,0.4386,0.5,119.68,0.0367,4.9,8.6,1.0,12.532543237274208,8.43,10.4,19.1,1080.0,10.76,0.503
1,0.7,-12.2,12.9,1.38,278.9,282.3,2.4,48.0,0.3988,0.159,1.6,1334.6,0.8446,976.0,0.3552,0.5,412.56,0.0778,4.0,13.1,4.0,14.896314391659223,6.88,10.65,17.4,795.0,8.77,0.469
1,2.8,-8.1,10.9,1.15,228.5,224.7,1.0,36.0,0.2965,0.0879,5.0,813.1,0.8153,952.0,0.3388,0.5,329.91,0.0024,5.32,13.0,2.0,18.665843378886976,9.15,14.65,15.6,795.0,8.09,0.517
3,5.6,-4.9,10.5,0.98,449.9,444.0,0.4,39.0,0.3264,0.1065,11.0,1762.4,0.4455,656.0,0.4592,0.5,236.32,0.0155,5.06,10.0,2.0,19.25685240067242,8.71,14.8,19.0,795.0,7.47,0.321
1,2.9,-6.3,9.2,1.14,349.0,353.9,1.5,54.0,0.4535,0.2056,7.8,1899.0,0.7688,915.0,0.6116,0.5,329.38,0.0014,7.11,12.0,2.0,15.62672799338968,12.23,12.34,16.0,795.0,10.2,0.326
4,12.5,3.1,9.4,0.78,501.4,475.7,1.7,23.0,0.2919,0.0852,14.6,1174.6,0.6057,785.0,0.2988,0.5,72.65,0.1029,3.7,8.5,1.0,9.880426944761034,6.37,8.49,19.4,795.0,7.4,0.323
3,11.3,1.8,9.5,1.28,313.2,328.3,2.3,11.0,0.1208,0.0146,6.5,358.1,0.3053,544.0,0.3338,0.5,93.3,0.034,5.8,11.0,2.0,21.032012643744363,9.98,16.02,15.4,795.0,7.29,0.458
12,1.9,-7.5,9.4,1.38,321.2,321.9,1.6,25.0,0.2056,0.0423,2.3,792.3,0.6982,859.0,0.3677,0.5,364.94,0.0783,5.65,13.0,1.0,16.248210830103794,9.72,13.34,15.2,795.0,5.42,0.505
1,1.1,-9.2,10.3,1.15,302.8,305.1,3.8,65.0,0.5376,0.289,3.6,1953.3,0.7477,898.0,0.5473,0.5,395.07,0.0025,4.9,10.3,3.0,12.218724023180453,8.43,9.16,16.2,795.0,8.54,0.338
1,-3.0,-11.1,8.0,1.66,297.9,303.1,0.0,55.0,0.4574,0.2092,-8.4,1635.4,0.88,1004.0,0.5556,0.5,578.15,0.313,4.67,13.5,4.0,16.553136047961186,8.04,11.92,13.0,795.0,8.35,0.446
11,9.2,-2.2,11.4,0.88,366.0,377.7,1.9,41.0,0.3424,0.1172,18.9,1503.7,0.6658,833.0,0.4151,0.5,138.81,0.0493,5.14,9.3,3.0,14.173395809803456,8.84,10.56,18.7,795.0,7.75,0.45
1,-0.1,-13.1,13.1,1.12,280.9,282.3,2.7,16.0,0.1342,0.018,-0.0,452.2,0.769,915.0,0.1894,0.5,443.26,0.0006,5.1,11.6,4.0,16.719848021703733,8.78,11.96,18.2,795.0,6.1,0.326
1,-2.4,-12.0,9.6,0.68,229.6,216.7,3.3,46.0,0.3803,0.1447,-5.6,1048.0,0.7295,884.0,0.438,0.5,549.1,0.178,4.4,12.5,1.0,11.907562034897223,7.57,10.11,15.7,795.0,8.62,0.378
2,1.2,-7.7,8.9,0.6,283.4,246.9,3.8,53.0,0.4436,0.1968,3.2,1508.6,0.6383,811.0,0.4772,0.5,392.38,0.248,5.2,6.5,3.0,13.908327152910402,8.95,10.34,16.2,795.0,9.6,0.449
4,14.7,4.9,9.8,0.86,568.3,571.9,1.5,61.0,0.9823,0.965,44.6,3443.2,0.5812,765.0,0.8194,0.5,39.33,0.0584,5.24,15.1,2.0,19.606396202854416,9.02,15.17,20.5,3130.1,11.38,0.473
3,5.7,-6.9,12.6,1.1,426.2,432.4,3.7,34.0,0.2795,0.0781,9.6,1429.7,0.5993,779.0,0.5027,0.5,234.07,0.0,3.6,13.5,1.0,15.234419224715051,6.19,12.51,20.1,795.0,8.06,0.491
1,-3.8,-17.8,14.0,1.14,300.6,291.1,3.3,12.0,0.1006,0.0101,-2.3,362.8,0.7853,928.0,0.2793,0.5,614.65,0.0013,3.5,17.3,3.0,13.963103263396759,6.02,10.5,19.2,795.0,7.69,0.439
3,9.0,-4.2,13.2,0.5,408.9,403.6,2.0,16.0,0.136,0.0185,7.3,667.1,0.8706,997.0,0.2459,0.5,143.84,0.358,4.8,13.5,3.0,11.217527746824047,8.26,8.51,21.7,795.0,6.43,0.407
2,1.2,-10.1,11.4,1.14,285.1,258.1,1.7,18.0,0.1498,0.0224,1.1,512.5,0.9548,1064.0,0.4076,0.5,391.55,0.0016,3.8,10.0,2.0,16.20680593597122,6.54,12.92,16.8,795.0,5.85,0.447
4,9.4,-0.7,10.2,1.58,435.3,443.1,1.2,42.0,0.3476,0.1208,19.7,1815.9,0.6498,820.0,0.438,0.5,133.47,0.2329,5.36,13.8,1.0,12.318746828730038,9.22,10.36,17.0,795.0,8.27,0.398
12,1.4,-8.1,9.5,0.47,247.3,242.0,1.9,13.0,0.1119,0.0125,0.9,332.2,0.9075,1026.0,0.2892,0.5,385.38,0.4009,5.5,10.5,1.0,11.20963827040703,9.46,9.73,16.4,795.0,5.15,0.354
11,10.3,-0.7,11.0,1.28,285.4,281.4,3.6,56.0,0.4924,0.2424,28.8,1600.2,0.6761,841.0,0.5172,0.5,115.14,0.0315,5.54,12.0,2.0,16.322547251551846,9.53,12.78,16.2,1117.4,9.59,0.536
11,6.2,-4.9,11.1,1.14,298.0,303.4,2.5,27.0,0.2218,0.0492,8.3,793.0,0.6021,782.0,0.4134,0.5,217.59,0.0019,5.9,12.6,1.0,16.12699335028757,10.15,13.18,16.8,795.0,7.99,0.499
4,17.0,8.3,8.7,0.63,545.6,540.5,0.2,35.0,0.6943,0.482,29.5,1887.1,0.6008,781.0,0.7441,0.5,15.66,0.2228,5.55,14.9,3.0,12.154230131912255,9.55,9.0,19.9,3389.6,9.05,0.448
12,2.2,-8.9,11.1,0.85,394.7,395.2,3.7,23.0,0.19,0.0361,2.5,900.1,0.7199,876.0,0.37,0.5,352.92,0.064,3.93,10.5,4.0,13.950420455669086,6.76,9.84,19.0,795.0,8.55,0.367
4,15.2,4.8,10.4,1.01,472.7,476.5,0.4,24.0,0.4043,0.1635,18.1,1123.3,0.5091,707.0,0.4813,0.5,33.56,0.0085,5.12,12.5,4.0,17.648938397917114,8.81,12.44,19.2,978.0,8.26,0.467
1,0.5,-8.3,8.8,1.34,269.9,258.0,1.9,17.0,0.1391,0.0194,0.4,450.6,0.6163,793.0,0.3533,0.5,420.69,0.0589,4.0,11.5,3.0,9.33281171326113,6.88,6.89,14.0,795.0,7.98,0.475
3,3.6,-5.8,9.4,1.2,445.1,427.2,2.2,58.0,0.485,0.2352,10.4,2590.2,0.6591,827.0,0.5081,0.5,304.0,0.0092,4.71,9.0,3.0,16.601216943594384,8.1,12.38,17.5,795.0,9.14,0.471
1,5.5,-7.4,12.9,0.68,174.8,185.5,0.7,12.0,0.0963,0.0093,3.2,201.9,0.5982,779.0,0.2018,0.5,240.98,0.1783,3.9,8.6,2.0,13.736371401903972,6.71,10.78,17.5,795.0,5.09,0.47
2,4.3,-5.8,10.1,0.81,272.0,286.6,2.3,18.0,0.1515,0.023,3.9,494.7,0.5063,705.0,0.3508,0.5,279.1,0.0863,4.7,10.5,3.0,22.720866554023537,8.09,16.85,16.4,795.0,6.38,0.346
2,-3.6,-14.2,10.6,1.91,353.8,350.4,0.7,16.0,0.1329,0.0177,-2.9,564.3,0.5786,763.0,0.1997,0.5,604.87,0.6526,4.03,9.7,2.0,16.434187623780417,6.93,12.79,15.3,795.0,6.21,0.378
12,1.8,-10.8,12.7,1.71,284.3,281.8,2.1,48.0,0.3989,0.1591,4.4,1360.6,0.7511,901.0,0.4389,0.5,367.53,0.3758,4.62,13.0,1.0,18.56822945658875,7.95,15.13,16.4,795.0,8.34,0.328
1,-2.3,-12.1,9.8,0.98,246.3,252.6,0.3,28.0,0.2337,0.0546,-3.3,690.8,0.7191,875.0,0.3507,0.5,543.99,0.0138,4.44,12.5,1.0,16.382771538913357,7.64,13.46,15.3,795.0,5.84,0.444
2,4.3,-4.7,9.0,1.24,337.9,332.8,2.1,36.0,0.3,0.09,7.8,1216.5,0.7311,885.0,0.4769,0.5,278.45,0.0192,5.5,9.5,2.0,13.447652613222495,9.46,10.67,15.5,795.0,7.23,0.408
11,6.3,-4.5,10.8,1.35,303.3,293.0,1.3,41.0,0.3423,0.1172,12.9,1245.8,0.8399,972.0,0.3759,0.5,217.25,0.0614,4.8,12.0,4.0,14.291795144614106,8.26,10.19,16.1,795.0,7.6,0.564
12,0.3,-9.9,10.2,0.97,148.1,145.4,2.9,35.0,0.2905,0.0844,0.6,516.3,0.7973,938.0,0.3966,0.5,427.82,0.018,3.66,8.0,1.0,14.504669444124154,6.3,12.12,14.3,795.0,8.88,0.565
4,13.9,5.8,8.1,1.23,463.2,443.2,1.5,61.0,0.9065,0.8218,42.5,2828.3,0.9466,1057.0,0.7005,0.5,50.29,0.0165,5.63,10.0,1.0,16.327733583142173,9.69,13.6,16.6,2933.5,10.24,0.449
4,10.9,-1.4,12.2,0.66,445.2,431.2,3.5,25.0,0.2474,0.0612,13.8,1127.4,0.4903,692.0,0.27,0.5,102.77,0.1968,6.1,8.5,3.0,12.825639947281907,10.5,9.41,21.1,795.0,6.76,0.346
12,3.1,-5.3,8.4,0.96,179.1,175.5,2.7,34.0,0.2816,0.0793,5.2,605.2,0.7566,905.0,0.4207,0.5,321.52,0.0198,4.1,10.0,2.0,16.52431883813541,7.05,13.0,13.3,795.0,7.82,0.323
4,13.9,0.9,13.0,0.93,555.5,553.5,3.1,17.0,0.2564,0.0658,12.0,958.3,0.7012,861.0,0.2645,0.5,50.17,0.0284,5.9,11.0,1.0,16.36847760272893,10.15,13.44,22.7,795.0,7.42,0.419
2,1.7,-11.5,13.2,1.03,345.1,342.5,1.7,16.0,0.134,0.018,1.4,555.1,0.3588,587.0,0.2442,0.5,372.56,0.0044,4.82,8.0,4.0,14.302058391924367,8.29,9.81,19.5,795.0,6.12,0.417
11,6.7,-4.4,11.1,1.75,228.3,212.4,3.5,17.0,0.1436,0.0206,5.7,393.3,0.7961,937.0,0.2122,0.5,205.79,0.4225,4.25,10.6,1.0,19.5932262156784,7.31,15.93,14.2,795.0,6.45,0.385
3,6.0,-5.1,11.1,1.23,339.1,341.5,3.0,44.0,0.3707,0.1374,13.4,1508.3,0.9081,1026.0,0.4583,0.5,224.12,0.0157,5.8,14.6,4.0,8.278191309384637,9.98,5.74,17.2,795.0,8.47,0.359
1,-0.5,-8.8,8.3,1.44,254.4,260.5,2.7,42.0,0.3497,0.1223,-1.0,1067.6,0.4107,629.0,0.5642,0.5,460.76,0.1131,4.6,14.0,3.0,9.733704912789154,7.91,7.03,13.2,795.0,8.07,0.344
4,15.6,4.8,10.8,1.13,423.2,434.5,2.2,15.0,0.2583,0.0667,11.4,616.3,0.7838,927.0,0.292,0.5,28.69,0.0007,4.9,10.0,4.0,14.535620461559729,8.43,10.33,18.5,1468.8,6.98,0.373
3,2.4,-8.8,11.2,1.43,412.6,415.1,3.9,53.0,0.4437,0.1969,6.3,2197.1,0.6766,841.0,0.4241,0.5,347.44,0.1059,4.5,16.0,1.0,15.385216834641335,7.74,12.68,17.9,795.0,9.71,0.443
2,-0.1,-13.2,13.1,1.49,482.0,480.7,3.1,51.0,0.426,0.1815,-0.3,2464.3,0.701,861.0,0.5201,0.5,445.9,0.1557,3.83,8.0,3.0,16.83511663071967,6.59,12.59,20.3,795.0,7.24,0.366
3,9.4,-4.3,13.7,0.75,267.0,268.3,0.8,54.0,0.4504,0.2029,25.4,1443.1,0.6448,816.0,0.529,0.5,134.93,0.1229,4.5,9.8,3.0,14.514975298388679,7.74,10.8,19.4,795.0,7.09,0.386
3,5.6,-5.7,11.3,1.55,420.7,409.6,1.3,40.0,0.3311,0.1096,11.1,1671.7,0.8369,970.0,0.2707,0.5,237.23,0.1996,4.8,7.3,2.0,16.176112753852212,8.26,12.8,17.8,795.0,8.46,0.462
1,-4.1,-13.4,9.3,0.73,169.7,168.5,1.7,56.0,0.4641,0.2154,-11.4,945.1,0.6879,850.0,0.3688,0.5,629.56,0.138,4.2,9.3,4.0,18.324881049900554,7.23,13.09,14.5,795.0,8.72,0.461
11,4.7,-4.5,9.2,1.32,310.5,327.4,1.9,60.0,0.4997,0.2497,14.1,1862.2,0.5473,738.0,0.5592,0.5,266.03,0.0466,6.1,7.0,4.0,16.95731791748396,10.5,11.96,15.0,795.0,10.39,0.408
12,-0.7,-13.2,12.5,0.71,217.2,238.6,0.1,27.0,0.2277,0.0519,-1.0,593.6,0.6794,844.0,0.3222,0.5,470.77,0.1539,3.5,13.0,2.0,12.693763396957207,6.02,10.06,17.8,795.0,6.22,0.457
11,7.3,-1.7,9.0,0.88,279.2,268.0,1.1,28.0,0.2347,0.0551,10.3,786.6,0.6472,818.0,0.4346,0.5,186.4,0.0465,4.86,13.0,3.0,11.768705679630562,8.36,8.74,15.5,795.0,8.65,0.436
3,7.3,-4.8,12.1,0.76,447.0,472.9,3.4,35.0,0.2939,0.0864,12.8,1576.4,0.6649,832.0,0.2864,0.5,188.07,0.1174,4.4,13.0,2.0,18.838097196974402,7.57,14.66,20.8,795.0,8.99,0.488
4,17.9,9.5,8.4,1.06,414.2,414.7,2.3,42.0,0.8955,0.8019,37.3,1721.9,0.3581,586.0,0.6753,0.5,9.46,0.0012,4.92,16.0,1.0,11.958389773336155,8.47,9.86,16.6,2784.3,10.07,0.524
1,4.3,-8.9,13.2,0.78,282.6,278.6,2.7,62.0,0.5171,0.2674,13.3,1753.6,0.8791,1003.0,0.4956,0.5,278.96,0.1017,4.9,10.0,3.0,9.711778319894467,8.43,7.39,19.2,795.0,9.02,0.413
4,14.6,1.8,12.7,1.82,479.6,470.7,1.8,54.0,0.8697,0.7564,39.7,2609.2,0.7428,894.0,0.686,0.5,41.06,0.5143,5.6,16.9,3.0,16.238167075048647,9.64,12.17,19.1,2170.5,12.38,0.487
3,5.1,-7.3,12.4,1.93,554.9,570.2,0.8,45.0,0.3725,0.1387,11.4,2480.2,0.5015,701.0,0.49,0.5,253.12,0.6942,10.52,12.0,1.0,11.317230442944636,18.1,9.49,19.7,795.0,9.77,0.36
3,9.2,0.7,8.5,0.81,501.1,511.1,1.2,55.0,0.4608,0.2123,25.5,2771.2,0.6414,813.0,0.5339,0.5,138.36,0.0851,4.6,12.0,1.0,14.773257025921813,7.91,12.19,18.6,795.0,8.71,0.472
4,10.8,1.5,9.3,1.21,450.7,435.7,0.1,23.0,0.2236,0.05,12.5,1049.3,0.6672,834.0,0.4482,0.5,104.82,0.0124,5.4,14.7,2.0,17.530698257199667,9.29,13.68,17.5,795.0,5.93,0.433
12,1.2,-12.5,13.8,0.58,290.3,287.3,1.1,44.0,0.3666,0.1344,2.7,1276.9,0.5158,713.0,0.4686,0.5,391.04,0.2717,10.67,12.7,4.0,9.380428946120348,18.36,6.25,20.2,795.0,6.61,0.503
11,4.6,-6.0,10.6,0.3,201.9,195.8,3.9,39.0,0.327,0.1069,9.0,792.3,0.9277,1042.0,0.4724,0.5,269.17,0.6333,5.06,8.0,2.0,13.219358784040443,8.71,10.66,17.0,795.0,8.43,0.449
12,-3.4,-14.9,11.5,1.05,214.8,206.7,2.4,27.0,0.2241,0.0502,-4.6,577.7,0.8797,1004.0,0.4222,0.5,596.64,0.0027,4.8,11.2,3.0,13.386741325503367,8.26,10.14,16.1,795.0,7.97,0.409
11,13.2,4.1,9.0,1.28,173.0,185.6,2.0,58.0,0.7836,0.6141,37.9,997.7,0.7373,890.0,0.685,0.5,61.58,0.032,3.3,13.5,2.0,14.95894744982112,5.68,11.81,12.9,2527.1,10.42,0.527
3,8.2,-2.6,10.8,1.39,446.0,436.9,1.6,33.0,0.2735,0.0748,13.4,1463.7,0.7211,877.0,0.4431,0.5,164.68,0.0829,4.6,12.5,1.0,13.649129916641604,7.91,11.41,18.2,795.0,6.77,0.456
1,1.1,-12.2,13.3,1.19,296.3,300.4,3.2,45.0,0.3775,0.1425,2.4,1342.4,0.9055,1024.0,0.5789,0.5,397.3,0.0075,5.61,15.0,1.0,14.124495542038977,9.65,11.92,18.4,795.0,8.03,0.511
11,6.4,-5.0,11.4,1.77,345.4,328.0,1.8,23.0,0.1932,0.0373,7.4,800.7,0.3327,566.0,0.3448,0.5,212.89,0.4451,5.6,7.5,2.0,17.60470384629018,9.64,13.47,16.2,795.0,7.64,0.434
4,13.4,-0.5,13.9,1.37,413.9,410.5,0.5,14.0,0.1977,0.0391,9.4,582.2,0.6668,833.0,0.233,0.5,57.25,0.0719,6.7,6.4,4.0,14.962779810564237,11.53,10.56,20.2,1150.4,7.42,0.447
2,-0.3,-11.0,10.7,2.06,292.0,292.0,0.6,47.0,0.393,0.1544,-0.8,1376.9,0.7576,906.0,0.5097,0.5,455.72,0.9155,5.3,9.6,3.0,10.723381848443074,9.12,8.05,14.1,795.0,8.04,0.385
1,1.7,-12.2,14.0,0.59,221.0,219.1,2.2,50.0,0.4154,0.1725,4.3,1101.6,0.614,791.0,0.6036,0.5,371.54,0.2579,4.5,15.0,2.0,13.446122849120796,7.74,10.58,19.3,795.0,9.45,0.49
1,-7.0,-18.5,11.6,0.36,163.6,163.3,2.3,58.0,0.4822,0.2325,-20.2,946.8,0.4765,681.0,0.6287,0.5,782.62,0.546,5.57,8.0,1.0,18.664241824295505,9.58,14.98,17.1,795.0,8.75,0.347
2,0.7,-12.4,13.0,0.58,344.8,343.2,2.6,33.0,0.277,0.0767,1.1,1146.1,0.5017,701.0,0.3523,0.5,412.79,0.2674,1.0,12.0,4.0,12.994817319680603,1.72,8.95,20.5,795.0,8.57,0.364
4,10.5,0.7,9.8,1.16,548.7,554.2,0.7,26.0,0.2419,0.0585,13.9,1448.8,0.2573,506.0,0.5546,0.5,110.32,0.0031,6.19,10.0,2.0,14.205924512114988,10.65,10.86,19.5,795.0,8.47,0.465
3,7.3,-2.6,9.9,0.91,425.4,415.3,1.5,56.0,0.4635,0.2148,20.3,2366.0,0.4118,629.0,0.5323,0.5,188.03,0.0373,3.2,12.6,1.0,15.032233379028531,5.51,12.2,18.3,795.0,7.97,0.329
12,0.0,-8.1,8.1,1.3,378.4,375.4,0.5,14.0,0.1176,0.0138,0.0,534.2,0.6181,794.0,0.1899,0.5,439.97,0.0401,5.7,12.0,3.0,12.099322185765173,9.81,8.97,15.2,795.0,5.75,0.424
2,6.7,-2.4,9.1,1.02,466.0,461.3,3.8,55.0,0.461,0.2126,18.6,2578.1,0.3922,614.0,0.5194,0.5,203.4,0.0067,3.2,12.0,3.0,11.127937616151723,5.51,8.06,18.0,795.0,9.53,0.447
12,1.1,-9.7,10.9,1.65,384.1,379.9,2.7,31.0,0.2605,0.0679,1.8,1200.7,0.6533,823.0,0.3181,0.5,394.42,0.3055,6.26,14.0,2.0,10.067330751964441,10.77,8.07,16.6,795.0,7.52,0.434
3,5.5,-2.7,8.2,1.07,520.8,517.9,3.5,24.0,0.1995,0.0398,6.6,1246.7,0.7434,895.0,0.4362,0.5,239.05,0.0009,4.1,10.5,4.0,14.807798997434805,7.05,10.5,18.0,795.0,7.66,0.32
11,9.1,-1.5,10.5,0.55,318.3,295.1,3.1,26.0,0.2191,0.048,11.9,836.8,0.3742,599.0,0.3425,0.5,142.76,0.3005,4.96,9.9,1.0,10.373776937498121,8.53,8.68,18.1,795.0,8.29,0.391
11,4.6,-4.5,9.1,0.92,428.1,427.9,2.5,30.0,0.2505,0.0627,7.0,1286.6,0.7643,911.0,0.3048,0.5,267.48,0.0329,5.11,10.6,1.0,13.509098987531212,8.79,11.34,17.7,795.0,7.2,0.311
4,12.1,-1.4,13.5,1.21,511.1,501.4,0.1,58.0,0.6814,0.4643,34.9,2946.6,0.6308,805.0,0.6874,0.5,79.37,0.0118,6.7,9.1,3.0,14.895450119672265,11.53,11.08,21.8,2721.5,9.02,0.601
1,-2.4,-16.0,13.6,1.03,349.4,352.6,2.4,32.0,0.2667,0.0711,-3.8,1118.3,0.6464,817.0,0.2987,0.5,546.21,0.0051,5.42,12.0,1.0,13.243329009502839,9.33,11.05,19.9,795.0,7.36,0.458
3,10.4,-1.0,11.5,0.91,418.0,427.3,0.2,38.0,0.3455,0.1194,19.9,1595.4,0.7044,864.0,0.333,0.5,111.71,0.0372,3.81,11.0,2.0,20.652001055190397,6.56,16.05,19.5,795.0,7.99,0.498
1,-4.1,-16.6,12.5,1.21,334.0,326.3,0.7,31.0,0.2565,0.0658,-6.3,1028.1,0.6805,844.0,0.3498,0.5,629.42,0.0125,6.9,5.8,1.0,12.90659936224788,11.87,10.82,18.3,795.0,5.98,0.37
1,-1.4,-10.6,9.2,0.52,406.2,403.1,2.0,58.0,0.4838,0.234,-4.0,2358.1,0.4525,662.0,0.3956,0.5,501.21,0.3377,5.61,10.8,3.0,16.43374770673165,9.65,12.09,18.5,795.0,8.04,0.504
1,-2.6,-15.9,13.3,1.2,215.5,224.0,0.4,47.0,0.3896,0.1518,-6.1,1007.7,0.8543,983.0,0.5147,0.5,557.92,0.0102,5.5,15.0,1.0,15.482427452311176,9.46,12.9,17.2,795.0,7.4,0.442
12,1.3,-8.8,10.1,1.75,258.6,274.0,2.3,31.0,0.2581,0.0666,2.0,801.0,0.6793,843.0,0.3774,0.5,389.07,0.424,3.8,16.0,1.0,9.845540077663129,6.54,8.53,13.8,795.0,8.34,0.304
1,2.5,-6.9,9.4,1.11,277.4,274.1,1.0,43.0,0.357,0.1274,5.3,1188.1,0.6926,854.0,0.5207,0.5,342.38,0.0,4.6,8.6,3.0,12.6235540837309,7.91,9.42,15.2,795.0,7.56,0.364
12,4.3,-8.6,12.9,1.24,296.7,289.2,3.4,27.0,0.2234,0.0499,5.7,795.5,0.604,783.0,0.3253,0.5,279.63,0.0184,3.14,15.0,2.0,11.503217254753046,5.4,9.11,18.0,795.0,7.15,0.325
4,14.3,0.6,13.7,0.94,612.5,622.0,1.9,42.0,0.6496,0.422,29.9,2555.3,0.5081,706.0,0.5954,0.5,44.33,0.0256,4.45,9.5,4.0,17.127628346351386,7.66,12.05,24.1,2435.3,9.09,0.476
1,-1.0,-9.0,8.0,1.17,235.6,227.7,0.8,41.0,0.3398,0.1154,-2.0,960.7,0.5287,723.0,0.3482,0.5,483.81,0.0046,2.73,8.0,4.0,13.927970282158897,4.7,9.67,13.3,795.0,8.52,0.446
1,-4.7,-16.9,12.3,0.94,205.4,207.0,2.2,53.0,0.4384,0.1922,-12.2,1080.8,0.6578,826.0,0.5269,0.5,658.25,0.0262,4.9,9.2,2.0,11.490193254845675,8.43,9.14,16.9,795.0,8.66,0.529
4,14.5,6.3,8.3,0.92,629.9,648.3,1.9,31.0,0.4911,0.2411,22.5,1946.2,0.4975,698.0,0.4006,0.5,41.78,0.0314,5.8,13.0,2.0,5.483001892522745,9.98,4.51,20.1,1947.6,9.38,0.494
11,10.5,-3.4,13.9,1.37,291.3,285.5,1.0,59.0,0.5338,0.285,30.7,1708.2,0.574,759.0,0.439,0.5,111.04,0.073,4.2,12.0,1.0,20.457389402524875,7.23,16.4,18.3,795.0,9.01,0.503
1,-0.0,-13.8,13.8,0.72,352.3,373.5,3.2,36.0,0.2994,0.0897,-0.0,1265.8,0.7885,931.0,0.5245,0.5,442.11,0.1419,4.28,10.0,2.0,12.605161336533985,7.36,10.08,20.8,795.0,8.06,0.32
4,16.3,2.5,13.8,1.39,522.1,515.2,0.2,58.0,1.0,1.0,47.3,3032.6,0.654,823.0,0.6328,0.5,22.06,0.0869,5.52,9.0,3.0,15.300030781517158,9.5,11.4,21.7,3269.4,10.35,0.537
2,0.7,-11.2,11.9,0.86,371.4,382.9,0.3,35.0,0.2947,0.0868,1.2,1313.3,0.4802,684.0,0.4526,0.5,412.34,0.0592,5.17,10.7,3.0,13.538341990687924,8.9,9.94,19.3,795.0,6.1,0.346
3,4.5,-6.8,11.3,1.48,475.0,484.9,2.2,56.0,0.464,0.2153,12.6,2645.0,0.7858,929.0,0.4779,0.5,271.37,0.1443,3.7,13.0,1.0,11.001135669912193,6.37,9.48,18.8,795.0,9.53,0.43
4,14.6,1.0,13.6,0.78,504.6,527.6,0.4,24.0,0.3843,0.1477,17.5,1211.9,0.5512,741.0,0.4531,0.5,40.96,0.1051,3.86,11.0,3.0,8.79814609993789,6.64,6.44,22.8,1934.6,7.7,0.437
1,3.1,-10.0,13.1,1.53,222.0,222.7,1.7,33.0,0.2741,0.0752,5.2,730.3,0.6092,787.0,0.4147,0.5,318.87,0.1826,4.8,11.4,3.0,13.044117805546678,8.26,9.67,16.3,795.0,7.81,0.357
12,-1.0,-9.1,8.1,1.77,306.3,301.2,1.8,38.0,0.3134,0.0982,-1.9,1152.0,0.6933,855.0,0.3977,0.5,483.96,0.4435,5.4,7.7,1.0,11.686394458220224,9.29,9.92,13.0,795.0,8.2,0.513
1,1.5,-10.1,11.6,1.46,384.7,374.4,3.0,12.0,0.0965,0.0093,0.9,445.5,0.6065,785.0,0.3079,0.5,379.44,0.1302,6.32,10.0,3.0,10.97289062532325,10.87,8.11,17.7,795.0,7.37,0.288
4,10.9,1.2,9.7,1.5,572.4,587.2,0.7,51.0,0.5023,0.2523,27.8,2925.6,0.7051,864.0,0.5269,0.5,102.08,0.1604,3.8,8.0,4.0,19.673552037275183,6.54,14.12,18.9,795.0,7.12,0.527
12,-0.4,-10.5,10.1,0.91,205.2,212.7,3.6,59.0,0.4886,0.2388,-1.0,1203.4,0.6188,795.0,0.6823,0.5,456.0,0.0352,5.1,9.6,3.0,9.759912311269648,8.78,7.21,15.2,795.0,8.78,0.526
4,11.8,2.2,9.6,1.27,671.8,678.3,2.9,49.0,0.5475,0.2998,28.6,3258.8,0.5977,778.0,0.6327,0.5,85.16,0.0301,5.2,14.0,3.0,9.768995720160646,8.95,7.2,20.9,795.0,9.22,0.399
12,6.2,-6.8,13.0,0.83,262.2,259.3,3.3,44.0,0.3646,0.133,13.7,1147.1,0.829,963.0,0.4962,0.5,217.72,0.0716,4.1,11.4,3.0,15.233374507196578,7.05,11.49,18.6,795.0,8.2,0.399
1,0.7,-10.5,11.2,1.09,265.2,281.8,2.5,58.0,0.4827,0.233,2.0,1536.4,0.8017,941.0,0.4647,0.5,412.98,0.0002,3.2,18.2,1.0,11.225501530798592,5.51,9.66,16.5,795.0,8.71,0.445
3,5.7,-5.6,11.3,0.85,463.5,467.7,2.2,56.0,0.4663,0.2174,15.8,2593.3,0.8551,984.0,0.6124,0.5,235.21,0.0608,5.52,9.0,2.0,11.754484858753905,9.5,9.5,20.2,795.0,8.73,0.502
1,-2.2,-14.3,12.0,1.43,169.7,166.8,0.1,30.0,0.2535,0.0643,-3.4,516.2,0.6316,805.0,0.2048,0.5,539.81,0.11,5.91,17.0,1.0,12.506145348278569,10.17,10.48,14.9,795.0,6.65,0.338
2,1.6,-9.1,10.8,0.94,302.5,312.4,3.2,51.0,0.4228,0.1788,4.1,1534.7,0.5298,724.0,0.345,0.5,375.47,0.0242,5.14,14.8,2.0,10.537741317626281,8.84,8.33,17.1,795.0,10.36,0.429
4,14.8,2.2,12.6,1.23,473.3,474.1,2.8,52.0,0.8471,0.7176,38.4,2461.0,0.5328,726.0,0.687,0.5,38.75,0.0173,5.94,8.7,2.0,11.753153061646607,10.22,9.24,20.4,2842.4,9.74,0.488
3,8.3,-1.3,9.6,1.78,438.1,435.4,1.6,14.0,0.1128,0.0127,5.6,593.2,0.7413,893.0,0.4379,0.5,161.07,0.4573,4.1,14.9,2.0,14.71900171282937,7.05,11.63,16.1,795.0,6.0,0.291
3,10.2,-1.7,11.9,1.36,425.1,418.0,1.2,12.0,0.1043,0.0109,6.1,512.8,0.6636,831.0,0.2761,0.5,116.91,0.0653,5.7,12.0,4.0,16.110831341122935,9.81,11.41,18.8,795.0,4.86,0.382
12,1.2,-10.4,11.6,1.67,241.0,235.9,1.3,35.0,0.2881,0.083,2.1,833.1,0.6013,781.0,0.3327,0.5,392.54,0.3231,4.89,13.0,2.0,10.349389434235642,8.41,8.24,15.1,795.0,8.04,0.456
2,0.9,-8.5,9.3,0.69,368.7,372.2,2.8,56.0,0.4698,0.2207,2.5,2078.7,0.864,991.0,0.3437,0.5,404.18,0.1686,3.9,13.0,3.0,13.806436136637073,6.71,10.45,17.6,795.0,8.39,0.504
11,4.2,-9.7,13.9,0.89,298.9,304.9,0.3,58.0,0.48,0.2304,12.1,1721.6,0.7931,934.0,0.4953,0.5,281.91,0.0445,4.83,14.5,2.0,12.088808672426152,8.31,9.7,19.7,795.0,7.6,0.512
1,1.1,-11.8,13.0,1.04,267.6,265.8,0.8,57.0,0.471,0.2219,3.2,1512.9,0.625,800.0,0.454,0.5,394.65,0.0032,5.69,12.6,1.0,17.54064781004319,9.79,14.26,18.1,795.0,8.26,0.422
4,10.4,0.2,10.2,0.84,534.0,527.3,2.7,44.0,0.3917,0.1534,22.7,2344.3,0.5162,713.0,0.3746,0.5,113.35,0.0666,4.8,13.5,2.0,14.565883998624809,8.26,11.34,20.4,795.0,9.08,0.432
1,-4.1,-12.8,8.7,0.68,266.7,273.5,1.1,39.0,0.3226,0.104,-7.9,1032.2,0.8166,953.0,0.5075,0.5,628.02,0.1763,4.73,6.0,1.0,13.585108937979562,8.14,11.44,15.6,795.0,8.02,0.519
4,14.7,5.1,9.6,0.61,502.9,484.9,1.1,35.0,0.5708,0.3258,25.9,1768.0,0.5431,734.0,0.4947,0.5,39.18,0.2359,6.17,12.0,1.0,17.06097590298334,10.62,13.83,20.0,2446.3,8.08,0.44
12,2.6,-10.7,13.3,0.51,280.3,290.0,1.9,49.0,0.4122,0.1699,6.4,1386.2,0.688,850.0,0.4348,0.5,338.61,0.3455,4.8,11.0,3.0,9.77646658276997,8.26,7.28,19.9,795.0,7.78,0.478
12,5.6,-3.2,8.8,0.91,172.6,183.6,4.0,20.0,0.1632,0.0266,5.5,337.9,0.5672,754.0,0.2941,0.5,238.17,0.0366,3.5,12.5,1.0,18.50713156706897,6.02,14.93,13.7,795.0,8.54,0.379
1,0.9,-9.8,10.7,1.4,208.8,215.9,1.5,31.0,0.26,0.0676,1.3,651.5,0.5529,742.0,0.4808,0.5,405.6,0.0906,6.2,14.2,3.0,15.3110734890195,10.67,11.33,14.5,795.0,7.3,0.357
4,11.9,0.8,11.0,1.64,500.5,497.2,0.8,58.0,0.6691,0.4478,34.6,2916.6,0.5398,732.0,0.6528,0.5,83.0,0.2943,4.32,13.0,3.0,20.730789314200372,7.43,15.38,18.5,979.0,8.95,0.439
3,7.7,-6.0,13.7,1.41,316.4,314.0,1.2,47.0,0.3916,0.1533,18.0,1486.7,0.6892,851.0,0.478,0.5,177.73,0.099,3.9,11.4,3.0,11.709174909310578,6.71,8.73,18.4,795.0,8.25,0.5
11,5.8,-4.2,10.0,0.67,384.9,376.1,3.6,18.0,0.153,0.0234,5.3,706.7,0.6653,832.0,0.391,0.5,231.93,0.1863,4.07,12.3,2.0,20.163238505468613,7.0,15.65,18.4,795.0,8.4,0.419
2,2.8,-7.8,10.6,1.28,418.6,403.0,1.8,14.0,0.1147,0.0132,1.9,576.1,0.6291,803.0,0.3193,0.5,331.06,0.0337,4.0,12.0,3.0,13.663081999848679,6.88,10.15,17.8,795.0,8.27,0.349
2,6.2,-7.6,13.7,1.29,396.1,408.6,2.3,37.0,0.3083,0.0951,11.4,1465.3,0.6312,805.0,0.4673,0.5,220.31,0.0352,6.4,11.0,2.0,18.625753395370396,11.01,14.47,20.0,795.0,7.64,0.386
3,9.0,-0.0,9.0,1.46,458.5,476.6,2.1,12.0,0.1022,0.0104,5.5,562.4,0.5157,713.0,0.2865,0.5,143.98,0.1322,3.3,12.0,4.0,10.749655535928941,5.68,7.27,16.7,795.0,5.23,0.377
1,-5.8,-19.2,13.4,1.32,185.6,170.5,3.0,33.0,0.2743,0.0752,-9.5,611.1,0.7111,869.0,0.4273,0.5,717.03,0.0479,5.61,16.3,3.0,7.429154244706023,9.65,5.54,16.5,795.0,8.77,0.471
4,15.0,2.4,12.5,1.43,561.5,544.0,0.3,45.0,0.7444,0.5541,33.5,2519.7,0.62,796.0,0.5936,0.5,36.56,0.1064,6.1,16.4,1.0,14.097725683493797,10.5,11.67,21.2,2587.0,8.95,0.452
11,7.4,-3.3,10.7,1.62,274.0,257.2,0.6,43.0,0.3605,0.1299,16.0,1185.2,0.5518,741.0,0.4028,0.5,184.5,0.266,4.5,19.5,2.0,14.224541126664036,7.74,11.11,14.9,795.0,7.41,0.431
4,11.6,-0.4,12.0,1.25,615.0,591.4,2.6,26.0,0.29,0.0841,15.3,1622.3,0.5967,777.0,0.5285,0.5,88.44,0.0238,3.6,13.0,1.0,10.280293526623797,6.19,8.79,22.0,795.0,8.62,0.578
11,8.2,-1.8,9.9,0.91,271.5,293.5,0.9,49.0,0.4122,0.1699,20.2,1342.7,0.8661,993.0,0.497,0.5,165.01,0.0344,4.9,18.6,2.0,17.602723267655662,8.43,13.89,16.0,795.0,7.93,0.539
11,6.5,-7.4,13.9,0.79,294.5,286.0,2.9,38.0,0.3184,0.1014,12.4,1125.4,0.5837,767.0,0.5176,0.5,210.12,0.0947,5.9,9.0,4.0,18.454508417398344,10.15,13.11,19.8,795.0,8.77,0.451
4,13.3,1.5,11.8,1.23,396.7,374.1,1.6,51.0,0.7104,0.5047,34.1,2031.2,0.6285,803.0,0.5638,0.5,58.9,0.0161,5.3,9.0,1.0,14.046135240010637,9.12,11.64,18.6,2135.4,9.67,0.571
12,1.3,-9.5,10.8,1.04,260.5,261.6,1.5,63.0,0.5261,0.2768,4.0,1644.4,0.6938,855.0,0.5935,0.5,389.86,0.0033,4.3,14.5,3.0,10.997718741175529,7.4,8.2,16.2,795.0,9.73,0.416
2,5.3,-8.7,14.0,1.06,370.2,353.4,3.4,14.0,0.1139,0.013,3.6,505.8,0.6496,820.0,0.3082,0.5,246.76,0.0014,3.7,11.5,1.0,10.99239050983114,6.37,9.36,20.4,795.0,6.0,0.396
1,-4.3,-14.6,10.3,0.71,359.0,356.3,2.9,37.0,0.3072,0.0944,-8.0,1323.1,0.8247,960.0,0.4105,0.5,642.12,0.1551,4.4,14.0,2.0,13.841251989171464,7.57,11.04,18.2,795.0,8.86,0.327
2,2.0,-9.7,11.7,0.72,408.9,420.2,3.0,31.0,0.261,0.0681,3.1,1280.9,1.0,1148.0,0.383,0.5,361.55,0.1416,4.0,11.6,2.0,12.321133967064625,6.88,10.04,20.0,795.0,8.14,0.341
12,4.0,-7.2,11.2,0.82,292.3,279.4,1.1,27.0,0.2265,0.0513,5.4,794.2,0.7228,878.0,0.3676,0.5,289.27,0.0764,4.83,13.7,2.0,13.682856626321588,8.31,10.84,17.6,795.0,6.19,0.361
11,1.9,-7.1,9.0,1.7,337.2,364.4,1.4,42.0,0.3487,0.1216,4.0,1410.8,0.9861,1089.0,0.5522,0.5,363.78,0.356,5.2,12.9,1.0,11.081018430485816,8.95,9.7,14.3,795.0,8.09,0.476
4,11.3,2.1,9.2,0.61,507.0,520.5,2.2,34.0,0.3545,0.1257,19.1,1722.6,0.9626,1070.0,0.2753,0.5,94.85,0.2449,5.5,9.6,3.0,18.151257723829374,9.46,13.78,19.7,1067.4,8.15,0.384
1,2.7,-8.0,10.8,0.96,349.6,360.1,2.8,12.0,0.1018,0.0104,1.7,427.2,0.8355,968.0,0.2631,0.5,333.3,0.0187,5.27,16.0,1.0,8.770993136775544,9.07,7.85,17.8,795.0,6.13,0.408
11,0.8,-12.1,12.8,0.84,289.3,296.8,2.1,13.0,0.1097,0.012,0.5,380.8,0.7459,897.0,0.1793,0.5,409.92,0.0671,5.5,14.1,1.0,18.01879270868011,9.46,14.71,18.8,795.0,5.65,0.39
11,3.7,-8.0,11.7,1.17,320.5,318.6,1.8,20.0,0.1701,0.029,3.8,654.4,0.7649,912.0,0.4181,0.5,299.26,0.0047,5.9,13.8,3.0,9.82878949970007,10.15,7.38,17.6,795.0,7.38,0.347
12,2.2,-11.0,13.2,1.67,256.6,264.7,3.4,28.0,0.2339,0.0547,3.1,720.3,0.8783,1003.0,0.3148,0.5,353.7,0.3296,5.66,13.9,3.0,16.420477930630284,9.74,12.42,16.5,795.0,7.69,0.455
12,-0.8,-10.2,9.3,0.84,137.2,156.3,2.5,14.0,0.1204,0.0145,-0.6,198.2,0.7236,879.0,0.3302,0.5,477.32,0.0661,5.59,15.2,2.0,15.72804185418071,9.62,12.37,13.7,795.0,7.63,0.439
4,15.3,3.5,11.8,0.84,502.1,502.5,2.8,39.0,0.6698,0.4487,29.8,1957.6,0.8919,1013.0,0.7192,0.5,32.4,0.07,3.8,9.2,4.0,17.45877005820384,6.54,12.61,21.2,2747.0,10.69,0.486
1,1.4,-10.9,12.2,1.19,305.0,315.4,2.1,39.0,0.3259,0.1062,2.7,1192.8,0.6824,846.0,0.4153,0.5,385.12,0.0084,2.9,7.0,2.0,13.06593599393841,4.99,10.35,17.7,795.0,7.27,0.433
2,1.2,-9.4,10.6,1.43,210.9,220.6,3.8,27.0,0.227,0.0515,1.6,574.6,0.7758,921.0,0.4928,0.5,393.78,0.1095,4.2,13.0,2.0,12.504152001753267,7.23,10.0,14.4,795.0,8.15,0.515
2,1.7,-8.7,10.3,1.12,227.7,211.6,1.1,43.0,0.3592,0.129,3.6,981.7,0.485,688.0,0.3023,0.5,373.9,0.0004,5.5,13.0,1.0,15.126555800810005,9.46,12.33,15.2,795.0,9.79,0.223
12,-2.0,-11.5,9.5,1.1,211.7,203.0,0.8,21.0,0.1767,0.0312,-2.1,448.7,0.764,911.0,0.4385,0.5,529.97,0.0,4.3,13.0,4.0,14.113081449359138,7.4,10.0,14.3,795.0,5.77,0.349
4,12.1,0.0,12.1,1.05,522.9,512.8,1.1,56.0,0.6609,0.4368,33.8,2919.2,0.4017,621.0,0.6854,0.5,79.15,0.0027,4.5,8.2,3.0,10.636493842600796,7.74,7.7,21.2,878.6,9.79,0.563
3,4.3,-7.1,11.4,0.84,464.8,463.6,2.3,61.0,0.508,0.2581,13.1,2833.4,0.7092,867.0,0.5167,0.5,278.92,0.0684,5.53,15.0,3.0,8.017838170261548,9.52,5.98,20.3,795.0,10.07,0.426
4,14.9,3.2,11.7,0.71,518.3,513.2,2.2,42.0,0.6914,0.478,31.2,2166.1,0.3716,597.0,0.7224,0.5,36.9,0.1555,4.5,9.0,4.0,16.262315778613143,7.74,11.29,21.7,2071.1,8.36,0.504
2,-1.8,-12.2,10.4,1.21,441.4,429.5,0.3,12.0,0.0982,0.0096,-1.1,520.1,0.6209,797.0,0.3491,0.5,521.18,0.012,5.26,11.0,1.0,12.916222180112806,9.05,10.78,18.2,795.0,5.27,0.374
1,-2.0,-11.0,9.0,0.93,247.2,256.7,1.5,41.0,0.3402,0.1158,-4.1,1009.2,0.6098,788.0,0.4243,0.5,530.35,0.0286,4.67,8.0,2.0,19.50633960145831,8.04,15.12,14.9,795.0,6.95,0.431
12,-0.5,-13.0,12.4,0.78,163.2,157.4,2.1,21.0,0.1749,0.0306,-0.6,342.6,0.8131,950.0,0.3169,0.5,464.32,0.1025,4.02,8.7,4.0,16.846466527090996,6.92,12.09,16.7,795.0,6.56,0.377
3,5.8,-4.6,10.4,1.23,478.6,483.4,2.7,48.0,0.3991,0.1593,13.9,2291.8,0.6526,822.0,0.4636,0.5,230.79,0.0174,4.9,10.0,2.0,11.830036690280382,8.43,9.39,18.7,795.0,7.96,0.407
3,5.0,-6.8,11.7,1.3,423.8,419.1,3.9,54.0,0.4474,0.2002,13.3,2275.7,0.645,816.0,0.5074,0.5,257.41,0.041,5.1,13.0,4.0,11.933258962034724,8.78,8.27,18.8,795.0,10.09,0.357
12,4.3,-7.1,11.4,1.55,172.9,167.2,1.7,32.0,0.27,0.0729,7.0,560.2,0.6447,816.0,0.4165,0.5,279.16,0.206,4.37,16.3,3.0,13.444524648272427,7.52,10.0,14.1,795.0,7.79,0.259
4,11.1,2.1,9.0,0.8,412.0,435.2,3.6,47.0,0.4802,0.2306,26.2,1949.2,0.6796,844.0,0.5218,0.5,98.22,0.0892,5.4,10.0,1.0,14.659952043935823,9.29,12.14,17.7,795.0,9.06,0.461
3,10.5,2.4,8.1,1.17,316.2,308.0,3.0,27.0,0.2505,0.0627,14.4,865.2,0.0837,367.0,0.4065,0.5,110.4,0.0045,5.4,9.7,3.0,11.92372274167258,9.29,8.41,14.6,795.0,8.47,0.416
2,5.5,-6.4,11.9,2.09,331.1,313.2,1.3,26.0,0.2183,0.0477,7.2,867.4,0.6984,859.0,0.4593,0.5,240.69,0.9874,6.6,12.5,3.0,10.910705749501068,11.36,8.14,15.6,795.0,6.54,0.459
3,6.8,-2.7,9.6,1.01,392.6,407.3,2.5,44.0,0.3628,0.1317,14.9,1709.5,0.5454,736.0,0.5264,0.5,200.67,0.0087,4.9,11.5,3.0,14.017705929147814,8.43,10.35,17.3,795.0,7.3,0.449
2,4.8,-4.2,9.0,0.85,437.1,441.5,2.6,15.0,0.1272,0.0162,3.7,667.0,0.6673,834.0,0.2808,0.5,261.11,0.0602,5.6,12.4,1.0,14.941746507762545,9.64,12.34,17.9,795.0,7.9,0.348
4,8.5,-2.3,10.8,1.16,548.4,537.8,3.2,11.0,0.0897,0.0081,4.6,590.5,0.7495,900.0,0.3245,0.5,156.01,0.0036,6.2,13.2,4.0,11.155401280838552,10.67,7.77,20.3,795.0,6.83,0.373
4,17.6,8.4,9.2,0.86,473.4,463.4,1.4,34.0,0.7066,0.4992,29.6,1597.3,0.4169,634.0,0.6929,0.5,11.81,0.0572,5.42,8.2,3.0,11.781931758312387,9.33,8.57,18.6,2680.1,10.5,0.542
1,0.8,-10.1,10.9,1.01,287.7,297.7,1.6,16.0,0.1328,0.0176,0.7,458.5,0.73,884.0,0.2405,0.5,406.55,0.0074,5.0,12.0,2.0,16.693851787031665,8.6,13.1,16.8,795.0,7.8,0.433
3,9.1,-3.5,12.5,0.9,430.1,433.6,0.2,36.0,0.2978,0.0887,16.2,1536.8,0.6201,796.0,0.4304,0.5,142.4,0.0386,5.31,12.0,3.0,15.453523404542171,9.14,11.49,20.5,795.0,5.81,0.402
2,0.7,-13.2,13.9,1.36,324.4,315.8,2.4,12.0,0.0959,0.0092,0.4,373.5,0.4504,660.0,0.2576,0.5,411.59,0.0677,6.4,12.0,1.0,3.0,11.01,3.21,18.9,795.0,6.13,0.42
1,-2.6,-13.2,10.6,1.86,324.8,332.0,3.5,51.0,0.4215,0.1777,-6.6,1642.8,0.568,754.0,0.491,0.5,558.19,0.5796,5.5,11.5,4.0,19.68033677383044,9.46,14.01,15.0,795.0,9.08,0.447
4,17.2,8.5,8.7,1.15,475.6,470.1,2.4,34.0,0.7005,0.4906,29.6,1640.2,0.6211,797.0,0.609,0.5,14.55,0.0023,4.2,10.2,1.0,11.664670715634333,7.23,9.85,17.5,4330.1,9.63,0.544
11,7.6,-5.3,12.9,1.04,211.8,203.8,2.8,14.0,0.1157,0.0134,5.3,294.0,0.4802,684.0,0.3224,0.5,179.63,0.0033,4.24,10.6,2.0,14.642531229689899,7.3,11.37,17.2,795.0,6.24,0.391
1,1.4,-8.2,9.6,0.3,213.2,214.8,3.6,15.0,0.1224,0.015,1.0,313.1,0.5688,755.0,0.2876,0.5,383.83,0.64,4.1,13.0,4.0,11.953728085842519,7.05,8.22,16.5,795.0,8.37,0.502
11,3.8,-9.6,13.4,1.86,354.3,333.6,1.3,29.0,0.242,0.0585,5.5,1028.7,0.6343,807.0,0.3325,0.5,295.56,0.5812,5.3,16.0,2.0,9.546172210123192,9.12,7.67,17.7,795.0,7.72,0.454
11,9.8,1.8,8.0,1.59,269.9,273.0,2.2,63.0,0.5288,0.2796,31.1,1712.6,0.8693,995.0,0.5467,0.5,125.6,0.2361,4.17,7.9,2.0,12.266361144905963,7.18,9.9,12.8,1329.5,9.21,0.354
12,0.4,-7.7,8.2,1.69,196.8,187.7,1.3,59.0,0.4933,0.2433,1.2,1165.2,0.2363,489.0,0.5871,0.5,423.73,0.3459,10.44,12.5,3.0,15.417670644117296,17.96,11.15,11.6,795.0,7.92,0.498
4,17.4,4.5,12.9,1.45,513.7,508.5,3.3,15.0,0.3015,0.0909,12.7,749.8,0.7084,867.0,0.3508,0.5,13.0,0.1216,4.3,11.8,4.0,10.82530937254057,7.4,7.49,20.7,795.0,8.6,0.464
4,12.0,2.2,9.9,1.17,499.7,499.0,0.3,11.0,0.1293,0.0167,6.6,550.3,0.6616,829.0,0.3299,0.5,80.15,0.0045,3.5,11.1,3.0,11.147695167727484,6.02,8.29,18.8,795.0,5.8,0.389
3,6.2,-7.4,13.6,1.44,582.3,586.1,3.7,45.0,0.3783,0.1431,14.1,2643.5,0.4543,663.0,0.4076,0.5,218.69,0.1154,4.13,8.5,3.0,15.170276610668186,7.11,11.14,22.3,795.0,9.73,0.402
4,16.1,2.4,13.6,0.8,586.0,581.4,3.3,37.0,0.6839,0.4677,29.8,2168.9,0.7604,908.0,0.5852,0.5,24.15,0.0881,4.1,11.5,2.0,17.252616174870923,7.05,13.55,24.0,2116.1,9.47,0.376
11,3.3,-7.6,10.9,0.72,248.1,254.2,2.9,30.0,0.2467,0.0608,4.9,734.4,0.6428,814.0,0.2945,0.5,313.03,0.1431,5.28,10.5,2.0,9.717585835062604,9.09,7.8,16.9,795.0,6.04,0.39
11,8.4,-1.7,10.1,1.0,416.6,426.3,1.7,28.0,0.2302,0.053,11.6,1151.1,0.7512,901.0,0.321,0.5,159.16,0.0103,4.5,11.0,1.0,10.87554477967074,7.74,9.36,18.1,795.0,6.33,0.367
2,2.7,-7.5,10.2,1.21,374.6,366.9,0.7,27.0,0.2256,0.0509,3.6,1014.0,0.6386,811.0,0.3528,0.5,335.48,0.0114,4.43,10.1,2.0,13.109359140863015,7.62,10.34,17.1,795.0,7.21,0.399
11,2.5,-6.1,8.6,0.47,312.2,301.0,2.5,20.0,0.1648,0.0272,2.5,617.5,0.7399,892.0,0.3589,0.5,340.99,0.4008,5.4,12.0,4.0,10.699696699410932,9.29,7.42,16.7,795.0,8.21,0.318
4,14.9,2.5,12.5,0.7,538.6,540.4,2.5,52.0,0.8561,0.7329,38.6,2784.7,0.4991,699.0,0.7053,0.5,36.79,0.164,4.8,10.0,3.0,15.079608264098736,8.26,11.11,22.6,3675.7,10.73,0.411
12,6.8,-5.5,12.3,0.92,340.2,347.8,2.6,41.0,0.3457,0.1195,14.1,1411.1,0.6387,811.0,0.5295,0.5,202.17,0.0325,5.6,13.5,3.0,17.444862555449856,9.64,12.99,18.9,795.0,7.39,0.386
3,10.1,0.8,9.3,1.19,441.7,436.3,0.5,32.0,0.2749,0.0756,16.3,1430.7,0.8632,991.0,0.4318,0.5,119.0,0.0083,3.79,12.5,4.0,11.936610903117964,6.52,8.44,17.4,795.0,6.98,0.361
2,2.6,-8.1,10.7,1.32,285.9,292.0,2.9,26.0,0.2152,0.0463,3.3,738.3,0.72,876.0,0.3501,0.5,338.78,0.048,5.13,13.0,1.0,10.614181824571336,8.83,9.14,15.8,795.0,7.89,0.331
3,1.1,-8.3,9.4,1.27,583.7,574.8,3.9,26.0,0.2175,0.0473,1.5,1523.1,0.6619,830.0,0.431,0.5,395.13,0.0276,4.3,10.5,4.0,10.38970449807781,7.4,7.12,19.4,795.0,6.93,0.493
1,-3.6,-17.2,13.7,1.22,317.9,309.5,3.9,56.0,0.4628,0.2142,-9.9,1765.7,0.632,806.0,0.5829,0.5,603.4,0.0147,4.5,17.5,2.0,18.04577649261965,7.74,14.04,18.9,795.0,9.91,0.5
4,12.5,2.8,9.7,0.83,609.6,610.5,3.4,58.0,0.7245,0.5249,36.3,3547.9,0.8124,950.0,0.6349,0.5,72.77,0.0738,5.2,12.0,3.0,13.629688809256333,8.95,10.27,21.1,1233.4,10.89,0.463
11,5.4,-7.3,12.7,1.49,130.5,110.3,2.2,63.0,0.5245,0.2751,16.9,821.6,0.6846,848.0,0.4433,0.5,243.87,0.1508,4.9,11.7,4.0,19.047829486479834,8.43,13.63,14.7,795.0,10.22,0.36
12,0.1,-8.9,9.0,1.18,246.6,237.8,1.5,50.0,0.4186,0.1752,0.2,1238.6,0.6256,800.0,0.3804,0.5,437.08,0.0072,6.31,10.0,1.0,11.432471745037692,10.86,9.67,14.2,795.0,8.23,0.342
3,7.4,-1.7,9.1,1.7,409.9,394.0,3.8,38.0,0.3133,0.0982,13.9,1541.0,0.8559,985.0,0.4131,0.5,184.64,0.3595,3.5,9.5,4.0,12.393088948904541,6.02,8.78,15.5,795.0,8.25,0.448
11,12.4,3.8,8.6,0.3,368.6,382.4,4.0,11.0,0.1326,0.0176,6.7,398.1,0.8164,953.0,0.4277,0.5,74.51,0.64,4.0,10.5,3.0,10.174281067290572,6.88,7.68,18.0,1244.5,7.23,0.517
2,-0.6,-10.3,9.6,1.75,358.8,351.1,3.1,27.0,0.2281,0.052,-0.9,982.1,0.4881,690.0,0.4339,0.5,468.21,0.4251,4.4,13.0,1.0,22.16285230401728,7.57,17.61,15.0,795.0,7.07,0.571
1,-1.9,-13.9,12.0,0.44,314.1,296.1,1.1,23.0,0.1911,0.0365,-2.2,720.5,0.7364,889.0,0.4522,0.5,525.47,0.4299,5.0,15.3,1.0,10.846568466134812,8.6,9.32,19.5,795.0,8.18,0.418
12,-0.5,-12.2,11.7,1.25,196.6,194.2,0.6,15.0,0.1277,0.0163,-0.3,301.3,0.7644,912.0,0.2827,0.5,460.33,0.0237,4.6,9.8,1.0,13.502685122574198,7.91,11.34,15.5,795.0,6.09,0.422
12,1.8,-11.4,13.2,0.97,212.6,191.0,3.1,15.0,0.1209,0.0146,1.3,308.4,0.5211,717.0,0.1884,0.5,367.76,0.0157,5.9,14.2,2.0,12.085941794320846,10.15,9.48,17.6,795.0,8.43,0.43
1,-2.9,-12.4,9.6,1.16,215.6,228.9,0.6,13.0,0.1082,0.0117,-1.9,279.8,0.5499,740.0,0.4496,0.5,569.28,0.0033,10.52,12.3,2.0,14.466859462193671,18.1,11.29,14.3,795.0,6.03,0.472
3,7.4,-3.3,10.7,0.3,317.8,319.0,0.8,51.0,0.4219,0.178,18.8,1609.1,0.4588,667.0,0.5138,0.5,184.34,0.64,5.57,13.0,4.0,12.48029183897566,9.58,8.53,18.9,795.0,8.5,0.352
3,3.0,-8.5,11.5,0.94,396.8,396.8,1.2,57.0,0.4746,0.2252,8.6,2260.0,0.6235,799.0,0.4409,0.5,322.94,0.0253,6.11,10.5,2.0,7.161302260181288,10.51,5.87,19.1,795.0,7.83,0.486
2,-0.4,-9.6,9.3,1.18,355.6,331.9,0.1,40.0,0.3307,0.1094,-0.7,1411.2,0.4792,683.0,0.4525,0.5,456.5,0.0065,4.6,13.2,2.0,18.388111007079857,7.91,14.17,16.1,795.0,7.94,0.456
2,-3.9,-14.7,10.8,1.52,393.0,384.1,0.4,12.0,0.1,0.01,-2.3,471.7,0.7683,915.0,0.2846,0.5,618.71,0.1794,5.6,14.5,4.0,19.252488813601996,9.64,13.85,17.0,795.0,5.47,0.355
1,-0.5,-13.2,12.7,0.57,263.1,265.3,1.3,57.0,0.4716,0.2224,-1.5,1489.0,0.4795,684.0,0.4599,0.5,463.51,0.2829,5.46,13.0,1.0,15.68329089001014,9.39,12.75,19.0,795.0,8.13,0.504
2,1.0,-9.8,10.8,0.33,283.6,291.7,1.0,45.0,0.3734,0.1394,2.3,1270.6,0.722,878.0,0.4069,0.5,398.41,0.595,5.1,7.7,3.0,16.077679261817288,8.78,12.04,18.4,795.0,7.9,0.437
3,6.0,-4.0,10.0,1.25,420.5,429.5,0.4,12.0,0.1027,0.0105,3.7,518.1,0.5363,729.0,0.2815,0.5,225.54,0.0218,3.8,9.0,1.0,15.747604373099636,6.54,12.84,17.5,795.0,4.7,0.413
1,-2.7,-10.7,8.0,1.34,224.9,224.3,2.4,54.0,0.4511,0.2035,-7.3,1217.5,0.6951,856.0,0.5357,0.5,561.83,0.0554,6.44,10.3,2.0,16.014974537403194,11.08,12.57,12.8,795.0,8.34,0.476
3,7.7,-2.6,10.3,1.08,490.1,490.3,3.3,41.0,0.3438,0.1182,15.9,2022.0,0.6392,811.0,0.4862,0.5,177.01,0.0006,5.0,12.0,2.0,16.5991423865945,8.6,12.96,19.2,795.0,9.15,0.447
3,5.6,-6.7,12.4,1.13,376.2,370.0,3.9,12.0,0.0996,0.0099,3.4,449.8,0.7687,915.0,0.2779,0.5,235.88,0.001,5.1,9.7,2.0,4.962881807515114,8.78,4.34,19.0,795.0,6.92,0.274
3,11.9,3.6,8.3,0.75,407.9,412.0,0.4,49.0,0.5687,0.3234,29.4,2018.5,0.6543,823.0,0.5047,0.5,82.89,0.1205,3.7,6.6,1.0,8.347831051662787,6.37,7.38,17.2,1940.8,8.25,0.377
4,16.3,4.6,11.8,1.59,588.8,593.6,0.0,39.0,0.7336,0.5381,31.7,2287.7,0.5741,759.0,0.6195,0.5,21.83,0.2369,4.5,9.0,2.0,14.19396565597442,7.74,11.1,20.6,2153.9,9.84,0.324
12,2.3,-9.1,11.4,1.26,245.4,238.7,0.2,44.0,0.3663,0.1341,5.1,1078.6,0.5117,709.0,0.4545,0.5,349.24,0.0272,4.67,12.3,3.0,16.94661080495064,8.04,12.52,16.0,795.0,8.48,0.461
12,5.3,-7.1,12.3,2.03,363.9,350.9,0.3,56.0,0.4701,0.221,14.8,2052.7,0.7661,913.0,0.4366,0.5,247.64,0.8586,4.2,13.9,3.0,19.39589434568418,7.23,14.56,16.6,795.0,7.19,0.446
11,9.1,0.0,9.0,1.61,229.5,242.5,0.7,23.0,0.1926,0.0371,10.5,530.3,0.7981,938.0,0.3559,0.5,142.46,0.2632,4.1,11.5,2.0,14.14459848169019,7.05,11.25,12.9,795.0,6.93,0.418
1,-1.4,-9.4,8.0,1.53,301.0,305.3,3.8,43.0,0.3617,0.1308,-3.1,1306.1,0.8852,1008.0,0.448,0.5,502.14,0.1817,5.05,7.7,4.0,14.597014936423514,8.69,10.46,13.4,795.0,7.83,0.512
2,-1.4,-9.8,8.4,1.06,371.1,349.2,1.8,18.0,0.1503,0.0226,-1.3,669.2,0.6324,806.0,0.3195,0.5,502.37,0.0014,5.62,16.1,2.0,16.47172770667984,9.67,12.86,15.9,795.0,6.49,0.345
11,9.4,-2.3,11.7,0.49,287.3,276.9,3.3,48.0,0.4021,0.1617,22.6,1386.3,0.6173,794.0,0.4399,0.5,135.17,0.376,4.0,15.8,3.0,12.490071051498258,6.88,9.26,18.7,795.0,9.6,0.328
11,8.4,-3.9,12.2,1.25,316.4,319.1,3.1,45.0,0.3773,0.1424,19.0,1432.6,0.4291,643.0,0.3565,0.5,159.22,0.0217,6.17,11.8,4.0,16.94052033685687,10.62,11.85,17.7,795.0,7.72,0.432
11,8.4,-4.2,12.6,0.54,270.0,266.1,3.9,29.0,0.2393,0.0573,12.0,775.2,0.7363,889.0,0.4294,0.5,159.3,0.3141,5.69,15.7,4.0,18.052291220820987,9.79,12.93,19.0,795.0,5.48,0.367
4,19.6,8.0,11.6,0.58,503.9,510.8,0.0,24.0,0.577,0.3329,23.2,1191.9,0.8567,985.0,0.7103,0.5,1.86,0.2716,4.68,13.4,1.0,20.41617928552258,8.05,16.6,21.7,3431.6,7.75,0.538
4,12.3,2.4,10.0,1.47,526.4,546.3,1.1,61.0,0.7506,0.5633,37.8,3226.3,0.4459,657.0,0.6435,0.5,74.87,0.139,5.38,6.0,2.0,18.90477291203358,9.26,14.54,18.5,1790.9,10.0,0.447
12,2.6,-9.2,11.8,1.03,185.6,178.8,2.9,60.0,0.4993,0.2493,7.8,1111.7,0.6958,857.0,0.5169,0.5,338.11,0.0043,3.4,11.5,2.0,16.02758738708709,5.85,12.58,16.0,795.0,9.85,0.539
11,9.2,-1.0,10.2,1.13,404.2,388.4,1.3,23.0,0.192,0.0369,10.6,931.3,0.8799,1004.0,0.3934,0.5,138.47,0.0009,5.42,12.0,2.0,16.669093095539843,9.33,13.21,17.7,795.0,7.43,0.355
1,-1.3,-14.9,13.6,0.71,289.0,289.4,0.3,49.0,0.4094,0.1676,-3.2,1419.9,1.0,1125.0,0.4425,0.5,496.8,0.1507,5.7,8.0,4.0,16.023391299068788,9.81,11.62,19.7,795.0,7.8,0.341
11,8.9,0.3,8.5,1.63,328.6,336.7,1.3,51.0,0.4261,0.1816,22.7,1680.5,0.7031,862.0,0.4583,0.5,147.0,0.2766,6.0,7.5,1.0,12.409196335272714,10.32,10.47,14.0,795.0,8.43,0.357
3,9.3,0.5,8.8,1.08,451.5,434.8,2.7,35.0,0.2924,0.0855,16.3,1584.4,0.3677,594.0,0.4482,0.5,137.02,0.0004,5.3,13.2,2.0,16.05526112812614,9.12,12.34,17.4,795.0,8.71,0.466
4,10.6,0.3,10.3,0.88,401.2,396.1,0.8,46.0,0.4271,0.1824,24.2,1833.4,0.2671,514.0,0.5532,0.5,108.02,0.0466,4.89,9.0,2.0,21.20797749312311,8.41,16.12,18.4,795.0,7.01,0.297
3,7.8,-1.1,8.9,0.58,430.1,416.9,0.1,56.0,0.4683,0.2193,21.8,2417.4,0.4432,655.0,0.6175,0.5,174.92,0.2662,5.14,14.7,4.0,8.677400737692292,8.84,5.66,18.4,795.0,8.34,0.541
12,0.9,-9.5,10.4,0.89,129.3,134.5,1.0,54.0,0.45,0.2025,2.5,698.2,0.3798,604.0,0.4607,0.5,403.57,0.0445,6.6,9.0,3.0,14.65267972964156,11.36,10.69,14.4,795.0,8.64,0.415
4,13.1,2.1,11.0,1.0,587.4,602.6,0.8,13.0,0.1759,0.031,8.5,764.1,0.5699,756.0,0.3851,0.5,62.17,0.0096,4.97,12.0,3.0,19.909049969642673,8.55,14.79,21.4,795.0,5.74,0.422
4,11.2,-1.1,12.3,1.32,541.5,531.6,1.8,28.0,0.294,0.0865,15.9,1539.8,0.6966,857.0,0.4845,0.5,95.95,0.05,4.7,9.0,2.0,16.429909492003347,8.09,12.88,21.0,795.0,7.28,0.498
2,4.3,-4.9,9.2,0.72,396.7,398.8,1.9,38.0,0.3148,0.0991,8.2,1498.2,0.4573,666.0,0.3461,0.5,277.9,0.1428,4.0,8.5,2.0,12.663076681218026,6.88,9.86,17.8,795.0,7.0,0.478
3,5.7,-6.6,12.3,1.33,407.8,422.0,0.9,56.0,0.4688,0.2198,16.0,2294.6,0.7193,875.0,0.4391,0.5,234.87,0.0536,5.8,11.0,3.0,12.27072984449508,9.98,9.18,18.9,795.0,8.71,0.416
2,0.8,-12.6,13.5,0.79,409.8,417.6,2.6,10.0,0.0869,0.0076,0.4,427.4,0.5806,764.0,0.3394,0.5,406.55,0.0958,4.98,11.4,2.0,12.326466427646501,8.57,9.71,21.2,795.0,6.36,0.421
4,11.2,-2.6,13.8,1.19,505.2,493.4,2.0,15.0,0.1599,0.0256,8.6,776.8,0.8314,965.0,0.2537,0.5,95.28,0.0075,4.5,13.0,1.0,13.781066046067622,7.74,11.6,22.0,795.0,7.93,0.35
1,0.5,-11.4,11.9,1.12,274.1,281.6,0.9,54.0,0.4523,0.2046,1.3,1487.7,0.7316,885.0,0.4791,0.5,421.12,0.0003,4.1,9.0,1.0,11.259359230556713,7.05,9.63,17.2,795.0,8.34,0.426
2,-2.0,-10.9,8.9,0.98,322.9,320.2,2.8,29.0,0.2382,0.0567,-2.9,923.1,0.7998,940.0,0.3468,0.5,530.18,0.0133,5.9,10.6,1.0,11.980626679340169,10.15,10.23,15.8,795.0,8.37,0.472
2,0.8,-9.2,10.0,1.09,438.3,447.8,2.4,42.0,0.3516,0.1236,1.8,1849.4,0.9042,1023.0,0.2465,0.5,406.79,0.0001,6.22,12.0,3.0,14.259379380751994,10.7,10.82,18.1,795.0,7.23,0.379
11,7.2,-2.7,9.9,1.64,416.5,408.7,1.5,54.0,0.4458,0.1988,19.2,2228.1,0.2932,535.0,0.5608,0.5,191.49,0.2905,4.1,16.5,4.0,17.412423474018407,7.05,12.09,16.4,795.0,8.35,0.386
11,3.8,-5.4,9.2,1.08,395.8,390.8,3.5,48.0,0.4009,0.1607,9.0,1904.3,0.7599,908.0,0.5152,0.5,297.49,0.0004,4.1,14.0,2.0,6.943411084169023,7.05,5.82,16.9,795.0,9.61,0.443
1,-2.6,-10.7,8.1,1.32,210.2,213.9,2.2,47.0,0.3909,0.1528,-6.0,986.1,0.5974,778.0,0.4687,0.5,555.35,0.0499,4.0,10.0,2.0,12.163834376830563,6.88,9.6,12.6,795.0,8.48,0.426
12,7.5,-4.0,11.5,0.87,243.6,243.2,0.4,38.0,0.3146,0.099,14.2,919.8,0.3502,580.0,0.4411,0.5,181.76,0.0509,3.58,8.8,1.0,13.092981401409249,6.16,10.7,17.0,795.0,7.42,0.351
12,-0.5,-11.9,11.4,0.9,256.2,254.1,1.5,50.0,0.4208,0.177,-1.3,1293.5,0.5641,751.0,0.6343,0.5,462.36,0.042,6.59,9.8,2.0,14.585396214694137,11.34,11.39,17.0,795.0,7.94,0.43
3,13.0,0.8,12.2,1.37,307.2,304.0,2.2,50.0,0.6639,0.4407,32.3,1526.4,0.4246,640.0,0.7653,0.5,63.72,0.0738,4.22,9.5,2.0,12.13362613066067,7.26,9.44,17.2,1055.5,9.98,0.49
1,1.2,-12.1,13.3,0.44,428.6,422.0,2.6,40.0,0.3369,0.1135,2.4,1732.8,0.678,842.0,0.3831,0.5,391.8,0.4319,5.18,14.5,2.0,19.44271244853013,8.91,15.12,22.3,795.0,8.6,0.502
11,10.5,0.2,10.3,1.9,290.9,278.3,3.4,34.0,0.314,0.0986,18.0,995.3,0.3787,603.0,0.4073,0.5,110.13,0.6345,4.2,10.1,2.0,7.712572416464887,7.23,6.09,14.2,795.0,6.95,0.474
2,3.6,-4.9,8.6,1.49,302.5,292.2,2.2,46.0,0.3872,0.1499,8.4,1405.7,0.3597,588.0,0.4829,0.5,302.41,0.1558,4.6,7.8,4.0,11.014041799041582,7.91,7.35,13.9,795.0,8.7,0.329
11,10.3,-0.6,10.9,0.3,281.7,278.2,0.1,50.0,0.4395,0.1932,25.6,1394.9,0.802,942.0,0.4567,0.5,113.93,0.64,4.8,12.0,1.0,8.03251016187285,8.26,7.27,18.5,795.0,7.59,0.382
2,-0.4,-10.8,10.4,1.26,372.0,359.6,1.8,16.0,0.132,0.0174,-0.3,589.0,0.6106,788.0,0.3707,0.5,458.56,0.0267,4.1,11.0,3.0,14.603664117072505,7.05,10.84,17.0,795.0,6.87,0.414
12,2.7,-5.3,8.1,0.74,249.0,267.4,3.1,26.0,0.2139,0.0458,3.5,639.3,0.8569,986.0,0.3896,0.5,333.07,0.1312,3.5,12.0,2.0,12.300566649266575,6.02,9.91,14.6,795.0,8.68,0.436
2,2.9,-8.9,11.8,0.38,202.7,189.2,1.1,49.0,0.4073,0.1659,7.1,990.9,0.4508,661.0,0.5069,0.5,326.85,0.5141,3.9,9.0,2.0,8.487606172261508,6.71,6.73,17.8,795.0,9.02,0.401
1,-1.0,-13.7,12.7,0.91,271.5,263.5,3.2,36.0,0.3027,0.0916,-1.8,986.3,0.4229,638.0,0.3396,0.5,483.57,0.0371,3.2,15.0,1.0,14.334723863263061,5.51,11.69,18.3,795.0,9.05,0.544
2,2.0,-11.4,13.4,0.72,271.5,275.1,2.8,41.0,0.3439,0.1183,4.2,1120.4,0.5226,718.0,0.3919,0.5,359.56,0.1451,5.7,17.6,3.0,18.18267016517502,9.81,13.46,19.3,795.0,7.46,0.277
1,-0.3,-10.2,9.9,1.65,324.8,340.8,1.0,12.0,0.1038,0.0108,-0.2,404.8,0.6499,820.0,0.3276,0.5,454.69,0.304,4.6,12.0,3.0,18.669418292397914,7.91,13.92,15.0,795.0,6.32,0.423
4,13.6,0.8,12.8,1.23,547.7,551.0,1.1,30.0,0.4268,0.1822,20.2,1630.0,0.565,752.0,0.5604,0.5,54.69,0.0176,5.2,17.5,3.0,12.071849240894732,8.95,8.91,21.7,1342.7,7.16,0.471
3,8.1,-1.4,9.4,1.27,486.1,484.4,1.6,22.0,0.1839,0.0338,8.9,1073.0,0.7102,868.0,0.2296,0.5,167.52,0.0291,5.82,16.5,1.0,16.47597952543065,10.01,13.53,18.0,795.0,7.05,0.426
4,14.0,0.9,13.1,1.33,478.7,475.0,3.8,27.0,0.4097,0.1678,19.1,1310.5,0.5434,735.0,0.6565,0.5,49.29,0.0519,5.3,11.0,2.0,16.481813497130663,9.12,12.8,20.6,1321.2,9.61,0.446
2,1.5,-9.9,11.4,1.46,427.8,443.2,0.8,18.0,0.1525,0.0233,1.4,782.9,0.8015,941.0,0.2876,0.5,379.31,0.1283,4.85,10.0,1.0,15.171993962018806,8.35,12.62,18.2,795.0,6.05,0.248
11,11.5,2.5,9.0,1.35,408.0,410.0,1.6,14.0,0.1506,0.0227,8.0,565.6,0.9741,1079.0,0.4198,0.5,89.88,0.0627,3.1,11.0,2.0,13.451575048081938,5.33,10.87,16.3,795.0,6.41,0.414
4,8.2,-3.9,12.1,1.24,543.9,535.3,3.6,56.0,0.4669,0.218,23.0,3047.1,0.8281,962.0,0.5263,0.5,163.22,0.0206,3.1,11.0,2.0,12.238861675308836,5.33,9.84,21.1,795.0,8.8,0.435
11,6.8,-1.7,8.6,1.34,337.4,342.5,0.8,15.0,0.1218,0.0148,5.0,493.2,0.5187,715.0,0.3396,0.5,200.42,0.0583,4.61,7.6,2.0,8.171791978037358,7.93,6.54,14.9,795.0,7.1,0.513
1,-4.0,-16.3,12.3,1.12,298.0,295.5,2.7,31.0,0.2543,0.0647,-6.1,909.4,0.8643,991.0,0.4004,0.5,624.0,0.0006,5.32,12.0,1.0,12.357470094448832,9.15,10.56,17.8,795.0,7.31,0.374
3,6.4,-4.6,11.0,1.43,426.2,410.9,1.1,29.0,0.2405,0.0578,9.2,1229.9,0.7702,916.0,0.3843,0.5,213.65,0.1106,5.81,9.0,4.0,12.540243084522878,10.0,8.82,17.9,795.0,6.95,0.412
11,6.9,-2.0,8.9,1.3,269.1,269.5,1.1,12.0,0.0989,0.0098,4.1,319.5,0.7385,891.0,0.4092,0.5,199.75,0.0403,4.27,11.0,3.0,13.37227254092923,7.35,10.02,14.2,795.0,6.73,0.34
4,15.0,2.4,12.6,1.35,420.2,418.6,3.0,11.0,0.1759,0.031,7.9,445.7,0.722,878.0,0.3526,0.5,36.58,0.0643,3.35,7.0,1.0,23.21091154825441,5.76,18.59,19.3,809.9,8.95,0.364
11,11.5,2.0,9.5,1.46,321.1,334.3,2.3,31.0,0.3399,0.1155,18.0,1004.8,0.5932,775.0,0.4564,0.5,89.92,0.1267,3.2,15.0,3.0,17.1866947956389,5.51,12.76,15.1,795.0,8.71,0.43
12,-0.2,-12.4,12.2,1.22,297.5,279.6,3.3,51.0,0.4237,0.1796,-0.4,1512.9,0.7788,923.0,0.528,0.5,447.46,0.0135,4.1,12.5,1.0,10.109021930603507,7.05,8.8,17.5,795.0,8.57,0.508
1,2.3,-11.1,13.5,1.37,199.8,194.2,0.5,65.0,0.5409,0.2926,7.6,1297.1,0.5497,740.0,0.5702,0.5,347.86,0.0711,4.4,13.0,4.0,17.15293536278678,7.57,12.1,16.7,795.0,8.62,0.547
12,-0.6,-11.3,10.7,0.82,245.0,255.8,2.5,21.0,0.1718,0.0295,-0.7,504.9,0.788,930.0,0.436,0.5,468.27,0.077,4.49,10.6,3.0,11.579528587329172,7.73,8.72,16.5,795.0,6.85,0.439
11,5.4,-6.7,12.1,1.36,280.1,290.6,1.7,23.0,0.1891,0.0357,6.1,635.4,0.9012,1021.0,0.3757,0.5,244.49,0.0657,4.98,16.0,3.0,10.754375606734863,8.57,8.19,16.8,795.0,7.73,0.36
2,4.9,-6.8,11.7,0.3,357.0,359.8,1.4,42.0,0.3537,0.1251,10.4,1515.2,0.4752,680.0,0.4429,0.5,258.89,0.64,5.34,8.0,3.0,11.831169364528325,9.19,8.65,20.3,795.0,7.22,0.378
2,3.4,-9.6,13.1,1.35,233.8,238.2,3.1,23.0,0.1898,0.036,3.9,532.6,0.7972,938.0,0.4703,0.5,308.15,0.0607,4.01,9.5,2.0,13.195409433884658,6.9,10.53,16.9,795.0,7.95,0.426
3,6.4,-6.4,12.8,0.43,477.1,470.5,0.1,53.0,0.4442,0.1974,17.0,2543.3,0.9179,1034.0,0.4418,0.5,213.75,0.4459,10.77,9.6,4.0,21.793464140084964,18.53,15.88,22.6,795.0,8.13,0.542
12,-0.0,-12.3,12.2,1.32,228.5,223.8,2.3,56.0,0.469,0.22,-0.1,1285.8,0.62,796.0,0.6064,0.5,442.87,0.0476,5.47,11.2,1.0,8.085909143907184,9.41,7.16,16.2,795.0,9.34,0.463
4,12.3,-1.4,13.7,0.56,491.3,474.3,1.6,61.0,0.7466,0.5575,37.7,3011.2,0.9178,1034.0,0.6912,0.5,75.54,0.2881,4.9,14.2,1.0,11.205431542035333,8.43,9.74,23.2,1474.1,11.44,0.502
1,2.7,-5.5,8.1,1.34,337.2,321.9,0.6,11.0,0.0914,0.0084,1.5,370.0,0.5321,726.0,0.261,0.5,335.13,0.0555,5.2,13.0,2.0,10.887136423709507,8.95,8.59,14.5,795.0,6.9,0.301
11,8.6,-2.2,10.8,1.03,328.2,317.5,2.1,49.0,0.4042,0.1634,20.8,1591.8,0.4861,689.0,0.5621,0.5,154.47,0.0052,5.9,11.0,3.0,17.02236559570122,10.15,12.56,17.3,795.0,7.98,0.319
4,15.5,1.9,13.6,1.48,532.8,526.8,2.5,62.0,1.0,1.0,48.3,3329.4,0.6185,795.0,0.8812,0.5,30.78,0.1431,4.4,9.6,1.0,17.65992115443946,7.57,14.34,21.4,3786.6,11.99,0.606
2,5.0,-5.2,10.2,1.45,355.2,356.9,3.1,37.0,0.311,0.0967,9.4,1325.9,0.6406,812.0,0.6539,0.5,255.58,0.1242,4.4,13.1,1.0,15.69593452011251,7.57,12.88,16.2,795.0,7.14,0.429
12,1.3,-7.7,9.0,1.38,227.1,219.5,0.3,17.0,0.1431,0.0205,1.1,390.0,0.8546,984.0,0.3076,0.5,387.78,0.0802,5.2,10.2,2.0,6.755978255193508,8.95,5.75,13.5,795.0,5.59,0.329
3,10.5,1.0,9.5,1.76,338.1,339.1,0.5,26.0,0.2423,0.0587,13.9,890.4,0.7201,876.0,0.3571,0.5,109.84,0.4305,5.1,10.0,1.0,11.936823638881165,8.78,10.13,14.6,795.0,7.7,0.472
4,15.9,7.0,8.9,2.09,425.5,405.2,1.5,26.0,0.4673,0.2184,20.4,1094.0,0.9063,1025.0,0.4427,0.5,25.95,0.9833,5.1,12.0,2.0,17.65850389013014,8.78,13.97,14.6,1976.9,8.08,0.455
2,2.2,-11.1,13.3,0.47,287.3,290.8,1.8,59.0,0.4886,0.2387,6.5,1684.2,0.4409,653.0,0.5397,0.5,353.03,0.4014,5.7,17.0,3.0,11.253179670710502,9.81,8.19,20.1,795.0,7.58,0.416
1,2.7,-9.4,12.1,1.07,244.2,245.8,1.4,27.0,0.2275,0.0518,3.7,666.6,0.8007,941.0,0.3304,0.5,334.41,0.0009,4.76,11.0,1.0,16.935148628592316,8.19,13.94,17.0,795.0,6.58,0.42
3,11.8,0.6,11.1,1.72,394.9,425.3,2.9,10.0,0.1165,0.0136,6.1,408.1,0.8617,989.0,0.3366,0.5,85.37,0.3874,6.2,12.9,2.0,15.032540429628835,10.67,11.96,16.8,795.0,7.99,0.397
4,12.4,-1.1,13.5,1.48,464.2,461.5,3.2,22.0,0.2756,0.076,13.9,1042.4,0.8088,947.0,0.355,0.5,74.58,0.1418,6.1,13.0,1.0,12.679731990997752,10.5,10.76,20.4,795.0,7.93,0.475
2,2.3,-7.9,10.2,1.9,299.3,315.9,1.5,43.0,0.3587,0.1287,5.0,1288.3,0.4877,690.0,0.534,0.5,348.56,0.636,5.6,8.0,2.0,7.076471054894194,9.64,5.7,14.2,795.0,6.81,0.44
12,-1.3,-12.1,10.7,1.44,313.5,319.0,3.5,31.0,0.2556,0.0653,-2.0,961.5,0.5289,723.0,0.4084,0.5,498.41,0.1169,3.14,8.6,2.0,12.31816190339633,5.4,9.66,16.0,795.0,8.03,0.453
11,11.2,1.6,9.6,0.87,444.4,436.6,1.7,15.0,0.1577,0.0249,8.6,680.5,0.9579,1066.0,0.333,0.5,96.46,0.0512,5.59,7.0,2.0,13.421046722131162,9.62,10.83,18.5,795.0,6.88,0.485
4,14.1,5.8,8.3,1.0,400.6,407.3,1.0,20.0,0.2997,0.0898,14.0,795.1,0.7517,901.0,0.4347,0.5,48.13,0.0094,4.9,11.7,3.0,14.963895517952423,8.43,11.22,16.4,1062.9,8.25,0.424
12,-0.7,-12.4,11.8,1.11,182.4,183.3,3.7,19.0,0.1563,0.0244,-0.6,342.0,0.547,738.0,0.2346,0.5,469.32,0.0001,4.12,11.5,2.0,8.127549044924162,7.09,6.53,15.7,795.0,6.84,0.337
3,6.5,-7.1,13.6,1.26,433.0,430.3,2.6,22.0,0.183,0.0335,7.1,950.8,0.6208,797.0,0.3571,0.5,210.53,0.0246,4.2,11.0,3.0,20.090496526838365,7.23,14.96,20.5,795.0,5.79,0.389
3,7.1,-4.6,11.7,1.47,387.4,390.3,1.4,11.0,0.0888,0.0079,3.8,412.8,0.5645,752.0,0.3041,0.5,193.34,0.1336,3.8,13.5,4.0,10.15839039095598,6.54,6.87,17.8,795.0,6.65,0.335
4,14.5,4.7,9.9,0.7,553.9,543.0,0.8,55.0,0.8734,0.7627,39.9,3043.3,0.7578,906.0,0.8436,0.5,41.77,0.1618,5.33,7.5,4.0,14.515633630591871,9.17,10.29,20.8,2065.9,12.8,0.417
11,7.1,-4.1,11.2,1.16,328.8,322.5,0.3,17.0,0.1437,0.0207,6.1,567.0,0.6431,814.0,0.3389,0.5,193.98,0.0033,3.8,10.5,1.0,9.97450148427021,6.54,8.6,17.3,795.0,6.96,0.365
2,1.1,-11.5,12.6,1.06,378.8,390.4,0.5,17.0,0.1403,0.0197,0.9,637.6,0.6222,798.0,0.307,0.5,396.24,0.0015,5.6,11.2,2.0,15.402746144064482,9.64,12.05,19.4,795.0,5.86,0.388
2,2.6,-9.3,11.9,0.59,360.9,353.2,2.3,59.0,0.493,0.243,7.6,2134.7,0.6247,800.0,0.5481,0.5,340.16,0.26,5.1,10.0,2.0,8.2313533590724,8.78,6.67,19.7,795.0,8.43,0.457
4,12.2,2.5,9.8,0.7,557.8,568.8,3.2,47.0,0.5675,0.3221,28.8,2624.0,0.627,802.0,0.6724,0.5,76.76,0.1628,4.2,11.3,1.0,12.502722993251117,7.23,10.48,20.7,795.0,10.09,0.507
11,6.4,-7.5,13.8,1.56,245.8,258.4,1.4,47.0,0.392,0.1537,14.9,1156.3,0.6862,849.0,0.5256,0.5,214.6,0.2121,5.0,9.5,2.0,15.91203968571714,8.6,12.48,17.2,795.0,8.12,0.423
12,1.4,-9.6,11.0,0.81,188.7,189.4,2.4,39.0,0.328,0.1076,2.8,742.8,0.6189,795.0,0.5114,0.5,383.85,0.0834,5.4,7.5,1.0,14.553794303051204,9.29,12.01,15.9,795.0,7.87,0.478
4,16.3,3.7,12.6,1.61,544.6,552.5,0.1,29.0,0.5433,0.2952,23.5,1573.0,0.6388,811.0,0.6031,0.5,22.21,0.2622,4.6,9.0,4.0,17.336535546107143,7.91,12.31,20.5,1544.7,8.42,0.445
12,1.9,-7.4,9.3,0.96,255.2,267.5,3.8,59.0,0.4924,0.2425,5.6,1507.8,0.818,954.0,0.5281,0.5,364.67,0.0195,3.84,10.8,1.0,13.21608009747816,6.61,11.17,15.2,795.0,11.02,0.426
3,12.0,1.5,10.5,1.67,405.9,396.4,2.8,43.0,0.5041,0.2541,25.9,1754.9,0.6881,850.0,0.4171,0.5,81.06,0.3284,3.7,14.0,3.0,15.83139393672814,6.37,11.82,16.6,795.0,7.6,0.369
2,1.1,-7.3,8.4,1.39,405.7,400.1,3.9,15.0,0.1287,0.0166,0.8,626.4,0.5087,707.0,0.3555,0.5,396.69,0.0864,5.0,11.0,4.0,12.450789270020733,8.6,8.55,15.6,795.0,7.57,0.371
12,-0.1,-9.6,9.5,1.1,221.0,209.0,1.2,48.0,0.3963,0.1571,-0.2,1051.1,0.4107,629.0,0.6043,0.5,444.78,0.0,4.9,9.0,1.0,18.25245434904613,8.43,14.62,14.5,795.0,6.76,0.419
11,9.4,0.1,9.3,1.37,300.8,289.9,1.9,13.0,0.1117,0.0125,6.3,403.1,0.5364,729.0,0.3011,0.5,135.33,0.0725,4.5,10.0,3.0,8.822297941627326,7.74,6.45,14.8,795.0,7.16,0.37
12,1.8,-11.3,13.2,1.04,200.1,197.2,3.4,29.0,0.2426,0.0589,2.7,582.6,0.6786,843.0,0.3694,0.5,367.02,0.0042,6.9,14.5,1.0,15.11907131396922,11.87,12.48,17.3,795.0,8.74,0.437
1,-0.1,-13.4,13.3,1.89,472.1,461.8,2.9,50.0,0.4198,0.1763,-0.2,2378.5,0.6453,816.0,0.448,0.5,443.65,0.6264,4.61,11.6,3.0,3.0,7.93,2.17,19.3,795.0,8.2,0.451
12,2.9,-8.7,11.5,2.55,248.6,245.6,3.6,34.0,0.2793,0.078,4.8,833.1,0.6693,835.0,0.5057,0.5,328.69,2.0956,6.37,13.5,1.0,17.967875293449076,10.96,14.61,12.9,795.0,7.65,0.43
2,5.3,-4.5,9.9,1.65,453.4,452.4,1.8,53.0,0.4383,0.1921,14.1,2384.6,0.4164,633.0,0.5584,0.5,244.94,0.3029,4.5,4.0,1.0,20.806612087776923,7.74,16.54,16.9,795.0,8.72,0.378
3,8.6,-4.3,13.0,1.84,464.3,470.7,2.9,22.0,0.1792,0.0321,9.3,998.5,0.8626,990.0,0.3658,0.5,152.83,0.5438,4.7,13.0,2.0,13.246362741017897,8.09,10.62,19.0,795.0,7.26,0.4
2,7.7,-0.8,8.5,0.63,311.5,316.3,3.0,44.0,0.3641,0.1326,16.8,1361.2,0.7865,929.0,0.4631,0.5,177.69,0.2184,4.94,12.7,3.0,11.489995811092165,8.5,8.65,16.2,795.0,7.8,0.493
3,8.3,-1.3,9.6,0.77,456.3,453.2,2.3,38.0,0.3146,0.099,15.6,1722.6,0.8584,987.0,0.4884,0.5,161.66,0.1073,4.9,17.0,2.0,12.442725838718644,8.43,10.02,18.9,795.0,7.67,0.352
2,0.2,-10.7,10.9,0.56,290.3,284.8,0.3,21.0,0.1777,0.0316,0.2,619.2,0.6318,805.0,0.3004,0.5,433.28,0.2939,4.79,12.0,1.0,18.488195758034074,8.24,14.97,17.9,795.0,7.94,0.42
2,2.1,-9.7,11.7,1.03,315.5,318.2,3.2,33.0,0.2725,0.0743,3.4,1031.7,0.7828,926.0,0.3703,0.5,358.96,0.0044,5.0,14.0,1.0,5.345044640798715,8.6,5.24,17.8,795.0,7.44,0.314
1,-6.3,-17.2,11.0,1.34,286.5,309.5,2.6,47.0,0.3886,0.151,-14.6,1336.2,0.8231,958.0,0.4838,0.5,742.89,0.0594,4.8,16.8,2.0,12.861961136834225,8.26,10.3,16.0,795.0,8.58,0.415
3,5.2,-8.5,13.7,1.51,271.7,259.4,4.0,28.0,0.2307,0.0532,7.2,752.2,1.0,1156.0,0.389,0.5,249.61,0.1649,4.2,3.2,4.0,8.296069960657249,7.23,5.82,17.6,795.0,7.49,0.483
12,3.3,-10.6,13.9,1.7,227.0,234.5,0.1,28.0,0.2294,0.0526,4.5,624.9,0.6264,801.0,0.3387,0.5,314.07,0.363,4.6,15.5,2.0,18.21238357546106,7.91,14.16,16.6,795.0,6.62,0.417
1,-0.6,-10.3,9.7,0.89,394.4,412.6,2.8,14.0,0.1167,0.0136,-0.4,552.3,0.6335,807.0,0.392,0.5,467.92,0.044,5.1,8.5,2.0,12.851030010477384,8.78,10.15,17.8,795.0,7.55,0.472
1,0.0,-9.4,9.5,1.58,230.9,220.8,1.6,34.0,0.2871,0.0824,0.1,795.3,0.8923,1014.0,0.366,0.5,439.49,0.2271,6.0,13.5,3.0,14.261737414204699,10.32,10.81,13.4,795.0,7.91,0.405
12,-0.1,-12.6,12.5,1.0,264.4,274.6,2.3,63.0,0.5229,0.2734,-0.2,1659.1,0.8345,968.0,0.4692,0.5,443.4,0.0107,6.0,15.5,4.0,14.779630715910393,10.32,10.55,17.8,795.0,10.24,0.439
1,0.4,-8.2,8.6,1.19,284.8,266.8,1.6,27.0,0.2246,0.0505,0.6,767.7,0.6482,819.0,0.3042,0.5,422.58,0.0077,5.29,11.4,2.0,15.532091356996748,9.1,12.17,14.5,795.0,6.98,0.326
11,5.6,-2.6,8.2,1.0,396.0,381.3,0.8,58.0,0.4871,0.2373,16.4,2314.9,0.6564,825.0,0.5057,0.5,237.19,0.0093,4.3,10.0,2.0,8.812660549868628,7.4,7.13,16.3,795.0,8.07,0.362
4,12.8,4.0,8.8,1.16,543.9,530.6,2.5,12.0,0.1524,0.0232,7.5,638.7,0.5021,702.0,0.2346,0.5,67.47,0.004,4.3,15.3,3.0,18.42432518848122,7.4,13.62,18.6,795.0,7.58,0.365
1,-0.5,-12.2,11.7,1.53,311.7,311.4,1.2,62.0,0.5154,0.2656,-1.5,1927.5,0.8299,964.0,0.6688,0.5,461.04,0.1848,4.15,11.3,2.0,14.685155554577577,7.14,11.68,16.5,795.0,9.39,0.425
3,6.5,-2.2,8.8,0.82,466.0,458.6,0.9,47.0,0.3885,0.1509,15.2,2172.5,0.6027,782.0,0.5225,0.5,209.73,0.0772,5.9,13.0,3.0,12.930993222532987,10.15,9.58,18.2,795.0,6.91,0.296
2,1.4,-7.8,9.2,1.31,403.8,375.2,1.9,16.0,0.1311,0.0172,1.1,635.0,0.4136,631.0,0.2366,0.5,385.2,0.0448,4.1,10.0,1.0,18.774530096823828,7.05,15.01,16.4,795.0,5.9,0.534
1,4.3,-7.6,11.8,0.74,299.0,304.8,0.9,53.0,0.4385,0.1923,11.2,1573.5,0.6506,820.0,0.559,0.5,279.93,0.1281,2.76,15.0,4.0,10.929823789779403,4.75,7.52,18.4,795.0,7.83,0.511
12,0.7,-11.8,12.4,0.91,284.8,297.2,0.6,28.0,0.2338,0.0547,0.9,798.9,0.6802,844.0,0.4646,0.5,413.53,0.0351,4.3,11.8,4.0,18.172796193827914,7.4,12.97,18.2,795.0,6.14,0.332
2,-0.8,-13.9,13.1,0.83,234.6,242.0,3.4,33.0,0.2713,0.0736,-1.2,763.6,0.6637,831.0,0.4294,0.5,473.8,0.0742,4.5,9.0,3.0,4.9699572942808015,7.74,3.66,18.3,795.0,7.93,0.412
4,15.6,3.5,12.0,0.96,454.9,455.5,2.8,59.0,1.0,1.0,46.0,2687.2,0.7894,932.0,0.8355,0.5,29.5,0.0183,4.2,10.0,2.0,13.925918077678288,7.23,11.08,20.3,2295.6,12.13,0.47
3,4.5,-7.1,11.5,0.3,474.6,468.3,0.8,20.0,0.1666,0.0278,4.5,949.0,0.5671,754.0,0.3644,0.5,272.56,0.64,5.1,13.0,3.0,16.971835910108634,8.78,12.58,21.9,795.0,7.39,0.309
1,-0.9,-12.3,11.4,1.55,186.2,169.2,0.3,21.0,0.1761,0.031,-0.9,393.5,0.836,969.0,0.1728,0.5,478.09,0.1994,4.7,10.0,1.0,16.825068756903416,8.09,13.89,14.3,795.0,7.66,0.231
2,-0.2,-13.7,13.5,1.38,393.4,406.7,0.0,19.0,0.161,0.0259,-0.2,759.9,0.722,878.0,0.2763,0.5,448.55,0.0778,4.6,11.9,2.0,16.59219158368721,7.91,13.02,19.6,795.0,8.08,0.414
1,-0.9,-14.7,13.8,1.22,379.0,369.6,3.5,55.0,0.4566,0.2085,-2.5,2076.5,0.6529,822.0,0.5221,0.5,479.82,0.0156,5.1,10.0,2.0,14.740062219137979,8.78,11.58,19.9,795.0,7.83,0.481
11,7.8,-6.1,14.0,1.33,368.0,372.1,0.1,19.0,0.16,0.0256,7.5,706.5,0.7052,864.0,0.3062,0.5,173.36,0.0534,5.0,14.2,1.0,15.770995999942514,8.6,12.99,19.7,795.0,6.05,0.302
12,2.4,-11.2,13.6,1.49,264.9,270.6,0.7,22.0,0.1847,0.0341,2.7,587.2,0.8175,954.0,0.4737,0.5,345.69,0.1511,4.73,7.0,2.0,8.676466862933456,8.14,7.16,17.4,795.0,6.34,0.396
2,0.9,-9.2,10.1,1.48,376.3,370.4,1.1,35.0,0.2907,0.0845,1.6,1312.8,0.5988,779.0,0.2753,0.5,403.27,0.1449,5.8,9.0,3.0,12.991284527944341,9.98,9.62,16.3,795.0,7.29,0.511
11,7.4,-5.5,13.0,1.03,362.1,358.7,1.1,55.0,0.4601,0.2117,20.6,1999.5,0.5846,768.0,0.486,0.5,183.74,0.0052,6.35,17.5,2.0,16.690331778042577,10.93,12.99,19.5,795.0,8.66,0.372
1,-7.7,-19.6,12.0,0.91,231.9,219.8,2.0,45.0,0.3747,0.1404,-17.2,1042.8,0.6407,813.0,0.4147,0.5,821.82,0.0374,3.0,14.0,3.0,18.818578227743195,5.16,14.03,17.1,795.0,8.82,0.483
1,0.4,-11.7,12.1,0.87,343.1,355.3,1.4,12.0,0.1035,0.0107,0.2,426.1,0.6091,787.0,0.3973,0.5,425.28,0.0535,4.1,6.4,3.0,17.07934894458132,7.05,12.7,19.0,795.0,7.55,0.397
3,3.0,-8.8,11.8,1.21,248.9,273.6,3.0,33.0,0.2757,0.076,4.9,823.5,0.779,923.0,0.4664,0.5,325.26,0.0114,6.78,11.5,3.0,14.299623618469735,11.67,10.75,16.4,795.0,8.55,0.363
3,9.1,-3.0,12.0,0.69,452.3,458.5,0.5,41.0,0.344,0.1184,18.7,1867.2,0.5113,709.0,0.4608,0.5,142.13,0.1691,4.43,11.5,1.0,17.724590008702503,7.62,14.3,21.0,795.0,8.63,0.517
12,-1.2,-14.2,13.1,1.74,226.8,219.5,2.6,56.0,0.467,0.2181,-3.2,1271.2,0.5344,728.0,0.4073,0.5,490.91,0.4105,5.84,13.0,2.0,17.947368575116535,10.05,13.89,15.8,795.0,10.19,0.481
12,3.7,-5.1,8.8,1.19,272.9,291.2,1.8,55.0,0.4602,0.2118,10.2,1507.1,0.7763,921.0,0.5696,0.5,299.48,0.0074,7.13,12.6,3.0,13.747644252053156,12.27,10.33,14.5,795.0,8.03,0.413
1,0.7,-12.6,13.3,0.91,293.2,293.7,2.7,63.0,0.5237,0.2743,2.1,1842.7,0.5176,714.0,0.5343,0.5,413.97,0.0378,5.35,13.0,3.0,9.891732767082404,9.21,7.23,19.0,795.0,9.84,0.439
2,0.9,-10.7,11.6,0.45,276.9,276.7,0.8,29.0,0.2393,0.0572,1.3,795.1,0.8475,978.0,0.3969,0.5,403.94,0.4189,5.1,12.3,2.0,18.14946727494951,8.78,14.29,18.6,795.0,6.26,0.362
1,-0.4,-9.0,8.6,1.04,307.5,310.6,0.5,17.0,0.1393,0.0194,-0.4,514.1,0.5542,743.0,0.3395,0.5,459.36,0.004,4.1,10.5,3.0,11.584987650695854,7.05,8.53,15.2,795.0,6.44,0.422
3,4.0,-9.3,13.3,1.06,423.5,412.4,3.0,25.0,0.206,0.0425,4.9,1047.0,0.4807,685.0,0.4979,0.5,290.69,0.0017,6.26,16.0,2.0,18.105874178154263,10.77,13.96,20.6,795.0,7.57,0.343
1,2.2,-11.4,13.6,1.57,324.2,321.2,1.3,61.0,0.5095,0.2596,6.6,1982.1,0.489,691.0,0.4836,0.5,355.24,0.2224,3.7,13.2,2.0,14.677399850470385,6.37,11.4,18.1,795.0,7.73,0.491
3,9.0,-1.7,10.7,0.3,358.1,353.7,2.3,40.0,0.3305,0.1092,17.8,1420.1,0.4379,650.0,0.4926,0.5,145.06,0.64,6.3,7.5,1.0,20.262382231134545,10.84,16.15,19.4,795.0,6.29,0.437
4,13.3,4.7,8.6,0.94,508.6,514.0,1.3,64.0,0.8807,0.7757,42.4,3250.0,0.7538,903.0,0.7263,0.5,59.76,0.0247,4.5,12.0,3.0,19.209849053407545,7.74,14.41,18.4,2243.2,10.62,0.506
12,0.7,-10.8,11.5,0.64,297.9,305.1,2.3,28.0,0.2345,0.055,1.0,838.3,0.5494,740.0,0.2272,0.5,410.39,0.2126,4.7,8.5,2.0,13.341730595741216,8.09,10.45,18.4,795.0,7.79,0.39
4,11.8,2.2,9.6,1.48,464.8,447.9,3.5,16.0,0.1792,0.0321,9.3,730.8,0.6306,804.0,0.3116,0.5,83.93,0.1474,4.6,10.2,3.0,13.881782705491522,7.91,10.32,17.2,795.0,6.47,0.405
3,7.8,-5.4,13.2,0.87,435.3,429.5,2.2,31.0,0.2594,0.0673,12.1,1354.8,0.6269,802.0,0.4363,0.5,174.92,0.0506,4.77,8.8,2.0,18.51710744839103,8.21,14.39,21.2,795.0,8.26,0.54
11,5.5,-6.9,12.4,1.02,299.0,276.0,2.7,41.0,0.3388,0.1148,11.1,1215.6,0.527,722.0,0.4807,0.5,241.76,0.0067,5.05,11.0,2.0,15.649362133949106,8.69,12.16,18.1,795.0,6.57,0.41
12,4.1,-7.9,12.0,1.09,287.3,276.8,1.5,61.0,0.511,0.2612,12.4,1761.9,0.7375,890.0,0.4551,0.5,286.96,0.0001,4.1,12.0,3.0,13.071136724796094,7.05,9.79,17.5,795.0,8.55,0.357
4,18.1,5.1,13.0,1.2,543.4,543.1,1.9,33.0,0.723,0.5227,30.0,1801.5,0.4508,661.0,0.6623,0.5,8.5,0.0108,5.5,13.0,3.0,7.572893680238811,9.46,5.44,21.9,2522.7,10.19,0.503
4,11.3,-0.3,11.7,0.86,462.3,462.2,1.3,20.0,0.2129,0.0453,11.4,932.1,0.5444,736.0,0.4096,0.5,93.38,0.0583,3.79,10.0,1.0,16.744719546638553,6.52,13.59,20.4,795.0,7.01,0.411
12,0.9,-9.7,10.6,1.19,288.6,290.7,0.2,59.0,0.4896,0.2397,2.6,1695.5,0.5364,729.0,0.4243,0.5,404.86,0.0089,5.3,13.3,3.0,18.26009415696099,9.12,13.52,16.1,795.0,7.25,0.493
3,8.3,-5.5,13.8,1.03,409.8,407.2,2.3,29.0,0.2389,0.0571,11.9,1174.8,0.5405,732.0,0.3806,0.5,161.53,0.0048,4.1,8.5,2.0,12.826695455752056,7.05,10.05,20.9,795.0,6.94,0.426
11,8.8,-2.0,10.8,0.78,329.9,336.4,0.7,11.0,0.088,0.0077,4.6,348.1,0.6317,805.0,0.3124,0.5,149.06,0.1035,5.9,7.9,3.0,8.163107000037117,10.15,6.03,17.9,795.0,5.29,0.388
12,3.3,-7.6,10.9,0.41,188.3,177.2,1.9,40.0,0.337,0.1135,6.6,761.2,0.5046,704.0,0.4268,0.5,314.7,0.4817,4.9,10.2,2.0,12.413627186478095,8.43,9.71,16.8,795.0,6.62,0.419
11,7.7,-3.1,10.8,0.67,390.1,385.6,0.2,38.0,0.3132,0.0981,14.5,1465.9,0.5323,726.0,0.3576,0.5,176.85,0.1807,4.2,15.0,3.0,15.974097625874514,7.23,11.81,19.1,795.0,7.6,0.517
3,4.6,-7.5,12.1,0.49,451.5,453.7,3.5,42.0,0.3528,0.1245,9.7,1911.7,0.668,834.0,0.3258,0.5,269.0,0.3714,6.6,13.0,3.0,10.936510747362636,11.36,8.14,21.5,795.0,7.43,0.384
2,-3.6,-15.0,11.4,0.3,360.0,368.2,0.3,52.0,0.4345,0.1888,-9.4,1876.8,0.4914,693.0,0.4425,0.5,606.17,0.64,5.6,13.0,3.0,13.867505677711053,9.64,10.19,20.1,795.0,7.0,0.369
1,-1.2,-11.1,9.9,0.72,248.8,257.8,1.8,48.0,0.4002,0.1602,-2.9,1195.0,0.7605,908.0,0.4886,0.5,492.56,0.1461,4.4,12.0,1.0,12.494759978751041,7.57,10.58,16.2,795.0,7.88,0.555
1,0.6,-12.1,12.8,1.15,173.7,190.5,0.8,51.0,0.4243,0.18,1.6,884.6,0.9687,1075.0,0.5056,0.5,414.58,0.0029,6.53,15.9,3.0,14.677611220883833,11.24,11.18,16.2,795.0,6.46,0.453
2,0.5,-11.9,12.4,1.25,359.2,369.4,2.9,41.0,0.3405,0.116,1.0,1467.7,0.7689,915.0,0.5528,0.5,421.36,0.0223,5.8,13.0,1.0,9.423385601787329,9.98,8.28,18.4,795.0,9.42,0.434
4,14.9,2.8,12.1,1.63,545.2,545.3,2.8,43.0,0.7155,0.5119,32.3,2362.2,0.467,674.0,0.7177,0.5,37.11,0.277,5.5,14.0,1.0,12.472777710016917,9.46,10.33,20.1,2956.3,9.88,0.586
1,-0.3,-12.0,11.7,0.72,375.5,384.8,1.7,38.0,0.3129,0.0979,-0.6,1409.9,0.6929,854.0,0.473,0.5,454.78,0.1476,4.62,15.0,4.0,18.74668252504651,7.95,13.41,19.5,795.0,9.37,0.436
2,4.9,-8.3,13.2,1.57,318.8,303.4,1.5,37.0,0.3103,0.0963,9.1,1186.9,0.7782,923.0,0.3859,0.5,260.23,0.2184,5.43,11.0,4.0,15.194945075113266,9.34,10.82,17.7,795.0,7.99,0.362
3,11.0,1.9,9.1,0.91,405.2,406.6,1.7,13.0,0.131,0.0172,7.2,528.7,0.5171,714.0,0.4001,0.5,99.5,0.0378,4.2,6.3,1.0,13.539405366249659,7.23,11.17,17.4,795.0,7.66,0.424
2,-0.4,-11.2,10.8,1.61,432.2,437.6,2.3,64.0,0.5344,0.2856,-1.2,2771.8,0.9025,1022.0,0.464,0.5,456.85,0.2602,6.12,13.2,2.0,14.451027353084198,10.53,11.56,17.4,795.0,9.48,0.574
11,3.1,-7.7,10.8,0.94,324.0,327.8,1.1,13.0,0.108,0.0117,2.0,420.0,0.8666,993.0,0.2598,0.5,320.19,0.0257,5.6,12.6,2.0,7.963887270415556,9.64,6.67,17.4,795.0,6.38,0.275
4,16.3,3.3,13.0,0.88,407.7,411.5,3.1,44.0,0.8258,0.682,35.7,1789.7,0.6661,833.0,0.6517,0.5,22.2,0.0495,5.2,11.8,1.0,17.594792190278056,8.95,14.33,20.6,3336.1,11.59,0.481
12,4.2,-5.1,9.3,0.73,334.3,339.0,0.8,15.0,0.1252,0.0157,3.1,502.4,0.7106,868.0,0.3671,0.5,282.6,0.1342,5.03,9.0,2.0,15.770861742060982,8.65,12.4,16.9,795.0,7.08,0.437
2,8.1,-2.2,10.4,1.25,369.3,383.4,1.1,46.0,0.3818,0.1458,18.7,1692.1,0.6824,846.0,0.4923,0.5,165.28,0.0222,4.8,15.0,3.0,15.590337714899574,8.26,11.64,17.0,795.0,7.82,0.419
1,6.4,-5.2,11.6,1.24,288.2,272.8,3.1,64.0,0.5304,0.2813,20.2,1834.5,0.4858,689.0,0.624,0.5,214.49,0.0199,5.5,14.5,2.0,13.041854905798616,9.46,10.17,16.8,795.0,9.39,0.387
3,5.4,-3.9,9.2,0.89,469.4,454.1,2.5,62.0,0.5179,0.2682,16.7,2917.4,0.643,814.0,0.4545,0.5,244.67,0.0442,3.73,12.0,3.0,7.886798642962308,6.42,5.83,18.5,795.0,9.44,0.494
2,6.4,-5.7,12.1,0.85,474.5,464.9,2.3,12.0,0.1041,0.0108,4.0,592.4,0.6204,796.0,0.2121,0.5,213.1,0.0607,4.2,11.5,1.0,14.185504391276684,7.23,11.74,21.0,795.0,6.74,0.362
12,2.3,-11.4,13.7,0.67,210.5,217.1,3.8,26.0,0.2182,0.0476,3.1,551.3,0.6007,781.0,0.4639,0.5,348.36,0.1864,5.5,11.5,1.0,12.916649613365525,9.46,10.77,18.8,795.0,7.15,0.336
4,14.5,1.9,12.5,1.24,462.9,467.9,1.2,17.0,0.2686,0.0721,12.3,786.8,0.3759,601.0,0.4683,0.5,42.49,0.0185,3.3,7.2,1.0,16.72148198407515,5.68,13.44,20.2,1322.9,8.1,0.538
11,3.5,-6.6,10.1,0.85,222.7,217.8,1.9,55.0,0.4553,0.2073,9.6,1216.7,0.6218,797.0,0.4347,0.5,305.23,0.0602,6.19,8.6,1.0,16.320743579414692,10.65,13.34,15.6,795.0,8.9,0.508
12,-0.6,-12.2,11.6,1.22,298.7,307.8,3.0,37.0,0.3109,0.0967,-1.2,1114.4,0.5742,759.0,0.4465,0.5,468.44,0.014,4.5,12.5,2.0,15.137024681879186,7.74,11.81,17.0,795.0,8.32,0.525
2,-0.6,-11.4,10.8,1.19,280.7,268.1,0.7,52.0,0.4301,0.185,-1.6,1448.8,0.6338,807.0,0.4619,0.5,467.83,0.0073,4.84,12.8,3.0,13.970519728720214,8.33,10.38,16.2,795.0,6.66,0.538
12,5.0,-5.4,10.3,0.49,361.2,359.2,0.3,52.0,0.4292,0.1842,12.8,1860.6,0.6911,853.0,0.5638,0.5,256.43,0.3717,6.71,13.0,1.0,7.719105150118721,11.55,6.94,18.8,795.0,7.28,0.5
1,-7.7,-17.3,9.6,0.88,207.1,190.9,1.7,48.0,0.4038,0.163,-18.6,1003.4,0.7461,897.0,0.4543,0.5,822.94,0.0498,3.83,8.9,1.0,11.002713413554439,6.59,9.45,14.9,795.0,7.6,0.553
4,12.7,-0.1,12.9,0.89,565.2,577.3,2.4,11.0,0.1408,0.0198,7.0,617.5,0.6812,845.0,0.2796,0.5,68.38,0.0458,4.6,10.8,2.0,6.929927086609489,7.91,5.74,22.9,795.0,6.35,0.362
1,-1.9,-13.6,11.7,0.96,294.4,281.9,2.8,20.0,0.1646,0.0271,-1.9,581.4,0.7494,900.0,0.3663,0.5,524.17,0.0203,4.0,8.0,1.0,10.420132960724256,6.88,9.01,17.7,795.0,7.21,0.357
1,4.5,-4.4,8.9,1.22,220.8,216.7,4.0,55.0,0.4603,0.2119,12.4,1219.5,0.7638,911.0,0.5857,0.5,272.85,0.0133,5.0,8.0,2.0,13.027142413767104,8.6,10.38,13.7,795.0,8.26,0.47
12,1.3,-8.1,9.4,1.1,352.9,348.7,0.3,59.0,0.4944,0.2444,3.8,2093.5,0.767,914.0,0.4893,0.5,389.39,0.0,3.9,9.9,3.0,16.178956195380938,6.71,12.15,16.4,795.0,8.92,0.426
1,0.8,-8.6,9.4,1.01,346.6,353.5,3.7,54.0,0.4501,0.2026,2.1,1872.1,0.8553,984.0,0.5152,0.5,408.23,0.0077,4.4,9.0,2.0,8.712794107192128,7.57,7.22,16.5,795.0,9.65,0.336
12,-1.0,-12.1,11.0,1.12,256.1,253.0,3.1,39.0,0.3217,0.1035,-2.0,988.8,0.5667,753.0,0.4883,0.5,485.17,0.0002,6.6,8.5,3.0,17.10988602726896,11.36,12.69,16.2,795.0,9.3,0.399
11,5.9,-6.2,12.1,0.93,205.5,203.0,3.9,38.0,0.3142,0.0987,11.1,774.9,0.8064,945.0,0.4302,0.5,228.02,0.0277,4.8,10.0,1.0,14.22220299642628,8.26,11.91,16.7,795.0,8.61,0.371
12,-0.2,-13.7,13.5,0.52,276.7,274.2,0.7,24.0,0.2017,0.0407,-0.3,669.9,0.5668,753.0,0.3027,0.5,449.82,0.3352,4.1,10.0,2.0,15.575599250242941,7.05,12.14,20.0,795.0,5.7,0.444
11,10.2,-2.9,13.1,1.54,303.9,296.1,2.4,43.0,0.3733,0.1394,21.9,1306.4,0.7017,861.0,0.494,0.5,116.41,0.1953,3.9,13.0,1.0,13.704499007753753,6.71,11.44,17.5,795.0,8.3,0.378
1,-2.7,-12.1,9.4,1.18,288.8,289.8,2.4,55.0,0.4581,0.2099,-7.4,1587.8,0.6439,815.0,0.5554,0.5,561.64,0.007,5.66,12.0,3.0,18.916505398846194,9.74,14.1,15.2,795.0,7.81,0.37
12,-0.4,-11.1,10.7,0.73,310.8,312.0,3.3,51.0,0.4258,0.1813,-0.9,1588.0,0.6589,827.0,0.5665,0.5,456.63,0.1351,5.32,12.0,2.0,16.277241967229845,9.15,12.74,17.7,795.0,9.35,0.418
12,-2.6,-12.6,10.0,0.56,146.9,134.1,2.2,57.0,0.4739,0.2246,-7.3,835.5,1.0,1105.0,0.5832,0.5,555.81,0.2898,4.6,11.9,3.0,10.701283248711247,7.91,8.23,15.1,795.0,8.23,0.565
1,-4.7,-14.3,9.6,0.96,290.4,283.7,2.4,62.0,0.5202,0.2706,-14.7,1812.9,0.7643,911.0,0.5159,0.5,660.2,0.0202,6.06,11.0,3.0,12.726568606803086,10.43,9.56,16.0,795.0,11.83,0.461
1,-1.5,-14.9,13.4,1.39,220.9,224.9,2.6,16.0,0.1314,0.0173,-1.2,348.2,0.7936,935.0,0.1393,0.5,506.27,0.0858,6.1,17.0,3.0,12.789176561114354,10.5,9.63,16.9,795.0,7.86,0.466
11,8.9,0.2,8.7,1.12,360.9,361.4,2.3,40.0,0.3374,0.1138,18.0,1461.0,0.3378,570.0,0.4276,0.5,146.57,0.0005,11.7,9.3,2.0,8.684646437585204,20.13,6.78,15.9,795.0,8.79,0.467
2,5.7,-3.5,9.2,0.94,405.3,402.5,1.6,19.0,0.1611,0.026,5.5,783.6,0.8334,967.0,0.3993,0.5,232.83,0.0269,4.3,16.8,3.0,12.564355184446589,7.4,9.49,17.4,795.0,5.4,0.334
2,3.9,-8.0,11.9,1.24,263.2,266.7,3.2,24.0,0.1974,0.039,4.6,623.4,0.437,650.0,0.237,0.5,292.65,0.0209,4.19,17.3,2.0,15.810547272274523,7.21,12.21,16.7,795.0,6.98,0.362
1,2.4,-8.1,10.5,0.37,266.0,277.1,3.8,16.0,0.1326,0.0176,1.9,423.3,0.9918,1093.0,0.3759,0.5,344.83,0.5333,4.4,10.5,3.0,15.157160448851378,7.57,11.56,17.8,795.0,7.27,0.425
3,11.3,-2.3,13.6,1.01,352.8,365.1,1.5,39.0,0.4096,0.1678,22.1,1384.2,0.5639,751.0,0.4401,0.5,94.8,0.0087,5.25,11.0,3.0,17.074495942697688,9.03,12.66,19.9,1410.1,7.71,0.513
1,-2.5,-14.8,12.3,1.6,155.6,174.8,1.1,61.0,0.5096,0.2597,-7.6,951.7,0.6572,826.0,0.6403,0.5,552.15,0.2498,4.01,16.5,3.0,9.834911562615314,6.9,7.3,14.5,795.0,8.5,0.382
11,3.3,-5.7,9.0,1.24,321.0,300.7,1.6,16.0,0.1368,0.0187,2.7,527.0,0.6257,801.0,0.3181,0.5,311.98,0.0197,5.9,13.0,2.0,18.00563624531765,10.15,14.0,15.2,795.0,5.74,0.329
12,1.3,-10.3,11.6,0.78,304.2,306.3,0.6,65.0,0.5376,0.289,4.2,1962.6,0.5963,777.0,0.5886,0.5,388.31,0.1044,4.4,12.5,2.0,11.124281364331011,7.57,8.82,18.2,795.0,8.4,0.532
2,1.9,-8.9,10.8,1.44,412.3,420.2,0.1,31.0,0.2619,0.0686,3.0,1295.6,0.5698,756.0,0.3439,0.5,363.77,0.1139,4.11,15.3,4.0,13.11133916384821,7.07,9.09,17.6,795.0,6.63,0.514
3,9.9,-2.4,12.2,1.2,394.4,391.8,0.6,10.0,0.0842,0.0071,5.0,398.6,0.3845,608.0,0.303,0.5,124.01,0.0098,4.6,7.2,2.0,7.128745962185587,7.91,5.65,19.0,795.0,5.81,0.322
1,-1.1,-10.4,9.2,1.37,340.7,340.1,2.8,38.0,0.3134,0.0982,-2.2,1281.6,0.6518,821.0,0.3933,0.5,490.61,0.071,5.59,13.0,2.0,18.52543702152918,9.62,14.42,15.4,795.0,7.69,0.417
12,2.8,-9.4,12.3,1.41,190.3,194.4,3.0,25.0,0.2059,0.0424,3.5,470.1,0.8932,1015.0,0.3693,0.5,329.68,0.0949,5.0,11.3,2.0,17.85810413678881,8.6,14.11,15.4,795.0,5.92,0.442
4,16.1,3.8,12.3,0.6,472.4,471.8,2.9,61.0,1.0,1.0,49.5,2902.9,0.6389,811.0,0.9,0.5,23.97,0.2469,4.87,17.0,2.0,19.16105493633146,8.38,14.88,21.7,3584.3,12.52,0.547
3,9.5,-2.7,12.3,0.42,388.6,405.8,2.7,41.0,0.3407,0.1161,19.4,1588.8,0.5642,751.0,0.4906,0.5,132.02,0.4657,3.71,12.0,3.0,10.772285998993498,6.38,7.93,20.9,795.0,7.37,0.334
11,12.1,2.7,9.4,0.87,388.8,376.5,3.7,16.0,0.1851,0.0343,9.5,607.6,0.5021,702.0,0.4036,0.5,79.06,0.0538,5.54,7.5,3.0,16.316473644114293,9.53,12.04,17.5,795.0,6.8,0.462
3,9.2,-1.9,11.1,0.9,386.8,387.3,3.8,28.0,0.233,0.0543,12.9,1081.6,0.629,803.0,0.406,0.5,138.76,0.0413,4.93,12.7,1.0,12.103070807035063,8.48,10.18,18.7,795.0,7.39,0.315
4,10.7,-2.1,12.8,0.82,537.8,526.4,3.3,50.0,0.4777,0.2282,26.9,2704.3,0.772,918.0,0.5844,0.5,106.08,0.0783,5.38,9.0,3.0,16.133927055728588,9.26,12.12,22.5,795.0,8.35,0.45
12,-4.1,-14.4,10.3,1.88,364.1,363.7,0.5,14.0,0.1168,0.0136,-2.9,510.3,0.6831,846.0,0.2533,0.5,629.93,0.6101,4.26,13.9,2.0,18.487164791205338,7.33,14.41,15.3,795.0,5.83,0.469
2,2.6,-11.2,13.7,0.75,276.0,288.9,2.5,54.0,0.4477,0.2004,6.9,1482.6,0.4778,682.0,0.4719,0.5,340.13,0.1214,5.9,13.0,4.0,7.832026021156877,10.15,5.06,19.5,795.0,7.61,0.52
4,10.1,1.9,8.2,1.2,505.6,500.9,1.4,60.0,0.5116,0.2617,30.4,3038.5,0.4857,689.0,0.5777,0.5,118.65,0.0105,5.92,12.7,1.0,15.677218519825576,10.19,12.75,17.4,795.0,9.43,0.468
2,2.8,-6.6,9.4,0.51,301.1,287.0,0.5,29.0,0.243,0.0591,4.1,878.2,0.6305,804.0,0.3639,0.5,331.81,0.343,4.6,5.2,4.0,18.20843264800061,7.91,12.96,17.1,795.0,7.36,0.303
11,11.7,-0.3,12.0,0.46,268.6,251.9,0.8,21.0,0.2286,0.0523,12.0,550.9,0.8222,958.0,0.412,0.5,86.72,0.4051,3.9,10.5,4.0,11.241264123833467,6.71,7.89,18.8,795.0,6.0,0.325
11,8.8,0.5,8.3,1.01,244.8,246.9,3.5,47.0,0.3905,0.1525,20.5,1147.2,0.8938,1015.0,0.5814,0.5,149.59,0.0077,6.28,9.8,4.0,18.155908406558265,10.81,13.13,14.1,795.0,8.86,0.399
11,4.8,-8.1,12.9,0.68,402.2,395.2,1.9,10.0,0.0869,0.0075,2.5,419.3,0.523,718.0,0.1747,0.5,262.94,0.1795,5.7,16.3,3.0,16.492409626199144,9.81,12.19,20.9,795.0,6.05,0.301
11,5.8,-3.7,9.5,0.95,342.8,333.2,1.7,21.0,0.1766,0.0312,6.2,726.5,0.6789,843.0,0.3684,0.5,230.86,0.0236,6.8,10.5,4.0,11.580021967886355,11.7,8.03,16.7,795.0,4.57,0.278
3,9.5,1.2,8.3,0.68,369.9,364.6,1.1,45.0,0.3734,0.1394,21.2,1657.1,0.7567,905.0,0.547,0.5,133.09,0.1785,6.0,9.0,1.0,14.604628368529946,10.32,12.16,16.8,795.0,8.64,0.429
11,7.5,-6.1,13.6,1.29,326.7,325.3,3.0,21.0,0.1729,0.0299,7.8,678.0,0.7804,924.0,0.3233,0.5,181.39,0.0371,5.1,6.9,3.0,13.898411315861122,8.78,10.45,18.9,795.0,7.55,0.406
12,0.7,-12.4,13.1,1.4,153.2,151.1,3.9,58.0,0.4868,0.2369,2.1,895.0,0.6904,852.0,0.5858,0.5,411.15,0.0908,6.2,10.0,2.0,16.86393993053301,10.67,13.2,15.6,795.0,9.22,0.413
12,0.2,-9.0,9.2,1.57,230.4,237.9,2.7,37.0,0.309,0.0955,0.3,854.3,0.2808,525.0,0.4236,0.5,433.66,0.2173,3.7,10.0,2.0,15.321614672592524,6.37,11.72,13.2,795.0,7.85,0.393
4,18.2,4.9,13.3,0.66,444.7,444.6,1.0,60.0,1.0,1.0,55.0,2684.0,0.6305,804.0,0.8468,0.5,7.63,0.1907,5.0,12.0,2.0,12.824990748330615,8.6,10.12,22.0,4215.9,11.18,0.572
2,-0.6,-13.7,13.1,0.64,298.1,301.4,0.2,15.0,0.1233,0.0152,-0.4,441.2,0.4465,657.0,0.3445,0.5,465.18,0.2117,4.0,13.0,3.0,14.443152700201534,6.88,10.59,19.7,795.0,6.39,0.295
4,9.8,-4.0,13.8,1.25,639.8,632.2,0.5,39.0,0.3246,0.1054,19.1,2492.5,0.6116,789.0,0.4926,0.5,125.59,0.0218,4.25,9.0,2.0,17.800341597357225,7.31,13.84,23.8,795.0,7.11,0.469
3,4.6,-4.9,9.6,0.62,401.8,418.5,1.0,36.0,0.2995,0.0897,8.3,1443.7,0.5547,744.0,0.4121,0.5,268.32,0.2289,5.7,12.0,2.0,5.78679196867243,9.81,4.78,18.4,795.0,8.02,0.426
2,4.3,-9.0,13.4,1.4,416.9,422.6,4.0,61.0,0.5085,0.2586,13.2,2544.2,0.5172,714.0,0.6179,0.5,278.3,0.0881,4.87,9.0,4.0,12.626703370334383,8.38,8.68,19.7,795.0,10.16,0.487
11,8.4,-3.8,12.2,1.2,320.4,299.2,4.0,11.0,0.0891,0.0079,4.5,342.5,0.7369,890.0,0.3095,0.5,158.66,0.0099,4.4,9.5,4.0,14.845510989079393,7.57,10.52,17.8,795.0,8.04,0.436
4,12.5,-1.4,13.9,1.31,569.3,567.5,0.2,42.0,0.5265,0.2773,26.3,2398.7,0.6634,831.0,0.5578,0.5,72.29,0.0425,4.86,7.5,1.0,17.59036601577919,8.36,14.32,22.7,2115.7,7.97,0.453
11,7.0,-6.9,13.9,0.64,289.9,269.9,1.4,63.0,0.5275,0.2783,22.2,1834.9,0.7252,880.0,0.4742,0.5,195.55,0.2121,6.2,16.0,4.0,16.556890286410276,10.67,11.8,20.1,795.0,8.65,0.438
11,11.3,-1.9,13.2,1.35,224.6,227.0,1.8,57.0,0.5965,0.3558,32.2,1283.6,0.7994,939.0,0.6405,0.5,94.79,0.0624,6.1,13.3,4.0,17.890515429458894,10.5,12.86,16.8,865.4,7.25,0.473
2,3.4,-6.9,10.3,0.88,405.1,402.0,3.8,21.0,0.1771,0.0314,3.6,860.8,0.5483,739.0,0.2677,0.5,309.07,0.0506,5.7,13.0,1.0,15.44402241585325,9.81,12.62,18.5,795.0,8.15,0.407
12,3.1,-8.2,11.3,1.77,249.7,235.5,0.2,44.0,0.3636,0.1322,6.8,1089.3,0.5845,768.0,0.335,0.5,320.18,0.4527,5.0,13.0,1.0,17.579380330837598,8.6,14.25,14.6,795.0,8.71,0.429
1,-1.5,-14.2,12.7,0.96,255.7,244.1,0.3,62.0,0.5143,0.2645,-4.5,1578.2,0.9288,1043.0,0.4321,0.5,504.15,0.0199,5.32,16.0,2.0,14.566094662230546,9.15,11.67,17.9,795.0,9.46,0.366
3,6.1,-3.6,9.7,1.79,416.7,413.4,0.0,27.0,0.2224,0.0495,8.1,1112.3,0.6117,789.0,0.3388,0.5,222.11,0.4752,4.75,10.3,3.0,11.8084378823031,8.17,8.75,15.8,795.0,7.07,0.45
4,13.9,4.8,9.1,1.67,511.4,498.2,3.4,37.0,0.5462,0.2984,25.6,1881.8,0.6881,850.0,0.4875,0.5,50.3,0.3198,4.2,13.0,3.0,14.906217758658252,7.23,11.13,17.1,2228.7,9.07,0.346
12,2.6,-7.7,10.3,1.85,273.2,265.0,3.5,52.0,0.4361,0.1902,6.8,1429.8,0.3584,587.0,0.5172,0.5,338.71,0.5678,4.35,14.0,2.0,7.85334362408798,7.48,6.18,14.0,795.0,8.76,0.463
3,7.0,-4.6,11.6,1.49,419.9,419.2,1.4,65.0,0.5389,0.2904,22.5,2715.2,0.8543,983.0,0.6388,0.5,197.36,0.15,5.6,8.6,3.0,7.897736315287476,9.64,6.01,18.1,795.0,9.71,0.49
4,14.2,0.3,13.9,0.46,447.1,451.8,2.3,63.0,0.9589,0.9196,44.4,2797.9,0.5296,724.0,0.8221,0.5,46.32,0.4037,5.3,10.0,3.0,15.017963620064815,9.12,11.09,23.0,4209.2,11.82,0.509
12,-3.5,-16.3,12.8,0.52,276.1,260.4,3.0,25.0,0.2061,0.0425,-4.3,683.0,0.7449,896.0,0.3493,0.5,600.05,0.3362,4.52,13.0,2.0,12.037259380123341,7.78,9.62,19.4,795.0,7.61,0.441
1,5.1,-8.9,14.0,0.87,250.9,232.9,0.5,65.0,0.5404,0.292,16.6,1627.0,0.5778,762.0,0.4842,0.5,251.73,0.0532,4.8,13.0,1.0,12.831584893849953,8.26,10.69,19.1,795.0,8.77,0.413
4,15.4,2.8,12.6,1.38,517.5,507.8,3.7,54.0,0.9432,0.8896,41.9,2809.7,0.7844,928.0,0.6981,0.5,31.1,0.0768,6.4,12.5,4.0,14.731078682752804,11.01,10.48,20.7,2977.2,12.68,0.578
3,7.3,-6.2,13.5,1.14,435.0,434.8,3.5,13.0,0.1102,0.0122,4.8,575.5,0.5421,734.0,0.188,0.5,187.35,0.0013,4.4,9.3,3.0,12.430330574581355,7.57,9.16,20.8,795.0,8.3,0.401
1,-2.7,-12.8,10.2,0.68,259.4,254.6,0.2,35.0,0.2878,0.0829,-4.6,895.9,0.7549,904.0,0.5344,0.5,559.53,0.1746,5.2,10.5,1.0,16.360550065648432,8.95,13.47,16.6,795.0,7.95,0.357
2,0.6,-10.7,11.3,1.53,507.1,513.4,0.5,61.0,0.5116,0.2617,1.9,3112.7,0.6733,839.0,0.5859,0.5,415.08,0.1811,4.6,9.0,4.0,10.98307613435176,7.91,7.58,19.2,795.0,9.44,0.47
1,1.8,-8.2,10.0,1.82,267.5,271.7,1.5,37.0,0.3099,0.096,3.3,994.7,0.4997,700.0,0.4318,0.5,369.65,0.5253,3.4,11.8,2.0,12.900103159506688,5.85,10.07,13.8,795.0,7.2,0.411
1,4.2,-9.2,13.4,1.16,320.0,309.0,2.1,16.0,0.1307,0.0171,3.3,501.8,0.5328,726.0,0.3068,0.5,280.96,0.0035,5.47,16.0,2.0,12.561529166356406,9.41,9.85,18.9,795.0,7.7,0.396
3,5.7,-4.2,9.9,1.29,311.6,319.5,2.5,64.0,0.5305,0.2814,18.0,1983.7,0.9636,1071.0,0.6415,0.5,235.21,0.0379,4.1,9.6,2.0,8.308723618132912,7.05,7.0,15.6,795.0,9.22,0.425
2,3.5,-8.7,12.2,0.86,268.1,278.8,3.0,54.0,0.4485,0.2011,9.5,1442.7,0.5573,746.0,0.483,0.5,305.6,0.0572,5.76,10.5,1.0,12.520449410243057,9.91,10.44,17.9,795.0,7.95,0.266
3,7.3,-4.7,12.0,1.78,380.6,374.6,3.7,31.0,0.2591,0.0671,11.3,1183.2,0.8661,993.0,0.4049,0.5,188.85,0.4651,3.6,10.0,4.0,10.165411188791419,6.19,7.12,17.1,795.0,9.1,0.501
2,5.4,-7.5,12.9,1.71,327.1,339.3,0.3,38.0,0.3175,0.1008,10.3,1246.3,0.5295,724.0,0.3252,0.5,243.78,0.3668,5.61,8.0,2.0,16.225420475903967,9.65,12.59,17.2,795.0,6.22,0.36
4,13.0,1.9,11.0,1.52,638.3,642.0,3.1,40.0,0.527,0.2777,25.8,2538.1,0.6121,790.0,0.5863,0.5,64.78,0.1726,3.99,7.0,1.0,9.740460066126975,6.87,8.39,20.9,1582.4,9.42,0.524
2,3.0,-8.3,11.3,1.37,371.7,372.4,2.4,23.0,0.1944,0.0378,3.5,867.0,0.7989,939.0,0.3039,0.5,324.04,0.0711,5.6,10.1,2.0,13.471291641311524,9.64,10.74,17.5,795.0,6.14,0.438
12,1.4,-12.5,13.9,0.3,231.0,232.0,2.4,40.0,0.3354,0.1125,2.8,929.7,0.2798,524.0,0.4121,0.5,385.03,0.64,4.34,8.5,2.0,7.817014708301036,7.47,6.09,20.1,795.0,7.32,0.363
12,-2.5,-13.9,11.5,2.0,230.0,217.1,1.3,59.0,0.4905,0.2406,-7.3,1354.0,0.9311,1045.0,0.5245,0.5,550.59,0.8077,5.59,13.0,1.0,16.240135870533862,9.62,13.52,13.9,795.0,8.98,0.483
2,-2.9,-15.0,12.0,1.2,340.3,324.4,3.3,56.0,0.4695,0.2204,-8.3,1917.3,0.5953,776.0,0.57,0.5,572.84,0.0098,4.3,8.5,4.0,12.450103322984376,7.4,8.61,18.0,795.0,8.8,0.613
4,11.4,-0.9,12.2,1.36,534.5,539.1,2.5,45.0,0.4742,0.2249,25.4,2390.9,0.5981,778.0,0.5306,0.5,92.9,0.0701,6.8,10.0,4.0,18.892459301970575,11.7,13.45,20.7,795.0,8.75,0.419
12,2.1,-11.0,13.2,1.51,240.5,235.7,1.7,31.0,0.2581,0.0666,3.3,745.0,0.7992,939.0,0.4077,0.5,355.63,0.1711,4.3,9.0,3.0,16.026007261907026,7.4,12.06,16.7,795.0,5.94,0.389
2,0.0,-11.4,11.4,2.05,420.6,420.8,3.8,62.0,0.5187,0.2691,0.1,2618.2,0.4048,624.0,0.4638,0.5,440.15,0.8985,5.95,11.9,2.0,15.541160661472647,10.24,11.98,16.6,795.0,6.74,0.419
1,-1.6,-10.3,8.7,0.86,272.7,275.4,3.2,19.0,0.1592,0.0253,-1.5,520.9,0.6943,855.0,0.2352,0.5,509.95,0.0555,4.2,12.5,1.0,15.606034619491114,7.23,12.86,15.2,795.0,8.37,0.447
2,1.7,-8.7,10.4,1.17,410.8,419.8,1.4,15.0,0.1237,0.0153,1.3,609.6,0.8312,965.0,0.3419,0.5,371.57,0.0051,3.3,18.6,1.0,12.255967413210897,5.68,10.46,17.9,795.0,7.22,0.441
4,13.1,0.4,12.6,1.99,442.5,447.4,3.4,60.0,0.8018,0.6429,39.0,2638.6,0.6794,843.0,0.5879,0.5,62.94,0.7848,6.3,8.3,3.0,16.506924014922912,10.84,12.32,18.1,2025.5,11.77,0.49
4,14.3,1.6,12.7,1.47,463.6,480.7,3.0,43.0,0.665,0.4422,30.7,1995.1,0.7178,874.0,0.6365,0.5,45.29,0.1368,4.4,13.3,2.0,12.480787054230928,7.57,9.93,19.7,1861.7,12.06,0.538
11,2.9,-8.0,10.9,1.34,388.9,383.2,3.9,31.0,0.2567,0.0659,4.4,1198.1,0.6825,846.0,0.4596,0.5,329.41,0.0566,3.8,13.0,3.0,11.734020217059932,6.54,8.75,17.5,795.0,8.64,0.46
12,-2.2,-10.5,8.3,1.3,284.8,301.9,0.4,47.0,0.3893,0.1515,-5.2,1330.5,0.8517,981.0,0.4121,0.5,539.33,0.0404,4.6,15.1,2.0,11.092025932782516,7.91,9.0,14.0,795.0,7.62,0.364
3,7.7,-3.9,11.6,0.82,443.1,431.7,3.4,60.0,0.5032,0.2532,23.3,2675.3,0.7184,875.0,0.5201,0.5,176.32,0.0804,4.23,6.3,1.0,16.70142267316372,7.28,13.7,20.2,795.0,9.23,0.479
1,-1.7,-14.2,12.5,0.48,295.1,298.7,0.9,13.0,0.1104,0.0122,-1.2,390.8,0.6538,823.0,0.2361,0.5,517.35,0.3876,6.59,19.3,1.0,9.67089507819724,11.34,8.38,19.5,795.0,5.98,0.474
2,1.7,-6.3,8.0,0.32,278.0,277.9,0.6,53.0,0.4389,0.1926,4.6,1464.3,0.4668,673.0,0.4517,0.5,371.18,0.6022,5.2,13.0,2.0,12.865384754762585,8.95,10.02,16.1,795.0,6.76,0.449
12,4.2,-6.7,10.9,0.55,273.5,251.2,0.7,15.0,0.1224,0.015,3.1,401.8,0.5533,743.0,0.4462,0.5,281.55,0.303,4.87,9.0,3.0,11.468242359291061,8.38,8.44,17.7,795.0,6.47,0.341
4,11.9,-0.7,12.6,1.53,548.5,556.6,0.6,22.0,0.2552,0.0651,13.2,1212.0,0.3527,582.0,0.4833,0.5,82.27,0.1889,6.1,7.0,1.0,17.108412987444588,10.5,13.71,20.8,795.0,6.33,0.433
12,0.5,-11.3,11.8,0.3,240.9,217.2,0.6,36.0,0.3035,0.0921,0.9,877.4,0.7407,893.0,0.4622,0.5,420.86,0.64,4.5,13.0,2.0,14.043593193310942,7.74,11.13,18.6,795.0,7.42,0.549
4,17.6,3.9,13.7,1.69,498.9,492.2,3.6,26.0,0.5365,0.2878,22.5,1274.0,0.7852,928.0,0.6442,0.5,11.53,0.3467,4.4,8.5,2.0,17.3469028895983,7.57,13.64,20.5,2354.1,9.36,0.4
11,10.2,1.5,8.7,1.14,230.9,220.8,1.8,10.0,0.0906,0.0082,5.3,239.3,0.894,1015.0,0.3139,0.5,115.68,0.0016,4.8,15.5,3.0,7.679873364106003,8.26,5.88,13.9,795.0,6.31,0.409
1,5.2,-6.1,11.4,1.43,421.0,432.0,2.5,54.0,0.4502,0.2027,14.1,2274.2,0.6264,801.0,0.5309,0.5,248.77,0.1059,5.6,11.0,1.0,16.164189159177717,9.64,13.22,18.1,795.0,9.16,0.495
1,2.6,-7.6,10.2,1.11,276.2,269.3,2.9,25.0,0.2078,0.0432,3.3,688.6,0.8516,981.0,0.3559,0.5,336.74,0.0001,4.7,7.4,3.0,16.440713172583564,8.09,12.41,15.8,795.0,7.55,0.377
2,0.1,-12.4,12.5,1.07,365.4,359.8,3.1,65.0,0.5409,0.2926,0.4,2371.8,0.5036,703.0,0.5581,0.5,435.3,0.0011,4.4,10.0,4.0,10.097549502620408,7.57,6.78,19.1,795.0,9.31,0.44
3,9.5,0.4,9.1,1.74,342.5,343.4,1.9,56.0,0.4642,0.2155,26.5,1908.1,0.7989,939.0,0.5826,0.5,131.92,0.4142,3.6,12.0,4.0,19.699581003131627,6.19,14.21,14.3,795.0,7.21,0.411
12,1.7,-6.7,8.5,1.57,379.3,385.5,0.6,30.0,0.248,0.0615,2.6,1129.0,0.8508,981.0,0.4537,0.5,371.86,0.2202,5.5,15.0,2.0,7.6391747390307145,9.46,6.41,14.8,795.0,7.15,0.323
3,4.9,-8.6,13.5,0.75,411.7,418.1,2.3,63.0,0.5228,0.2733,15.5,2582.5,0.7529,902.0,0.3772,0.5,258.23,0.1252,4.52,11.5,1.0,18.141375837188594,7.78,14.81,21.4,795.0,8.95,0.42
4,14.3,0.9,13.4,1.15,483.1,497.5,0.3,24.0,0.371,0.1376,17.1,1152.4,0.6482,819.0,0.5246,0.5,44.47,0.003,3.93,6.4,3.0,13.82922065635759,6.76,10.29,21.4,795.0,8.41,0.338
12,5.7,-3.1,8.7,0.67,191.4,158.6,0.0,21.0,0.1714,0.0294,5.8,393.8,0.6074,786.0,0.2641,0.5,235.1,0.1811,5.6,11.2,1.0,14.836044691698987,9.64,12.21,14.5,795.0,7.11,0.386
4,12.2,2.4,9.8,1.54,511.6,506.3,2.6,53.0,0.6369,0.4057,32.4,2715.7,0.6964,857.0,0.554,0.5,77.46,0.1961,5.3,12.5,2.0,17.656668474599584,9.12,13.8,18.0,2357.5,10.83,0.474
12,-0.5,-10.4,10.0,0.64,216.1,211.9,0.4,48.0,0.3965,0.1572,-1.1,1028.0,0.4935,695.0,0.4322,0.5,460.67,0.2103,3.9,10.0,1.0,14.256139409724275,6.71,11.69,15.9,795.0,8.49,0.44
1,2.8,-7.2,10.1,0.54,287.6,290.7,1.5,33.0,0.2788,0.0777,4.8,962.3,0.7138,871.0,0.3577,0.5,329.73,0.3118,5.9,10.0,2.0,12.269414376927077,10.15,9.77,17.3,795.0,6.58,0.335
4,11.4,3.4,8.1,0.91,533.8,542.0,1.3,31.0,0.3306,0.1093,17.7,1653.0,0.5817,765.0,0.3947,0.5,92.05,0.0351,4.5,10.7,1.0,11.233179739870028,7.74,9.49,18.5,824.0,8.6,0.37
2,0.0,-11.4,11.4,0.61,304.9,311.3,2.0,13.0,0.1043,0.0109,0.0,381.4,0.5259,721.0,0.3444,0.5,439.52,0.2422,3.84,12.4,3.0,7.940164364835012,6.61,5.78,18.5,795.0,6.66,0.375
4,15.4,5.4,10.0,0.84,524.5,534.3,2.2,16.0,0.2825,0.0798,12.5,854.8,0.6756,840.0,0.3983,0.5,31.35,0.0692,4.33,13.8,4.0,13.308049076563275,7.45,9.32,20.1,1863.7,7.61,0.423
12,-0.1,-11.5,11.4,2.03,332.9,316.7,0.3,40.0,0.3327,0.1107,-0.2,1329.0,0.7921,934.0,0.2803,0.5,444.89,0.8557,4.51,13.5,3.0,16.724928433772323,7.76,12.58,15.4,795.0,8.16,0.474
4,15.4,2.1,13.3,0.64,562.7,576.1,1.4,51.0,0.8819,0.7777,39.2,2868.0,0.6214,797.0,0.6401,0.5,31.57,0.214,4.53,13.0,3.0,15.729538175956122,7.79,11.69,23.8,2295.4,11.89,0.591
3,5.6,-8.3,14.0,1.09,485.7,487.0,4.0,14.0,0.1126,0.0127,3.8,656.5,0.7464,897.0,0.3889,0.5,235.96,0.0001,6.8,8.0,4.0,15.092930170642068,11.7,10.72,22.0,795.0,6.93,0.483
3,7.7,-1.4,9.1,1.27,345.0,352.4,2.0,46.0,0.3798,0.1442,17.6,1572.1,0.6302,804.0,0.4044,0.5,176.83,0.03,5.64,13.0,2.0,17.51704296341721,9.7,13.64,15.6,795.0,7.85,0.475
11,5.2,-3.4,8.6,1.08,293.4,279.9,3.1,12.0,0.1033,0.0107,3.2,363.8,0.684,847.0,0.3446,0.5,250.74,0.0003,4.76,12.0,1.0,8.751838132325592,8.19,7.71,14.9,795.0,6.98,0.284
4,10.2,0.8,9.4,1.15,410.8,402.7,1.3,14.0,0.1231,0.0151,7.2,579.6,0.5839,767.0,0.1576,0.5,115.92,0.0026,5.3,11.0,4.0,14.399235132992034,9.12,10.07,17.1,795.0,6.05,0.309
4,8.8,-1.6,10.4,1.33,480.7,475.2,1.2,47.0,0.391,0.1529,20.6,2255.6,0.8224,958.0,0.5202,0.5,149.13,0.0526,6.13,9.6,1.0,15.517862658745962,10.55,12.9,18.5,795.0,6.53,0.412
3,8.9,-3.6,12.5,1.87,409.6,402.9,1.3,37.0,0.3105,0.0964,16.7,1526.1,0.5951,776.0,0.3896,0.5,145.46,0.5948,5.5,13.0,1.0,12.74396698331789,9.46,10.63,17.8,795.0,8.42,0.429
11,6.1,-7.1,13.2,0.66,224.2,225.7,3.8,41.0,0.3377,0.114,12.4,908.4,0.7737,919.0,0.511,0.5,220.86,0.1936,4.43,17.3,2.0,17.036910733264495,7.62,13.4,18.6,795.0,7.95,0.426
1,-1.9,-14.8,12.9,1.48,326.0,323.7,2.4,57.0,0.4732,0.2239,-5.3,1851.0,0.6603,828.0,0.5579,0.5,523.39,0.1437,4.77,8.5,1.0,15.388633170281976,8.21,12.67,17.9,795.0,8.82,0.52
3,5.9,-4.8,10.6,1.26,436.9,433.4,2.0,44.0,0.3655,0.1336,12.9,1916.5,0.8754,1000.0,0.381,0.5,229.06,0.0257,6.5,8.5,4.0,14.078338308046474,11.18,10.06,18.2,795.0,6.97,0.36
3,10.3,-3.5,13.8,1.6,381.3,382.6,3.9,61.0,0.5364,0.2877,31.3,2322.3,0.873,998.0,0.555,0.5,114.82,0.2469,4.7,10.0,3.0,15.412118856010476,8.09,11.66,19.1,795.0,9.21,0.365
11,12.0,0.3,11.7,1.24,379.5,376.8,0.5,31.0,0.3547,0.1258,18.3,1158.6,0.5646,752.0,0.4387,0.5,81.5,0.0187,5.5,10.3,1.0,9.759772247909048,9.46,8.37,18.2,795.0,6.1,0.466
1,-0.8,-9.0,8.2,1.19,274.5,276.3,3.0,63.0,0.5209,0.2713,-2.5,1716.0,0.5395,732.0,0.6786,0.5,474.67,0.0079,5.3,13.1,4.0,10.585004415436355,9.12,7.17,14.0,795.0,9.14,0.335
4,9.6,-1.3,10.8,1.24,485.3,478.0,2.1,19.0,0.1618,0.0262,9.3,942.1,0.6615,829.0,0.2783,0.5,130.56,0.0193,4.0,10.0,1.0,14.932555898321374,6.88,12.33,19.2,795.0,6.73,0.389
2,4.7,-9.1,13.8,1.14,283.4,275.4,2.9,59.0,0.4896,0.2397,13.7,1665.1,0.7758,921.0,0.6205,0.5,266.5,0.0016,5.1,10.0,1.0,14.587497540409194,8.78,12.16,18.8,795.0,11.04,0.471
11,8.7,0.4,8.3,1.01,282.9,295.2,2.1,42.0,0.3497,0.1223,18.2,1186.8,0.6776,842.0,0.5409,0.5,151.45,0.0089,6.4,12.5,1.0,16.16744149096336,11.01,13.27,14.7,795.0,8.49,0.371
1,1.9,-10.7,12.6,0.89,462.9,473.0,1.9,15.0,0.1233,0.0152,1.4,685.0,0.5804,764.0,0.3058,0.5,366.22,0.0455,5.1,6.6,1.0,14.715657110055384,8.78,12.1,21.1,795.0,6.88,0.352
3,3.7,-7.9,11.5,1.42,396.1,394.4,2.3,50.0,0.4189,0.1754,9.2,1990.9,0.76,908.0,0.433,0.5,300.85,0.1051,3.66,12.0,3.0,13.298738565253005,6.3,9.98,17.9,795.0,9.27,0.426
4,15.8,3.8,12.0,1.23,512.7,519.8,0.1,59.0,1.0,1.0,46.5,3018.2,0.7852,928.0,0.7696,0.5,27.05,0.0182,6.0,17.6,2.0,13.225608035290309,10.32,10.55,20.5,3297.2,12.45,0.526
2,2.6,-9.2,11.8,0.55,337.2,333.7,2.5,42.0,0.3534,0.1249,5.4,1430.1,0.8537,983.0,0.4561,0.5,339.76,0.2984,5.3,10.3,3.0,12.979296100354652,9.12,9.82,19.4,795.0,9.01,0.402
3,4.9,-5.1,10.1,0.96,631.7,623.5,2.4,57.0,0.473,0.2237,14.0,3585.7,0.6401,812.0,0.4377,0.5,257.98,0.0185,5.2,14.6,2.0,14.624705854780844,8.95,11.48,21.4,795.0,9.27,0.478
12,1.5,-9.8,11.3,0.95,251.3,236.5,2.7,41.0,0.342,0.117,3.1,1031.4,0.7448,896.0,0.5416,0.5,379.06,0.0234,4.8,11.5,1.0,13.361249485993334,8.26,11.22,16.8,795.0,7.5,0.394
11,8.8,-3.8,12.6,1.01,438.5,456.8,0.9,15.0,0.1278,0.0163,6.7,672.2,0.9374,1050.0,0.3963,0.5,148.96,0.0078,4.6,8.5,2.0,8.963442594808804,7.91,7.47,20.4,795.0,6.93,0.454
11,10.2,-1.2,11.5,0.64,252.6,252.4,0.6,25.0,0.2152,0.0463,12.6,621.6,0.6736,839.0,0.4538,0.5,115.62,0.2129,4.1,12.0,2.0,17.126559436152675,7.05,13.38,17.7,795.0,5.8,0.416
2,-1.2,-13.0,11.7,1.33,375.1,360.1,3.2,58.0,0.4796,0.23,-3.5,2158.6,0.5583,747.0,0.407,0.5,494.05,0.0511,7.5,13.2,3.0,13.001721372178318,12.9,9.6,18.0,795.0,10.45,0.367
1,-4.5,-13.7,9.2,1.37,302.4,287.2,2.0,41.0,0.3416,0.1167,-9.3,1239.5,0.859,987.0,0.4498,0.5,651.48,0.0721,5.6,15.2,2.0,11.745546047587968,9.64,9.5,14.7,795.0,7.33,0.41
2,1.5,-11.5,13.0,2.01,258.8,269.5,1.4,12.0,0.0965,0.0093,0.9,299.6,0.486,689.0,0.2272,0.5,381.08,0.827,4.67,18.5,3.0,14.970134948965018,8.04,11.02,15.6,795.0,4.99,0.395
11,7.5,-1.8,9.3,0.84,237.1,239.3,0.9,34.0,0.2856,0.0816,12.9,812.7,0.9158,1033.0,0.3476,0.5,181.94,0.0669,4.3,11.0,3.0,15.80549846647736,7.4,11.99,15.2,795.0,6.78,0.307
11,6.8,-3.8,10.7,1.36,199.2,195.6,3.4,35.0,0.2931,0.0859,12.0,700.5,0.2247,480.0,0.4029,0.5,200.45,0.0694,6.5,8.6,2.0,14.846146133163204,11.18,11.31,14.4,795.0,7.17,0.391
1,0.7,-8.0,8.8,1.12,304.9,298.9,1.2,61.0,0.5057,0.2557,2.2,1849.9,0.7264,881.0,0.5441,0.5,411.14,0.0004,4.1,8.0,1.0,19.76127657411387,7.05,16.0,15.1,795.0,9.88,0.433
2,-0.0,-12.0,12.0,1.91,429.8,424.5,3.2,53.0,0.4426,0.1959,-0.1,2283.1,1.0,1128.0,0.337,0.5,442.95,0.6611,4.43,10.0,4.0,15.585719031248153,7.62,11.29,17.5,795.0,9.49,0.468
1,2.1,-11.1,13.2,1.49,163.1,159.8,2.3,45.0,0.3724,0.1387,4.7,728.9,0.7581,907.0,0.321,0.5,357.5,0.1559,5.2,12.0,2.0,17.35273742487299,8.95,13.62,15.6,795.0,8.8,0.407
1,2.8,-7.7,10.5,1.46,208.9,204.9,2.6,34.0,0.2823,0.0797,4.7,707.7,0.7737,919.0,0.4977,0.5,331.93,0.1304,5.98,7.0,2.0,23.638709427883533,10.29,18.35,14.2,795.0,8.21,0.544
2,0.1,-8.3,8.5,1.0,330.4,304.9,3.9,29.0,0.2431,0.0591,0.2,963.7,0.5801,764.0,0.4175,0.5,435.12,0.0101,4.3,12.6,3.0,17.76049900203165,7.4,13.18,15.5,795.0,8.96,0.43
3,6.0,-7.3,13.3,0.66,474.9,470.5,4.0,63.0,0.5221,0.2726,18.8,2975.7,0.6481,818.0,0.4818,0.5,225.32,0.1916,5.63,10.0,1.0,10.648478909747844,9.69,9.1,22.4,795.0,10.5,0.379
3,6.2,-4.9,11.1,1.2,521.3,523.2,3.4,38.0,0.3144,0.0988,11.7,1966.8,0.5299,724.0,0.3467,0.5,218.73,0.0103,6.08,15.6,1.0,10.135902976845102,10.46,8.63,20.0,795.0,7.95,0.468
2,-0.5,-8.5,8.1,1.15,310.1,310.6,0.9,17.0,0.1399,0.0196,-0.4,520.7,0.5963,777.0,0.3112,0.5,460.9,0.0023,4.43,13.5,4.0,15.147502446465289,7.62,10.64,14.5,795.0,5.16,0.378
3,6.2,-2.3,8.5,1.28,509.4,521.9,3.6,28.0,0.2337,0.0546,8.7,1428.8,0.3419,573.0,0.3374,0.5,219.71,0.0336,5.6,12.5,2.0,14.99938414298961,9.64,11.52,17.5,795.0,7.52,0.418
2,6.6,-5.3,11.9,0.69,340.5,340.1,3.5,29.0,0.2378,0.0565,9.4,971.5,0.9505,1060.0,0.492,0.5,206.9,0.1682,4.53,9.0,1.0,8.088865984030921,7.79,7.43,19.2,795.0,6.2,0.39
1,-7.0,-19.6,12.6,1.82,279.5,291.0,2.6,48.0,0.4024,0.1619,-16.8,1349.5,0.4763,681.0,0.5717,0.5,782.43,0.5208,4.0,12.6,3.0,9.583995097238576,6.88,6.97,16.0,795.0,9.41,0.451
12,2.6,-10.6,13.2,1.51,353.0,356.9,0.6,16.0,0.1354,0.0183,2.1,573.7,0.5929,774.0,0.4839,0.5,338.84,0.1714,5.57,16.4,4.0,12.582438593072707,9.58,8.71,18.4,795.0,8.21,0.489
4,10.9,-0.2,11.1,0.92,547.5,531.0,2.3,45.0,0.445,0.198,24.6,2465.9,0.5785,763.0,0.4921,0.5,101.43,0.0321,4.0,16.2,2.0,9.764083090737456,6.88,7.79,21.1,795.0,10.19,0.428
4,9.0,-2.9,11.9,1.2,636.0,644.1,1.0,35.0,0.2923,0.0855,15.8,2231.0,0.7413,893.0,0.3766,0.5,143.96,0.0095,10.3,14.0,3.0,10.593172626262703,17.72,7.94,22.3,795.0,7.63,0.37
2,3.9,-8.6,12.4,1.85,384.8,401.2,3.0,28.0,0.2352,0.0553,5.4,1086.1,0.6566,825.0,0.4621,0.5,293.83,0.5571,5.47,11.5,2.0,13.315404633723846,9.41,10.51,17.4,795.0,8.87,0.391
12,1.7,-6.5,8.2,1.09,199.6,195.9,1.5,63.0,0.5222,0.2727,5.2,1250.8,0.4349,648.0,0.5445,0.5,374.27,0.0001,3.6,13.1,3.0,16.312269762219866,6.19,11.98,13.1,795.0,9.84,0.544
2,0.6,-9.1,9.7,1.19,256.3,259.3,3.7,34.0,0.2843,0.0808,1.1,874.4,0.7482,899.0,0.321,0.5,414.71,0.008,4.0,9.0,1.0,15.998219510231054,6.88,13.2,14.9,795.0,7.72,0.274
1,-5.2,-14.4,9.2,0.72,382.5,391.4,1.5,62.0,0.5156,0.2658,-16.1,2366.3,0.8766,1001.0,0.4817,0.5,687.45,0.143,5.0,13.0,2.0,12.973551505335047,8.6,10.43,17.6,795.0,10.5,0.502
3,7.6,-2.2,9.9,0.68,483.4,482.9,0.1,28.0,0.2302,0.053,10.5,1335.6,0.5972,778.0,0.2737,0.5,178.89,0.1753,4.0,7.7,1.0,19.76867227033915,6.88,15.9,19.7,795.0,5.34,0.338
2,2.2,-10.3,12.5,0.84,373.2,380.1,2.6,37.0,0.3074,0.0945,4.1,1376.9,0.3994,620.0,0.2571,0.5,353.3,0.0668,5.2,15.5,4.0,19.799456491460994,8.95,13.97,19.8,795.0,7.13,0.438
1,-1.5,-15.4,13.9,1.46,281.9,289.9,2.8,63.0,0.5249,0.2755,-4.9,1775.9,0.5175,714.0,0.6967,0.5,508.14,0.1322,4.31,7.4,4.0,16.667391353442486,7.42,11.71,18.0,795.0,9.61,0.515
3,7.4,-2.9,10.3,1.28,457.3,472.7,1.2,63.0,0.5265,0.2772,23.3,2889.4,0.4067,625.0,0.436,0.5,185.96,0.0331,4.1,12.3,2.0,11.662337244922266,7.05,9.07,18.2,795.0,9.85,0.437
11,3.1,-8.7,11.9,0.72,329.9,333.7,3.6,44.0,0.3682,0.1356,6.9,1457.9,0.7054,864.0,0.4145,0.5,318.99,0.1414,5.1,10.0,3.0,18.59823147608967,8.78,13.91,18.9,795.0,8.61,0.431
12,1.0,-11.2,12.2,1.34,202.8,187.8,2.6,26.0,0.2157,0.0465,1.3,524.8,0.577,762.0,0.4452,0.5,400.89,0.0586,4.5,9.5,1.0,9.625560217641178,7.74,8.28,15.7,795.0,7.78,0.372
1,1.2,-8.5,9.8,1.39,327.8,317.4,2.5,37.0,0.3051,0.0931,2.3,1200.1,0.7142,871.0,0.3514,0.5,390.27,0.0854,6.06,11.5,3.0,3.0,10.43,2.22,15.5,795.0,7.38,0.576
3,8.3,-0.4,8.6,1.3,480.7,468.1,3.0,56.0,0.4682,0.2192,23.2,2700.4,0.5017,701.0,0.4902,0.5,162.15,0.0396,3.98,11.1,4.0,16.84297968125015,6.85,11.83,17.2,795.0,8.78,0.465
11,6.8,-1.8,8.6,1.03,261.9,242.9,1.1,13.0,0.1061,0.0113,4.3,333.6,1.0,1134.0,0.3163,0.5,201.81,0.0048,4.24,12.5,2.0,13.75110519299026,7.3,11.11,14.5,795.0,6.44,0.364
2,0.6,-9.0,9.6,1.47,390.5,381.0,2.7,24.0,0.2029,0.0412,0.7,950.9,0.7376,890.0,0.4184,0.5,417.5,0.1338,5.93,13.0,2.0,17.00133572756621,10.2,13.34,16.2,795.0,6.68,0.482
11,9.1,-0.5,9.7,1.23,443.5,428.6,1.1,39.0,0.326,0.1063,17.8,1734.8,0.8815,1005.0,0.3375,0.5,141.35,0.0159,5.9,8.5,4.0,19.796386260270662,10.15,14.35,17.6,795.0,8.63,0.458
2,2.4,-7.4,9.8,0.88,312.2,319.0,1.5,28.0,0.2337,0.0546,3.4,875.4,0.462,670.0,0.4348,0.5,344.55,0.0468,4.7,8.0,2.0,15.291011018664323,8.09,11.84,16.6,795.0,7.56,0.471
3,9.7,-2.2,11.9,0.35,403.1,436.0,0.0,19.0,0.1605,0.0258,9.4,776.5,0.7445,896.0,0.3227,0.5,127.1,0.5613,4.3,6.9,3.0,23.34713877586335,7.4,17.51,21.0,795.0,8.1,0.488
2,3.1,-10.4,13.5,0.67,316.7,310.7,2.3,42.0,0.3535,0.1249,6.6,1343.1,0.6228,798.0,0.5407,0.5,320.39,0.1825,5.5,10.5,1.0,17.018658701047016,9.46,13.86,20.2,795.0,7.48,0.339
3,9.1,-3.4,12.5,1.54,364.0,364.5,0.5,58.0,0.4867,0.2369,26.6,2125.8,0.8387,971.0,0.6181,0.5,141.45,0.1898,6.9,11.5,2.0,11.794761833974151,11.87,9.52,17.9,795.0,9.13,0.477
4,13.9,4.7,9.2,0.3,497.8,504.5,0.2,21.0,0.3034,0.0921,14.2,1021.0,0.6448,816.0,0.4419,0.5,50.76,0.64,5.3,9.8,4.0,9.302529976000042,9.12,6.29,20.4,1292.9,6.63,0.3
11,6.8,-6.0,12.9,1.06,258.5,256.7,3.0,55.0,0.4569,0.2088,18.8,1417.2,0.7459,897.0,0.5776,0.5,200.43,0.0014,5.6,12.0,2.0,13.505981211563924,9.64,10.73,17.8,795.0,8.63,0.456
1,-1.8,-11.6,9.9,1.2,235.8,227.0,3.3,31.0,0.2561,0.0656,-2.7,724.6,0.9382,1051.0,0.5042,0.5,517.71,0.0091,4.67,11.0,4.0,12.402490846924323,8.04,8.85,14.8,795.0,10.24,0.386
2,0.8,-7.5,8.3,0.89,355.2,342.5,0.9,14.0,0.118,0.0139,0.6,503.0,0.437,650.0,0.3427,0.5,407.35,0.0422,3.57,13.0,3.0,15.151770814049785,6.14,11.11,16.0,795.0,7.3,0.375
2,2.7,-10.1,12.7,1.11,351.9,341.7,3.0,36.0,0.2971,0.0883,4.8,1254.9,0.5912,773.0,0.4257,0.5,335.78,0.0001,4.5,14.0,2.0,12.518490552217049,7.74,9.86,19.0,795.0,8.36,0.505
3,4.4,-7.9,12.4,0.42,410.5,403.3,3.9,40.0,0.3294,0.1085,8.8,1622.6,0.8152,952.0,0.3888,0.5,274.62,0.4619,5.51,8.0,3.0,13.617163994741617,9.48,10.27,21.3,795.0,8.64,0.4
2,2.2,-11.0,13.3,1.02,338.3,344.3,2.8,12.0,0.099,0.0098,1.3,402.0,0.6039,783.0,0.2803,0.5,352.09,0.0072,4.3,14.7,1.0,17.505547750570415,7.4,14.21,19.4,795.0,7.5,0.319
2,0.7,-8.2,8.9,1.34,307.3,289.4,1.8,47.0,0.3925,0.154,1.6,1447.3,0.4929,694.0,0.4908,0.5,412.59,0.0595,5.3,13.0,4.0,17.33630144237152,9.12,12.2,14.7,795.0,9.32,0.377
2,5.0,-8.7,13.8,1.03,330.3,322.8,3.3,55.0,0.457,0.2089,13.7,1811.2,0.9151,1032.0,0.459,0.5,255.66,0.005,4.52,9.0,2.0,11.478289059707642,7.78,9.34,19.7,795.0,8.49,0.411
12,2.3,-10.4,12.7,1.13,300.5,307.4,0.8,40.0,0.3292,0.1084,4.5,1187.1,0.7703,916.0,0.4477,0.5,351.25,0.0012,4.86,12.0,3.0,18.48584620317354,8.36,13.88,18.1,795.0,8.11,0.417
1,1.6,-10.9,12.5,1.18,215.5,224.9,0.8,28.0,0.2321,0.0539,2.2,600.2,0.4941,695.0,0.3289,0.5,377.5,0.0058,4.88,9.5,3.0,10.665188140911395,8.4,7.79,16.6,795.0,8.82,0.498
3,7.9,-4.1,12.1,1.39,430.0,434.5,0.9,13.0,0.1048,0.011,5.0,540.7,0.6597,828.0,0.2335,0.5,171.4,0.0836,4.7,13.5,3.0,18.12022547730315,8.09,13.52,18.9,795.0,5.16,0.307
2,2.0,-10.6,12.6,0.3,438.5,429.5,3.4,39.0,0.3249,0.1056,4.0,1709.7,0.7822,926.0,0.4271,0.5,359.57,0.64,5.6,10.3,3.0,19.976971223067377,9.64,15.01,22.2,795.0,7.68,0.374
3,8.3,-1.3,9.6,0.81,491.3,482.5,1.3,28.0,0.232,0.0538,11.6,1367.8,0.7477,898.0,0.4075,0.5,160.74,0.0814,6.1,10.0,2.0,12.720686597083843,10.5,10.14,19.3,795.0,5.61,0.502
4,18.9,7.2,11.7,1.2,636.8,633.3,1.5,27.0,0.6303,0.3973,25.7,1736.9,0.3693,595.0,0.6216,0.5,4.55,0.0107,5.95,14.0,3.0,14.70166833347599,10.24,10.72,22.2,2317.4,8.91,0.446
11,7.0,-4.9,11.9,1.31,334.6,331.9,0.9,26.0,0.2144,0.046,9.1,861.1,0.6799,844.0,0.2997,0.5,194.73,0.0445,4.4,10.3,1.0,19.604573930742312,7.57,15.85,17.6,795.0,6.77,0.354
12,6.5,-2.1,8.6,2.05,283.7,285.4,1.0,42.0,0.3494,0.1221,13.6,1189.3,0.4044,624.0,0.4209,0.5,211.05,0.9019,4.5,7.6,1.0,11.357831605716783,7.74,9.44,12.3,795.0,8.35,0.475
2,1.3,-7.6,8.9,0.99,310.5,309.7,1.8,38.0,0.3178,0.101,2.6,1183.9,0.8014,941.0,0.3283,0.5,386.41,0.0121,5.18,12.0,1.0,15.350060104341946,8.91,12.75,15.6,795.0,7.81,0.288
2,-0.3,-10.3,10.0,0.87,318.6,309.8,3.6,53.0,0.4397,0.1934,-0.9,1681.3,0.5217,717.0,0.4821,0.5,455.73,0.0519,4.8,11.0,4.0,20.745550549295793,8.26,14.78,16.9,795.0,9.54,0.442
1,-0.2,-11.7,11.4,0.76,267.2,273.3,1.1,20.0,0.1642,0.027,-0.2,526.7,0.5589,747.0,0.2703,0.5,450.93,0.114,4.5,13.0,2.0,9.29557719032751,7.74,7.42,17.6,795.0,6.84,0.365
2,3.8,-8.3,12.0,1.06,428.0,426.4,0.2,49.0,0.4073,0.1659,9.2,2092.0,0.5661,753.0,0.4612,0.5,297.23,0.0015,3.3,9.0,1.0,17.19454587426749,5.68,13.95,19.7,795.0,8.42,0.521
12,5.2,-5.0,10.3,1.22,269.6,275.7,0.7,41.0,0.3394,0.1152,10.7,1098.3,0.8951,1016.0,0.5151,0.5,248.42,0.0147,5.4,13.0,1.0,8.134823436196012,9.29,7.42,15.5,795.0,6.21,0.401
11,11.0,0.5,10.5,1.51,259.2,255.0,2.5,24.0,0.2433,0.0592,13.4,630.7,0.5786,763.0,0.3705,0.5,100.02,0.1671,6.7,11.0,1.0,12.186566754968304,11.53,10.2,14.8,795.0,7.59,0.357
3,5.4,-6.1,11.5,1.67,516.2,515.8,2.7,47.0,0.3894,0.1516,12.5,2412.1,0.5785,763.0,0.6382,0.5,244.58,0.3278,5.62,11.9,4.0,14.14132176136122,9.67,9.87,19.0,795.0,10.77,0.368
11,5.7,-4.9,10.6,0.81,326.7,326.0,2.8,49.0,0.4047,0.1637,13.9,1586.2,0.4495,660.0,0.4808,0.5,233.17,0.0831,6.3,11.2,1.0,17.005096578086775,10.84,13.71,17.7,795.0,8.46,0.337
2,0.6,-8.9,9.6,1.27,269.2,286.0,3.2,20.0,0.1628,0.0265,0.6,525.9,0.767,914.0,0.4158,0.5,414.23,0.0301,4.72,13.0,3.0,16.288702834478325,8.12,12.23,14.8,795.0,8.17,0.376
2,2.8,-7.5,10.3,1.31,359.6,370.5,2.4,43.0,0.3568,0.1273,6.1,1539.5,0.3524,582.0,0.3994,0.5,329.63,0.0444,3.9,15.5,2.0,14.819155797859054,6.71,11.4,16.7,795.0,7.87,0.466
1,-5.8,-14.0,8.2,1.29,222.9,199.1,1.7,19.0,0.1591,0.0253,-5.5,425.6,0.5892,771.0,0.2886,0.5,717.93,0.0346,4.2,16.5,2.0,10.821409483488548,7.23,8.59,13.0,795.0,6.21,0.4
3,9.4,-2.9,12.4,0.3,387.6,391.8,0.7,41.0,0.3456,0.1194,19.5,1607.2,0.5979,778.0,0.3824,0.5,134.41,0.64,5.2,8.5,3.0,12.221909824169035,8.95,9.04,21.2,795.0,7.73,0.403
11,9.7,-2.6,12.3,1.08,248.6,252.4,0.3,51.0,0.4246,0.1802,24.7,1266.4,0.3483,579.0,0.4263,0.5,128.11,0.0006,3.6,10.0,2.0,18.110950547074996,6.19,13.86,17.1,795.0,7.58,0.412
4,11.6,-0.5,12.0,0.95,372.4,367.6,0.2,36.0,0.3958,0.1566,20.9,1343.8,0.5088,707.0,0.4856,0.5,88.73,0.0237,5.09,18.2,2.0,18.996910784812655,8.76,14.65,19.2,795.0,7.98,0.478
12,3.3,-9.3,12.6,0.87,162.9,158.1,0.8,18.0,0.1467,0.0215,2.9,286.7,0.5538,743.0,0.3731,0.5,312.75,0.0539,6.4,11.0,1.0,15.343948021253404,11.01,12.55,16.7,795.0,7.0,0.33
2,3.1,-9.2,12.3,1.44,217.2,215.2,3.4,17.0,0.1437,0.0207,2.7,374.5,0.7121,870.0,0.4095,0.5,321.27,0.1161,11.48,13.0,2.0,11.535032222759494,19.75,9.22,15.8,795.0,7.51,0.389
11,11.7,1.8,9.9,1.32,329.9,333.6,0.8,23.0,0.2592,0.0672,13.6,763.2,0.8983,1019.0,0.3447,0.5,86.04,0.0477,5.6,8.5,3.0,12.198036013600431,9.64,9.27,15.9,795.0,7.36,0.434
11,6.1,-6.8,12.9,1.51,266.4,252.7,2.6,44.0,0.367,0.1347,13.4,1173.1,0.8027,942.0,0.494,0.5,222.31,0.1657,4.6,13.8,3.0,18.733950120024577,7.91,14.09,16.8,795.0,8.06,0.356
11,10.0,-0.9,10.9,0.38,212.5,212.2,3.5,52.0,0.4383,0.1921,26.2,1112.6,0.7205,876.0,0.4771,0.5,120.49,0.5244,4.46,9.0,3.0,16.44788510636225,7.67,12.31,17.3,795.0,8.81,0.425
3,5.5,-6.9,12.4,1.36,383.6,365.3,1.4,57.0,0.4709,0.2217,15.5,2167.6,0.5432,735.0,0.4922,0.5,240.14,0.0683,5.11,15.5,2.0,12.43655388603929,8.79,9.76,18.5,795.0,8.43,0.483
11,11.4,1.8,9.6,0.86,303.2,290.0,0.1,22.0,0.2317,0.0537,12.4,659.6,0.7106,868.0,0.4098,0.5,92.33,0.0576,6.37,11.0,1.0,15.745815296518199,10.96,12.98,16.4,795.0,6.54,0.402
11,5.6,-3.5,9.1,1.93,407.6,405.5,0.5,17.0,0.1397,0.0195,4.7,683.2,0.6996,860.0,0.2634,0.5,236.35,0.6924,3.37,16.1,2.0,16.21160657114857,5.8,12.72,14.9,795.0,6.05,0.398
4,16.9,5.1,11.8,1.06,464.3,467.5,1.9,54.0,1.0,1.0,45.7,2514.9,0.5265,721.0,0.7172,0.5,17.01,0.002,5.06,13.0,4.0,11.664155710090526,8.71,7.97,20.1,3859.3,11.98,0.581
2,-2.7,-14.6,12.0,0.8,376.7,379.1,0.5,19.0,0.1554,0.0241,-2.5,702.4,0.8179,954.0,0.3454,0.5,560.47,0.0886,5.93,12.0,2.0,22.549841659991273,10.2,17.57,19.5,795.0,6.64,0.434
12,0.2,-9.6,9.8,1.38,271.4,282.3,2.2,36.0,0.2962,0.0877,0.3,964.8,0.7952,936.0,0.3172,0.5,433.27,0.0797,4.8,9.5,2.0,9.651520005888713,8.26,7.87,14.8,795.0,8.15,0.331
1,1.7,-9.3,11.0,1.11,325.3,328.4,3.7,26.0,0.214,0.0458,2.2,835.3,0.8327,966.0,0.3993,0.5,372.07,0.0,2.73,13.0,3.0,17.23185250198616,4.7,12.99,17.2,795.0,8.29,0.431
1,-2.9,-12.4,9.6,0.86,228.1,225.3,1.4,50.0,0.42,0.1764,-7.2,1149.6,0.5305,724.0,0.5033,0.5,569.17,0.056,4.98,13.0,4.0,13.845067999051363,8.57,9.61,15.2,795.0,7.33,0.323
2,3.4,-10.3,13.7,1.28,377.5,376.1,2.3,16.0,0.1296,0.0168,2.6,587.1,0.708,866.0,0.2429,0.5,310.38,0.0336,5.32,13.5,1.0,12.099853135087677,9.15,10.24,19.7,795.0,8.8,0.358
11,6.6,-4.3,10.8,0.48,331.3,328.6,1.9,60.0,0.5031,0.2531,19.8,2000.1,0.7506,900.0,0.491,0.5,208.75,0.3867,4.7,10.1,2.0,7.287027804569536,8.09,6.07,18.7,795.0,8.27,0.48
3,6.3,-6.2,12.5,0.6,501.3,492.6,0.2,18.0,0.1494,0.0223,5.7,898.9,0.5625,750.0,0.3078,0.5,214.95,0.2481,5.7,13.0,3.0,6.303638581238889,9.81,4.58,22.3,795.0,6.88,0.404
2,2.3,-10.4,12.7,1.01,347.9,353.0,2.1,34.0,0.2864,0.0821,3.9,1195.8,0.755,904.0,0.5301,0.5,350.44,0.0074,4.4,16.8,2.0,12.951034918037443,7.57,10.32,19.2,795.0,7.61,0.324
4,12.5,3.5,9.0,1.5,534.1,543.8,2.2,53.0,0.6684,0.4468,33.4,2844.0,0.6511,821.0,0.6283,0.5,71.73,0.1633,5.62,12.0,2.0,13.916783304792373,9.67,10.96,17.8,1200.7,9.66,0.456
3,4.5,-3.9,8.3,0.61,424.8,416.1,0.3,10.0,0.0842,0.0071,2.3,429.1,0.575,760.0,0.3522,0.5,273.26,0.2403,5.04,9.0,2.0,13.030099008344544,8.67,10.23,17.8,795.0,5.63,0.332
12,1.9,-11.0,12.9,1.67,212.1,212.9,1.4,11.0,0.0919,0.0085,1.0,234.0,0.5213,717.0,0.243,0.5,365.35,0.3244,4.4,8.0,1.0,10.477846431480405,7.57,8.88,15.7,795.0,6.31,0.383
4,16.1,4.5,11.6,0.93,499.3,486.6,3.1,60.0,1.0,1.0,48.7,3017.2,0.564,751.0,0.8494,0.5,23.86,0.0275,3.15,13.2,4.0,16.27442147682254,5.42,11.46,20.7,3323.1,13.15,0.512
4,15.7,4.5,11.2,1.11,520.7,539.4,3.9,48.0,0.8545,0.7302,37.7,2505.6,0.4843,687.0,0.6351,0.5,28.58,0.0001,5.17,7.5,2.0,18.492984267971426,8.9,14.26,20.3,2807.3,11.57,0.51
3,5.3,-4.7,10.0,0.8,428.4,423.2,0.7,34.0,0.2855,0.0815,9.1,1467.6,0.5022,702.0,0.4454,0.5,246.39,0.0914,5.23,13.0,4.0,16.141869297076905,9.0,11.31,18.7,795.0,6.85,0.391
3,7.9,-3.3,11.2,1.17,501.3,488.4,0.2,56.0,0.4691,0.22,22.3,2821.6,0.9089,1027.0,0.5782,0.5,171.31,0.0048,4.5,13.5,3.0,15.829141644201872,7.74,12.0,19.9,795.0,8.49,0.432
3,8.4,-3.3,11.7,0.85,394.5,394.7,2.0,49.0,0.4076,0.1661,20.6,1929.8,0.5697,756.0,0.3347,0.5,158.49,0.0613,5.2,13.0,4.0,10.481092058361611,8.95,7.12,19.5,795.0,7.92,0.321
2,4.6,-6.5,11.1,0.8,448.2,443.5,3.6,41.0,0.3387,0.1147,9.3,1821.7,0.5183,715.0,0.4309,0.5,269.82,0.0872,3.8,16.0,3.0,13.437798917588506,6.54,9.89,19.9,795.0,7.75,0.387
3,6.0,-5.5,11.5,1.75,429.6,432.4,1.3,37.0,0.3094,0.0957,11.1,1595.3,0.7891,931.0,0.4691,0.5,225.37,0.422,4.51,12.0,3.0,13.367887797030336,7.76,10.06,17.5,795.0,8.86,0.369
1,1.1,-7.0,8.0,1.32,212.6,208.9,3.6,46.0,0.3804,0.1447,2.4,970.7,0.8221,958.0,0.4303,0.5,397.99,0.0501,5.2,9.0,3.0,18.840046444963427,8.95,14.19,12.6,795.0,7.76,0.372
12,-0.9,-10.1,9.3,0.96,260.0,248.0,3.7,14.0,0.1164,0.0135,-0.6,363.1,0.7662,913.0,0.3698,0.5,479.08,0.0185,5.6,15.0,4.0,12.739936828104344,9.64,8.97,15.2,795.0,6.45,0.46
12,3.0,-5.3,8.3,1.89,151.1,140.2,3.4,14.0,0.1164,0.0135,2.1,210.9,0.5463,737.0,0.2846,0.5,324.33,0.6167,5.9,12.5,1.0,11.848816478327532,10.15,9.92,10.5,795.0,7.92,0.44
2,0.9,-9.9,10.8,1.05,312.2,308.8,3.0,54.0,0.4529,0.2051,2.4,1696.8,0.3807,605.0,0.5052,0.5,405.42,0.0022,4.8,15.3,2.0,8.276864349670552,8.26,6.51,17.0,795.0,9.17,0.552
2,6.5,-4.8,11.2,1.66,327.7,320.9,3.7,30.0,0.251,0.063,9.7,987.2,0.8636,991.0,0.4988,0.5,211.15,0.3155,4.8,13.4,4.0,10.794116631968384,8.26,7.59,16.1,795.0,7.67,0.479
2,5.9,-7.9,13.8,0.45,237.6,222.2,3.5,34.0,0.2827,0.0799,10.0,805.9,0.5064,705.0,0.4323,0.5,227.56,0.4167,6.93,8.5,2.0,14.392560255441904,11.92,11.2,19.8,795.0,7.97,0.397
2,0.3,-9.4,9.7,0.92,314.2,294.7,0.4,30.0,0.2519,0.0635,0.5,949.7,0.8622,990.0,0.3414,0.5,426.68,0.0331,5.3,9.1,4.0,7.6007897789907455,9.12,5.19,16.5,795.0,6.01,0.327
1,-4.6,-13.7,9.1,0.74,202.1,208.9,0.3,38.0,0.3168,0.1004,-8.7,768.3,0.672,838.0,0.2919,0.5,654.89,0.1284,3.6,9.6,1.0,16.90273298702314,6.19,13.81,14.7,795.0,7.04,0.429
1,-2.4,-14.6,12.2,1.56,259.0,229.0,3.3,61.0,0.5084,0.2585,-7.4,1579.9,0.8004,940.0,0.59,0.5,548.64,0.2139,4.52,15.5,3.0,13.924686589222445,7.78,10.48,16.0,795.0,9.01,0.49
3,6.2,-6.5,12.7,0.63,370.4,374.5,2.6,22.0,0.1802,0.0325,6.7,800.8,0.914,1031.0,0.4301,0.5,219.73,0.2218,4.27,16.2,4.0,10.78866811788715,7.35,7.62,20.5,795.0,6.97,0.461
11,12.9,2.2,10.7,1.27,338.3,340.7,3.1,15.0,0.1914,0.0366,9.4,493.3,0.9068,1025.0,0.4537,0.5,66.04,0.0293,5.43,7.8,2.0,13.132830549848563,9.34,10.58,16.8,991.7,8.59,0.364
4,11.4,2.7,8.7,1.43,453.3,476.1,2.7,18.0,0.1983,0.0393,10.6,836.8,0.538,730.0,0.4138,0.5,91.3,0.111,5.1,10.3,1.0,19.998024511927813,8.78,16.03,16.5,795.0,6.73,0.346
12,2.4,-9.5,11.9,0.92,277.3,270.4,0.1,49.0,0.4047,0.1637,5.8,1346.6,0.4831,686.0,0.4802,0.5,345.76,0.0332,3.9,13.0,3.0,14.357743244189491,6.71,10.55,17.7,795.0,8.53,0.41
12,1.6,-7.4,8.9,0.84,238.6,256.5,3.3,31.0,0.2577,0.0664,2.4,737.8,0.4306,644.0,0.482,0.5,377.17,0.0683,5.57,6.1,4.0,14.459503558842064,9.58,9.99,14.9,795.0,7.97,0.482
4,13.9,2.7,11.3,0.57,576.3,565.6,3.5,35.0,0.5147,0.2649,24.1,1989.3,0.5657,753.0,0.6636,0.5,49.75,0.2848,3.9,14.0,4.0,17.413787024396765,6.71,12.31,22.5,1487.4,9.06,0.484
12,3.7,-9.1,12.8,0.68,205.7,201.5,2.3,47.0,0.3914,0.1532,8.6,965.9,0.6783,843.0,0.6267,0.5,300.16,0.1789,4.1,10.0,4.0,20.016477707333394,7.05,14.36,17.9,795.0,8.59,0.367
2,3.1,-5.7,8.9,0.76,423.9,427.3,1.1,20.0,0.1678,0.0282,3.1,853.6,0.9619,1070.0,0.3625,0.5,319.55,0.116,4.23,14.0,2.0,16.113463854678812,7.28,12.85,17.8,795.0,5.68,0.353
3,3.9,-5.6,9.6,1.58,461.3,467.7,2.7,64.0,0.5342,0.2853,12.6,2956.9,0.548,738.0,0.6034,0.5,290.89,0.2274,5.6,13.0,2.0,12.225596352716465,9.64,9.61,16.9,795.0,8.44,0.391
12,-1.3,-13.1,11.8,1.12,341.3,335.0,3.3,53.0,0.4426,0.1959,-3.4,1812.5,0.1902,452.0,0.4281,0.5,495.92,0.0002,4.2,5.9,1.0,10.774686111525595,7.23,8.83,18.1,795.0,9.89,0.391
12,1.4,-7.4,8.8,0.98,217.9,206.7,1.5,33.0,0.2764,0.0764,2.4,722.8,0.7013,861.0,0.4642,0.5,383.27,0.0142,4.28,11.7,2.0,12.281409320379456,7.36,9.77,14.1,795.0,7.33,0.496
2,3.2,-7.8,10.9,1.5,326.8,309.3,2.0,58.0,0.4816,0.2319,9.1,1888.9,0.8284,963.0,0.6298,0.5,318.37,0.1578,5.7,10.5,3.0,15.616845324914017,9.81,11.78,16.2,795.0,9.52,0.454
2,1.9,-7.8,9.7,1.12,311.1,306.7,1.2,44.0,0.3664,0.1343,4.2,1367.7,0.9369,1049.0,0.4642,0.5,364.83,0.0006,4.4,10.3,1.0,17.316472803740552,7.57,14.34,15.9,795.0,5.61,0.372
12,1.3,-10.0,11.3,0.53,265.8,270.9,0.9,51.0,0.4226,0.1786,3.3,1348.0,0.408,626.0,0.4141,0.5,387.68,0.3222,4.1,12.5,3.0,13.963850254333622,7.05,10.2,18.0,795.0,8.69,0.536
4,15.3,5.1,10.2,0.93,515.2,526.2,3.4,12.0,0.2052,0.0421,9.2,618.7,0.8576,986.0,0.4705,0.5,33.04,0.0294,5.52,14.5,2.0,15.762928837987886,9.5,12.51,19.9,1653.6,7.88,0.391
1,-0.3,-13.0,12.7,0.95,261.8,268.3,2.9,26.0,0.2201,0.0484,-0.4,691.4,0.5572,746.0,0.3838,0.5,454.2,0.0233,5.19,9.0,1.0,12.393647862022643,8.93,10.34,18.0,795.0,7.8,0.429
3,7.6,-6.1,13.7,1.42,430.8,422.1,0.3,45.0,0.3764,0.1416,17.2,1945.6,0.6641,831.0,0.5236,0.5,179.0,0.105,4.4,8.5,3.0,11.350962974018636,7.57,8.44,20.2,795.0,7.18,0.509
1,-2.9,-12.7,9.7,1.03,268.5,272.1,0.4,52.0,0.4304,0.1852,-7.6,1386.6,0.5519,742.0,0.4507,0.5,572.5,0.0049,5.58,9.4,3.0,14.44125531198246,9.6,10.67,15.5,795.0,7.83,0.529
1,0.2,-8.5,8.8,1.24,224.3,200.3,3.1,40.0,0.3323,0.1104,0.4,894.2,0.7084,867.0,0.4718,0.5,432.18,0.021,4.3,8.5,3.0,18.221005300550374,7.4,13.63,13.6,795.0,7.88,0.409
3,7.2,-0.9,8.2,1.34,385.4,394.9,0.9,48.0,0.4005,0.1604,17.4,1852.1,0.8112,949.0,0.3766,0.5,189.53,0.0563,6.2,10.0,4.0,13.896722739705359,10.67,9.87,15.3,795.0,7.78,0.381
2,0.3,-8.1,8.4,1.08,375.0,372.7,0.8,62.0,0.5202,0.2707,0.8,2341.2,0.7619,910.0,0.5025,0.5,430.04,0.0006,3.5,13.2,1.0,14.921694741692866,6.02,12.4,16.0,795.0,8.86,0.474
4,15.2,5.4,9.8,0.73,555.5,548.3,2.4,13.0,0.226,0.0511,10.1,740.7,0.8805,1004.0,0.2503,0.5,34.0,0.1397,4.64,8.1,1.0,15.743263486761897,7.98,13.11,20.6,1493.0,8.48,0.491
3,7.9,-3.4,11.3,0.63,353.8,353.2,1.3,17.0,0.1444,0.0209,6.8,613.2,0.5775,762.0,0.3942,0.5,171.83,0.2204,5.3,10.0,1.0,13.768640320272198,9.12,11.39,19.1,795.0,6.51,0.323
2,2.3,-10.3,12.6,0.84,384.2,371.6,1.1,30.0,0.2467,0.0608,3.4,1137.2,0.763,910.0,0.2668,0.5,350.27,0.0677,3.4,17.0,1.0,13.900959036563492,5.85,11.64,20.0,795.0,8.3,0.422
11,5.9,-2.1,8.0,1.32,211.0,204.4,1.3,13.0,0.1053,0.0111,3.7,266.7,0.6954,856.0,0.3959,0.5,228.99,0.0504,5.69,7.5,2.0,11.80551059513568,9.79,9.41,12.6,795.0,6.28,0.551
11,10.8,0.6,10.2,1.27,348.7,342.0,2.6,24.0,0.2356,0.0555,13.2,848.3,0.5175,714.0,0.3343,0.5,103.8,0.0285,3.8,11.6,2.0,13.684588806741626,6.54,10.68,16.5,795.0,8.16,0.369
2,2.8,-7.5,10.3,1.5,332.5,347.5,1.9,53.0,0.4387,0.1925,7.4,1750.8,0.5847,768.0,0.5842,0.5,331.37,0.1633,5.56,14.0,1.0,13.057639754040869,9.57,10.86,15.7,795.0,7.91,0.507
3,7.1,-5.4,12.5,1.4,401.0,402.2,3.5,34.0,0.2844,0.0809,12.2,1368.7,0.6696,836.0,0.3946,0.5,192.29,0.0905,5.3,13.0,3.0,8.93421108616647,9.12,6.64,18.8,795.0,7.52,0.445
1,-7.9,-16.0,8.2,1.38,237.8,234.5,3.3,25.0,0.2074,0.043,-9.8,591.7,0.72,876.0,0.3176,0.5,833.91,0.0778,3.5,10.9,2.0,16.282626338909512,6.02,12.79,13.0,795.0,8.52,0.44
2,1.4,-8.8,10.2,0.83,325.5,313.3,2.8,62.0,0.5139,0.2641,4.3,2007.5,0.638,810.0,0.6071,0.5,384.28,0.0705,4.8,11.0,2.0,10.327763006866617,8.26,8.26,17.2,795.0,8.52,0.325
1,0.4,-12.4,12.8,1.05,375.5,369.2,3.6,42.0,0.3478,0.121,0.9,1567.2,0.5871,770.0,0.4529,0.5,423.88,0.0029,3.97,13.0,2.0,12.725542907925075,6.83,10.01,19.6,795.0,7.26,0.479
3,7.3,-1.8,9.1,1.31,417.4,426.2,1.5,65.0,0.5387,0.2902,23.6,2698.1,0.8889,1011.0,0.5216,0.5,187.31,0.0444,4.98,10.0,2.0,7.718801916705802,8.57,6.5,16.6,795.0,8.05,0.479
4,14.4,0.8,13.5,0.81,495.6,517.9,1.5,42.0,0.6523,0.4255,30.0,2074.2,0.9041,1023.0,0.5885,0.5,44.2,0.0848,3.6,18.0,4.0,16.01782900338021,6.19,11.54,22.6,1995.8,9.29,0.468
11,4.0,-7.8,11.7,1.06,198.4,190.2,1.6,59.0,0.4933,0.2433,11.7,1174.7,0.5785,763.0,0.49,0.5,290.2,0.0018,4.0,8.0,3.0,15.615593449506301,6.88,11.57,16.0,795.0,9.6,0.427
11,7.7,-4.0,11.7,1.7,269.1,270.6,0.1,27.0,0.2219,0.0492,10.3,716.5,0.6249,800.0,0.4309,0.5,176.04,0.3658,4.7,14.8,2.0,15.75243487865045,8.09,12.31,15.4,795.0,6.73,0.331
11,11.7,-2.3,14.0,1.21,303.4,311.2,0.0,47.0,0.5184,0.2688,27.2,1416.8,0.8025,942.0,0.5547,0.5,87.21,0.0112,4.1,14.8,4.0,14.065160336794964,7.05,9.99,19.0,1784.4,8.36,0.47
12,-0.1,-9.4,9.3,0.91,209.5,200.6,2.8,57.0,0.4785,0.2289,-0.2,1203.1,0.4731,679.0,0.4988,0.5,443.42,0.0357,5.2,11.5,4.0,8.724552504982112,8.95,5.72,14.6,795.0,8.99,0.519
2,2.2,-6.7,8.9,1.43,326.7,336.7,2.3,49.0,0.4063,0.165,5.3,1592.7,0.4799,684.0,0.4753,0.5,354.72,0.1057,5.1,10.9,1.0,13.049029332063036,8.78,10.77,14.7,795.0,7.51,0.38
12,-0.2,-11.3,11.1,1.46,314.1,312.6,0.6,56.0,0.4651,0.2163,-0.6,1753.0,0.9668,1073.0,0.5957,0.5,450.2,0.1304,5.7,8.5,1.0,15.21300535455717,9.81,12.78,16.3,795.0,9.12,0.531
2,2.0,-10.4,12.4,1.34,398.0,395.3,0.8,37.0,0.3123,0.0976,3.8,1491.9,0.4572,666.0,0.3958,0.5,360.04,0.057,4.06,13.0,2.0,16.209403815793742,6.99,12.52,18.9,795.0,6.4,0.3
12,3.3,-8.7,12.0,0.3,271.3,268.0,2.9,58.0,0.4831,0.2333,9.5,1572.9,0.5129,710.0,0.472,0.5,313.72,0.64,5.16,12.0,1.0,14.39672354473432,8.88,11.81,19.2,795.0,9.39,0.415
3,4.0,-9.4,13.3,0.97,497.5,504.9,0.6,28.0,0.2352,0.0553,5.6,1404.2,0.6737,839.0,0.2835,0.5,289.96,0.0162,4.59,10.3,1.0,16.00640727068303,7.9,13.14,22.0,795.0,8.9,0.404
3,7.4,-4.0,11.3,0.97,445.8,431.6,3.3,31.0,0.2581,0.0666,11.4,1380.8,0.4245,640.0,0.5278,0.5,185.78,0.0165,4.6,12.0,4.0,19.991856682451782,7.91,14.13,19.6,795.0,7.22,0.497
12,0.6,-10.6,11.3,1.11,284.9,288.6,3.6,61.0,0.5058,0.2559,1.9,1729.2,0.6023,782.0,0.5827,0.5,415.06,0.0001,5.2,12.0,3.0,15.961028534272353,8.95,11.85,16.8,795.0,8.48,0.493
12,0.4,-9.3,9.7,0.64,232.8,226.9,1.9,41.0,0.3394,0.1152,0.8,948.2,0.4057,625.0,0.4305,0.5,425.19,0.2083,6.4,14.0,1.0,16.14379878628796,11.01,13.03,15.9,795.0,8.07,0.452
4,11.8,-1.2,13.0,1.57,617.5,610.8,1.2,37.0,0.4229,0.1788,22.0,2300.7,0.6477,818.0,0.5114,0.5,84.46,0.2209,5.6,16.0,2.0,12.30219071667348,9.64,9.74,22.0,979.1,7.69,0.435
11,5.5,-5.4,10.9,0.98,269.3,285.9,0.8,35.0,0.2899,0.084,9.6,936.7,0.5874,770.0,0.4532,0.5,239.29,0.0142,4.53,10.1,1.0,24.845797016675974,7.79,19.7,16.6,795.0,6.94,0.421
12,0.3,-10.6,10.8,1.09,160.0,182.0,0.2,25.0,0.21,0.0441,0.3,403.2,0.4972,698.0,0.3614,0.5,430.16,0.0001,5.9,11.6,2.0,17.30376879085848,10.15,13.38,14.6,795.0,7.5,0.507
4,13.2,5.2,8.0,1.14,567.1,571.0,0.0,16.0,0.2151,0.0463,10.4,891.3,0.6714,837.0,0.404,0.5,60.66,0.0013,4.58,12.6,3.0,19.081693676982496,7.88,14.25,18.4,795.0,6.63,0.351
4,10.8,2.4,8.4,0.74,474.6,461.4,1.2,20.0,0.1879,0.0353,10.5,926.5,0.7634,911.0,0.2591,0.5,104.52,0.1266,5.4,12.4,2.0,17.264188150821692,9.29,13.56,18.3,795.0,7.28,0.369
12,1.4,-9.9,11.3,1.13,230.1,244.4,1.9,13.0,0.1059,0.0112,0.9,292.5,0.936,1049.0,0.2309,0.5,385.1,0.001,5.9,11.1,1.0,17.798978078850325,10.15,14.7,15.9,795.0,5.48,0.318
2,3.1,-9.7,12.8,1.92,418.3,410.1,3.9,57.0,0.4743,0.225,8.8,2381.2,0.4965,697.0,0.363,0.5,320.59,0.6756,4.73,8.7,4.0,12.180598035654505,8.14,8.33,18.0,795.0,11.19,0.435
12,-2.2,-13.5,11.3,0.83,361.6,355.2,1.7,42.0,0.3471,0.1205,-4.7,1506.2,0.5312,725.0,0.6029,0.5,539.98,0.0722,5.7,14.0,2.0,9.638218150653037,9.81,7.65,18.7,795.0,7.82,0.486
12,0.0,-11.5,11.5,0.6,104.7,93.8,2.9,57.0,0.4725,0.2233,0.1,593.6,0.1809,445.0,0.5171,0.5,439.89,0.2522,5.54,14.2,1.0,9.84158305024178,9.53,8.13,15.6,795.0,10.23,0.456
2,5.1,-8.2,13.3,0.71,225.3,239.8,1.7,42.0,0.346,0.1197,10.7,935.4,0.529,723.0,0.4188,0.5,251.34,0.1553,6.3,13.0,1.0,8.185132964094329,10.84,7.16,18.6,795.0,8.01,0.38
4,11.4,-1.7,13.1,1.79,394.4,401.6,2.0,56.0,0.5896,0.3477,31.6,2191.9,0.7196,876.0,0.6408,0.5,92.81,0.4728,7.3,9.5,4.0,13.850481188518648,12.56,9.76,18.2,1258.1,10.38,0.46
2,4.0,-7.8,11.8,1.51,320.2,319.2,1.7,28.0,0.2314,0.0535,5.5,889.0,0.4915,693.0,0.5008,0.5,290.19,0.1687,5.57,13.0,4.0,13.823762927013677,9.58,9.56,16.7,795.0,8.03,0.31
3,7.8,-2.8,10.6,1.11,444.3,426.9,0.2,17.0,0.1417,0.0201,6.6,755.6,0.6464,817.0,0.4518,0.5,174.44,0.0002,5.9,9.0,3.0,15.905621561152447,10.15,11.85,18.6,795.0,6.21,0.311
2,1.6,-7.2,8.8,1.24,301.0,295.8,2.3,59.0,0.493,0.243,4.6,1780.5,0.5447,736.0,0.5345,0.5,377.89,0.0183,6.0,9.7,1.0,16.422868837645485,10.32,13.35,14.8,795.0,7.97,0.426
11,12.8,1.2,11.7,1.03,187.1,179.6,1.2,50.0,0.6526,0.4259,32.1,934.5,0.9205,1036.0,0.4772,0.5,66.58,0.0043,3.52,13.8,2.0,18.473835370740417,6.06,14.59,15.9,1497.8,8.5,0.423
2,2.3,-9.9,12.2,1.34,339.6,346.0,2.9,15.0,0.1257,0.0158,1.8,512.5,0.946,1057.0,0.3485,0.5,348.28,0.0561,2.9,10.0,3.0,15.391589631532716,4.99,11.7,17.8,795.0,6.4,0.313
2,-0.7,-13.6,12.8,1.13,329.2,331.5,0.0,33.0,0.2724,0.0742,-1.2,1076.1,0.7316,885.0,0.3539,0.5,472.1,0.001,4.3,15.9,4.0,14.45557331329359,7.4,10.23,18.7,795.0,7.62,0.461
2,0.9,-9.8,10.7,1.2,403.3,401.5,0.6,18.0,0.151,0.0228,0.8,730.8,0.8311,965.0,0.399,0.5,404.01,0.0095,6.0,10.5,3.0,11.547665259105623,10.32,8.73,17.9,795.0,6.49,0.368
4,16.6,2.6,14.0,1.25,563.0,559.9,0.7,19.0,0.3643,0.1327,15.6,1061.1,0.4829,686.0,0.4314,0.5,19.38,0.0237,3.2,11.5,1.0,10.941754733763132,5.51,9.19,22.8,1469.8,8.25,0.454
11,8.5,-4.2,12.7,1.09,333.2,328.4,0.7,27.0,0.2279,0.0519,11.6,911.3,0.8625,990.0,0.5078,0.5,157.18,0.0,4.88,9.5,2.0,6.994360167227752,8.4,5.94,18.7,795.0,6.85,0.426
3,3.9,-9.2,13.1,0.92,446.0,440.3,2.3,54.0,0.4461,0.199,10.4,2387.2,0.2594,508.0,0.449,0.5,293.3,0.0342,4.9,12.0,2.0,12.319614651282171,8.43,9.45,21.2,795.0,8.41,0.458
11,10.4,-2.6,13.0,0.86,232.0,218.8,3.7,64.0,0.5733,0.3287,33.3,1490.9,0.2903,532.0,0.4891,0.5,113.36,0.0577,4.64,11.5,2.0,13.032388629593715,7.98,10.01,18.0,795.0,9.98,0.401
3,12.4,1.4,11.1,0.66,384.6,376.6,1.0,40.0,0.4894,0.2395,24.6,1520.8,0.5657,753.0,0.5356,0.5,73.52,0.1934,4.1,10.0,2.0,16.89051605508927,7.05,13.12,19.3,814.0,7.96,0.532
3,9.9,-0.8,10.7,0.94,385.3,378.3,3.0,38.0,0.3194,0.102,19.0,1476.6,0.2887,531.0,0.4195,0.5,123.33,0.0257,5.5,13.0,3.0,14.431315591094295,9.46,10.45,18.3,795.0,9.62,0.486
1,-1.6,-11.4,9.8,1.28,203.0,212.3,1.0,15.0,0.1241,0.0154,-1.2,302.4,0.5555,744.0,0.2758,0.5,508.72,0.0309,4.71,8.6,4.0,10.294206924229147,8.1,6.97,14.0,795.0,6.41,0.369
1,-2.9,-16.7,13.8,1.04,350.1,359.0,1.2,29.0,0.2413,0.0582,-4.2,1013.4,0.4664,673.0,0.3108,0.5,569.84,0.0031,4.56,12.8,4.0,16.205498346558656,7.85,11.33,20.0,795.0,7.15,0.424
3,9.1,-1.3,10.4,1.08,356.5,361.8,1.2,43.0,0.361,0.1303,19.7,1544.6,0.6968,857.0,0.3825,0.5,141.45,0.0004,8.4,7.5,1.0,12.244714025168548,14.45,10.34,17.2,795.0,8.36,0.475
2,1.4,-6.7,8.1,0.71,259.7,261.3,3.1,41.0,0.3386,0.1146,2.8,1055.2,0.5529,742.0,0.3237,0.5,384.42,0.1512,4.1,14.8,3.0,9.11346539078273,7.05,6.68,14.9,795.0,8.61,0.469
2,2.0,-8.8,10.8,0.56,329.5,328.6,2.8,24.0,0.1966,0.0386,2.4,777.3,0.3852,608.0,0.3934,0.5,360.49,0.2953,4.3,16.3,4.0,17.806503958479766,7.4,12.46,18.5,795.0,7.59,0.517
1,-3.6,-16.6,13.0,0.54,304.1,292.0,1.0,63.0,0.5225,0.273,-11.4,1906.7,0.7412,893.0,0.5838,0.5,606.36,0.3096,6.3,8.5,2.0,14.273193112865366,10.84,11.3,19.9,795.0,8.32,0.396
3,7.8,-5.8,13.6,0.91,479.9,479.1,3.2,58.0,0.4813,0.2317,22.5,2771.8,0.3794,604.0,0.5858,0.5,174.33,0.0379,5.14,14.5,1.0,17.80358552529074,8.84,14.26,22.1,795.0,9.82,0.529
3,6.9,-4.6,11.4,0.9,395.7,397.5,1.5,17.0,0.1431,0.0205,5.9,679.4,0.8526,982.0,0.3698,0.5,199.09,0.04,4.1,9.5,4.0,16.631901965425353,7.05,11.96,19.1,795.0,6.74,0.351
11,7.5,-5.1,12.6,0.6,310.3,330.6,3.5,15.0,0.1286,0.0165,5.8,478.9,0.8017,941.0,0.3279,0.5,182.52,0.2454,4.7,8.5,2.0,11.583915958862399,8.09,9.33,19.5,795.0,6.96,0.423
1,3.1,-5.5,8.5,1.22,224.2,223.6,3.4,14.0,0.1129,0.0128,2.1,303.9,0.3653,592.0,0.2801,0.5,321.63,0.0147,6.69,8.9,2.0,13.363881255174125,11.51,10.32,13.4,795.0,6.41,0.385
2,0.2,-8.7,8.9,2.01,455.7,446.6,2.2,14.0,0.1159,0.0134,0.1,633.5,0.8246,960.0,0.3873,0.5,433.42,0.8308,5.2,11.0,3.0,9.773043107565481,8.95,7.39,15.2,795.0,6.09,0.359
3,8.2,-3.6,11.8,1.19,360.6,352.0,3.3,54.0,0.4541,0.2062,22.3,1964.9,0.66,828.0,0.3948,0.5,163.98,0.0086,5.71,13.9,2.0,18.241178619756923,9.82,14.21,18.2,795.0,8.97,0.382
1,0.6,-9.1,9.7,0.77,246.6,268.0,2.5,40.0,0.3297,0.1087,1.2,975.6,0.6648,832.0,0.4043,0.5,415.22,0.1062,5.0,10.0,1.0,20.000687116768724,8.6,16.13,15.8,795.0,8.54,0.378
1,-1.5,-12.4,10.8,1.13,211.7,219.6,3.9,33.0,0.2751,0.0757,-2.5,698.9,0.5317,725.0,0.4478,0.5,508.25,0.0008,5.9,12.0,2.0,13.805824240161236,10.15,10.78,15.3,795.0,8.84,0.437
3,6.4,-4.2,10.7,0.57,383.6,398.9,1.5,46.0,0.3832,0.1469,14.8,1764.0,0.7305,884.0,0.3972,0.5,212.12,0.2812,6.49,10.0,3.0,10.307592060378742,11.17,7.72,19.2,795.0,8.77,0.438
12,2.4,-5.9,8.2,0.68,362.9,360.1,0.9,16.0,0.1331,0.0177,1.9,579.8,0.3611,589.0,0.3057,0.5,347.27,0.1805,3.3,8.4,4.0,17.518285820802788,5.68,12.23,16.6,795.0,7.98,0.419
11,5.0,-6.5,11.5,0.91,287.4,275.3,1.1,64.0,0.5306,0.2815,16.0,1830.1,0.9052,1024.0,0.6187,0.5,255.35,0.0363,4.14,8.0,3.0,12.350209578069911,7.12,9.39,17.6,795.0,8.46,0.341
12,2.5,-10.1,12.7,1.17,394.0,394.6,1.4,38.0,0.3149,0.0991,4.8,1488.8,0.7364,889.0,0.3721,0.5,340.54,0.0055,6.5,17.0,3.0,12.50435430580733,11.18,9.37,19.4,795.0,7.58,0.397
3,4.1,-6.7,10.8,0.98,427.9,432.5,1.9,29.0,0.2427,0.0589,6.0,1246.3,0.537,730.0,0.4019,0.5,284.86,0.0143,4.2,17.0,2.0,16.42702402752598,7.23,12.75,18.9,795.0,7.33,0.337
11,9.8,-1.4,11.2,1.32,263.6,269.2,0.7,33.0,0.2767,0.0765,16.3,875.1,0.1336,407.0,0.3198,0.5,125.5,0.0474,6.4,14.0,2.0,9.543275568856169,11.01,7.26,15.9,795.0,7.45,0.47
11,10.7,1.0,9.7,0.81,358.5,361.9,1.8,64.0,0.6137,0.3766,34.5,2311.3,0.5048,704.0,0.6634,0.5,105.87,0.0826,4.21,8.9,1.0,18.47332198593273,7.24,14.86,17.4,795.0,9.53,0.413
12,-2.3,-14.5,12.2,0.94,208.9,221.0,1.8,32.0,0.2696,0.0727,-3.7,675.6,0.5672,754.0,0.4235,0.5,541.9,0.0256,5.8,17.0,4.0,17.660957276292507,9.98,12.5,16.8,795.0,8.67,0.286
3,7.2,-0.8,8.0,0.7,356.1,343.8,0.2,50.0,0.4155,0.1727,18.0,1775.5,0.4967,697.0,0.5561,0.5,189.99,0.1624,6.46,13.0,3.0,13.898169975699382,11.12,10.22,16.3,795.0,8.0,0.494
2,5.2,-4.8,10.0,0.99,298.1,304.1,0.4,26.0,0.2151,0.0463,6.6,769.4,0.714,871.0,0.3613,0.5,251.17,0.0111,2.9,14.2,2.0,21.78383577053964,4.99,16.91,16.3,795.0,7.54,0.415
3,6.4,-7.5,13.9,1.24,412.8,408.7,3.8,38.0,0.3178,0.101,12.2,1574.1,0.4856,688.0,0.3481,0.5,213.34,0.0186,3.1,8.0,2.0,15.668659153361013,5.33,12.14,20.5,795.0,8.43,0.334
4,10.5,-1.0,11.5,0.88,472.4,477.3,2.6,15.0,0.133,0.0177,7.6,690.4,0.8301,964.0,0.2892,0.5,111.09,0.0464,4.3,17.2,2.0,12.788946344646362,7.4,10.26,20.4,795.0,6.33,0.455
12,3.7,-9.0,12.7,0.89,325.0,309.5,3.9,58.0,0.483,0.2333,10.7,1883.7,0.6814,845.0,0.537,0.5,299.51,0.0441,5.15,19.0,3.0,19.350615007798915,8.86,14.46,19.1,795.0,8.14,0.459
12,0.9,-10.0,10.9,1.1,289.7,287.8,3.0,57.0,0.4776,0.2281,2.7,1660.3,0.7861,929.0,0.625,0.5,402.69,0.0,4.2,18.3,2.0,15.00389543494979,7.23,11.88,16.6,795.0,9.04,0.45
3,8.4,-1.8,10.3,1.37,500.7,497.6,3.3,63.0,0.5272,0.278,26.7,3168.0,0.807,946.0,0.5009,0.5,157.59,0.0726,4.92,12.5,1.0,16.958391031866284,8.47,13.96,18.6,795.0,10.3,0.481
12,4.8,-9.1,13.9,1.57,225.0,212.8,2.4,52.0,0.4295,0.1845,12.3,1159.6,0.8318,965.0,0.4888,0.5,262.85,0.2235,3.7,11.5,2.0,19.071983325460685,6.37,14.97,16.9,795.0,8.08,0.417
4,13.5,1.5,12.0,0.95,576.4,591.5,2.0,14.0,0.1959,0.0384,9.3,797.0,0.3449,576.0,0.3161,0.5,56.27,0.0229,5.87,8.9,1.0,6.4600879192645975,10.1,5.72,22.2,795.0,7.88,0.379
4,13.8,2.2,11.7,1.3,504.0,508.9,1.6,59.0,0.8698,0.7566,40.9,2975.4,0.1424,414.0,0.6121,0.5,51.26,0.041,4.4,8.5,3.0,14.030191299874431,7.57,10.04,19.9,1558.2,11.63,0.463
3,10.0,1.4,8.6,0.94,421.2,418.2,1.1,42.0,0.3528,0.1244,21.1,1782.9,0.7217,877.0,0.399,0.5,122.03,0.0261,5.71,17.0,2.0,21.679819453386095,9.82,16.84,17.1,1426.8,6.65,0.464
12,-2.8,-13.3,10.5,0.67,249.2,264.4,0.4,27.0,0.2253,0.0508,-3.8,673.7,0.545,736.0,0.4307,0.5,565.25,0.1826,7.2,10.8,1.0,17.579287274564773,12.39,14.22,16.8,795.0,8.96,0.406
1,1.0,-9.6,10.6,0.94,369.6,368.4,2.4,34.0,0.2804,0.0786,1.7,1243.7,0.7918,933.0,0.3787,0.5,399.75,0.0255,4.3,11.0,3.0,14.637248410412912,7.4,11.01,18.0,795.0,8.75,0.432
12,3.9,-8.3,12.2,1.3,115.4,120.2,1.7,45.0,0.3763,0.1416,8.9,521.3,0.9433,1055.0,0.4913,0.5,291.41,0.0399,4.6,11.1,2.0,15.584871448345796,7.91,12.44,14.6,795.0,8.35,0.425
1,-1.3,-9.4,8.2,0.3,285.1,287.0,3.1,32.0,0.2648,0.0701,-2.0,906.0,0.6885,851.0,0.3471,0.5,495.19,0.6335,5.29,12.5,3.0,5.240120448220532,9.1,3.88,16.4,795.0,7.51,0.352
4,12.7,0.8,12.0,0.98,528.6,541.0,2.9,44.0,0.564,0.3181,27.9,2312.7,0.6898,852.0,0.532,0.5,68.33,0.0145,3.8,10.0,3.0,16.799537572313657,6.54,12.55,21.4,1346.0,8.44,0.495
3,8.3,-0.2,8.4,0.73,389.3,387.4,1.0,19.0,0.1609,0.0259,8.0,751.9,0.8175,954.0,0.3528,0.5,162.27,0.1364,5.9,11.8,1.0,9.48685815588007,10.15,8.37,17.1,795.0,5.74,0.426
11,8.2,-5.1,13.3,1.36,363.3,351.0,3.2,53.0,0.4417,0.1951,21.7,1925.6,0.3954,616.0,0.4555,0.5,164.1,0.067,4.6,13.0,3.0,10.136702868134492,7.91,7.32,19.0,795.0,9.01,0.479
4,12.7,-1.3,14.0,0.93,635.5,636.5,3.2,43.0,0.5551,0.3081,27.4,2736.8,0.858,986.0,0.5082,0.5,68.34,0.0306,4.0,13.0,2.0,15.185814401764448,6.88,12.08,24.7,836.9,10.29,0.575
12,1.4,-9.2,10.5,1.9,168.2,159.9,3.8,44.0,0.3664,0.1343,3.0,739.6,0.66,828.0,0.4807,0.5,386.03,0.6394,4.7,11.8,1.0,15.703526233048715,8.09,12.91,12.5,795.0,9.18,0.367
1,-4.2,-15.2,11.0,0.91,273.3,281.9,3.2,11.0,0.0944,0.0089,-2.4,309.5,0.5784,763.0,0.3245,0.5,637.47,0.0359,4.8,12.0,1.0,18.7597186144425,8.26,15.13,16.9,795.0,5.67,0.462
12,-2.9,-16.5,13.7,1.58,380.3,372.1,3.0,42.0,0.3471,0.1205,-5.9,1584.3,0.8589,987.0,0.3263,0.5,568.97,0.2314,5.5,9.3,2.0,17.96948476461848,9.46,14.16,19.0,795.0,8.59,0.398
2,1.0,-9.1,10.1,0.84,254.6,257.7,0.2,53.0,0.4376,0.1915,2.6,1336.6,1.0,1120.0,0.3462,0.5,400.21,0.0668,4.6,10.0,3.0,16.599847284603598,7.91,12.65,16.1,795.0,6.45,0.44
11,6.1,-6.9,13.0,1.46,374.9,364.4,3.2,18.0,0.1507,0.0227,5.5,678.1,0.7909,933.0,0.422,0.5,222.29,0.13,5.4,14.5,2.0,15.67099821670823,9.29,12.39,18.7,795.0,7.82,0.402
3,3.2,-6.5,9.7,0.58,456.0,455.1,2.6,12.0,0.1041,0.0108,2.0,569.8,0.6648,832.0,0.319,0.5,316.99,0.2662,4.6,9.5,3.0,15.064373106379778,7.91,11.23,19.4,795.0,6.44,0.453
1,-7.7,-17.6,9.8,0.3,164.1,164.6,2.9,55.0,0.4558,0.2077,-21.1,897.5,0.7972,938.0,0.562,0.5,824.79,0.64,6.3,16.5,2.0,16.043245236239766,10.84,12.67,15.9,795.0,8.56,0.391
11,8.2,-3.3,11.6,1.05,403.6,411.1,0.4,51.0,0.4216,0.1778,20.9,2041.7,0.2815,525.0,0.4128,0.5,162.64,0.003,5.47,8.5,1.0,13.965446986965766,9.41,11.3,19.0,795.0,7.58,0.373
11,3.6,-7.9,11.5,1.39,278.5,269.4,1.4,29.0,0.2426,0.0589,5.3,810.7,0.7562,905.0,0.4279,0.5,301.85,0.0867,4.61,10.0,3.0,18.92136614749465,7.93,14.2,16.2,795.0,7.48,0.451
3,7.8,-5.7,13.5,0.98,365.6,364.6,0.2,55.0,0.4595,0.2111,21.5,2015.7,0.6436,815.0,0.351,0.5,174.28,0.0135,5.45,13.0,4.0,13.53644309381283,9.38,9.47,20.1,795.0,8.41,0.433
11,11.1,0.8,10.3,0.77,366.9,368.6,0.8,26.0,0.2667,0.0711,14.5,955.2,0.737,890.0,0.4256,0.5,97.09,0.1059,5.28,12.0,1.0,17.483728529273417,9.09,14.3,18.1,795.0,7.78,0.362
3,14.2,1.1,13.0,0.86,383.5,403.4,2.0,20.0,0.3043,0.0926,14.1,761.6,0.5011,701.0,0.3586,0.5,46.34,0.0597,5.48,10.6,4.0,12.801090553793436,9.43,8.8,20.3,1822.5,6.94,0.418
4,10.5,2.1,8.5,0.86,551.0,532.4,3.1,50.0,0.4607,0.2123,26.3,2757.7,0.6881,850.0,0.453,0.5,109.75,0.0574,4.51,11.0,3.0,14.419320220033972,7.76,10.76,19.2,795.0,9.73,0.434
12,-1.0,-13.3,12.3,0.3,260.6,255.1,3.2,56.0,0.4676,0.2187,-2.9,1462.5,0.7243,879.0,0.4991,0.5,485.72,0.64,6.0,12.0,2.0,11.867795091009278,10.32,9.48,19.3,795.0,8.49,0.524
11,9.0,-4.8,13.7,0.62,250.5,248.9,2.2,63.0,0.5237,0.2743,28.2,1574.3,0.6375,810.0,0.5784,0.5,145.01,0.2351,5.2,13.0,2.0,7.855969680682783,8.95,6.4,19.5,795.0,10.01,0.527
1,-6.1,-14.2,8.1,1.14,291.3,292.7,0.8,30.0,0.2461,0.0606,-9.0,860.5,0.6949,856.0,0.4555,0.5,733.13,0.0016,2.7,15.5,3.0,19.282308177201013,4.65,14.42,14.3,795.0,8.41,0.267
11,7.7,-2.4,10.1,0.55,355.8,357.8,1.2,36.0,0.3027,0.0916,13.9,1292.4,0.741,893.0,0.3058,0.5,178.11,0.2979,4.91,13.9,2.0,13.68035965374313,8.45,10.85,18.3,795.0,7.21,0.414
3,5.8,-5.4,11.2,1.63,389.9,377.8,1.5,33.0,0.2746,0.0754,9.5,1284.5,0.6368,809.0,0.4058,0.5,231.36,0.2846,4.33,7.1,1.0,16.442489278979984,7.45,13.44,17.0,795.0,8.14,0.468
1,-0.3,-8.5,8.2,1.37,380.6,378.6,1.3,37.0,0.3109,0.0966,-0.5,1419.8,0.7036,863.0,0.3685,0.5,452.62,0.0718,4.59,9.7,4.0,10.780658604062559,7.9,7.45,15.2,795.0,8.22,0.448
1,2.4,-10.2,12.6,1.08,212.8,209.6,3.9,17.0,0.139,0.0193,2.0,354.9,0.7159,873.0,0.2439,0.5,344.55,0.0006,5.11,13.0,3.0,15.941412882609846,8.79,11.93,16.9,795.0,7.07,0.306
12,1.4,-12.0,13.4,1.11,279.6,267.1,1.1,40.0,0.3354,0.1125,2.8,1125.2,0.4023,622.0,0.4257,0.5,385.01,0.0001,5.82,12.0,2.0,14.166240096569844,10.01,10.95,18.5,795.0,8.59,0.434
11,11.5,1.7,9.8,1.63,230.4,235.9,0.4,53.0,0.575,0.3307,30.5,1224.9,0.6533,823.0,0.5403,0.5,90.44,0.2758,6.0,10.8,4.0,14.938350616303813,10.32,10.53,13.5,809.1,7.69,0.347
1,-2.8,-14.3,11.5,1.52,215.1,204.4,3.7,48.0,0.396,0.1568,-6.6,1022.2,0.7818,925.0,0.4895,0.5,564.56,0.177,4.3,15.5,2.0,22.28562282757418,7.4,17.34,14.9,795.0,9.41,0.395
1,-1.3,-11.9,10.5,1.37,234.9,231.1,1.6,61.0,0.5042,0.2543,-4.0,1421.2,0.5007,701.0,0.546,0.5,497.98,0.0734,3.85,17.0,2.0,17.368635834771407,6.62,13.43,14.8,795.0,9.4,0.497
3,8.1,-4.6,12.7,0.73,375.9,396.9,3.5,19.0,0.1583,0.025,7.7,714.0,0.8349,968.0,0.3345,0.5,165.96,0.1357,5.15,10.3,1.0,13.770781186490572,8.86,11.6,20.3,795.0,8.11,0.365
12,3.6,-8.2,11.8,1.55,240.1,240.6,3.3,37.0,0.306,0.0936,6.6,881.7,0.7359,889.0,0.4765,0.5,302.09,0.2029,4.25,13.0,3.0,15.234877759231434,7.31,11.41,15.5,795.0,9.03,0.549
12,-0.5,-9.9,9.3,1.49,277.0,282.0,3.0,13.0,0.1046,0.0109,-0.3,347.6,0.6498,820.0,0.2423,0.5,463.14,0.1484,6.43,10.5,2.0,14.689966755071374,11.06,11.54,14.2,795.0,6.35,0.277
1,0.2,-12.2,12.4,1.31,264.6,257.2,1.3,64.0,0.5292,0.2801,0.6,1680.3,0.8407,973.0,0.5369,0.5,433.16,0.0447,4.31,16.2,1.0,9.75758570218631,7.42,8.59,16.9,795.0,9.32,0.493
1,1.3,-10.1,11.4,0.45,282.9,294.9,1.8,42.0,0.3462,0.1199,2.7,1175.6,0.9029,1022.0,0.4822,0.5,387.46,0.4226,4.7,9.1,3.0,5.79167318305387,8.09,4.47,18.6,795.0,7.28,0.393
2,3.7,-8.8,12.5,1.67,395.9,385.5,1.9,17.0,0.145,0.021,3.2,688.9,0.7983,939.0,0.3,0.5,298.13,0.325,5.7,18.0,2.0,14.204234623593628,9.81,11.29,18.1,795.0,6.68,0.332
2,-2.4,-15.3,12.9,1.19,303.1,297.1,0.4,29.0,0.2452,0.0601,-3.5,892.1,0.8931,1014.0,0.3075,0.5,546.41,0.0083,5.0,16.0,2.0,10.601046459947352,8.6,8.67,18.2,795.0,8.53,0.418
12,1.8,-8.4,10.2,1.57,298.9,317.1,0.6,42.0,0.347,0.1204,3.8,1244.7,0.8952,1016.0,0.4131,0.5,367.89,0.2175,6.1,9.5,2.0,11.845003004770842,10.5,9.6,15.1,795.0,7.03,0.461
2,1.0,-9.5,10.5,0.4,396.5,407.5,3.9,32.0,0.2679,0.0718,1.7,1274.7,0.8743,999.0,0.4246,0.5,398.38,0.4884,3.9,15.5,1.0,15.64933205403929,6.71,13.04,19.7,795.0,8.65,0.349
11,5.9,-4.0,9.9,0.98,285.8,270.5,2.5,23.0,0.1903,0.0362,6.8,652.8,0.3794,603.0,0.4102,0.5,226.84,0.0133,4.3,9.6,2.0,15.791213104053954,7.4,12.15,16.1,795.0,5.98,0.337
12,3.5,-5.0,8.6,1.31,276.8,260.3,2.8,12.0,0.0975,0.0095,2.1,323.9,0.6927,854.0,0.305,0.5,304.99,0.044,5.32,14.6,4.0,9.948592539678769,9.15,6.82,14.0,795.0,7.83,0.293
4,15.4,5.2,10.2,1.73,651.5,656.5,1.7,38.0,0.6543,0.4281,29.1,2456.6,0.646,817.0,0.55,0.5,31.23,0.3916,5.36,13.4,2.0,10.732423992867956,9.22,8.57,19.9,2923.6,9.91,0.491
3,3.7,-8.7,12.5,1.14,373.0,369.9,2.0,57.0,0.4733,0.224,10.6,2118.6,0.4766,681.0,0.6512,0.5,298.49,0.0018,5.6,9.1,2.0,13.298579366460856,9.64,10.36,19.0,795.0,8.77,0.407
4,8.4,-4.9,13.3,1.07,406.3,400.0,0.1,52.0,0.4302,0.1851,21.8,2097.7,0.9383,1051.0,0.5115,0.5,157.89,0.0012,3.6,13.5,3.0,19.17543987797017,6.19,14.53,20.4,795.0,6.66,0.459
1,0.2,-12.1,12.3,0.81,260.5,250.9,2.9,28.0,0.2367,0.056,0.3,739.9,0.7369,890.0,0.4181,0.5,432.23,0.0827,3.52,12.0,2.0,13.185341253220216,6.06,10.48,18.0,795.0,8.19,0.393
3,9.0,-3.9,13.0,0.51,441.2,432.5,1.7,11.0,0.0876,0.0077,4.7,464.1,0.567,754.0,0.3416,0.5,143.34,0.3423,6.97,8.6,4.0,13.481107055206907,11.99,9.36,22.0,795.0,5.62,0.319
11,7.0,-2.2,9.2,0.96,316.0,318.3,3.5,19.0,0.1572,0.0247,6.6,596.2,0.6034,783.0,0.2284,0.5,196.42,0.0195,4.8,15.0,2.0,15.602512328332077,8.26,12.18,16.0,795.0,7.23,0.395
12,7.0,-4.4,11.4,1.43,289.8,278.1,0.2,49.0,0.4119,0.1696,17.3,1432.4,0.6536,823.0,0.5192,0.5,196.5,0.1111,4.7,11.1,3.0,20.78625592038334,8.09,15.51,16.2,795.0,8.05,0.465
2,-1.2,-12.4,11.2,0.75,310.6,312.4,2.3,57.0,0.472,0.2228,-3.5,1759.5,0.7784,923.0,0.607,0.5,493.77,0.1208,4.59,10.1,3.0,12.734146363131305,7.9,9.57,18.0,795.0,7.75,0.345
3,7.3,-6.3,13.6,0.69,417.0,408.2,0.4,15.0,0.1265,0.016,5.5,632.8,0.7924,934.0,0.4157,0.5,188.43,0.1711,5.74,7.9,2.0,12.819939061336916,9.88,10.25,21.7,795.0,5.38,0.4
2,-0.7,-10.6,10.0,1.08,294.6,291.1,0.9,24.0,0.1989,0.0396,-0.8,703.3,0.9543,1063.0,0.2586,0.5,468.74,0.0006,5.9,12.2,1.0,10.978398079466032,10.15,9.6,16.0,795.0,7.3,0.4
3,9.0,-2.9,11.9,0.91,484.7,482.2,3.5,24.0,0.2015,0.0406,10.9,1171.6,0.6705,836.0,0.5434,0.5,143.07,0.0373,6.2,11.9,1.0,13.445512013772452,10.67,11.22,20.8,795.0,8.44,0.364
12,2.0,-11.7,13.6,0.58,268.5,268.3,1.2,56.0,0.4626,0.214,5.5,1490.6,0.7584,907.0,0.3768,0.5,361.82,0.2655,5.5,15.2,4.0,10.59733580125068,9.46,7.35,19.8,795.0,9.19,0.453
4,18.6,9.3,9.3,0.3,447.9,434.8,1.6,41.0,0.9214,0.849,37.8,1822.7,0.6686,835.0,0.8458,0.5,5.82,0.64,5.73,11.0,4.0,13.225689729125694,9.86,9.25,19.7,3811.1,11.92,0.537
3,8.7,-1.1,9.9,0.98,410.8,414.5,1.0,11.0,0.0942,0.0089,4.9,464.3,0.5195,716.0,0.2727,0.5,150.07,0.015,6.1,13.0,4.0,18.670023439740447,10.5,13.22,17.9,795.0,5.81,0.414
1,-1.6,-13.8,12.2,1.58,251.7,248.7,4.0,13.0,0.1075,0.0116,-1.0,324.6,0.8006,941.0,0.2496,0.5,508.61,0.2305,4.93,10.0,2.0,8.878365345665859,8.48,7.3,15.9,795.0,7.7,0.44
1,-7.4,-19.2,11.7,1.38,434.6,438.4,3.2,29.0,0.2453,0.0602,-11.0,1279.6,0.7264,881.0,0.4507,0.5,808.83,0.0766,4.6,9.0,4.0,13.418216782347256,7.91,9.44,18.8,795.0,8.61,0.419
2,5.6,-4.7,10.4,1.56,314.7,318.8,2.0,14.0,0.1162,0.0135,3.9,438.7,0.5922,774.0,0.4282,0.5,236.21,0.2151,5.02,13.0,2.0,10.171935691453541,8.64,8.1,15.4,795.0,6.76,0.383
4,17.1,7.0,10.1,1.17,447.3,432.1,1.4,11.0,0.2208,0.0488,9.4,490.7,0.7089,867.0,0.348,0.5,15.4,0.0052,5.52,9.2,1.0,12.105453575669861,9.5,10.25,18.1,1780.5,6.98,0.419
1,-1.3,-14.7,13.4,0.82,269.6,264.8,3.0,36.0,0.3024,0.0914,-2.4,978.2,0.6356,808.0,0.4517,0.5,497.34,0.0784,4.61,10.0,1.0,21.642603508589445,7.93,17.34,19.0,795.0,8.45,0.528
11,11.0,-1.2,12.2,1.46,278.5,267.8,3.9,41.0,0.404,0.1633,22.3,1129.4,0.595,776.0,0.4856,0.5,100.43,0.1311,3.9,12.0,1.0,14.494551547784555,6.71,11.95,16.5,795.0,9.12,0.411
2,1.0,-11.3,12.3,1.55,202.2,222.8,1.7,28.0,0.2353,0.0554,1.5,570.9,0.446,657.0,0.4383,0.5,398.67,0.2014,5.11,11.0,1.0,15.071658914149335,8.79,12.26,15.3,795.0,7.48,0.466
4,14.0,1.6,12.4,0.54,595.4,594.5,3.0,46.0,0.6976,0.4867,32.5,2764.4,0.4419,654.0,0.6319,0.5,48.78,0.3124,4.4,11.0,2.0,12.129208862482141,7.57,9.45,23.8,2574.0,10.26,0.541
12,-0.1,-10.3,10.2,1.86,251.1,258.2,2.4,19.0,0.1597,0.0255,-0.1,481.0,0.4813,685.0,0.3497,0.5,446.27,0.5831,5.4,11.1,2.0,17.562592534691603,9.29,13.56,13.6,795.0,7.28,0.357
11,11.5,1.1,10.3,1.18,260.8,253.0,0.7,29.0,0.3156,0.0996,16.8,763.3,0.5677,754.0,0.4563,0.5,90.8,0.0059,3.0,14.8,3.0,13.901333191484959,5.16,10.28,15.5,1383.5,7.63,0.413
4,14.3,5.1,9.2,1.2,594.8,586.8,3.8,29.0,0.4577,0.2094,21.1,1752.4,0.8143,951.0,0.5062,0.5,44.63,0.0099,4.92,13.0,2.0,11.753550727678736,8.47,9.47,19.6,1522.6,9.66,0.416
12,5.1,-5.3,10.4,0.57,80.0,82.7,1.6,55.0,0.4576,0.2094,14.0,439.3,0.7498,900.0,0.5943,0.5,252.8,0.2818,6.8,10.0,3.0,11.643256730116875,11.7,8.73,14.4,795.0,9.38,0.5
1,-1.4,-13.4,12.0,0.47,250.4,254.7,3.5,30.0,0.2535,0.0643,-2.1,761.7,0.6487,819.0,0.3504,0.5,501.44,0.3973,5.1,11.5,2.0,13.039303864771508,8.78,10.3,18.5,795.0,7.44,0.535
2,2.2,-6.5,8.7,0.51,483.0,490.4,3.2,45.0,0.3734,0.1394,4.9,2164.4,0.6395,812.0,0.3827,0.5,353.95,0.3441,5.56,14.0,2.0,11.025308606667693,9.57,8.78,19.2,795.0,8.25,0.425
3,6.7,-6.6,13.4,0.94,478.2,462.5,2.5,59.0,0.4958,0.2458,19.9,2845.3,0.5426,734.0,0.5113,0.5,204.37,0.0253,5.34,13.0,3.0,10.434173071499693,9.19,7.66,21.8,795.0,9.82,0.52
11,6.0,-6.8,12.7,1.16,340.1,328.3,1.6,55.0,0.4594,0.2111,16.4,1875.1,0.6439,815.0,0.555,0.5,226.47,0.0041,5.6,13.0,4.0,18.6633796342486,9.64,13.31,18.7,795.0,8.4,0.443
1,1.5,-9.3,10.8,1.22,176.0,177.0,0.2,62.0,0.5138,0.264,4.7,1085.0,0.5511,741.0,0.52,0.5,379.38,0.0151,5.72,12.5,4.0,13.047702307419208,9.84,9.03,14.5,795.0,8.87,0.392
11,2.5,-6.5,8.9,0.65,397.8,378.5,2.5,51.0,0.4279,0.1831,6.3,2043.0,0.5123,710.0,0.5757,0.5,344.1,0.2062,3.8,14.0,4.0,16.331119828226985,6.54,11.46,17.8,795.0,9.25,0.393
3,9.6,-0.6,10.2,1.16,435.2,443.1,1.3,49.0,0.4112,0.1691,23.7,2147.6,0.7993,939.0,0.3765,0.5,129.89,0.0037,4.7,12.5,2.0,13.665973622940081,8.09,10.89,18.1,795.0,7.75,0.506
12,5.3,-6.2,11.4,1.22,336.0,329.5,2.9,64.0,0.5327,0.2838,16.9,2148.1,0.8625,990.0,0.6775,0.5,246.98,0.0138,5.57,10.5,3.0,12.878679188626329,9.58,9.75,17.4,795.0,9.47,0.604
12,3.4,-10.4,13.8,1.14,245.7,258.5,3.3,25.0,0.2095,0.0439,4.3,617.8,0.6353,808.0,0.3139,0.5,308.15,0.0012,5.3,20.4,2.0,8.586553792630344,9.12,6.95,18.2,795.0,7.86,0.432
2,-1.2,-9.3,8.1,0.92,347.1,363.9,0.5,39.0,0.3287,0.108,-2.3,1369.0,0.5861,769.0,0.3441,0.5,490.91,0.0317,5.7,11.0,2.0,13.173050727450724,9.81,10.35,15.7,795.0,6.63,0.374
12,0.0,-8.1,8.1,0.5,389.3,380.6,2.4,62.0,0.5206,0.271,0.1,2432.0,0.6581,827.0,0.5971,0.5,439.33,0.3549,4.36,8.0,3.0,12.238835246186573,7.5,9.11,17.4,795.0,9.18,0.514
2,4.6,-7.1,11.8,0.81,423.6,418.5,2.2,29.0,0.2405,0.0579,6.7,1222.8,0.9261,1041.0,0.4313,0.5,267.79,0.0826,5.51,9.0,4.0,11.898570555397923,9.48,8.46,20.0,795.0,7.88,0.483
3,7.1,-6.8,13.9,1.72,420.6,418.9,0.9,47.0,0.3915,0.1533,16.6,1976.0,0.3555,584.0,0.3811,0.5,194.48,0.3886,5.6,14.8,3.0,21.0649430021615,9.64,15.48,19.4,795.0,7.71,0.361
12,1.4,-6.7,8.1,1.73,174.8,171.3,1.0,42.0,0.3485,0.1214,2.9,731.0,0.6062,785.0,0.5174,0.5,384.55,0.3969,5.1,13.0,2.0,12.826796147442113,8.78,10.11,11.1,795.0,7.19,0.322
4,12.8,-1.0,13.8,1.49,617.0,612.8,3.5,36.0,0.464,0.2153,22.9,2205.8,0.6374,810.0,0.5577,0.5,67.43,0.1528,6.0,13.5,2.0,6.839428021499509,10.32,5.64,22.9,795.0,8.85,0.438
3,6.7,-6.2,12.8,0.83,373.8,383.2,1.4,45.0,0.3726,0.1389,14.9,1671.6,0.4557,665.0,0.4952,0.5,205.88,0.0752,5.9,12.0,1.0,10.465084768605445,10.15,8.81,20.1,795.0,8.78,0.409
1,3.0,-5.3,8.2,1.37,280.1,283.9,1.2,59.0,0.4919,0.2419,8.8,1653.4,0.3505,580.0,0.4569,0.5,324.84,0.0705,6.26,9.7,2.0,3.8531119863775434,10.77,3.17,13.7,795.0,8.35,0.535
4,14.9,3.4,11.5,1.27,484.4,474.8,1.6,57.0,0.9331,0.8706,42.2,2750.3,0.4454,656.0,0.7675,0.5,37.69,0.0276,5.2,12.0,3.0,12.436607824720344,8.95,9.08,19.6,2265.9,10.73,0.637
2,2.5,-6.4,8.9,1.6,324.2,332.7,2.7,22.0,0.1853,0.0343,2.8,720.7,0.6217,797.0,0.2929,0.5,340.92,0.2496,7.7,13.0,3.0,17.518669904389615,13.25,13.04,14.3,795.0,7.62,0.325
4,12.6,1.2,11.4,0.6,501.5,517.7,1.1,29.0,0.3631,0.1319,18.0,1431.8,1.0,1222.0,0.5175,0.5,70.04,0.2513,6.04,11.5,4.0,13.373477806087458,10.39,9.63,21.5,950.1,8.82,0.369
3,5.2,-4.5,9.6,1.27,296.1,285.7,1.6,23.0,0.1907,0.0364,5.9,677.7,0.9459,1057.0,0.1736,0.5,250.89,0.0302,5.75,10.0,3.0,18.232833823725503,9.89,13.83,15.3,795.0,5.99,0.345
12,3.4,-6.4,9.9,1.07,293.1,294.0,2.8,46.0,0.381,0.1452,7.8,1340.0,0.8413,973.0,0.3979,0.5,309.13,0.0008,4.29,8.0,3.0,10.8993347876025,7.38,8.25,15.9,795.0,9.95,0.381
2,4.8,-8.1,12.9,1.61,330.9,311.1,2.2,22.0,0.1837,0.0338,5.3,729.6,0.7958,937.0,0.5036,0.5,263.37,0.2626,4.9,13.5,1.0,9.722568944634636,8.43,8.53,17.5,795.0,6.95,0.432
11,7.8,-0.9,8.8,1.06,331.1,342.8,0.1,41.0,0.3389,0.1149,15.9,1346.6,0.4446,656.0,0.3884,0.5,173.54,0.0014,3.2,7.0,2.0,18.346625756494905,5.51,14.12,15.6,795.0,7.19,0.435
3,8.0,-2.9,10.9,0.66,417.1,432.0,2.0,22.0,0.1839,0.0338,8.8,920.7,0.5242,719.0,0.4556,0.5,168.95,0.1911,3.95,10.0,2.0,18.524733733380007,6.8,14.31,19.6,795.0,6.83,0.541
4,14.2,2.2,12.0,1.68,549.8,545.7,3.5,52.0,0.8039,0.6463,37.2,2870.5,0.6074,786.0,0.6582,0.5,45.72,0.3418,6.5,9.5,1.0,19.968655273815497,11.18,16.06,19.9,2521.9,11.13,0.501
11,9.1,-3.3,12.4,1.02,239.3,238.8,0.7,51.0,0.4209,0.1771,23.0,1208.4,0.3934,615.0,0.4598,0.5,141.4,0.0064,5.1,11.5,2.0,17.140524673596317,8.78,13.17,17.3,795.0,10.18,0.359
4,12.7,-0.4,13.1,1.25,457.0,469.9,3.9,12.0,0.1507,0.0227,7.5,536.4,0.7681,914.0,0.4458,0.5,68.82,0.0226,3.1,14.0,3.0,18.071854573327826,5.33,13.57,20.5,795.0,7.54,0.436
4,12.7,3.4,9.2,0.96,452.9,454.1,3.7,52.0,0.6658,0.4433,33.0,2363.8,0.6194,795.0,0.6835,0.5,69.66,0.0185,4.38,16.8,1.0,16.019693991159635,7.54,13.11,18.1,2801.5,10.55,0.526
12,2.2,-8.4,10.6,0.96,217.9,205.1,0.5,49.0,0.4057,0.1646,5.3,1060.7,0.5596,748.0,0.5131,0.5,354.55,0.0205,5.22,11.5,2.0,12.027708842845668,8.98,9.47,15.7,795.0,7.97,0.401
11,11.1,2.1,9.0,1.12,380.6,381.3,3.9,18.0,0.1859,0.0346,10.2,699.3,0.6712,837.0,0.3069,0.5,98.58,0.0005,5.6,12.0,4.0,11.377505619164104,9.64,7.87,16.4,795.0,6.89,0.4
2,0.2,-11.3,11.4,0.55,291.8,278.3,3.5,11.0,0.0921,0.0085,0.1,322.4,0.7172,874.0,0.2901,0.5,433.96,0.301,4.9,8.4,2.0,15.940759238569147,8.43,12.53,18.4,795.0,7.39,0.283
11,7.9,-2.4,10.3,1.61,252.4,276.6,1.7,14.0,0.1202,0.0145,5.7,364.1,0.4737,679.0,0.3629,0.5,172.35,0.2554,5.31,9.0,2.0,13.406211971971057,9.14,10.43,14.3,795.0,6.46,0.348
4,13.6,2.1,11.5,0.79,534.1,534.3,2.8,47.0,0.6741,0.4544,32.0,2523.2,0.3613,589.0,0.6088,0.5,55.33,0.097,4.68,13.0,2.0,7.94533853240393,8.05,6.25,21.5,824.0,10.3,0.366
12,0.8,-8.4,9.2,0.71,332.0,311.4,0.5,27.0,0.2214,0.049,1.1,881.9,0.7332,887.0,0.4151,0.5,407.76,0.1547,5.8,15.0,2.0,11.320033277206027,9.98,9.08,16.9,795.0,7.0,0.419
2,-0.5,-12.5,12.0,1.23,379.5,392.4,3.0,20.0,0.1675,0.0281,-0.5,762.6,0.662,830.0,0.298,0.5,462.28,0.0158,4.58,10.2,4.0,15.790670936744968,7.88,11.17,18.5,795.0,6.27,0.355
1,-1.0,-14.6,13.5,1.21,311.6,326.6,3.4,53.0,0.4377,0.1916,-2.7,1637.0,0.3927,614.0,0.4946,0.5,484.57,0.0111,4.61,17.2,2.0,15.88891693270087,7.93,12.23,18.8,795.0,8.74,0.49
4,13.0,-0.3,13.2,1.24,435.3,442.7,1.9,36.0,0.479,0.2295,23.4,1573.7,0.4262,641.0,0.6001,0.5,64.78,0.0184,5.6,9.0,4.0,14.211682712889903,9.64,9.8,20.3,1022.1,9.46,0.449
3,6.4,-5.3,11.7,0.7,469.6,477.6,2.8,56.0,0.4626,0.214,17.8,2606.9,0.8483,979.0,0.4935,0.5,212.5,0.1574,6.1,8.5,2.0,14.798069331776,10.5,11.78,20.9,795.0,8.7,0.407
12,4.4,-5.0,9.3,1.32,316.4,302.8,4.0,20.0,0.1708,0.0292,4.5,648.4,0.7761,921.0,0.5035,0.5,277.2,0.0471,4.5,16.0,3.0,16.83488452273789,7.74,12.65,15.2,795.0,7.99,0.435
4,16.8,3.2,13.6,0.88,428.7,427.6,0.8,37.0,0.7318,0.5355,31.2,1591.3,0.5228,718.0,0.7045,0.5,17.4,0.0475,3.63,8.0,1.0,14.753604997834453,6.25,12.08,21.4,3624.1,9.82,0.536
3,7.9,-1.5,9.4,2.08,408.4,412.3,1.6,55.0,0.4596,0.2112,21.8,2252.4,0.3072,546.0,0.5526,0.5,171.46,0.9657,10.15,12.0,3.0,17.88807026906504,17.46,13.06,14.8,795.0,8.73,0.472
2,0.5,-8.2,8.7,0.93,327.8,335.7,1.0,45.0,0.3733,0.1394,1.2,1468.7,0.5129,710.0,0.4863,0.5,419.68,0.0292,4.9,9.0,1.0,11.137357685951429,8.43,9.36,15.9,795.0,7.51,0.459
2,0.6,-12.3,12.9,1.07,415.7,408.9,2.3,27.0,0.2254,0.0508,0.8,1124.1,0.5836,767.0,0.5206,0.5,416.93,0.0009,4.5,14.0,4.0,14.468542255699818,7.74,10.12,20.2,795.0,8.83,0.401
3,5.0,-7.0,12.0,1.18,496.0,491.7,1.7,17.0,0.141,0.0199,4.3,839.5,0.6121,790.0,0.4234,0.5,254.93,0.0068,3.6,13.5,2.0,15.891878613004822,6.19,12.41,20.4,795.0,6.02,0.379
12,1.9,-7.4,9.4,1.0,344.2,334.0,1.2,37.0,0.3119,0.0973,3.6,1288.2,0.4589,667.0,0.4718,0.5,363.93,0.0093,6.44,12.0,3.0,21.416693615080675,11.08,15.83,16.4,795.0,7.63,0.486
1,0.3,-11.1,11.4,1.31,273.9,279.9,1.2,44.0,0.3659,0.1339,0.7,1202.7,0.6648,832.0,0.4036,0.5,427.53,0.0433,4.5,13.0,2.0,9.48887837543205,7.74,7.65,16.3,795.0,8.61,0.434
12,-1.5,-12.2,10.7,1.39,118.3,117.7,0.7,15.0,0.1248,0.0156,-1.1,177.1,0.6127,790.0,0.2372,0.5,505.48,0.0831,3.89,13.0,2.0,18.850999384664455,6.69,14.63,13.2,795.0,6.13,0.282
3,3.4,-10.4,13.9,1.3,438.3,437.2,1.5,39.0,0.327,0.1069,6.7,1719.9,0.7596,908.0,0.4976,0.5,308.54,0.0388,4.0,10.0,2.0,7.7470343880861305,6.88,6.42,20.7,795.0,7.51,0.486
4,15.1,1.3,13.8,1.16,473.1,468.0,3.4,45.0,0.7578,0.5742,34.0,2133.9,0.6336,807.0,0.6838,0.5,35.05,0.0031,4.2,6.2,4.0,11.791051215318383,7.23,8.15,21.5,2507.9,11.12,0.423
1,-0.6,-10.3,9.6,1.66,311.6,296.5,2.6,12.0,0.1041,0.0108,-0.4,389.1,0.7109,869.0,0.3185,0.5,468.35,0.3177,4.77,10.0,2.0,18.808605428481275,8.21,14.68,14.5,795.0,6.54,0.29
1,-1.4,-9.8,8.4,1.01,294.5,297.2,1.5,39.0,0.3274,0.1072,-2.7,1157.0,0.4971,698.0,0.4634,0.5,500.56,0.008,5.2,9.7,3.0,11.165800096224073,8.95,8.17,14.9,795.0,10.02,0.476
11,10.0,-1.5,11.4,1.6,313.3,323.2,0.5,47.0,0.3924,0.154,23.5,1475.5,0.5559,745.0,0.4343,0.5,121.21,0.2532,4.7,15.0,4.0,14.233347795120958,8.09,9.92,16.2,795.0,7.45,0.431
1,1.3,-6.8,8.1,1.61,221.8,212.0,1.1,25.0,0.2059,0.0424,1.6,547.9,0.7658,913.0,0.4639,0.5,388.26,0.2558,6.6,15.3,2.0,19.518384910974774,11.36,15.25,12.1,795.0,6.84,0.479
3,8.1,-0.7,8.8,1.2,424.2,442.7,2.7,27.0,0.2265,0.0513,11.0,1153.0,0.4814,685.0,0.4213,0.5,166.23,0.0106,4.1,16.0,2.0,7.2316085559252725,7.05,5.81,16.7,795.0,8.13,0.377
11,8.0,-5.7,13.7,0.3,303.5,316.2,2.9,48.0,0.3979,0.1583,19.0,1449.2,0.848,978.0,0.5408,0.5,170.01,0.64,5.3,6.5,2.0,20.975999022595474,9.12,16.41,21.1,795.0,7.17,0.352
3,5.3,-5.9,11.2,0.93,471.4,481.4,3.7,17.0,0.1444,0.0209,4.6,816.8,0.3302,564.0,0.345,0.5,247.95,0.0278,7.0,10.0,3.0,14.380347254719839,12.04,10.45,20.0,795.0,9.32,0.383
1,-0.6,-12.3,11.7,1.7,220.2,221.2,1.7,20.0,0.165,0.0272,-0.6,436.1,0.5617,749.0,0.3729,0.5,464.72,0.3568,4.9,8.5,2.0,15.130234100601392,8.43,11.8,14.7,795.0,6.66,0.359
12,1.0,-7.1,8.1,1.47,236.1,236.2,0.7,14.0,0.114,0.013,0.7,323.1,0.7529,902.0,0.3276,0.5,400.0,0.1376,5.16,9.7,1.0,13.444873930816149,8.88,11.29,12.6,795.0,7.11,0.433
2,1.8,-11.9,13.6,1.26,409.6,402.7,0.9,36.0,0.3013,0.0908,3.2,1481.1,0.5891,771.0,0.433,0.5,370.34,0.0254,4.1,12.8,2.0,15.976886351129002,7.05,12.45,20.2,795.0,6.82,0.431
4,16.1,4.1,12.0,1.35,472.2,472.7,0.7,59.0,1.0,1.0,47.6,2786.8,0.7952,936.0,0.8723,0.5,23.88,0.0639,5.98,10.5,4.0,16.42270672692809,10.29,11.75,19.6,3541.2,10.47,0.53
3,7.6,-2.8,10.4,0.86,470.8,492.1,1.7,53.0,0.4411,0.1946,20.1,2492.2,0.5976,778.0,0.4975,0.5,180.16,0.0556,4.17,6.1,2.0,19.514141748906553,7.18,15.11,19.5,795.0,6.59,0.465
3,12.8,3.9,8.9,1.28,496.0,498.1,1.6,61.0,0.7847,0.6158,38.7,3003.3,1.0,1207.0,0.579,0.5,67.63,0.0326,3.8,11.0,2.0,15.17603931546979,6.54,12.18,17.7,2194.0,11.3,0.484
2,3.7,-5.1,8.8,1.58,368.0,375.5,1.5,25.0,0.208,0.0433,4.6,918.4,0.4955,696.0,0.3614,0.5,298.89,0.2293,4.2,10.0,4.0,17.678703281158977,7.23,12.46,14.9,795.0,5.35,0.361
12,6.1,-5.2,11.3,0.6,361.5,366.4,3.5,27.0,0.2274,0.0517,8.3,986.7,0.535,728.0,0.4531,0.5,221.91,0.2466,6.1,10.5,2.0,10.0932682087862,10.5,8.0,19.2,795.0,8.77,0.405
1,5.4,-7.4,12.8,0.3,255.0,276.1,1.0,21.0,0.1765,0.0311,5.7,540.0,0.3041,543.0,0.3111,0.5,242.77,0.64,5.5,10.5,3.0,7.175430618551762,9.46,5.02,19.6,795.0,5.74,0.368
12,-2.2,-10.9,8.6,1.13,328.5,331.0,0.5,61.0,0.5057,0.2557,-6.8,1993.4,1.0,1161.0,0.5569,0.5,539.63,0.0011,4.0,8.7,2.0,14.297679052590702,6.88,11.52,15.3,795.0,8.21,0.42
2,2.4,-10.8,13.2,1.48,360.4,362.3,1.7,23.0,0.1916,0.0367,2.7,828.8,0.5395,732.0,0.2956,0.5,346.36,0.1482,3.7,9.5,1.0,14.210848212464379,6.37,11.69,18.5,795.0,7.12,0.482
2,0.5,-11.4,11.9,1.23,314.3,321.0,2.0,59.0,0.4912,0.2413,1.5,1852.7,0.6934,855.0,0.6265,0.5,420.43,0.0175,3.7,10.0,2.0,19.18452327779798,6.37,14.94,17.4,795.0,8.67,0.524
1,-1.8,-14.4,12.6,1.31,351.2,366.6,1.5,58.0,0.4859,0.2361,-5.4,2047.7,0.5723,758.0,0.4228,0.5,521.53,0.0429,5.36,15.5,2.0,12.32438138211395,9.22,9.7,18.4,795.0,9.51,0.363
11,2.8,-9.2,12.0,0.35,340.6,329.0,3.6,19.0,0.1582,0.025,2.7,646.7,0.6924,854.0,0.2459,0.5,330.58,0.5572,4.8,10.7,2.0,10.048169339640353,8.26,8.09,20.1,795.0,6.81,0.385
1,-1.0,-11.2,10.2,1.22,368.4,378.1,0.6,47.0,0.3911,0.153,-2.4,1729.1,0.3651,592.0,0.4283,0.5,485.04,0.0155,5.4,12.6,3.0,17.3520485603724,9.29,12.71,16.9,795.0,8.54,0.365
3,3.0,-9.0,12.0,1.54,352.6,363.0,3.4,21.0,0.1766,0.0312,3.2,747.1,0.9452,1056.0,0.382,0.5,324.94,0.1951,4.05,13.8,2.0,12.059340762896564,6.97,9.8,17.3,795.0,8.35,0.483
1,-4.6,-13.3,8.8,1.59,260.2,250.9,1.2,51.0,0.4239,0.1797,-11.6,1323.5,0.7084,867.0,0.4566,0.5,653.47,0.2448,5.1,13.5,3.0,15.820334459417994,8.78,11.83,13.2,795.0,7.55,0.411
2,5.5,-8.4,13.9,0.91,370.4,373.0,3.8,24.0,0.2001,0.04,6.6,889.3,0.5723,758.0,0.4136,0.5,239.61,0.0359,8.0,13.0,1.0,11.212281118017174,13.77,9.47,20.7,795.0,8.52,0.337
1,-2.2,-15.6,13.3,1.44,212.6,220.4,3.0,30.0,0.2522,0.0636,-3.4,643.6,0.3684,595.0,0.4413,0.5,539.34,0.1137,4.8,10.0,1.0,8.962616816847428,8.26,7.62,16.6,795.0,7.14,0.419
11,4.7,-6.9,11.6,1.28,292.1,295.6,0.1,61.0,0.5077,0.2578,14.3,1780.0,0.4071,626.0,0.6046,0.5,265.89,0.0315,5.46,15.2,2.0,13.078330479400822,9.39,10.13,16.8,795.0,7.6,0.586
3,6.6,-5.7,12.3,1.79,533.4,531.9,3.7,22.0,0.1812,0.0328,7.2,1159.9,0.4459,657.0,0.3499,0.5,207.62,0.4719,5.62,7.5,3.0,13.947460762263688,9.67,10.22,19.7,795.0,7.44,0.365
4,17.8,7.4,10.4,1.21,534.7,535.9,1.1,47.0,0.9972,0.9944,41.6,2501.7,0.5617,749.0,0.838,0.5,10.32,0.0115,4.7,8.9,2.0,10.167015055719476,8.09,8.07,19.6,2643.4,11.4,0.487
3,3.3,-5.2,8.5,0.35,395.0,387.4,0.2,24.0,0.1979,0.0392,3.9,938.3,0.5796,764.0,0.3492,0.5,314.62,0.5636,6.0,12.0,1.0,15.965731944144512,10.32,13.04,18.1,795.0,6.65,0.481
12,0.8,-8.9,9.7,0.8,236.0,229.1,1.0,30.0,0.2477,0.0614,1.2,701.6,0.925,1040.0,0.4566,0.5,407.5,0.0893,4.5,10.7,4.0,13.584173526376057,7.74,9.73,15.6,795.0,8.42,0.44
3,9.6,-1.2,10.8,0.83,418.9,423.1,1.0,31.0,0.2594,0.0673,14.9,1304.2,0.5019,702.0,0.3772,0.5,130.65,0.074,4.5,11.0,3.0,13.886775901201968,7.74,10.22,19.1,795.0,6.9,0.407
3,10.0,-2.3,12.3,0.89,497.8,494.1,2.4,53.0,0.4401,0.1937,26.3,2629.2,0.5655,752.0,0.5301,0.5,121.98,0.0443,5.35,12.0,3.0,12.185865998337515,9.21,8.99,21.4,795.0,8.85,0.384
4,10.2,1.6,8.6,1.06,483.9,494.9,2.9,14.0,0.1176,0.0138,6.9,654.5,0.4415,653.0,0.5088,0.5,116.24,0.0013,3.7,15.5,4.0,11.385311180345845,6.37,7.69,17.8,795.0,7.16,0.518
3,4.2,-7.6,11.8,1.09,440.1,450.0,3.8,17.0,0.1418,0.0201,3.6,748.7,0.9116,1029.0,0.2677,0.5,281.59,0.0001,5.59,12.5,1.0,12.85262702601107,9.62,10.97,19.6,795.0,7.81,0.471
2,3.5,-5.5,8.9,1.34,350.8,355.4,2.4,10.0,0.0844,0.0071,1.8,355.4,0.6207,797.0,0.3314,0.5,307.21,0.0596,3.8,12.6,4.0,16.26430636641345,6.54,11.49,15.3,795.0,7.71,0.407
12,1.3,-11.8,13.0,0.55,218.2,225.8,1.9,31.0,0.2599,0.0675,2.0,680.5,0.6343,807.0,0.2739,0.5,389.25,0.3021,4.3,10.1,1.0,11.95775371922728,7.4,10.08,18.6,795.0,7.23,0.32
11,12.2,0.8,11.4,1.59,146.9,135.7,1.8,27.0,0.3224,0.104,16.4,395.0,0.7625,910.0,0.4923,0.5,77.5,0.2417,4.4,11.9,2.0,21.67096442122532,7.57,16.86,13.7,795.0,7.94,0.482
11,8.3,-4.5,12.8,0.83,248.5,243.4,1.9,63.0,0.5277,0.2784,26.2,1573.8,0.532,726.0,0.4901,0.5,162.09,0.0738,6.02,10.0,1.0,18.105910412292285,10.36,14.61,18.2,795.0,8.56,0.54
3,10.1,-1.7,11.8,0.47,388.5,409.0,0.2,58.0,0.4959,0.2459,29.4,2259.1,0.7515,901.0,0.6233,0.5,118.45,0.403,5.01,18.0,4.0,22.280114432297196,8.62,16.11,20.4,845.4,7.17,0.392
4,19.6,10.2,9.4,0.76,512.4,505.9,3.3,63.0,1.0,1.0,61.2,3203.5,0.6891,851.0,0.8507,0.5,2.04,0.1148,3.8,10.0,1.0,11.775848829679466,6.54,9.98,19.6,3415.6,11.86,0.482
11,10.3,-0.4,10.7,0.6,238.7,254.8,3.1,58.0,0.5084,0.2584,29.7,1380.0,0.5134,711.0,0.4995,0.5,115.02,0.2502,4.62,12.5,1.0,8.117509413803885,7.95,7.1,17.0,795.0,8.08,0.406
4,13.1,3.1,9.9,1.86,505.9,511.0,1.2,36.0,0.4835,0.2338,23.5,1820.2,0.4833,687.0,0.3836,0.5,62.99,0.5728,5.25,9.0,3.0,12.655464507166776,9.03,9.28,17.2,1793.9,7.15,0.357
11,3.4,-9.6,13.0,0.73,367.7,361.1,3.7,58.0,0.4828,0.2331,9.9,2130.2,0.8609,989.0,0.5429,0.5,308.78,0.1372,4.89,10.8,1.0,13.755978534016112,8.41,11.61,20.4,795.0,11.29,0.549
2,3.2,-8.4,11.6,0.71,304.3,303.9,0.1,59.0,0.4882,0.2383,9.4,1782.8,0.5767,761.0,0.5111,0.5,317.01,0.1534,4.4,12.0,1.0,14.910582439725825,7.57,12.24,18.4,795.0,7.92,0.435
11,8.7,-2.1,10.8,1.0,225.4,235.2,1.3,55.0,0.4616,0.2131,24.2,1248.4,0.5359,729.0,0.6257,0.5,150.4,0.0094,5.06,9.3,1.0,15.248699095795779,8.71,12.47,15.8,795.0,6.41,0.405
2,5.5,-6.2,11.8,0.75,276.3,266.3,3.2,59.0,0.4957,0.2457,16.4,1643.8,0.5948,776.0,0.6039,0.5,239.59,0.1257,3.87,15.7,3.0,15.691123928475182,6.66,11.64,18.0,795.0,8.85,0.471
3,6.1,-5.4,11.5,1.34,348.4,340.6,0.5,20.0,0.169,0.0286,6.2,706.5,0.9068,1025.0,0.2624,0.5,221.51,0.0579,5.7,12.0,2.0,15.449649588942231,9.81,12.31,17.4,795.0,5.49,0.241
11,8.7,-4.6,13.3,0.65,282.9,284.8,3.5,19.0,0.1577,0.0249,8.3,535.5,0.6977,858.0,0.3124,0.5,150.8,0.2047,4.54,17.4,3.0,11.487098980694817,7.81,8.57,19.6,795.0,8.1,0.386
11,8.1,-0.2,8.3,0.98,387.7,379.5,0.8,10.0,0.087,0.0076,4.2,404.9,0.4404,652.0,0.2683,0.5,167.61,0.0152,4.1,10.0,3.0,14.493520568313901,7.05,10.62,16.3,795.0,5.09,0.351
4,15.3,6.3,9.0,0.79,531.1,519.2,2.1,50.0,0.8679,0.7532,38.6,2674.3,0.6276,802.0,0.7766,0.5,32.01,0.0937,3.8,14.5,2.0,20.46139375340021,6.54,15.85,19.5,2784.1,11.76,0.563
2,7.0,-3.6,10.5,0.52,414.7,419.3,1.5,41.0,0.3435,0.118,14.4,1709.1,0.7075,866.0,0.4915,0.5,196.68,0.3354,5.5,9.2,3.0,10.526764784373672,9.46,7.86,19.7,795.0,6.67,0.475
11,7.7,-4.1,11.8,1.76,286.2,291.4,2.4,51.0,0.4245,0.1802,19.7,1457.9,0.7428,894.0,0.4168,0.5,176.01,0.4318,4.54,13.5,1.0,14.347115168608301,7.81,11.95,15.7,795.0,10.0,0.449
1,-1.3,-12.6,11.3,0.95,382.2,389.5,0.6,44.0,0.3685,0.1358,-3.0,1690.1,0.6106,788.0,0.513,0.5,499.19,0.0226,5.2,17.0,1.0,12.569481747423614,8.95,10.52,18.7,795.0,7.77,0.524
1,1.5,-9.6,11.0,1.72,194.9,210.7,3.2,12.0,0.0962,0.0093,0.8,225.0,0.6938,855.0,0.2813,0.5,382.12,0.3788,5.0,13.4,2.0,15.249588634544589,8.6,11.99,13.8,795.0,6.64,0.47
11,6.3,-5.0,11.3,1.65,435.6,435.4,3.8,32.0,0.2645,0.0699,10.1,1382.4,0.5148,712.0,0.4114,0.5,214.74,0.297,5.9,9.1,1.0,17.0111096251411,10.15,13.77,17.8,795.0,9.71,0.481
4,16.3,7.9,8.4,0.72,593.5,592.4,1.4,52.0,0.9802,0.9607,42.4,3085.3,0.784,927.0,0.7748,0.5,21.97,0.1423,6.0,9.1,1.0,18.197681571534318,10.32,14.88,20.1,2677.5,9.45,0.49
2,1.2,-7.0,8.2,1.57,315.3,315.2,0.4,56.0,0.47,0.2209,3.5,1778.6,0.4678,674.0,0.5302,0.5,391.02,0.2173,3.94,13.0,1.0,15.275597701128966,6.78,12.43,13.7,795.0,7.02,0.486
12,0.2,-8.1,8.4,0.89,324.6,322.5,0.8,49.0,0.4109,0.1688,0.5,1600.6,1.0,1142.0,0.5455,0.5,432.3,0.0451,4.5,13.8,2.0,17.059662241941307,7.74,13.59,15.6,795.0,8.19,0.489
2,3.6,-6.5,10.1,1.06,230.1,237.2,1.2,63.0,0.5257,0.2763,11.5,1451.3,0.7067,865.0,0.5083,0.5,301.13,0.0017,4.9,6.3,2.0,10.735707346949264,8.43,8.62,15.2,795.0,7.78,0.422
4,18.7,10.0,8.7,0.3,587.9,597.3,1.0,11.0,0.2619,0.0686,10.7,674.3,0.6839,847.0,0.4055,0.5,5.29,0.64,5.2,16.3,1.0,17.383843310368512,8.95,14.19,21.3,1546.9,5.92,0.444
12,1.3,-12.6,13.9,1.34,288.2,272.6,3.3,37.0,0.3073,0.0944,2.4,1062.8,0.6915,853.0,0.4491,0.5,387.3,0.0579,5.43,12.8,2.0,16.23443914853931,9.34,12.73,18.4,795.0,8.66,0.425
1,0.8,-7.3,8.1,1.53,290.5,306.3,2.5,25.0,0.2052,0.0421,1.0,715.6,0.4404,652.0,0.3717,0.5,408.03,0.1885,5.42,9.5,2.0,8.179078672153464,9.33,6.49,13.3,795.0,6.56,0.368
3,4.4,-6.3,10.8,1.36,464.6,462.3,3.3,45.0,0.3741,0.14,10.0,2085.9,1.0,1183.0,0.4,0.5,274.01,0.0702,4.1,9.5,1.0,10.571036125177823,7.05,9.33,18.5,795.0,8.79,0.346
1,-3.4,-16.4,13.1,0.89,253.7,243.6,2.7,61.0,0.5088,0.2589,-10.3,1549.2,0.6891,851.0,0.5022,0.5,593.92,0.0435,5.0,9.9,3.0,9.36211184013057,8.6,6.97,18.3,795.0,9.35,0.493
2,1.3,-11.4,12.7,1.25,467.5,463.7,2.3,63.0,0.5234,0.2739,4.1,2936.4,0.5131,710.0,0.5589,0.5,387.78,0.0236,3.6,13.0,3.0,13.960006651240445,6.19,10.28,20.3,795.0,7.96,0.48
4,14.3,2.8,11.4,0.89,524.9,527.6,3.0,20.0,0.3131,0.0981,14.5,1065.3,0.6319,806.0,0.3651,0.5,45.47,0.0438,5.7,8.6,2.0,16.561670856465515,9.81,12.93,21.1,795.0,7.79,0.39
3,8.2,-1.2,9.5,1.57,384.0,377.0,2.0,17.0,0.138,0.0191,6.8,636.0,0.4676,674.0,0.3928,0.5,163.02,0.2171,6.04,9.0,2.0,9.491984375875273,10.39,7.49,15.7,795.0,5.62,0.437
1,-3.3,-14.4,11.1,0.77,283.5,296.2,0.5,30.0,0.2476,0.0613,-4.9,842.2,0.7071,866.0,0.3881,0.5,591.17,0.1081,5.59,13.0,3.0,5.147285254071509,9.62,3.83,17.5,795.0,8.62,0.362
12,-1.3,-14.3,13.0,0.74,265.3,261.4,3.3,20.0,0.1638,0.0268,-1.3,521.4,0.7481,899.0,0.5116,0.5,498.22,0.1283,5.1,15.2,3.0,17.901125471210896,8.78,13.42,18.8,795.0,5.62,0.315
2,1.9,-11.2,13.1,0.58,313.7,302.9,1.2,31.0,0.2618,0.0685,3.0,985.3,0.8064,945.0,0.4254,0.5,364.52,0.2694,5.78,12.2,4.0,14.683787079241396,9.95,10.46,20.0,795.0,5.33,0.412
3,6.8,-6.3,13.1,1.39,389.0,398.7,1.8,17.0,0.1419,0.0201,5.8,662.2,0.7842,927.0,0.2756,0.5,200.85,0.0855,5.6,10.5,1.0,16.886452471290067,9.64,13.89,19.1,795.0,8.64,0.433
11,8.0,-0.3,8.3,0.39,355.3,359.1,2.9,65.0,0.5381,0.2896,26.0,2294.5,0.3054,544.0,0.571,0.5,167.97,0.4997,5.1,6.8,2.0,16.63347404914107,8.78,12.72,17.3,795.0,10.72,0.526
12,0.1,-10.0,10.1,1.12,292.2,295.8,1.6,30.0,0.2469,0.061,0.1,865.9,0.6373,810.0,0.3734,0.5,438.4,0.0003,4.89,6.5,2.0,18.040182054059464,8.41,14.04,16.0,795.0,8.44,0.438
3,12.8,-0.2,13.0,0.94,426.6,448.6,3.7,54.0,0.7027,0.4938,34.6,2311.1,0.3879,610.0,0.6477,0.5,67.52,0.0264,3.9,8.5,2.0,14.479814953749996,6.71,11.17,20.7,2276.5,9.96,0.4
4,13.2,4.2,9.0,0.75,365.3,362.8,2.9,26.0,0.3501,0.1226,16.9,932.9,0.7278,882.0,0.3888,0.5,60.44,0.1237,5.99,6.3,4.0,14.076625579616598,10.31,9.94,17.1,1735.8,8.44,0.603
3,6.6,-6.2,12.8,1.26,379.6,373.6,2.0,28.0,0.2318,0.0537,9.2,1055.8,0.534,727.0,0.3451,0.5,207.5,0.0262,4.0,8.0,1.0,12.460831244306023,6.88,10.37,19.1,795.0,7.72,0.412
1,-2.9,-12.4,9.6,1.8,237.6,240.1,2.9,44.0,0.3669,0.1346,-6.3,1046.0,0.6736,839.0,0.5288,0.5,569.33,0.4969,5.6,12.6,3.0,15.831468230146905,9.64,11.81,13.0,795.0,7.3,0.453
1,0.6,-9.9,10.5,1.6,191.4,173.4,0.5,52.0,0.4319,0.1865,1.5,992.0,1.0,1100.0,0.467,0.5,416.75,0.2496,4.1,12.7,1.0,22.66428320135219,7.05,18.4,13.5,795.0,8.01,0.47
2,-0.8,-11.2,10.4,1.1,433.3,432.7,1.5,35.0,0.2876,0.0827,-1.4,1495.7,0.6279,802.0,0.2666,0.5,475.38,0.0,6.3,10.5,2.0,12.04242748229247,10.84,9.53,18.3,795.0,7.76,0.358
2,-0.1,-11.5,11.3,1.35,250.2,253.1,1.0,21.0,0.1762,0.031,-0.1,529.0,0.9207,1037.0,0.2881,0.5,446.32,0.0624,3.51,10.0,2.0,16.578964593124375,6.04,13.17,15.7,795.0,6.39,0.422
4,15.5,3.2,12.3,1.15,565.5,571.8,3.1,60.0,1.0,1.0,46.1,3368.7,0.7365,889.0,0.8161,0.5,30.53,0.0025,6.3,12.2,1.0,13.775793995820669,10.84,11.52,21.8,2916.0,11.45,0.432
4,10.3,-1.5,11.8,1.89,459.0,466.6,3.4,35.0,0.3085,0.0952,18.0,1602.4,0.2886,531.0,0.6015,0.5,114.45,0.6207,5.3,10.0,1.0,16.57224688698477,9.12,13.26,17.9,795.0,8.53,0.421
11,9.7,-1.2,10.9,1.08,285.5,285.7,3.4,26.0,0.2202,0.0485,12.8,754.6,0.7275,882.0,0.4624,0.5,127.76,0.0005,5.4,12.1,2.0,7.882792551574294,9.29,6.49,16.6,795.0,7.2,0.455
4,14.9,2.2,12.8,1.05,553.4,561.1,2.7,39.0,0.643,0.4135,29.0,2150.8,0.4965,697.0,0.6243,0.5,36.88,0.0026,3.68,15.0,3.0,10.930989173680477,6.33,8.0,22.2,2735.8,10.8,0.408
11,7.9,-4.0,11.9,1.47,202.5,198.2,0.6,45.0,0.3721,0.1385,17.7,904.2,1.0,1136.0,0.4795,0.5,171.15,0.1389,4.2,10.0,1.0,10.8441076506719,7.23,9.53,15.2,795.0,6.98,0.43
2,3.0,-5.8,8.8,1.37,350.4,362.0,3.0,34.0,0.2842,0.0808,5.1,1195.0,0.7345,888.0,0.2812,0.5,323.43,0.0746,5.7,9.0,2.0,10.958512523746073,9.81,8.81,15.1,795.0,7.46,0.316
11,5.9,-2.5,8.4,0.99,264.8,272.8,0.5,15.0,0.1223,0.015,4.3,388.6,0.5577,746.0,0.4226,0.5,228.27,0.0127,5.82,10.0,1.0,13.405749955942413,10.01,11.1,14.5,795.0,6.31,0.481
3,3.9,-7.3,11.2,0.88,440.6,455.2,3.8,61.0,0.5053,0.2553,11.7,2671.9,0.7792,923.0,0.4048,0.5,293.29,0.0472,3.9,9.2,1.0,14.262441616541297,6.71,11.92,19.7,795.0,10.33,0.41
12,2.0,-11.9,13.9,1.55,297.5,294.0,0.2,52.0,0.4352,0.1894,5.1,1553.5,0.6224,798.0,0.2989,0.5,362.33,0.2051,3.2,10.1,2.0,14.544123577597611,5.51,11.41,18.0,795.0,8.6,0.342
12,2.4,-10.6,12.9,0.36,284.6,294.9,0.0,23.0,0.1923,0.037,2.7,656.8,0.784,927.0,0.3537,0.5,347.67,0.5495,4.0,10.5,2.0,17.39551770712342,6.88,13.67,20.0,795.0,6.39,0.443
11,4.2,-6.6,10.8,1.49,305.0,297.2,3.6,45.0,0.3779,0.1428,9.5,1382.8,0.6306,804.0,0.3868,0.5,281.95,0.1548,5.7,13.5,1.0,12.97660224578568,9.81,10.84,15.8,795.0,9.24,0.501
3,4.0,-6.8,10.9,1.09,421.9,419.3,0.3,44.0,0.3652,0.1333,8.9,1848.6,0.6441,815.0,0.4484,0.5,287.31,0.0001,5.49,9.5,4.0,18.79203993868745,9.45,13.41,18.6,795.0,7.42,0.353
1,-1.9,-12.6,10.8,1.2,223.5,236.2,1.9,25.0,0.2086,0.0435,-2.3,559.6,1.0,1119.0,0.3463,0.5,522.15,0.0106,4.8,15.7,2.0,15.616442841574838,8.26,12.51,15.2,795.0,7.29,0.458
4,11.3,1.3,9.9,1.51,482.5,482.0,2.5,47.0,0.4945,0.2445,26.7,2282.2,0.9121,1030.0,0.4714,0.5,94.63,0.1713,5.4,13.0,4.0,16.707434664982042,9.29,12.06,17.7,795.0,9.45,0.395
11,6.9,-7.0,13.9,1.63,281.2,272.7,0.7,13.0,0.1071,0.0115,4.4,361.5,1.0,1184.0,0.3394,0.5,198.21,0.2819,4.0,15.2,2.0,18.344424277196836,6.88,14.56,17.5,795.0,5.67,0.467
4,11.8,0.7,11.2,1.11,510.4,511.6,1.3,36.0,0.409,0.1672,21.3,1838.2,0.3035,543.0,0.4018,0.5,84.41,0.0002,5.3,18.2,4.0,16.731182044010655,9.12,11.59,20.1,795.0,8.08,0.494
1,-1.1,-10.0,8.8,1.05,123.8,127.3,3.3,58.0,0.4809,0.2312,-3.3,714.2,0.7198,876.0,0.4768,0.5,490.5,0.0027,5.47,7.5,3.0,12.480795797748923,9.41,9.34,12.6,795.0,9.36,0.351
4,16.6,3.9,12.7,1.26,450.0,456.1,1.2,20.0,0.3836,0.1472,16.5,896.1,0.6148,792.0,0.3649,0.5,19.71,0.0242,4.28,13.5,3.0,16.23543682218903,7.36,12.07,20.0,1118.9,8.69,0.442
3,10.3,2.0,8.3,1.14,407.7,421.0,3.0,52.0,0.4632,0.2146,26.9,2119.1,0.3391,571.0,0.4439,0.5,113.48,0.0013,4.62,9.2,3.0,20.98820285103351,7.95,15.41,16.2,1249.6,9.27,0.39
12,-1.1,-12.9,11.8,1.82,374.7,377.1,1.3,59.0,0.4947,0.2447,-3.3,2224.3,0.674,839.0,0.4655,0.5,489.48,0.5113,4.6,9.0,2.0,14.23835777674247,7.91,11.22,16.8,795.0,9.9,0.514
2,1.6,-6.6,8.2,0.76,308.5,300.4,2.8,29.0,0.2428,0.0589,2.3,898.7,0.6812,845.0,0.427,0.5,377.86,0.1137,4.66,15.1,2.0,17.60707764462537,8.02,13.75,15.6,795.0,6.96,0.474
2,-1.8,-13.0,11.2,1.06,396.6,388.2,2.6,32.0,0.2697,0.0727,-2.9,1283.4,0.6139,791.0,0.3462,0.5,518.18,0.0015,4.61,7.2,2.0,10.765449453527992,7.93,8.57,18.6,795.0,7.6,0.422
11,7.8,-1.8,9.6,1.02,365.3,381.8,2.9,56.0,0.4649,0.2162,21.8,2038.3,0.5452,736.0,0.5142,0.5,174.25,0.0067,4.4,13.3,1.0,5.579404390687955,7.57,5.22,16.9,795.0,9.46,0.541
3,9.4,-3.8,13.3,0.82,412.6,404.4,1.1,56.0,0.4641,0.2154,26.2,2297.9,0.5439,735.0,0.54,0.5,134.11,0.0786,6.38,13.4,1.0,11.599390266789804,10.98,9.73,21.0,795.0,8.94,0.43
11,8.0,-1.8,9.8,0.88,441.0,460.2,1.0,34.0,0.2836,0.0804,13.6,1500.7,0.5983,779.0,0.3765,0.5,169.02,0.0491,3.2,11.4,4.0,8.537709370248304,5.51,5.68,18.6,795.0,7.67,0.435
1,2.8,-8.5,11.3,1.81,351.8,354.7,1.7,14.0,0.1183,0.014,2.0,499.2,0.6736,839.0,0.3938,0.5,331.2,0.5061,3.3,13.0,3.0,11.645534276712057,5.68,8.67,16.1,795.0,6.99,0.347
12,-2.4,-14.0,11.6,0.49,327.8,307.5,2.2,20.0,0.1665,0.0277,-2.4,655.1,0.5584,747.0,0.2321,0.5,545.65,0.3761,4.2,11.7,2.0,18.529497884212113,7.23,14.34,19.3,795.0,7.24,0.466
1,-0.9,-12.3,11.4,0.58,190.1,194.1,0.8,36.0,0.3035,0.0921,-1.6,692.4,0.7778,922.0,0.3704,0.5,477.77,0.2696,4.5,16.5,2.0,16.27756879748143,7.74,12.83,16.8,795.0,7.14,0.321
4,15.8,6.4,9.4,0.93,476.1,465.4,3.1,14.0,0.2457,0.0604,10.8,649.5,0.412,630.0,0.3992,0.5,26.98,0.0304,3.93,12.0,2.0,11.594702923204952,6.76,9.03,18.6,795.0,6.77,0.407
1,-5.1,-17.9,12.7,0.92,193.3,197.9,2.5,29.0,0.2433,0.0592,-7.5,564.2,0.8328,966.0,0.3708,0.5,683.63,0.0312,5.24,9.0,1.0,15.979810826298586,9.02,13.25,17.1,795.0,8.97,0.514
11,4.0,-8.5,12.5,1.1,344.6,341.7,0.4,63.0,0.5212,0.2716,12.4,2155.1,0.8658,993.0,0.5252,0.5,290.04,0.0,5.46,10.1,3.0,12.751162323637907,9.39,9.66,18.7,795.0,6.84,0.407
3,11.1,1.1,10.0,0.56,528.8,514.2,3.7,31.0,0.3185,0.1015,17.4,1657.4,0.6906,852.0,0.3544,0.5,98.04,0.2965,6.1,16.0,4.0,19.07638853026317,10.5,13.66,20.8,795.0,8.26,0.323
11,11.2,-0.2,11.3,1.08,357.9,360.9,3.2,22.0,0.2245,0.0504,12.2,782.5,0.3012,541.0,0.4105,0.5,96.79,0.0002,4.1,17.0,1.0,19.69981826470649,7.05,15.62,18.0,795.0,7.85,0.479
11,9.0,-2.5,11.5,0.93,396.5,386.7,3.6,59.0,0.4923,0.2424,26.5,2342.6,0.6681,834.0,0.5686,0.5,144.57,0.0286,4.66,12.0,1.0,15.120628424386975,8.02,12.47,19.1,795.0,9.83,0.466
2,4.5,-7.9,12.4,1.16,336.7,335.9,1.3,32.0,0.2701,0.073,7.2,1091.3,0.6126,790.0,0.4237,0.5,273.37,0.0037,5.48,8.0,3.0,16.017941238599406,9.43,11.9,18.3,795.0,8.14,0.399
3,6.9,-6.9,13.8,0.44,435.8,427.1,2.8,20.0,0.1692,0.0286,7.0,884.8,0.4439,655.0,0.3455,0.5,197.82,0.4319,4.5,7.0,1.0,9.557866967718702,7.74,8.12,22.8,795.0,7.07,0.402
4,18.0,4.5,13.5,1.98,524.0,518.2,1.6,33.0,0.7216,0.5206,30.0,1741.5,0.7732,919.0,0.6705,0.5,8.85,0.7721,6.5,10.0,3.0,6.59313083901322,11.18,4.96,20.0,2686.4,9.84,0.42
12,0.3,-9.8,10.1,1.21,306.2,314.8,2.1,25.0,0.2044,0.0418,0.4,750.9,0.6872,850.0,0.5131,0.5,426.7,0.0114,3.29,10.0,1.0,17.148079468319587,5.66,14.01,16.0,795.0,5.01,0.334
2,0.3,-13.1,13.4,1.44,387.4,399.2,1.4,43.0,0.3609,0.1302,0.6,1677.6,0.622,798.0,0.3666,0.5,429.12,0.1146,4.13,8.0,2.0,15.076468179496352,7.11,11.8,19.2,795.0,8.37,0.388
2,-0.1,-10.8,10.7,1.11,416.2,423.3,1.3,50.0,0.4143,0.1716,-0.3,2069.3,0.6907,853.0,0.4455,0.5,445.31,0.0002,5.55,9.5,2.0,14.848792971129532,9.55,11.69,18.3,795.0,8.47,0.418
3,4.9,-4.7,9.6,0.32,444.8,463.7,2.7,12.0,0.1024,0.0105,3.0,546.5,0.5548,744.0,0.1024,0.5,258.68,0.6092,4.2,17.0,2.0,17.938004305070443,7.23,13.9,19.9,795.0,6.27,0.263
3,11.5,3.0,8.4,1.7,419.0,442.6,2.8,37.0,0.3926,0.1542,20.9,1529.5,0.688,850.0,0.4895,0.5,91.12,0.3629,5.3,11.0,3.0,20.242495661251517,9.12,15.13,15.1,795.0,9.85,0.508
12,1.4,-9.2,10.6,0.59,229.8,221.0,2.9,40.0,0.3357,0.1127,2.8,925.7,0.3231,558.0,0.3537,0.5,384.72,0.2562,3.9,8.0,1.0,14.379636312976677,6.71,11.64,16.7,795.0,9.17,0.368
11,7.7,-3.9,11.6,0.66,294.5,299.2,3.2,31.0,0.2586,0.0669,11.9,913.9,0.5931,774.0,0.4998,0.5,177.25,0.1953,5.4,11.5,2.0,17.395981093702243,9.29,13.52,18.3,795.0,8.35,0.486
11,5.2,-6.9,12.1,0.77,297.1,310.2,0.3,19.0,0.1593,0.0254,5.0,568.1,0.6956,856.0,0.3371,0.5,249.76,0.1118,5.4,11.0,4.0,12.785593037045434,9.29,8.95,18.5,795.0,6.74,0.343
2,-0.6,-13.3,12.7,1.27,324.3,303.4,3.4,50.0,0.4132,0.1708,-1.4,1608.1,0.6427,814.0,0.463,0.5,465.55,0.0302,4.21,11.5,2.0,16.542725496326845,7.24,12.92,18.1,795.0,11.05,0.513
1,-2.6,-12.6,10.0,1.43,156.7,161.8,2.6,51.0,0.4253,0.1809,-6.7,799.9,0.7139,871.0,0.4853,0.5,558.56,0.1092,3.9,13.8,3.0,16.80096364511123,6.71,12.57,13.1,795.0,8.87,0.52
11,5.1,-6.5,11.6,1.25,245.7,265.2,3.8,40.0,0.3311,0.1097,10.1,976.2,0.8227,958.0,0.3937,0.5,253.03,0.0234,5.6,9.5,1.0,12.190317084696618,9.64,10.4,16.1,795.0,10.05,0.483
4,15.6,4.4,11.2,1.17,465.7,457.2,0.0,42.0,0.7412,0.5494,32.7,1950.6,0.8297,964.0,0.6036,0.5,28.98,0.0047,4.58,7.5,3.0,18.383717034765876,7.88,13.85,19.3,4255.6,9.22,0.403
3,8.8,-4.9,13.7,1.33,428.7,435.5,1.9,12.0,0.0983,0.0097,5.2,505.6,0.7062,865.0,0.4691,0.5,148.96,0.0513,5.24,13.0,3.0,6.947975952666942,9.02,5.18,20.4,795.0,6.4,0.4
3,1.7,-8.1,9.7,0.86,432.8,406.4,3.4,15.0,0.1224,0.015,1.2,636.0,0.5744,760.0,0.2898,0.5,372.77,0.0557,4.6,10.0,3.0,14.669407221044208,7.91,10.86,18.4,795.0,6.21,0.413
4,16.3,3.9,12.5,0.88,559.6,561.3,4.0,28.0,0.5329,0.284,23.0,1579.9,0.7122,870.0,0.3891,0.5,21.86,0.0464,5.59,10.0,2.0,15.773017023321803,9.62,12.4,22.4,2565.4,10.14,0.501
12,6.1,-5.6,11.6,1.03,402.6,397.2,3.5,36.0,0.299,0.0894,10.9,1444.6,0.8498,980.0,0.4017,0.5,222.99,0.005,4.4,10.5,1.0,16.6874299844583,7.57,13.8,19.1,795.0,8.71,0.445
2,3.5,-9.2,12.7,0.63,412.0,397.8,3.3,61.0,0.5066,0.2566,10.5,2504.4,0.5874,770.0,0.5012,0.5,307.69,0.2222,4.15,12.4,3.0,21.41018928181235,7.14,15.93,21.1,795.0,10.05,0.434
1,2.9,-6.6,9.5,1.29,362.4,360.0,2.3,56.0,0.4668,0.2179,8.1,2030.1,0.3981,619.0,0.6193,0.5,327.91,0.035,5.2,12.0,1.0,9.480142104252238,8.95,8.03,16.1,795.0,9.07,0.444
3,7.5,-4.8,12.3,1.63,430.3,436.7,0.5,23.0,0.1935,0.0374,8.7,999.2,0.5923,774.0,0.2813,0.5,183.1,0.2861,4.3,11.0,2.0,12.00994526491693,7.4,9.48,18.5,795.0,8.04,0.449
12,2.0,-10.2,12.2,1.18,358.5,371.9,0.3,17.0,0.1398,0.0195,1.7,601.3,0.8675,994.0,0.3412,0.5,361.06,0.0059,5.83,11.5,1.0,12.87997375875782,10.03,10.95,18.5,795.0,5.0,0.429
11,8.5,-5.4,13.9,1.77,325.7,336.3,2.5,22.0,0.1811,0.0328,9.3,708.1,0.5943,775.0,0.235,0.5,155.84,0.4521,3.74,11.0,1.0,10.918753530138947,6.44,9.26,17.9,795.0,8.03,0.347
12,0.3,-11.4,11.7,0.58,246.9,237.7,2.1,50.0,0.4136,0.1711,0.8,1225.4,0.8543,983.0,0.5092,0.5,428.27,0.2746,5.81,7.3,4.0,16.839760809588586,10.0,12.11,17.9,795.0,8.12,0.5
3,7.6,-1.7,9.3,1.34,388.9,390.2,2.5,13.0,0.1088,0.0118,5.0,507.8,0.6805,844.0,0.3485,0.5,179.93,0.0589,5.4,15.8,1.0,14.753230420803476,9.29,12.21,16.2,795.0,6.68,0.348
1,-4.0,-14.2,10.2,0.93,241.3,236.2,0.4,65.0,0.5384,0.2899,-12.9,1559.2,0.6246,800.0,0.5936,0.5,624.87,0.03,4.14,9.6,3.0,18.258323706570362,7.12,13.59,15.7,795.0,8.71,0.479
11,6.4,-5.7,12.1,1.46,172.2,173.0,1.9,35.0,0.2952,0.0872,11.4,610.1,0.5548,744.0,0.278,0.5,212.56,0.1299,4.4,12.1,3.0,14.551959726013653,7.57,10.76,14.9,795.0,6.36,0.515
3,9.7,-1.5,11.2,1.47,440.3,468.6,1.0,30.0,0.248,0.0615,14.5,1310.0,0.3777,602.0,0.4826,0.5,127.37,0.1373,5.03,16.4,1.0,13.711005805194574,8.65,11.19,18.2,795.0,6.41,0.354
1,-2.2,-11.5,9.3,0.79,383.3,396.9,2.9,28.0,0.2312,0.0534,-3.0,1063.2,0.4967,697.0,0.3724,0.5,536.58,0.098,4.42,13.4,2.0,7.5683718839245815,7.61,6.07,17.5,795.0,7.56,0.387
4,13.7,3.2,10.5,0.82,602.0,596.8,3.1,52.0,0.755,0.5701,35.6,3126.8,0.9395,1052.0,0.5476,0.5,52.98,0.0779,2.9,15.0,3.0,5.551652304461303,4.99,4.32,21.7,2521.5,10.46,0.428
3,6.6,-1.9,8.5,0.97,454.1,461.5,2.8,56.0,0.4633,0.2147,18.3,2524.9,0.7336,887.0,0.4694,0.5,207.75,0.0169,5.7,16.0,4.0,12.79052366792917,9.81,8.98,17.5,795.0,9.07,0.389
2,0.7,-9.7,10.4,0.97,424.8,424.2,3.3,50.0,0.4158,0.1729,1.7,2119.4,0.898,1018.0,0.4848,0.5,413.29,0.0165,5.6,12.0,2.0,14.02951551887101,9.64,11.24,18.5,795.0,9.85,0.529
3,8.4,-2.6,11.0,2.2,366.0,378.9,0.9,47.0,0.3882,0.1507,19.7,1705.2,0.4939,695.0,0.432,0.5,157.7,1.2177,5.5,11.8,2.0,15.523025832573268,9.46,12.04,15.1,795.0,6.27,0.392
3,6.3,-1.7,8.1,1.51,304.0,324.7,0.0,16.0,0.1323,0.0175,5.0,482.5,0.9103,1028.0,0.3097,0.5,214.96,0.167,6.8,7.4,4.0,15.617560509436126,11.7,11.24,13.5,795.0,7.18,0.398
3,7.3,-3.3,10.6,1.32,377.1,376.6,1.8,28.0,0.2309,0.0533,10.2,1044.7,0.6092,787.0,0.3347,0.5,186.34,0.0466,3.7,14.0,1.0,13.277932290330035,6.37,11.05,17.2,795.0,6.59,0.432
11,7.3,-2.5,9.8,1.05,324.0,336.3,3.9,34.0,0.2803,0.0786,12.2,1089.8,0.6626,830.0,0.3209,0.5,188.14,0.0023,5.9,11.5,2.0,11.786498665310663,10.15,9.37,16.4,795.0,7.73,0.354
12,4.0,-6.9,10.9,0.48,244.0,247.9,0.7,36.0,0.3036,0.0922,7.3,889.0,0.5219,717.0,0.3531,0.5,289.13,0.3904,5.7,9.2,4.0,12.52003032117569,9.81,8.61,17.5,795.0,7.9,0.42
11,1.5,-9.1,10.7,1.23,382.0,391.6,2.0,37.0,0.3109,0.0966,2.9,1425.0,0.7982,939.0,0.3401,0.5,378.96,0.0164,3.7,9.0,3.0,13.01205840176626,6.37,9.8,17.5,795.0,7.73,0.423
12,1.2,-12.8,14.0,1.71,312.6,306.2,1.6,20.0,0.1669,0.0279,1.2,626.0,0.7776,922.0,0.3014,0.5,393.97,0.3681,4.49,7.6,4.0,16.09190271376841,7.73,11.49,17.9,795.0,7.14,0.452
12,1.8,-7.6,9.4,0.48,395.3,397.1,0.8,24.0,0.1964,0.0386,2.1,931.7,0.5898,772.0,0.3765,0.5,368.41,0.3886,5.0,14.0,2.0,15.767335242380675,8.6,12.3,18.6,795.0,6.38,0.41
1,-0.6,-13.6,13.0,0.67,215.7,215.7,3.6,34.0,0.2843,0.0808,-1.0,735.9,0.5053,704.0,0.4815,0.5,465.28,0.1887,3.5,12.5,3.0,20.00071961395468,6.02,14.8,18.3,795.0,8.78,0.423
12,-1.7,-11.0,9.3,1.21,300.6,299.2,0.7,49.0,0.4122,0.1699,-4.2,1486.9,0.588,770.0,0.5085,0.5,515.59,0.0112,3.9,7.3,4.0,15.990085967952243,6.71,11.26,15.2,795.0,8.87,0.513
1,0.6,-10.4,11.1,1.14,312.1,323.7,1.9,25.0,0.207,0.0429,0.8,775.3,0.9814,1085.0,0.4316,0.5,414.25,0.0018,4.6,10.6,3.0,18.98921615581381,7.91,14.43,17.0,795.0,6.49,0.399
2,3.9,-8.0,12.0,1.37,338.1,330.0,1.1,46.0,0.3799,0.1443,8.9,1541.3,0.5005,700.0,0.4448,0.5,291.9,0.0735,6.1,10.0,3.0,15.357734599067637,10.5,11.32,17.5,795.0,8.87,0.413
3,7.5,-2.9,10.4,1.46,467.8,488.6,1.6,21.0,0.1727,0.0298,7.8,969.6,0.841,973.0,0.3268,0.5,181.69,0.1278,3.5,11.0,3.0,12.183621707382963,6.02,9.21,18.0,795.0,7.13,0.382
2,-4.8,-17.0,12.2,1.17,294.0,300.8,2.9,59.0,0.4953,0.2453,-14.3,1747.4,0.6802,844.0,0.5587,0.5,666.43,0.0053,4.6,16.1,3.0,13.881110591371279,7.91,10.35,17.5,795.0,8.8,0.506
2,1.6,-8.7,10.3,0.83,375.0,380.6,2.4,28.0,0.2319,0.0538,2.3,1043.7,0.6137,791.0,0.3097,0.5,375.06,0.0728,5.8,14.5,2.0,17.19867168300438,9.98,13.39,18.1,795.0,7.61,0.422
12,4.0,-5.1,9.1,1.27,267.8,279.4,3.5,22.0,0.1795,0.0322,4.4,576.9,0.4524,662.0,0.2237,0.5,287.57,0.0298,5.9,12.0,4.0,17.143704236866217,10.15,12.02,14.4,795.0,6.91,0.416
3,6.0,-7.2,13.3,1.13,461.7,466.0,1.7,40.0,0.3373,0.1138,12.2,1868.6,0.6252,800.0,0.4859,0.5,224.09,0.0012,5.0,9.0,1.0,13.211408475334872,8.6,11.01,21.0,795.0,7.07,0.498
4,17.6,5.1,12.5,0.47,558.1,563.1,3.7,17.0,0.3643,0.1327,15.3,966.8,0.533,726.0,0.4885,0.5,11.45,0.398,5.63,11.6,4.0,15.4898006314422,9.69,10.84,23.5,1844.1,8.02,0.394
12,3.3,-10.4,13.7,0.3,239.9,227.0,4.0,50.0,0.4147,0.172,8.2,1194.1,0.7308,885.0,0.5243,0.5,313.24,0.64,3.6,12.5,2.0,15.317160296961022,6.19,12.07,20.1,795.0,9.17,0.41
2,0.9,-11.9,12.9,0.91,275.1,278.0,2.6,58.0,0.4808,0.2311,2.7,1587.1,0.806,945.0,0.498,0.5,402.62,0.036,5.2,14.0,1.0,20.103166581264848,8.95,16.32,18.4,795.0,9.55,0.445
11,6.1,-5.5,11.6,0.9,480.3,473.3,2.4,10.0,0.0868,0.0075,3.2,500.2,0.7103,868.0,0.1637,0.5,222.37,0.0381,3.2,13.0,2.0,20.34170800517797,5.51,15.82,20.5,795.0,7.06,0.383
2,0.3,-13.1,13.3,1.02,321.5,334.0,2.3,16.0,0.1316,0.0173,0.2,507.6,0.6283,803.0,0.4766,0.5,429.64,0.0063,6.3,9.0,2.0,13.208553739059077,10.84,10.41,19.2,795.0,7.65,0.367
11,7.4,-2.0,9.5,1.09,376.7,363.4,2.7,48.0,0.3996,0.1597,17.9,1806.3,0.5117,709.0,0.5803,0.5,183.63,0.0001,4.51,7.5,3.0,14.875924639741765,7.76,10.97,16.8,795.0,7.68,0.339
3,7.1,-2.9,10.0,0.93,447.1,451.4,1.3,53.0,0.4448,0.1978,19.0,2386.4,0.6448,816.0,0.4536,0.5,192.95,0.0286,5.62,14.1,2.0,12.571063097566753,9.67,9.94,18.6,795.0,8.48,0.419
3,11.1,1.6,9.5,1.24,458.5,474.7,2.3,19.0,0.1952,0.0381,10.7,885.5,0.828,962.0,0.3676,0.5,98.71,0.0194,4.5,10.8,1.0,17.938701686033856,7.74,14.72,17.7,795.0,6.88,0.383
4,11.9,0.9,11.0,0.93,472.1,463.3,3.1,52.0,0.6034,0.3641,31.2,2469.0,1.0,1193.0,0.5066,0.5,82.39,0.03,5.9,13.0,3.0,14.568395940886626,10.15,11.13,19.8,893.0,10.59,0.492
11,7.8,-5.9,13.7,2.04,420.2,418.6,1.1,38.0,0.3154,0.0995,14.8,1590.7,0.9333,1047.0,0.4306,0.5,173.59,0.8855,3.37,7.0,4.0,12.048303630241676,5.8,8.58,18.5,795.0,8.38,0.445
12,-1.8,-10.5,8.8,1.27,253.8,239.9,0.5,60.0,0.5023,0.2523,-5.3,1529.8,0.5198,716.0,0.5288,0.5,517.63,0.0298,3.79,8.1,4.0,15.24558189204094,6.52,10.65,13.9,795.0,8.85,0.422
11,4.2,-5.3,9.5,1.12,230.3,241.7,3.1,36.0,0.302,0.0912,7.5,834.7,0.6478,818.0,0.499,0.5,283.64,0.0003,5.2,18.9,2.0,17.688041205978994,8.95,13.78,14.6,795.0,7.96,0.383
11,10.6,0.5,10.1,0.77,381.5,369.4,0.5,28.0,0.2611,0.0682,14.8,1066.9,0.4711,677.0,0.4813,0.5,108.1,0.1094,11.55,9.0,3.0,16.745460523324862,19.87,12.34,18.2,795.0,6.55,0.366
4,17.1,7.9,9.3,1.44,472.7,466.3,1.8,58.0,1.0,1.0,49.3,2718.3,0.7945,936.0,0.8618,0.5,14.83,0.117,4.8,8.3,1.0,19.726172253623744,8.26,16.03,17.2,2470.2,11.33,0.571
3,8.2,-1.6,9.8,0.67,563.2,553.1,1.2,35.0,0.2905,0.0844,14.3,1963.6,0.2826,526.0,0.2951,0.5,163.93,0.1856,4.8,14.0,4.0,17.872330797554913,8.26,12.43,20.9,795.0,6.94,0.451
4,12.3,2.4,9.9,1.48,448.8,465.3,1.0,25.0,0.3079,0.0948,15.6,1136.1,0.9079,1026.0,0.42,0.5,75.73,0.1422,5.2,12.0,1.0,10.561071812168068,8.95,9.25,17.3,795.0,6.8,0.478
11,7.7,-0.8,8.5,0.3,342.5,338.5,1.3,43.0,0.356,0.1267,16.5,1463.4,0.5508,741.0,0.4209,0.5,176.2,0.64,3.8,9.0,2.0,17.357250802833367,6.54,13.46,17.5,795.0,8.26,0.526
4,15.2,6.7,8.5,1.66,523.1,520.1,2.6,24.0,0.4036,0.1629,18.0,1240.2,0.7101,868.0,0.582,0.5,33.48,0.3142,5.34,8.0,3.0,8.219925491335022,9.19,6.13,16.8,2113.8,9.14,0.381
4,13.2,2.1,11.1,1.42,513.3,514.2,2.6,63.0,0.8668,0.7513,41.8,3238.6,0.6359,809.0,0.8396,0.5,60.17,0.1004,4.13,12.7,4.0,18.693548840439743,7.11,13.33,19.4,2964.4,10.39,0.438
2,-0.4,-11.9,11.6,1.21,354.8,352.1,1.8,33.0,0.2741,0.0751,-0.6,1167.0,0.5872,770.0,0.4057,0.5,455.86,0.0113,3.4,9.3,1.0,12.774055014335595,5.85,10.65,17.9,795.0,7.56,0.402
2,6.5,-3.6,10.1,1.65,284.3,281.5,3.8,54.0,0.4458,0.1988,17.4,1521.1,0.3535,583.0,0.6676,0.5,210.16,0.2989,4.9,14.0,4.0,12.512110760952655,8.43,8.47,14.5,795.0,9.69,0.44
4,13.7,0.7,13.1,1.58,526.9,528.0,1.3,20.0,0.2838,0.0805,13.4,1027.6,0.7765,921.0,0.478,0.5,52.83,0.2345,4.09,17.0,3.0,15.42925087174619,7.04,11.59,20.7,1551.0,7.27,0.373
1,0.9,-9.7,10.5,0.97,255.8,261.1,1.4,25.0,0.2117,0.0448,1.1,649.9,0.6213,797.0,0.357,0.5,405.9,0.0164,3.6,17.3,2.0,18.727641260558112,6.19,14.54,16.1,795.0,7.05,0.388
2,-1.0,-12.9,11.8,1.4,297.8,307.8,2.5,31.0,0.2573,0.0662,-1.6,919.4,0.8199,956.0,0.4553,0.5,486.05,0.0871,2.8,9.5,3.0,14.259475994486117,4.82,10.75,16.7,795.0,6.0,0.278
11,7.4,-4.5,11.9,0.3,359.4,368.7,0.9,22.0,0.1834,0.0336,8.1,790.8,0.5997,780.0,0.453,0.5,184.96,0.64,4.49,13.5,3.0,12.169289634370148,7.73,9.01,20.5,795.0,5.9,0.419
12,3.1,-5.5,8.6,0.33,233.0,235.4,1.6,52.0,0.437,0.191,8.1,1222.1,0.7676,914.0,0.3508,0.5,320.75,0.5938,4.1,13.0,1.0,20.027682461555862,7.05,16.23,15.8,795.0,8.07,0.428
4,12.3,2.9,9.4,1.19,488.7,469.7,3.1,49.0,0.5992,0.359,30.3,2402.9,0.8064,945.0,0.6435,0.5,75.5,0.0079,3.2,13.5,3.0,13.401921675118897,5.51,10.1,18.2,1445.5,9.84,0.343
1,1.6,-7.2,8.8,1.4,248.4,238.6,0.8,39.0,0.3261,0.1063,3.2,971.9,0.6098,788.0,0.329,0.5,375.33,0.0903,4.9,13.5,2.0,18.923462862632583,8.43,14.68,13.6,795.0,7.38,0.443
12,7.2,-1.5,8.7,1.81,271.3,280.0,0.6,30.0,0.2509,0.063,10.8,816.8,0.3785,603.0,0.5389,0.5,190.48,0.5033,5.0,14.0,1.0,17.893560484297787,8.6,14.32,12.8,795.0,7.07,0.418
11,7.2,-5.2,12.5,1.26,318.7,329.2,0.5,31.0,0.2544,0.0647,11.1,972.9,0.7262,881.0,0.2221,0.5,189.26,0.0247,3.6,12.0,1.0,15.120469136646305,6.19,12.52,17.9,795.0,5.69,0.443
1,-6.0,-14.8,8.8,0.76,295.4,305.2,3.3,16.0,0.1348,0.0182,-4.8,477.7,0.5004,700.0,0.2596,0.5,727.28,0.1139,6.48,15.3,1.0,13.830457218563092,11.15,11.37,15.9,795.0,7.33,0.474
1,-3.2,-11.7,8.5,1.19,285.3,281.2,0.5,49.0,0.4051,0.1641,-7.7,1387.1,0.6591,827.0,0.4317,0.5,583.74,0.0085,4.84,11.8,2.0,16.308601638943784,8.33,12.76,14.4,795.0,7.13,0.408
3,3.3,-7.0,10.3,0.85,445.3,437.7,2.8,41.0,0.3392,0.115,6.8,1812.2,0.3837,607.0,0.5118,0.5,312.08,0.0646,5.11,15.5,1.0,20.7655225797428,8.79,16.48,19.1,795.0,7.78,0.365
12,-0.4,-12.4,11.9,1.62,311.5,313.5,0.3,20.0,0.1704,0.029,-0.4,637.0,0.8174,954.0,0.2486,0.5,459.64,0.266,5.2,12.0,1.0,15.590867804825578,8.95,12.95,16.5,795.0,6.76,0.376
12,-2.8,-11.8,9.0,0.95,309.0,293.1,1.0,39.0,0.3291,0.1083,-5.6,1220.3,0.9119,1029.0,0.4973,0.5,567.95,0.0231,4.29,14.3,4.0,14.74569854578658,7.38,10.59,15.8,795.0,7.7,0.459
1,-1.5,-14.9,13.4,0.92,328.4,334.3,1.2,28.0,0.2303,0.0531,-2.1,907.7,0.8916,1013.0,0.3235,0.5,506.17,0.0317,5.5,10.0,2.0,14.076790302791817,9.46,11.27,19.7,795.0,7.09,0.318
4,15.1,2.2,12.9,1.3,484.7,471.4,3.4,19.0,0.326,0.1063,14.6,939.7,0.8163,953.0,0.4646,0.5,34.95,0.0397,3.8,7.4,3.0,12.418566098981609,6.54,9.37,20.6,1081.1,7.74,0.488
1,4.4,-5.4,9.8,0.47,151.4,153.9,2.0,30.0,0.25,0.0625,6.5,454.2,0.8284,963.0,0.4822,0.5,277.18,0.3922,3.7,9.0,1.0,18.076239918678283,6.37,14.82,15.2,795.0,9.14,0.461
11,9.5,-2.1,11.7,0.72,281.9,283.1,0.7,44.0,0.3664,0.1342,21.0,1239.4,0.561,749.0,0.4235,0.5,131.28,0.1474,11.08,11.5,2.0,7.324619970056523,19.06,5.94,18.1,795.0,7.34,0.504
2,7.0,-3.4,10.5,0.86,370.2,384.3,3.5,65.0,0.5386,0.2901,22.7,2393.1,0.5902,772.0,0.4877,0.5,195.05,0.0575,4.3,15.0,4.0,14.764167053297239,7.4,10.35,18.1,795.0,10.18,0.473
2,1.4,-9.7,11.1,0.62,367.9,369.9,0.7,54.0,0.4484,0.2011,3.9,1979.6,0.3951,616.0,0.5541,0.5,382.47,0.2305,4.52,7.4,2.0,13.741945476469152,7.78,10.62,19.2,795.0,6.79,0.426
3,8.0,-2.5,10.5,0.98,386.6,390.5,1.9,43.0,0.3607,0.1301,17.3,1673.1,0.761,909.0,0.3946,0.5,168.76,0.0143,3.7,14.8,3.0,24.346213438050846,6.37,18.27,18.1,795.0,8.42,0.51
4,13.1,1.8,11.3,0.3,481.0,471.0,2.9,37.0,0.5039,0.2539,24.5,1799.7,0.7294,884.0,0.4494,0.5,62.71,0.64,4.0,8.0,4.0,12.481272538532684,6.88,8.74,21.8,795.0,9.24,0.393
4,15.0,1.1,13.9,1.14,446.2,439.1,1.5,35.0,0.586,0.3434,26.4,1570.6,0.5549,744.0,0.5077,0.5,36.11,0.0019,3.6,17.5,1.0,15.691772209963474,6.19,12.81,21.3,2639.3,10.07,0.417
11,5.3,-3.6,8.9,1.14,334.2,323.7,2.2,58.0,0.4824,0.2327,15.4,1934.5,0.7288,883.0,0.4905,0.5,245.75,0.0016,11.21,12.5,1.0,16.370085936672915,19.29,13.46,15.6,795.0,8.9,0.413
11,12.7,-0.5,13.1,1.72,322.9,324.5,2.6,55.0,0.7039,0.4955,34.9,1776.7,0.3853,608.0,0.4998,0.5,69.31,0.3817,7.2,16.0,2.0,16.133255000999696,12.39,12.41,17.4,2125.3,10.97,0.427
3,4.2,-4.4,8.6,0.71,458.5,446.4,1.7,49.0,0.4069,0.1655,10.2,2238.6,0.8001,940.0,0.4732,0.5,283.12,0.1519,4.2,15.0,3.0,17.368176827188783,7.23,13.07,18.3,795.0,8.13,0.43
1,1.7,-11.8,13.5,1.44,282.5,293.5,0.2,22.0,0.1861,0.0346,1.9,630.9,0.956,1065.0,0.321,0.5,372.78,0.1136,4.48,14.0,2.0,16.733576931251022,7.71,13.31,17.8,795.0,6.59,0.47
2,-3.5,-16.2,12.7,0.58,241.6,247.1,1.7,51.0,0.4275,0.1828,-9.0,1239.6,0.6086,787.0,0.5315,0.5,599.81,0.2692,4.3,10.0,3.0,15.808777843515555,7.4,11.74,18.7,795.0,8.05,0.323
4,16.7,6.4,10.3,0.81,494.4,499.7,3.9,47.0,0.9138,0.835,39.2,2321.9,0.6363,809.0,0.7215,0.5,18.71,0.082,5.5,10.0,2.0,14.275642726003333,9.46,11.22,19.9,3116.1,12.38,0.465
3,7.8,-2.5,10.3,1.06,525.3,510.9,3.7,11.0,0.0918,0.0084,4.3,578.4,0.4878,690.0,0.4258,0.5,174.22,0.0013,5.3,13.0,1.0,15.799201265763417,9.12,12.84,19.8,795.0,6.91,0.499
4,18.9,10.5,8.4,0.74,460.7,464.7,0.5,51.0,1.0,1.0,47.9,2331.0,0.5598,748.0,0.678,0.5,4.33,0.1279,6.48,14.0,3.0,9.503255106051618,11.15,6.98,18.1,2658.4,11.43,0.546
2,1.2,-7.8,9.0,1.05,201.2,212.7,0.6,21.0,0.1783,0.0318,1.3,430.5,0.831,965.0,0.265,0.5,391.27,0.0026,5.9,12.0,2.0,13.556095642251746,10.15,10.83,13.9,795.0,6.87,0.199
2,-0.9,-13.4,12.5,0.65,309.7,328.5,2.3,18.0,0.1495,0.0223,-0.8,555.6,0.8624,990.0,0.3935,0.5,478.56,0.2016,3.79,11.1,2.0,12.630181316828347,6.52,10.16,19.3,795.0,7.83,0.457
3,6.5,-7.1,13.5,1.41,525.8,513.9,0.3,55.0,0.4617,0.2131,17.9,2912.7,0.5609,749.0,0.4284,0.5,211.27,0.0965,6.5,13.0,2.0,9.64401143965334,11.18,7.68,21.5,795.0,9.49,0.37
4,8.9,0.4,8.5,1.26,530.7,528.0,3.0,40.0,0.3318,0.1101,17.7,2112.7,0.5078,706.0,0.4225,0.5,146.86,0.0251,6.3,8.0,1.0,13.004285181447054,10.84,10.76,17.9,795.0,8.62,0.523
3,6.3,-3.3,9.6,0.62,340.3,332.6,3.1,51.0,0.4256,0.1811,16.2,1737.8,0.6945,856.0,0.4312,0.5,215.27,0.2329,4.28,10.5,2.0,10.987207170237944,7.36,8.8,17.5,795.0,8.68,0.496
2,-0.3,-9.2,8.9,1.13,308.2,309.1,1.4,37.0,0.31,0.0961,-0.6,1146.6,0.8211,957.0,0.4351,0.5,453.83,0.0008,3.59,13.0,2.0,13.431654880466299,6.18,10.73,15.2,795.0,7.2,0.379
11,8.2,-2.7,10.8,1.45,279.3,280.1,2.4,48.0,0.3995,0.1596,19.6,1339.3,0.442,654.0,0.5652,0.5,164.09,0.121,6.48,8.1,2.0,18.28549996733531,11.15,14.07,15.5,795.0,8.13,0.439
12,4.6,-4.0,8.6,1.09,341.9,351.2,1.3,44.0,0.3637,0.1323,10.1,1491.9,0.7637,911.0,0.2522,0.5,268.54,0.0001,4.95,12.0,3.0,10.694002187599821,8.52,8.03,15.6,795.0,7.68,0.438
12,7.9,-4.0,11.9,0.9,322.7,309.9,3.1,53.0,0.4398,0.1934,20.9,1703.2,0.6666,833.0,0.4204,0.5,171.26,0.0417,6.13,9.9,2.0,14.703497243995473,10.55,11.56,18.4,795.0,10.41,0.31
12,0.5,-8.9,9.4,1.61,188.5,184.1,0.4,41.0,0.3425,0.1173,1.1,774.8,0.8234,959.0,0.5409,0.5,419.15,0.2644,5.01,15.6,2.0,11.09229452465485,8.62,8.98,12.6,795.0,6.61,0.412
11,9.7,-1.2,10.9,0.3,310.5,304.2,2.1,21.0,0.1745,0.0305,10.1,650.2,0.8458,977.0,0.2789,0.5,128.21,0.64,3.47,7.2,4.0,19.1574354823054,5.97,13.84,18.9,795.0,6.8,0.417
3,6.8,-3.0,9.8,1.44,438.9,432.3,3.7,40.0,0.3322,0.1104,13.5,1749.9,0.4325,646.0,0.3491,0.5,202.24,0.1183,4.4,10.5,2.0,14.662372408749514,7.57,11.34,17.1,795.0,8.19,0.499
4,16.8,6.6,10.3,1.58,372.8,375.5,2.5,41.0,0.813,0.6609,34.7,1537.3,0.7292,883.0,0.5648,0.5,17.4,0.2339,5.6,12.1,3.0,18.08470856153334,9.64,13.55,16.1,3186.9,11.33,0.479
11,6.5,-3.9,10.4,1.26,308.8,303.3,3.0,46.0,0.3845,0.1479,15.0,1424.7,0.3945,616.0,0.4304,0.5,209.79,0.0255,4.4,8.8,1.0,14.24958463193984,7.57,11.6,16.1,795.0,8.5,0.375
1,0.4,-9.1,9.5,1.39,174.8,167.4,0.6,46.0,0.3812,0.1453,0.9,799.5,0.611,789.0,0.515,0.5,424.34,0.0863,5.1,10.0,2.0,20.787766061189522,8.78,16.08,13.1,795.0,7.87,0.369
2,6.5,-5.2,11.7,0.58,299.3,311.7,1.8,49.0,0.4102,0.1682,15.9,1472.9,0.9507,1061.0,0.4812,0.5,211.33,0.2665,5.2,10.0,2.0,13.1144825113222,8.95,10.6,18.7,795.0,7.19,0.407
2,1.6,-10.1,11.7,1.12,261.4,265.0,0.2,24.0,0.1968,0.0387,1.9,617.3,0.8132,951.0,0.402,0.5,374.47,0.0004,3.74,13.0,1.0,14.092699758558636,6.44,11.82,16.8,795.0,6.8,0.381
3,5.5,-7.8,13.3,1.09,430.9,423.3,1.0,51.0,0.4285,0.1836,14.1,2215.6,0.804,943.0,0.4824,0.5,241.15,0.0,5.06,10.7,1.0,12.487544542319903,8.71,10.61,20.6,795.0,9.27,0.435
11,7.9,-5.2,13.1,0.74,223.5,218.3,3.6,25.0,0.2061,0.0425,9.8,552.6,0.9289,1043.0,0.2601,0.5,171.11,0.1316,2.76,9.0,2.0,15.665785475289185,4.75,12.49,18.3,795.0,8.51,0.44
11,13.7,-0.3,14.0,1.48,317.3,311.0,2.2,36.0,0.5215,0.272,24.6,1138.2,0.8791,1003.0,0.4518,0.5,52.96,0.1413,3.48,14.0,2.0,14.780594825677454,5.99,11.79,18.6,2291.6,9.61,0.466
4,15.6,5.8,9.8,0.73,553.7,548.1,1.3,57.0,1.0,1.0,44.8,3182.1,0.446,657.0,0.9,0.5,29.06,0.1386,3.4,12.7,3.0,17.251080815246688,5.85,12.7,20.6,2917.3,11.38,0.55
1,0.9,-8.8,9.7,0.99,273.1,257.2,2.2,54.0,0.4508,0.2032,2.4,1477.5,0.3593,587.0,0.4476,0.5,403.8,0.0117,4.4,14.0,3.0,15.222447160745999,7.57,11.1,15.7,795.0,6.76,0.446
1,-2.5,-11.5,9.0,0.66,309.0,308.0,2.7,26.0,0.2187,0.0478,-3.3,811.1,0.8601,988.0,0.3281,0.5,551.88,0.1919,5.0,13.0,4.0,14.018914568207329,8.6,10.0,16.5,795.0,8.41,0.368
1,-0.8,-12.1,11.3,2.15,260.0,272.4,0.7,57.0,0.4775,0.228,-2.2,1490.0,0.8355,968.0,0.6324,0.5,473.2,1.1009,6.13,14.1,2.0,10.664145484517917,10.55,8.67,13.9,795.0,8.46,0.393
2,-1.8,-15.0,13.3,0.55,392.7,400.7,1.5,22.0,0.1867,0.0348,-2.0,879.7,0.6722,838.0,0.2552,0.5,519.55,0.3052,5.2,14.0,2.0,21.01823431974848,8.95,16.3,21.4,795.0,7.22,0.408
1,-6.2,-15.7,9.5,0.97,249.0,217.3,3.9,62.0,0.5165,0.2668,-19.2,1543.4,0.6075,786.0,0.4574,0.5,739.44,0.0169,4.1,7.6,1.0,17.456114512924977,7.05,14.18,15.2,795.0,9.63,0.489
1,2.5,-8.5,10.9,1.49,245.4,245.2,1.4,62.0,0.5158,0.266,7.6,1519.1,0.591,773.0,0.5459,0.5,343.89,0.1533,3.6,13.0,2.0,20.838559066799185,6.19,16.1,15.0,795.0,8.93,0.545
3,6.8,-1.4,8.2,0.84,510.6,514.7,2.1,43.0,0.3569,0.1274,14.7,2186.7,0.6182,795.0,0.3849,0.5,200.28,0.0671,5.0,13.0,2.0,13.79244801368816,8.6,10.84,18.5,795.0,7.41,0.457
2,5.1,-4.4,9.6,1.21,437.3,432.5,0.5,12.0,0.1042,0.0108,3.2,546.6,0.6054,784.0,0.3399,0.5,251.84,0.0118,5.5,9.5,2.0,13.700320457429248,9.46,10.76,17.5,795.0,6.36,0.406
1,-4.9,-15.0,10.1,1.07,315.7,315.0,1.5,21.0,0.1776,0.0315,-5.3,672.7,0.4922,694.0,0.2114,0.5,672.71,0.0009,4.31,10.0,2.0,17.320140977047544,7.42,13.38,16.4,795.0,6.44,0.358
11,10.0,1.3,8.6,0.99,310.7,323.5,2.4,44.0,0.3674,0.135,22.0,1370.1,0.5023,702.0,0.2479,0.5,121.9,0.0112,5.6,14.5,1.0,15.556664775390308,9.64,12.67,15.4,795.0,8.92,0.345
4,10.5,0.7,9.9,1.44,505.8,504.2,0.7,14.0,0.1297,0.0168,7.4,714.1,0.6469,818.0,0.4042,0.5,109.99,0.1127,5.83,15.5,4.0,14.981358796258885,10.03,10.55,18.2,795.0,6.57,0.366
11,8.4,-2.6,11.0,1.68,335.1,340.5,3.7,42.0,0.3531,0.1247,17.9,1419.9,0.7976,938.0,0.3863,0.5,157.79,0.3416,5.2,12.2,3.0,8.08937580882058,8.95,6.11,15.9,795.0,9.51,0.404
3,9.9,1.0,8.9,0.78,375.0,384.6,2.2,51.0,0.4215,0.1777,25.0,1896.5,0.5494,740.0,0.3724,0.5,123.59,0.1032,5.2,13.0,3.0,13.057728939331318,8.95,9.63,17.1,795.0,8.75,0.42
11,7.1,-6.8,14.0,1.05,355.0,350.5,3.8,33.0,0.2727,0.0744,11.7,1161.6,0.7955,936.0,0.328,0.5,192.38,0.003,3.12,9.0,1.0,15.52485082078893,5.37,12.88,20.2,795.0,8.3,0.39
12,4.2,-8.1,12.4,0.86,256.9,261.8,2.3,23.0,0.1952,0.0381,5.0,601.8,0.4237,639.0,0.4409,0.5,280.6,0.0573,3.9,17.5,2.0,6.623698411855543,6.71,5.31,17.9,795.0,8.96,0.504
2,3.4,-5.6,9.0,1.43,339.3,351.7,2.9,57.0,0.4754,0.226,9.7,1935.7,0.7376,890.0,0.48,0.5,309.17,0.1085,4.1,12.5,3.0,20.213866129118,7.05,15.15,15.0,795.0,8.4,0.524
11,9.3,0.1,9.2,1.01,383.1,383.2,2.0,40.0,0.3302,0.109,18.3,1517.8,0.7454,896.0,0.4286,0.5,137.89,0.0086,4.6,11.0,3.0,17.379442044077756,7.91,13.03,16.9,795.0,7.78,0.342
11,11.7,1.8,9.9,1.73,341.1,345.7,0.9,43.0,0.4829,0.2332,25.4,1482.9,0.3955,616.0,0.5468,0.5,87.13,0.4014,4.1,10.0,2.0,11.509775408246764,7.05,8.95,15.0,2103.2,7.92,0.441
1,-0.4,-9.3,8.9,0.62,303.9,298.9,0.7,18.0,0.1492,0.0223,-0.4,544.1,0.6346,808.0,0.3411,0.5,458.38,0.2285,4.2,11.6,3.0,17.118461202673313,7.23,12.75,16.4,795.0,6.6,0.362
2,5.4,-4.2,9.6,0.95,309.0,302.8,0.0,23.0,0.1897,0.036,6.1,703.3,0.7557,905.0,0.3811,0.5,243.6,0.0238,7.0,14.3,4.0,16.758387417766833,12.04,11.97,16.3,795.0,6.01,0.357
1,-0.4,-10.9,10.5,0.81,253.4,238.3,2.2,53.0,0.4437,0.1969,-1.1,1349.0,0.6621,830.0,0.5598,0.5,459.02,0.0865,4.58,13.0,4.0,14.806907786634975,7.88,10.43,16.5,795.0,9.12,0.49
3,4.5,-8.4,12.8,0.5,368.4,373.4,0.7,36.0,0.3033,0.092,8.1,1340.7,0.8776,1002.0,0.4701,0.5,273.42,0.3597,4.8,10.5,1.0,18.799281985485642,8.26,15.4,20.8,795.0,6.9,0.47
12,1.3,-11.1,12.4,1.26,197.2,202.3,2.8,17.0,0.1424,0.0203,1.1,336.9,0.5507,741.0,0.3539,0.5,389.14,0.0248,5.22,14.7,2.0,13.728530617750149,8.98,10.74,16.0,795.0,9.22,0.518
12,0.9,-10.3,11.2,0.98,143.6,131.9,1.5,56.0,0.4632,0.2146,2.6,798.2,0.6643,831.0,0.5154,0.5,402.27,0.0141,4.58,13.0,1.0,18.927475598448368,7.88,15.33,15.0,795.0,8.73,0.405
4,11.9,3.5,8.5,1.72,482.4,474.9,1.3,29.0,0.3393,0.1151,17.5,1413.2,0.863,990.0,0.3408,0.5,81.92,0.3854,5.5,9.0,1.0,14.219933135580352,9.46,11.96,16.0,1191.4,6.91,0.524
11,4.7,-8.3,13.1,1.73,306.6,291.1,3.6,36.0,0.3024,0.0914,8.6,1112.3,0.4845,688.0,0.5057,0.5,264.4,0.3975,3.89,14.9,3.0,11.803695662343786,6.69,8.64,17.0,795.0,7.95,0.398
11,9.2,-3.6,12.9,0.74,304.4,296.3,2.9,34.0,0.2802,0.0785,15.5,1023.5,0.7106,869.0,0.2884,0.5,138.27,0.1275,3.7,15.3,4.0,16.415635630450982,6.37,11.68,19.3,795.0,8.25,0.386
11,10.0,1.2,8.7,0.46,330.3,344.4,0.9,31.0,0.2569,0.066,15.4,1018.0,0.607,786.0,0.3999,0.5,121.67,0.4069,4.6,9.0,4.0,11.613446967482064,7.91,8.0,17.1,795.0,6.13,0.504
1,1.7,-8.8,10.5,0.3,314.5,311.3,0.2,13.0,0.1058,0.0112,1.1,399.2,0.7114,869.0,0.3118,0.5,371.46,0.64,8.4,9.6,2.0,18.875720205593552,14.45,14.73,18.7,795.0,5.85,0.337
3,8.0,-3.6,11.6,1.0,428.8,427.0,2.6,49.0,0.4056,0.1645,19.5,2087.5,0.6955,856.0,0.4282,0.5,168.87,0.0097,4.2,18.2,3.0,9.292650227254686,7.23,6.93,19.5,795.0,10.48,0.436
12,1.6,-11.7,13.3,1.35,259.5,249.0,2.6,47.0,0.3938,0.1551,3.8,1226.5,0.6034,783.0,0.5143,0.5,375.6,0.0649,4.2,12.0,2.0,15.159489780086123,7.23,11.85,17.4,795.0,7.96,0.463
1,1.2,-8.1,9.3,0.78,300.0,283.5,0.8,63.0,0.5222,0.2727,3.8,1880.1,0.3824,606.0,0.6297,0.5,390.98,0.1039,4.2,14.0,2.0,14.778871971650117,7.23,11.39,16.3,795.0,8.54,0.447
12,2.8,-10.5,13.3,1.69,144.2,148.7,3.4,33.0,0.2749,0.0755,4.5,475.6,0.656,825.0,0.2822,0.5,332.88,0.3524,5.9,14.0,2.0,5.547229117760155,10.15,4.69,14.8,795.0,6.0,0.434
1,0.1,-12.8,12.9,1.16,211.1,211.5,2.9,44.0,0.3679,0.1354,0.1,932.0,0.5598,748.0,0.4556,0.5,438.52,0.0037,5.3,12.3,3.0,15.070992624259555,9.12,11.15,16.9,795.0,8.51,0.411
2,2.1,-11.6,13.7,1.72,337.2,342.1,2.8,11.0,0.0905,0.0082,1.1,366.3,0.592,774.0,0.2118,0.5,357.98,0.3859,6.52,14.0,3.0,15.749528817969217,11.22,11.69,18.0,795.0,5.9,0.311
4,11.4,-0.7,12.1,0.5,484.3,486.8,1.0,43.0,0.4574,0.2092,24.5,2087.1,0.5062,705.0,0.4708,0.5,92.79,0.3548,4.2,10.5,3.0,13.23689388305408,7.23,9.73,22.0,1046.7,8.81,0.429
4,13.7,1.9,11.8,1.63,546.6,563.5,3.9,41.0,0.6005,0.3606,28.4,2263.0,0.9956,1096.0,0.5985,0.5,53.24,0.2848,4.46,8.5,1.0,19.75432198147344,7.67,16.21,19.9,1343.9,10.62,0.422
4,11.2,2.1,9.1,0.96,405.1,405.2,0.5,21.0,0.2156,0.0465,11.7,842.8,0.5635,751.0,0.3373,0.5,95.73,0.0193,5.23,11.0,3.0,3.188497468468645,9.0,2.24,17.3,795.0,8.03,0.465
1,-0.3,-8.4,8.2,1.35,361.2,372.3,3.1,56.0,0.4649,0.2162,-0.7,2015.2,0.5053,704.0,0.5848,0.5,451.94,0.0612,5.45,13.0,3.0,16.570889959841082,9.38,12.23,14.9,795.0,9.13,0.498
11,8.3,-3.6,12.0,1.48,304.5,297.3,2.8,61.0,0.5053,0.2554,25.3,1846.5,0.6885,851.0,0.5957,0.5,160.09,0.1433,5.3,10.0,1.0,14.389778620050905,9.12,11.94,16.7,795.0,8.61,0.417
11,6.1,-2.4,8.5,0.76,266.5,260.7,2.0,59.0,0.4881,0.2383,18.0,1561.2,0.5687,755.0,0.6289,0.5,221.16,0.1166,3.61,10.0,3.0,12.122260080584363,6.21,8.95,15.2,795.0,8.94,0.51
12,-4.8,-14.2,9.4,0.92,206.6,223.7,2.7,43.0,0.3547,0.1258,-10.3,879.2,0.7073,866.0,0.4088,0.5,668.03,0.0307,4.2,10.3,3.0,11.54236103468519,7.23,8.62,14.6,795.0,9.53,0.502
1,-2.4,-13.2,10.8,0.4,323.9,338.8,3.9,48.0,0.3967,0.1574,-5.7,1542.0,0.5705,756.0,0.5536,0.5,546.76,0.4848,4.88,13.3,3.0,6.633316610939866,8.4,4.83,18.8,795.0,7.83,0.47
12,3.8,-7.1,10.9,1.3,342.1,343.1,2.8,55.0,0.461,0.2126,10.5,1892.8,0.5914,773.0,0.5636,0.5,296.43,0.0407,4.4,13.5,4.0,11.25623105493582,7.57,7.72,16.9,795.0,8.67,0.387
12,1.9,-11.9,13.7,1.0,223.9,230.8,3.9,12.0,0.1034,0.0107,1.1,277.8,0.4655,672.0,0.303,0.5,366.59,0.0102,4.4,14.2,2.0,11.013874716287422,7.57,8.63,18.1,795.0,6.07,0.353
3,10.6,1.6,9.0,0.94,411.4,404.5,3.6,52.0,0.4874,0.2376,27.7,2157.8,0.5766,761.0,0.4484,0.5,108.67,0.0267,4.6,11.0,4.0,16.428984364090475,7.91,11.58,17.3,795.0,10.48,0.432
4,15.1,6.0,9.2,1.95,419.7,423.5,3.2,29.0,0.4947,0.2448,22.2,1228.5,0.2577,506.0,0.6365,0.5,34.31,0.7177,5.01,12.5,1.0,16.084314061598405,8.62,12.87,15.1,1662.6,7.83,0.578
1,-1.3,-12.7,11.3,0.94,310.9,308.6,2.9,24.0,0.2025,0.041,-1.6,755.3,0.766,913.0,0.3629,0.5,498.68,0.0245,3.7,10.5,3.0,20.632331209108287,6.37,15.49,17.7,795.0,5.94,0.329
4,13.9,2.9,11.0,1.15,593.9,605.1,1.6,10.0,0.1518,0.023,7.1,609.0,0.6345,808.0,0.3142,0.5,50.66,0.0027,5.6,13.5,2.0,12.817686941161758,9.64,10.12,21.1,1755.9,6.7,0.34
2,3.3,-10.5,13.8,0.97,328.2,327.2,1.1,23.0,0.1954,0.0382,3.8,769.3,0.6536,823.0,0.327,0.5,314.75,0.0156,5.1,9.8,2.0,20.147714688992856,8.78,15.63,19.8,795.0,5.96,0.394
1,-0.9,-9.8,9.0,1.17,240.4,240.4,2.4,55.0,0.4557,0.2077,-2.4,1314.4,0.733,886.0,0.4335,0.5,478.09,0.0053,3.7,11.8,2.0,16.438784279618375,6.37,12.92,14.1,795.0,7.32,0.487
2,2.0,-9.2,11.2,0.99,281.6,272.6,2.3,56.0,0.4671,0.2182,5.7,1578.7,0.8134,951.0,0.4456,0.5,359.97,0.0126,5.35,9.6,1.0,9.123992203843635,9.21,8.09,17.0,795.0,9.01,0.415
4,12.7,1.9,10.8,0.56,502.4,498.8,3.5,48.0,0.6178,0.3817,30.5,2408.3,0.5888,771.0,0.6231,0.5,68.34,0.2913,4.82,10.0,3.0,10.37102516650355,8.29,7.65,21.1,2057.5,9.74,0.436
3,10.8,-0.3,11.2,0.79,441.8,437.0,1.2,37.0,0.3618,0.1309,20.2,1645.9,0.6796,844.0,0.4986,0.5,103.5,0.0963,3.85,10.0,3.0,17.269005906617608,6.62,12.9,19.9,795.0,8.0,0.374
1,0.4,-9.8,10.2,1.87,322.0,311.4,2.0,36.0,0.2969,0.0882,0.7,1147.3,0.5983,779.0,0.4912,0.5,425.15,0.5942,6.2,9.6,2.0,13.896504582770548,10.67,10.9,14.6,795.0,6.43,0.456
12,0.6,-8.4,9.0,1.36,352.2,354.0,3.1,56.0,0.468,0.219,1.7,1977.8,0.5963,777.0,0.501,0.5,416.2,0.0672,3.4,13.0,2.0,14.163369703478129,5.85,11.1,15.4,795.0,9.18,0.404
12,-4.7,-15.2,10.5,1.62,243.7,231.2,0.7,46.0,0.3807,0.1449,-10.7,1113.2,0.82,956.0,0.47,0.5,659.06,0.2712,4.5,9.1,3.0,10.42262828917391,7.74,7.87,14.3,795.0,8.04,0.498
3,4.5,-4.8,9.3,0.73,376.4,378.9,2.7,57.0,0.4744,0.2251,12.9,2143.2,0.9446,1056.0,0.4261,0.5,271.31,0.1352,5.04,13.0,2.0,5.633060517760242,8.67,4.98,17.6,795.0,8.56,0.42
1,-3.1,-15.7,12.5,1.92,306.2,305.3,0.5,28.0,0.2323,0.054,-4.4,853.6,0.6106,788.0,0.2931,0.5,581.92,0.6718,4.4,13.0,4.0,15.703941032581596,7.57,11.07,16.1,795.0,7.64,0.412
11,4.4,-3.9,8.3,1.5,348.5,356.4,0.0,36.0,0.299,0.0894,7.9,1250.4,0.6997,860.0,0.465,0.5,275.59,0.1589,4.86,13.3,2.0,15.267956055491831,8.36,12.01,14.4,795.0,6.83,0.38
4,14.4,4.3,10.1,1.19,507.0,498.8,0.2,12.0,0.1822,0.0332,8.4,586.6,0.5386,731.0,0.3798,0.5,42.92,0.0082,5.8,13.0,1.0,11.229778406798168,9.98,9.45,19.0,1362.6,6.36,0.38
3,7.5,-3.6,11.1,0.58,400.1,418.2,2.7,51.0,0.4227,0.1787,19.0,2029.4,0.8196,956.0,0.5809,0.5,182.78,0.2658,5.9,12.5,1.0,12.70438498827633,10.15,10.78,19.7,795.0,7.98,0.506
11,6.5,-4.4,10.9,0.6,261.0,267.2,2.0,47.0,0.3878,0.1504,15.0,1214.3,0.8132,951.0,0.5566,0.5,211.21,0.2542,6.0,15.0,2.0,8.10561654558563,10.32,6.73,17.4,795.0,7.83,0.457
12,1.7,-9.8,11.4,1.01,270.7,259.0,3.9,44.0,0.3676,0.1351,3.6,1194.1,0.7399,892.0,0.5238,0.5,374.24,0.0074,2.4,10.5,1.0,14.63565621285524,4.13,12.17,17.0,795.0,8.76,0.286
11,8.7,-3.7,12.5,0.3,254.3,261.8,3.3,21.0,0.1746,0.0305,9.1,532.7,0.6829,846.0,0.2804,0.5,151.03,0.64,5.74,13.0,1.0,18.708346561249837,9.88,15.18,19.3,795.0,8.65,0.408
3,5.9,-6.2,12.1,1.27,434.0,442.6,3.3,53.0,0.4438,0.197,15.8,2311.6,0.8704,996.0,0.5091,0.5,226.9,0.0293,4.8,10.0,4.0,18.887120846760023,8.26,13.66,19.3,795.0,9.56,0.358
2,3.5,-7.7,11.2,1.36,319.2,335.2,2.7,17.0,0.1401,0.0196,3.0,536.6,0.8508,981.0,0.2981,0.5,304.72,0.0662,5.0,13.0,2.0,14.807601143758594,8.6,11.79,16.7,795.0,7.0,0.441
11,8.7,-0.2,8.9,1.09,263.1,238.6,3.6,62.0,0.5191,0.2695,27.2,1638.9,0.83,964.0,0.5126,0.5,150.82,0.0,4.84,13.0,1.0,11.015648110462411,8.33,9.53,14.7,795.0,9.69,0.536
2,-0.4,-11.1,10.6,0.85,223.9,233.9,3.6,49.0,0.41,0.1681,-1.1,1101.5,0.9755,1080.0,0.4892,0.5,459.2,0.0609,3.6,9.0,3.0,18.761016741944253,6.19,14.25,16.0,795.0,9.53,0.395
11,5.9,-5.9,11.8,1.32,407.7,410.8,3.1,37.0,0.3115,0.097,11.0,1524.0,0.6644,832.0,0.4394,0.5,228.91,0.0476,5.38,10.0,4.0,13.29039831233797,9.26,9.3,18.6,795.0,8.33,0.372
3,5.8,-7.3,13.0,0.98,398.6,388.9,2.7,47.0,0.3924,0.154,13.6,1876.9,0.9016,1021.0,0.4457,0.5,232.0,0.0132,3.4,16.0,2.0,10.452564710014988,5.85,8.56,20.3,795.0,8.29,0.45
2,-1.0,-11.1,10.1,0.91,335.5,329.0,2.4,18.0,0.1499,0.0225,-0.9,603.6,0.4505,660.0,0.1636,0.5,484.01,0.0355,5.21,13.5,2.0,14.517084237673915,8.96,11.25,17.1,795.0,7.42,0.428
3,5.5,-7.4,12.8,1.44,410.2,419.3,2.3,16.0,0.1346,0.0181,4.4,662.4,0.6188,795.0,0.3707,0.5,241.17,0.1136,3.96,8.7,2.0,15.278723718194785,6.81,11.95,19.1,795.0,8.22,0.337
2,1.6,-8.8,10.4,1.23,336.4,343.6,0.4,65.0,0.5393,0.2908,5.2,2177.2,0.6307,805.0,0.516,0.5,375.93,0.0165,5.7,11.8,2.0,11.560400062888686,9.81,9.17,16.6,795.0,8.12,0.443
4,13.4,4.3,9.1,0.99,524.9,532.4,2.9,25.0,0.3546,0.1258,17.0,1329.8,0.4967,697.0,0.3952,0.5,57.77,0.0116,4.62,11.2,1.0,10.679238351924408,7.95,9.01,19.0,795.0,8.33,0.474
1,-1.7,-13.4,11.7,1.54,228.6,213.3,0.3,29.0,0.2422,0.0587,-2.5,664.4,0.6583,827.0,0.352,0.5,516.36,0.1961,4.42,11.0,3.0,18.725219459451637,7.61,13.97,15.2,795.0,7.65,0.469
4,14.1,3.7,10.3,1.05,411.8,415.2,0.6,54.0,0.8148,0.6638,37.9,2220.3,0.5729,758.0,0.6275,0.5,48.08,0.0022,4.1,10.2,2.0,16.08744816911803,7.05,12.52,18.1,1334.7,10.33,0.458
1,2.0,-10.1,12.1,1.12,266.6,259.3,0.0,62.0,0.5187,0.2691,6.3,1659.8,0.7737,919.0,0.6708,0.5,359.86,0.0005,4.06,10.0,1.0,17.66530542813021,6.99,14.47,17.2,795.0,8.53,0.505
4,10.8,2.6,8.2,1.65,495.3,493.8,3.2,32.0,0.3082,0.095,17.2,1570.2,0.6003,780.0,0.3971,0.5,103.38,0.303,4.4,6.5,1.0,14.38264564795708,7.57,11.87,16.2,1154.0,7.78,0.391
3,6.0,-6.3,12.3,1.07,501.4,485.0,1.0,16.0,0.1318,0.0174,4.7,793.0,0.5446,736.0,0.3632,0.5,225.28,0.0007,6.3,9.5,3.0,17.686953601959917,10.84,13.1,21.0,795.0,6.87,0.436
12,-1.8,-12.8,11.1,0.89,199.8,196.9,1.8,48.0,0.3962,0.157,-4.2,949.8,0.3971,618.0,0.3345,0.5,517.83,0.0457,5.31,11.2,2.0,10.17509765219362,9.14,7.95,16.0,795.0,8.55,0.419
12,-0.6,-13.2,12.6,1.41,294.4,284.0,1.3,41.0,0.3448,0.1189,-1.2,1218.1,0.6727,838.0,0.3792,0.5,466.55,0.0948,6.2,6.0,2.0,17.808319616342096,10.67,13.89,17.3,795.0,8.21,0.417
3,8.9,-0.2,9.2,1.06,393.7,376.4,0.1,55.0,0.459,0.2107,24.6,2168.4,0.3726,598.0,0.5075,0.5,145.7,0.0013,3.6,17.0,2.0,13.597506639011074,6.19,10.5,16.9,795.0,8.43,0.428
2,2.3,-7.9,10.2,0.63,369.7,360.3,2.8,58.0,0.4864,0.2366,6.6,2158.0,0.5486,739.0,0.5224,0.5,350.77,0.221,3.5,8.0,3.0,17.437983931690404,6.02,12.92,18.4,795.0,9.54,0.493
3,2.0,-6.3,8.4,0.53,424.0,418.6,3.0,64.0,0.5358,0.287,6.6,2726.1,0.5294,724.0,0.5931,0.5,359.27,0.3264,6.0,13.0,2.0,17.91019794791185,10.32,13.86,18.0,795.0,8.72,0.566
3,11.6,1.1,10.6,0.83,465.6,469.6,0.1,11.0,0.1163,0.0135,6.1,489.2,0.8837,1007.0,0.2055,0.5,87.58,0.073,6.2,10.0,3.0,16.12000152016347,10.67,12.2,19.6,795.0,5.87,0.499
1,-2.6,-14.3,11.7,0.79,294.0,294.5,0.2,59.0,0.489,0.2391,-7.6,1725.3,0.5735,759.0,0.5632,0.5,557.27,0.0943,4.76,12.5,3.0,10.616667602232308,8.19,7.82,18.1,795.0,8.49,0.517
2,3.2,-10.3,13.5,1.39,486.3,490.7,3.9,54.0,0.4508,0.2032,8.7,2631.0,0.6609,829.0,0.4977,0.5,316.3,0.084,4.9,7.6,3.0,17.97409601053522,8.43,13.41,20.9,795.0,7.7,0.411
1,-2.3,-12.5,10.1,0.85,275.6,282.4,2.6,36.0,0.302,0.0912,-4.2,998.8,0.72,876.0,0.29,0.5,544.39,0.061,5.5,8.2,2.0,10.601876048337925,9.46,8.53,16.4,795.0,7.64,0.439
11,7.8,-5.2,13.0,1.53,194.1,188.6,0.4,13.0,0.1119,0.0125,5.2,260.7,0.5449,736.0,0.2386,0.5,173.84,0.1817,6.25,17.1,3.0,13.397736467640147,10.75,9.88,15.8,795.0,5.47,0.355
12,3.7,-4.7,8.4,0.83,323.5,305.7,3.0,29.0,0.2438,0.0594,5.4,946.4,0.3529,582.0,0.3543,0.5,298.42,0.0707,6.32,9.0,2.0,14.726006738165415,10.87,11.33,15.8,795.0,7.38,0.46
12,-0.9,-9.7,8.9,0.84,287.9,295.7,1.9,22.0,0.1834,0.0337,-0.9,633.7,0.2942,535.0,0.3632,0.5,477.77,0.0694,6.54,17.0,4.0,11.612631362699569,11.25,7.74,15.6,795.0,6.1,0.384
2,4.3,-4.2,8.5,1.01,281.9,273.5,2.4,60.0,0.4959,0.2459,12.9,1677.4,0.6513,821.0,0.3792,0.5,278.11,0.009,4.6,13.0,2.0,12.8443490494029,7.91,10.15,14.8,795.0,10.09,0.29
1,1.6,-8.3,9.9,1.12,241.9,231.7,0.7,27.0,0.2248,0.0505,2.1,652.5,0.5466,737.0,0.4136,0.5,378.1,0.0005,5.61,13.0,2.0,15.612478110892342,9.65,12.15,15.0,795.0,8.64,0.403
3,4.5,-7.5,12.0,0.91,370.6,371.4,0.3,50.0,0.4172,0.1741,11.3,1855.7,0.3559,585.0,0.4874,0.5,271.33,0.0343,3.6,14.5,3.0,14.93990218470618,6.19,10.89,19.2,795.0,7.01,0.428
11,3.0,-6.6,9.5,0.72,208.7,205.7,0.8,46.0,0.3804,0.1447,6.8,952.5,0.671,837.0,0.4751,0.5,325.53,0.1445,4.4,13.0,1.0,11.977475863275881,7.57,10.12,15.3,795.0,7.05,0.4
12,0.6,-12.9,13.5,1.21,314.0,311.7,0.2,60.0,0.5001,0.2501,1.9,1884.5,0.7318,885.0,0.5332,0.5,415.34,0.0118,5.56,12.0,2.0,14.927164905835781,9.57,11.78,18.8,795.0,9.31,0.442
3,7.7,-1.1,8.8,0.8,440.0,447.2,3.2,33.0,0.277,0.0767,12.9,1462.4,0.9222,1038.0,0.4252,0.5,175.95,0.0906,6.4,12.5,3.0,13.288872137445523,11.01,10.1,17.9,795.0,8.54,0.491
4,14.8,4.0,10.8,1.09,485.8,485.9,3.5,56.0,0.9157,0.8385,41.5,2724.6,0.7186,875.0,0.809,0.5,38.48,0.0001,3.8,11.0,3.0,17.421025822097768,6.54,13.04,19.5,2483.1,11.28,0.625
4,18.3,4.5,13.9,1.23,512.5,516.3,2.9,51.0,1.0,1.0,46.3,2589.7,0.2479,498.0,0.7553,0.5,7.05,0.0163,3.2,12.2,2.0,9.795392916654832,5.51,7.54,22.0,2708.0,12.25,0.49
1,-0.8,-13.3,12.5,0.83,306.2,322.0,0.8,50.0,0.4204,0.1767,-2.1,1544.5,0.8571,986.0,0.3671,0.5,476.13,0.0717,5.7,8.0,3.0,13.697089788426142,9.81,10.36,18.8,795.0,8.52,0.415
2,-1.5,-13.2,11.7,0.82,320.7,314.7,1.0,37.0,0.3044,0.0926,-2.7,1171.5,0.5104,708.0,0.4397,0.5,505.83,0.0761,4.61,9.9,4.0,14.500120266707627,7.93,10.08,18.4,795.0,7.35,0.421
2,4.9,-3.6,8.5,2.06,290.2,281.9,0.4,34.0,0.2813,0.0791,8.2,979.6,0.508,706.0,0.3895,0.5,259.61,0.9261,5.5,6.1,1.0,21.26059429769203,9.46,16.95,12.3,795.0,8.43,0.361
4,12.1,-1.5,13.6,1.12,567.2,573.1,3.2,41.0,0.4887,0.2388,25.0,2337.2,1.0,1104.0,0.4363,0.5,78.93,0.0002,3.4,13.0,2.0,10.89990602942239,5.85,8.97,22.9,2106.7,9.21,0.403
3,10.5,-2.9,13.4,1.49,443.4,454.8,3.5,42.0,0.3822,0.1461,21.9,1844.6,0.8053,944.0,0.5376,0.5,110.0,0.1535,5.5,13.5,3.0,10.42994121158173,9.46,7.87,19.9,795.0,8.29,0.396
3,7.9,-3.3,11.2,1.02,391.9,407.4,3.5,32.0,0.2628,0.0691,12.4,1236.1,0.7849,928.0,0.3554,0.5,171.83,0.0071,5.63,10.0,3.0,11.63440063433142,9.69,8.75,18.6,795.0,8.28,0.456
1,-3.9,-17.7,13.8,0.89,317.2,321.3,1.7,51.0,0.4269,0.1823,-9.9,1625.2,0.7307,885.0,0.3837,0.5,618.97,0.0448,5.49,15.0,1.0,10.955641477879299,9.45,9.4,19.9,795.0,8.34,0.444
1,-2.0,-14.8,12.8,1.21,268.3,266.5,0.6,19.0,0.1609,0.0259,-1.9,518.0,0.4934,695.0,0.3557,0.5,528.35,0.0112,4.45,17.5,1.0,14.868684270918328,7.66,12.15,17.6,795.0,7.57,0.488
11,9.3,-1.0,10.3,1.85,442.3,415.4,0.5,53.0,0.4378,0.1917,24.4,2323.4,0.5651,752.0,0.4083,0.5,137.07,0.5684,3.7,5.7,3.0,19.59066720446256,6.37,14.55,16.6,795.0,7.13,0.355
12,-0.2,-8.6,8.5,1.12,308.8,308.8,1.7,40.0,0.3353,0.1124,-0.3,1242.6,0.3703,596.0,0.4269,0.5,448.32,0.0003,4.2,11.0,3.0,15.998886216148344,7.23,11.7,14.9,795.0,6.24,0.424
12,2.0,-7.8,9.7,1.6,186.7,173.9,1.4,58.0,0.4816,0.2319,5.6,1078.9,0.6104,788.0,0.5995,0.5,362.7,0.2464,5.0,9.3,3.0,9.995316819398514,8.6,7.38,12.9,795.0,6.59,0.316
2,5.9,-2.2,8.1,0.87,447.2,458.4,1.4,31.0,0.2586,0.0669,9.2,1387.8,0.6581,826.0,0.4961,0.5,226.62,0.0518,4.1,13.1,2.0,23.22435736006698,7.05,17.94,17.3,795.0,8.31,0.334
11,6.5,-3.4,10.0,1.43,366.3,360.5,0.4,14.0,0.1188,0.0141,4.7,522.1,0.6633,831.0,0.306,0.5,208.86,0.1103,4.76,10.0,2.0,14.992468987485317,8.19,11.78,16.2,795.0,5.74,0.35
1,0.5,-12.5,13.0,0.69,186.0,190.6,1.8,56.0,0.4654,0.2166,1.5,1038.9,0.9096,1028.0,0.5622,0.5,418.45,0.1656,5.23,15.0,2.0,15.6791032361,9.0,12.49,17.8,795.0,7.52,0.46
3,10.6,-2.7,13.4,1.41,365.1,359.1,0.5,15.0,0.1374,0.0189,7.8,533.8,0.5637,751.0,0.3631,0.5,107.35,0.0976,3.6,12.9,4.0,8.994659607680887,6.19,6.0,18.9,795.0,6.42,0.308
11,9.9,0.5,9.3,1.44,351.8,341.8,3.2,44.0,0.3636,0.1322,21.5,1535.0,0.5785,763.0,0.4384,0.5,123.9,0.1156,4.4,14.0,3.0,16.211784850632018,7.57,12.02,15.4,795.0,9.15,0.513
3,3.5,-10.2,13.8,1.0,397.7,388.4,2.2,25.0,0.2098,0.044,4.5,1001.0,0.3829,606.0,0.2597,0.5,304.87,0.0096,5.2,9.0,2.0,13.90355847422903,8.95,10.73,20.8,795.0,8.41,0.425
3,4.4,-6.4,10.9,1.53,410.8,413.6,2.1,58.0,0.4812,0.2315,12.8,2372.0,0.6862,849.0,0.4672,0.5,274.75,0.1831,5.4,11.5,3.0,10.384563949930534,9.29,7.74,17.3,795.0,9.3,0.451
4,10.3,-2.5,12.8,1.36,482.1,481.8,3.0,47.0,0.4102,0.1682,23.9,2242.8,0.6046,784.0,0.4298,0.5,114.71,0.0688,5.27,16.0,3.0,9.9348520729876,9.07,7.33,20.4,795.0,8.47,0.442
1,-3.0,-16.0,13.0,0.89,346.0,331.7,3.1,27.0,0.2287,0.0523,-4.1,949.4,0.664,831.0,0.3763,0.5,576.17,0.0439,5.5,9.2,1.0,14.704636942957716,9.46,12.16,19.7,795.0,8.02,0.461
1,-1.1,-9.2,8.2,0.87,308.9,310.0,1.9,60.0,0.4977,0.2477,-3.2,1844.7,0.502,702.0,0.5652,0.5,487.27,0.0519,4.83,13.5,1.0,22.531115101780873,8.31,17.9,15.3,795.0,8.28,0.502
3,1.3,-7.3,8.6,0.81,445.4,462.2,0.6,43.0,0.3547,0.1258,2.8,1895.9,0.4742,679.0,0.4805,0.5,388.35,0.0846,3.69,9.5,1.0,8.312254274516429,6.35,7.21,17.8,795.0,5.87,0.367
12,0.3,-11.7,12.1,1.12,201.2,201.3,2.9,54.0,0.4459,0.1988,0.9,1076.7,0.8637,991.0,0.4525,0.5,427.55,0.0002,5.27,7.6,1.0,15.893681237758628,9.07,13.21,16.2,795.0,7.99,0.37
4,12.2,3.0,9.2,0.49,538.6,534.4,1.4,11.0,0.1293,0.0167,6.6,581.6,0.4344,648.0,0.2941,0.5,77.75,0.3741,4.53,9.0,3.0,9.475099518727548,7.79,6.85,20.5,795.0,5.98,0.414
1,-4.8,-13.5,8.6,1.24,292.9,298.5,2.6,56.0,0.4687,0.2197,-13.6,1647.1,0.756,905.0,0.4717,0.5,667.73,0.0183,5.7,9.5,2.0,13.824500058935001,9.81,10.97,14.5,795.0,9.44,0.443
2,5.0,-6.6,11.5,0.37,374.3,395.4,0.1,36.0,0.3029,0.0918,9.0,1360.6,0.502,702.0,0.5034,0.5,257.25,0.5395,5.3,13.0,2.0,14.22684815898018,9.12,11.07,20.2,795.0,6.63,0.427
12,-1.2,-14.9,13.7,0.3,352.2,347.5,2.4,39.0,0.3247,0.1054,-2.3,1372.3,0.8866,1009.0,0.2138,0.5,492.78,0.64,5.29,12.4,3.0,13.0729842947967,9.1,9.91,21.8,795.0,8.45,0.367
4,15.4,3.3,12.1,1.61,424.7,433.3,3.7,26.0,0.4521,0.2044,20.1,1111.5,0.6357,809.0,0.4059,0.5,31.76,0.2558,2.7,16.4,1.0,11.415841102816259,4.65,9.67,18.3,1926.7,11.48,0.502
12,2.1,-8.8,10.9,0.95,224.3,237.5,1.3,11.0,0.0929,0.0086,1.2,250.2,0.7159,873.0,0.2183,0.5,357.51,0.0236,5.95,14.0,2.0,13.125150787679,10.24,10.42,16.0,795.0,6.5,0.364
3,10.6,-2.0,12.6,1.34,421.4,425.1,2.7,24.0,0.2267,0.0514,12.9,1023.0,0.6166,793.0,0.421,0.5,108.07,0.0557,3.8,7.1,1.0,16.379804422197502,6.54,13.38,19.4,795.0,9.22,0.314
3,7.3,-2.8,10.1,0.35,296.2,294.4,3.5,36.0,0.3025,0.0915,13.3,1075.1,0.5806,764.0,0.3687,0.5,187.29,0.5584,6.9,14.9,2.0,12.557988450882016,11.87,9.88,18.0,795.0,7.98,0.273
12,0.2,-10.1,10.3,1.73,203.4,180.9,2.6,23.0,0.193,0.0373,0.2,471.0,0.4931,694.0,0.3836,0.5,434.13,0.4025,5.8,11.5,3.0,16.839464131759158,9.98,12.42,13.3,795.0,6.84,0.376
11,4.0,-5.5,9.4,0.81,299.0,292.2,3.1,14.0,0.115,0.0132,2.7,412.6,0.6339,807.0,0.2864,0.5,289.49,0.0832,4.64,9.3,1.0,11.773860308147972,7.98,9.94,16.3,795.0,6.63,0.322
3,6.4,-1.9,8.2,1.45,431.1,443.8,3.5,63.0,0.5242,0.2748,20.0,2711.8,0.5274,722.0,0.6556,0.5,214.03,0.1191,3.1,14.0,1.0,19.686561777927132,5.33,15.79,15.7,795.0,9.94,0.453
11,5.5,-4.1,9.5,0.69,322.4,309.8,0.7,65.0,0.5387,0.2902,17.7,2084.0,0.5438,735.0,0.5842,0.5,241.47,0.1643,6.1,7.9,1.0,14.347616294813317,10.5,11.8,17.0,795.0,9.18,0.348
2,3.1,-5.2,8.3,1.35,275.9,277.1,3.6,54.0,0.4473,0.2001,8.4,1481.2,0.7532,903.0,0.5351,0.5,319.77,0.0629,3.44,13.0,2.0,18.128195233152045,5.92,14.2,13.7,795.0,8.07,0.414
1,0.3,-13.3,13.6,1.81,213.2,205.3,2.6,18.0,0.1528,0.0234,0.3,391.0,0.5649,752.0,0.4024,0.5,428.9,0.5039,6.5,14.5,4.0,12.327610635288892,11.18,8.5,15.8,795.0,7.47,0.472
12,1.4,-9.3,10.7,0.56,342.0,348.0,2.6,52.0,0.4302,0.1851,3.6,1766.0,0.617,794.0,0.5437,0.5,383.65,0.292,5.29,10.8,1.0,10.295657300808978,9.1,8.82,18.6,795.0,7.77,0.437
1,2.2,-6.9,9.2,1.08,318.5,312.0,2.2,40.0,0.3316,0.1099,4.4,1267.3,0.6874,850.0,0.3801,0.5,352.28,0.0006,6.0,11.0,1.0,18.6703568677146,10.32,15.15,15.7,795.0,7.89,0.481
4,11.3,-0.8,12.1,0.89,547.3,542.0,3.6,36.0,0.3738,0.1397,20.1,1955.8,0.6806,844.0,0.4631,0.5,94.56,0.0454,5.82,12.4,1.0,5.433449164257498,10.01,5.22,22.0,923.8,9.28,0.464
2,3.6,-5.9,9.5,1.49,397.8,391.2,3.6,19.0,0.1575,0.0248,3.4,752.0,0.6426,814.0,0.3995,0.5,301.14,0.1543,4.6,7.7,1.0,10.21664541077139,7.91,8.78,16.2,795.0,8.62,0.42
4,13.4,2.4,10.9,1.14,516.0,510.2,3.7,58.0,0.8116,0.6586,38.9,3007.6,0.953,1062.0,0.7103,0.5,58.45,0.0013,6.1,11.0,3.0,16.601917302455565,10.5,12.61,19.9,1183.6,11.49,0.442
2,3.3,-4.7,8.0,0.3,394.0,403.9,0.9,62.0,0.5186,0.2689,10.2,2451.8,0.3894,612.0,0.5471,0.5,313.87,0.6387,4.84,13.4,2.0,20.013869350219206,8.33,15.32,17.9,795.0,7.85,0.385
3,8.0,-2.7,10.7,1.82,367.6,367.7,2.8,18.0,0.15,0.0225,7.2,661.9,0.5663,753.0,0.2718,0.5,168.54,0.5222,6.5,11.5,2.0,12.661629498473788,11.18,9.95,15.8,795.0,5.89,0.405
4,17.6,4.1,13.5,1.46,540.2,550.1,3.2,11.0,0.2213,0.049,9.3,568.1,0.6706,836.0,0.4076,0.5,11.39,0.1294,5.24,10.0,4.0,11.094447656341863,9.02,7.66,21.5,1077.6,7.3,0.348
1,-1.8,-15.6,13.8,1.08,266.1,253.5,0.4,53.0,0.4432,0.1964,-4.8,1415.5,0.3762,601.0,0.6146,0.5,520.03,0.0003,4.7,10.0,2.0,11.697579590763267,8.09,9.07,18.6,795.0,7.65,0.557
3,7.9,-1.3,9.2,1.34,307.7,306.4,1.3,29.0,0.2382,0.0567,11.3,879.7,0.8446,976.0,0.3268,0.5,171.56,0.0583,4.9,10.0,2.0,16.70963999081498,8.43,13.21,14.9,795.0,7.31,0.434
2,-2.9,-14.4,11.5,1.38,362.4,350.7,3.2,33.0,0.2784,0.0775,-4.8,1210.6,0.5099,708.0,0.3465,0.5,570.67,0.0782,5.8,17.0,3.0,16.231204510117557,9.98,11.98,17.5,795.0,8.64,0.418
4,13.8,3.0,10.8,1.34,485.0,488.7,3.1,42.0,0.6202,0.3846,29.2,2059.1,1.0,1230.0,0.5385,0.5,52.36,0.0572,5.3,13.5,2.0,15.994788968562588,9.12,12.8,18.9,1267.3,8.96,0.509
1,0.8,-11.3,12.1,1.53,317.9,313.9,3.1,15.0,0.1236,0.0153,0.6,471.5,0.6816,845.0,0.2567,0.5,406.79,0.1886,4.25,11.0,2.0,18.534575670293567,7.31,14.45,16.9,795.0,7.71,0.474
1,0.7,-10.0,10.7,0.72,222.7,203.6,2.4,44.0,0.3648,0.1331,1.5,974.9,0.4031,622.0,0.3953,0.5,412.72,0.1452,5.13,12.0,1.0,13.528885360193446,8.83,11.07,16.4,795.0,9.68,0.449
11,10.0,-3.0,13.0,1.23,207.3,209.2,2.8,63.0,0.5236,0.2742,31.4,1297.0,0.801,941.0,0.5997,0.5,120.54,0.0175,3.5,8.0,2.0,11.402557599190388,6.02,9.19,16.8,795.0,8.92,0.441
1,2.7,-10.6,13.3,0.42,383.3,394.1,3.7,47.0,0.3955,0.1564,6.3,1819.1,0.5457,737.0,0.4676,0.5,336.19,0.4688,8.68,8.5,2.0,14.224479374998449,14.94,11.1,21.6,795.0,8.85,0.47
2,3.7,-5.5,9.1,0.3,484.8,479.2,3.4,61.0,0.5067,0.2567,11.1,2947.8,0.6026,782.0,0.51,0.5,300.46,0.64,3.1,18.0,2.0,17.091312457645387,5.33,13.3,20.1,795.0,8.4,0.447
3,9.8,1.0,8.8,0.78,493.0,499.5,1.2,65.0,0.5411,0.2928,32.0,3201.4,0.5597,748.0,0.6305,0.5,124.48,0.1025,5.8,10.0,1.0,14.208445602485343,9.98,11.7,18.8,795.0,9.25,0.454
1,-4.9,-15.2,10.2,0.85,347.4,336.9,0.4,45.0,0.376,0.1414,-11.1,1567.3,0.8238,959.0,0.4077,0.5,672.91,0.0645,5.4,11.0,4.0,16.57449458875876,9.29,11.89,17.6,795.0,8.44,0.321
1,0.0,-8.9,8.9,0.7,171.3,193.5,0.7,62.0,0.5189,0.2692,0.0,1066.8,1.0,1194.0,0.6111,0.5,440.9,0.1614,4.52,7.6,1.0,14.38219825518411,7.78,12.19,14.2,795.0,8.24,0.46
11,5.1,-7.6,12.7,1.24,246.4,233.5,0.7,33.0,0.2758,0.0761,8.4,815.5,0.7306,884.0,0.3812,0.5,253.19,0.0191,4.7,11.5,1.0,16.636975499500124,8.09,13.66,17.1,795.0,5.88,0.272
1,4.0,-8.6,12.6,0.72,174.0,169.5,3.2,29.0,0.2455,0.0603,5.9,512.4,0.4432,655.0,0.476,0.5,288.78,0.1431,4.1,12.0,1.0,18.55513470657599,7.05,14.87,17.2,795.0,7.73,0.359
12,-0.1,-8.6,8.5,0.68,327.6,327.8,3.1,38.0,0.3198,0.1022,-0.2,1257.0,0.6996,860.0,0.4752,0.5,445.12,0.1732,3.6,10.9,2.0,10.166616913695997,6.19,8.18,16.3,795.0,8.23,0.52
11,11.2,0.6,10.7,0.96,353.7,357.2,3.3,27.0,0.2776,0.0771,15.0,944.1,0.8723,998.0,0.3799,0.5,95.24,0.0202,4.5,7.4,4.0,19.11728981116679,7.74,13.84,17.8,795.0,9.94,0.428
4,13.9,3.3,10.6,0.71,498.3,505.0,2.8,63.0,0.9342,0.8728,43.8,3146.1,0.5606,748.0,0.797,0.5,50.71,0.1554,5.17,15.8,1.0,9.081882024075604,8.9,7.86,20.5,2219.9,11.41,0.578
1,-3.4,-17.1,13.7,0.89,211.1,217.0,0.6,34.0,0.2864,0.082,-5.9,725.5,0.6375,810.0,0.4064,0.5,596.26,0.0436,4.48,11.2,2.0,14.394993630747097,7.71,11.31,18.2,795.0,8.34,0.507
4,13.0,3.8,9.2,2.18,483.8,490.6,1.1,35.0,0.4641,0.2154,22.6,1681.7,0.6493,819.0,0.5477,0.5,63.82,1.168,4.61,11.0,3.0,14.868524926104806,7.93,11.07,15.5,1398.9,9.4,0.438
4,16.5,7.8,8.7,1.61,503.8,501.7,1.7,35.0,0.6742,0.4546,29.0,1771.2,0.6697,836.0,0.5783,0.5,20.2,0.2611,5.6,9.0,1.0,11.77710810617842,9.64,9.97,16.8,2916.0,10.24,0.463
12,3.4,-9.7,13.0,0.81,220.6,226.0,2.0,24.0,0.2008,0.0403,4.1,531.6,0.5744,760.0,0.407,0.5,310.81,0.0823,5.5,14.8,1.0,13.49673435620773,9.46,11.18,18.0,795.0,7.74,0.414
11,6.4,-2.5,8.9,0.3,323.7,335.9,2.8,64.0,0.5363,0.2876,20.6,2083.0,0.8453,976.0,0.5928,0.5,213.37,0.64,4.3,8.0,3.0,16.017563869087365,7.4,12.09,17.5,795.0,9.4,0.515
2,3.0,-6.8,9.8,1.62,397.3,407.1,0.1,40.0,0.3296,0.1086,5.8,1571.3,0.8484,979.0,0.362,0.5,325.77,0.2685,3.5,15.5,2.0,17.36620547147392,6.02,13.7,16.0,795.0,7.5,0.557
11,5.0,-6.6,11.6,1.38,185.2,173.4,1.2,26.0,0.2178,0.0474,6.6,484.2,0.3452,576.0,0.3605,0.5,254.54,0.0759,5.16,11.0,1.0,11.579295887107614,8.88,9.56,14.9,795.0,7.13,0.411
2,-0.5,-13.9,13.4,0.99,317.1,308.5,3.5,64.0,0.5306,0.2815,-1.7,2018.8,0.7639,911.0,0.552,0.5,463.33,0.0124,5.21,13.5,3.0,8.039851476738859,8.96,6.04,19.3,795.0,9.98,0.272
12,1.0,-7.4,8.4,0.99,312.9,317.1,3.8,29.0,0.2445,0.0598,1.4,918.0,0.7711,917.0,0.3144,0.5,401.45,0.0124,3.85,12.5,1.0,16.76443203768559,6.62,13.79,15.2,795.0,7.37,0.399
12,3.8,-4.8,8.6,1.35,266.5,260.4,4.0,45.0,0.3788,0.1435,8.5,1211.5,0.812,950.0,0.3401,0.5,297.39,0.0647,4.2,11.5,1.0,17.138225278511896,7.23,14.1,13.8,795.0,8.5,0.484
12,1.0,-10.2,11.2,0.86,273.1,285.4,2.4,40.0,0.3294,0.1085,2.0,1079.5,0.7188,875.0,0.5222,0.5,399.71,0.06,4.91,9.3,2.0,14.97703804483082,8.45,11.81,17.2,795.0,8.46,0.312
3,11.4,-0.8,12.2,1.28,485.9,473.8,0.6,57.0,0.6098,0.3718,32.6,2780.0,0.7678,914.0,0.5208,0.5,92.26,0.032,4.99,12.2,2.0,17.935995203036132,8.59,14.07,20.2,1425.8,9.94,0.593
12,1.1,-12.7,13.8,1.04,281.8,281.4,3.2,28.0,0.2362,0.0558,1.5,798.6,0.2626,510.0,0.3824,0.5,397.9,0.0034,4.58,11.0,2.0,17.279801306160408,7.88,13.17,18.9,795.0,8.26,0.325
2,4.3,-9.2,13.5,1.2,486.4,496.9,0.8,33.0,0.278,0.0773,7.1,1622.5,0.4689,675.0,0.3539,0.5,280.36,0.01,4.76,12.7,4.0,10.405498749571429,8.19,6.98,21.4,795.0,7.46,0.421
2,2.0,-11.4,13.4,0.87,317.5,311.6,2.8,55.0,0.4551,0.2071,5.6,1733.9,0.7766,921.0,0.4426,0.5,359.18,0.0515,5.7,10.0,2.0,11.004388925872485,9.81,8.87,19.6,795.0,9.66,0.29
11,7.9,-2.1,10.1,0.39,298.8,313.6,0.9,57.0,0.4732,0.2239,22.5,1696.7,0.5177,714.0,0.5236,0.5,170.88,0.5109,4.7,12.4,2.0,16.675987435393843,8.09,12.92,17.9,795.0,6.93,0.407
3,7.0,-3.2,10.2,0.67,415.9,416.2,3.2,59.0,0.4897,0.2398,20.6,2443.9,0.5731,758.0,0.5374,0.5,195.64,0.1836,4.5,10.0,3.0,11.388547548500474,7.74,8.4,19.1,795.0,8.7,0.38
12,-0.7,-9.2,8.5,1.25,377.9,384.2,1.9,37.0,0.3115,0.097,-1.3,1412.8,0.5871,770.0,0.4593,0.5,470.75,0.0218,3.7,10.5,1.0,17.145567733251713,6.37,13.93,15.7,795.0,8.31,0.403
1,2.2,-9.5,11.7,1.01,320.0,322.7,3.7,33.0,0.2753,0.0758,3.6,1057.1,0.8374,970.0,0.3089,0.5,354.04,0.0085,6.7,12.6,2.0,8.98089437382394,11.53,7.41,17.9,795.0,8.13,0.482
2,-2.6,-13.8,11.2,1.56,479.3,496.1,3.8,25.0,0.2084,0.0434,-3.2,1198.7,0.4671,674.0,0.2804,0.5,556.51,0.213,4.06,15.4,2.0,17.640147464391692,6.99,13.6,18.5,795.0,7.02,0.552
2,-0.1,-11.7,11.5,0.91,346.8,327.7,3.5,19.0,0.1548,0.024,-0.1,644.0,0.7083,867.0,0.4797,0.5,447.22,0.0357,4.3,16.0,1.0,19.991104995474345,7.4,16.16,18.4,795.0,7.8,0.358
2,6.5,-2.2,8.7,0.5,383.9,387.3,1.8,51.0,0.4271,0.1824,16.7,1967.3,0.6426,814.0,0.4057,0.5,210.31,0.3656,4.98,11.3,2.0,7.666329545770371,8.57,6.26,17.7,795.0,8.65,0.512
4,15.2,5.6,9.7,1.11,488.0,480.1,2.6,16.0,0.2732,0.0746,12.2,782.1,0.6412,813.0,0.3804,0.5,33.33,0.0002,3.4,12.9,3.0,12.853721845800132,5.85,9.55,18.6,1862.3,7.56,0.521
2,5.8,-2.4,8.2,0.98,534.1,525.2,2.2,29.0,0.2425,0.0588,8.4,1554.1,0.6285,803.0,0.3832,0.5,232.16,0.0145,5.4,10.0,3.0,11.83230542783731,9.29,8.78,18.4,795.0,8.7,0.287
4,17.2,8.3,8.9,1.64,514.3,496.2,3.6,38.0,0.7771,0.6039,32.9,1962.1,0.808,946.0,0.6375,0.5,14.27,0.2938,4.6,13.0,1.0,13.069865891952988,7.91,11.05,17.0,3153.5,10.83,0.491
4,11.7,-0.8,12.6,0.96,460.9,447.4,2.0,49.0,0.5469,0.2991,28.6,2249.9,0.6153,792.0,0.5305,0.5,86.06,0.0198,4.53,9.6,3.0,15.14818640447998,7.79,11.25,20.9,832.8,9.08,0.343
3,6.8,-5.4,12.2,0.92,500.9,492.2,3.6,16.0,0.1362,0.0186,5.6,818.6,0.6404,812.0,0.4277,0.5,201.46,0.0315,5.0,13.5,3.0,10.374492436133682,8.6,7.69,21.3,795.0,7.93,0.378
3,5.3,-7.0,12.3,1.39,507.8,505.0,2.6,16.0,0.1333,0.0178,4.2,812.2,0.4879,690.0,0.2617,0.5,248.03,0.0867,3.84,14.1,2.0,15.87205036559538,6.61,12.29,20.2,795.0,6.76,0.437
3,7.1,-5.9,13.1,0.31,515.1,519.3,0.3,53.0,0.4418,0.1952,18.9,2730.9,0.3934,615.0,0.4041,0.5,191.96,0.6179,3.36,11.0,1.0,16.506709539579806,5.78,13.29,23.7,795.0,8.11,0.458
3,5.5,-6.7,12.2,0.3,386.0,382.6,1.4,29.0,0.2443,0.0597,8.0,1131.6,0.6112,789.0,0.3215,0.5,240.62,0.64,3.58,11.0,2.0,12.987300102834835,6.16,10.23,21.1,795.0,7.41,0.431
2,-0.2,-8.3,8.1,1.62,394.5,396.0,3.0,41.0,0.3419,0.1169,-0.4,1618.6,0.6117,789.0,0.3761,0.5,448.21,0.2655,3.1,13.5,2.0,18.289564479227604,5.33,14.21,14.7,795.0,8.41,0.558
2,0.3,-9.8,10.1,1.9,331.9,328.9,2.2,33.0,0.2787,0.0777,0.6,1109.8,0.8738,999.0,0.4159,0.5,426.73,0.642,4.8,12.5,3.0,12.943716886604122,8.26,9.81,14.6,795.0,7.04,0.458
12,0.6,-7.4,8.0,1.26,303.1,281.5,2.8,43.0,0.3577,0.128,1.3,1301.3,0.8243,959.0,0.5352,0.5,415.03,0.0251,5.7,8.0,1.0,11.589152229880758,9.81,9.95,14.1,795.0,8.05,0.481
1,1.6,-7.9,9.6,1.28,275.0,270.2,3.7,41.0,0.3457,0.1195,3.4,1140.9,0.5482,739.0,0.4652,0.5,374.67,0.0339,3.1,15.0,3.0,13.67976794356786,5.33,10.1,14.9,795.0,7.24,0.494
2,-2.5,-16.3,13.8,1.18,299.8,307.1,0.2,41.0,0.3384,0.1145,-5.1,1217.5,0.7419,893.0,0.2803,0.5,553.55,0.0065,4.4,7.6,1.0,13.086352090562514,7.57,11.01,18.9,795.0,7.74,0.536
11,7.7,-2.6,10.3,1.09,319.9,318.7,3.0,36.0,0.3041,0.0925,14.0,1167.2,0.8148,952.0,0.3815,0.5,177.94,0.0,4.6,12.0,2.0,13.03030668424971,7.91,10.42,16.6,795.0,9.3,0.451
1,-5.4,-18.7,13.2,0.8,320.5,306.0,1.2,40.0,0.33,0.1089,-10.8,1269.2,0.8449,976.0,0.5562,0.5,699.21,0.0915,4.87,12.0,3.0,12.45912975790826,8.38,9.42,19.7,795.0,7.07,0.371
11,6.7,-5.3,12.0,1.31,352.7,344.5,0.8,35.0,0.2951,0.0871,11.9,1249.1,0.8484,979.0,0.3557,0.5,204.0,0.0461,5.5,8.5,4.0,19.518219251644553,9.46,14.12,17.9,795.0,8.01,0.413
12,-2.1,-10.7,8.6,1.31,178.9,195.9,0.2,44.0,0.3656,0.1337,-4.6,785.1,0.4714,677.0,0.3497,0.5,533.56,0.0426,5.13,12.4,1.0,12.252745270527242,8.83,10.17,12.6,795.0,7.45,0.425
2,1.6,-11.6,13.2,0.76,344.3,353.8,2.4,14.0,0.1196,0.0143,1.2,494.2,0.3856,609.0,0.3114,0.5,375.61,0.1141,6.8,15.5,1.0,16.484606929603775,11.7,13.27,20.1,795.0,6.48,0.29
2,0.4,-11.2,11.7,1.79,333.6,327.0,3.9,33.0,0.2767,0.0766,0.7,1107.8,0.8781,1002.0,0.3488,0.5,422.85,0.4806,4.9,8.0,2.0,15.188143202178548,8.43,12.09,16.2,795.0,7.5,0.444
2,1.7,-8.7,10.4,1.21,282.9,271.1,3.8,23.0,0.1936,0.0375,2.0,657.1,0.6035,783.0,0.3409,0.5,372.36,0.0121,3.95,11.0,3.0,9.775005383760265,6.8,7.21,15.9,795.0,6.94,0.439
1,3.0,-5.7,8.6,0.94,232.2,227.7,0.2,45.0,0.3711,0.1377,6.6,1034.0,0.8758,1001.0,0.4286,0.5,325.05,0.0246,4.72,16.0,2.0,13.343237749430843,8.12,10.71,14.3,795.0,7.56,0.328
12,-0.5,-13.8,13.3,0.89,205.4,206.6,1.0,17.0,0.1396,0.0195,-0.4,344.2,0.6164,793.0,0.2561,0.5,460.28,0.0432,3.8,7.5,3.0,15.368321947902785,6.54,11.42,17.8,795.0,8.07,0.446
2,1.7,-11.8,13.5,1.72,234.1,243.3,2.6,49.0,0.4102,0.1683,4.1,1152.3,0.7135,871.0,0.4833,0.5,373.78,0.3871,4.43,12.5,3.0,13.275276540692861,7.62,9.93,16.3,795.0,8.59,0.448
3,9.5,-1.5,11.0,1.19,508.4,522.6,1.4,34.0,0.2797,0.0783,15.9,1706.6,0.9077,1026.0,0.4463,0.5,133.37,0.0075,5.32,10.0,1.0,16.605399375163493,9.15,13.78,19.7,795.0,7.52,0.429
4,15.9,4.5,11.4,0.48,555.6,549.8,1.5,38.0,0.6916,0.4783,30.3,2114.2,0.7743,919.0,0.5419,0.5,25.96,0.3817,4.6,6.9,2.0,9.637047502611642,7.91,7.85,22.6,2231.0,11.04,0.489
1,-3.0,-15.2,12.2,1.42,257.9,259.7,1.8,22.0,0.1846,0.0341,-3.3,571.4,0.8482,979.0,0.359,0.5,574.87,0.1046,10.18,12.0,4.0,16.181835441590625,17.52,11.61,16.4,795.0,7.51,0.449
11,7.7,-2.6,10.3,1.31,357.3,365.1,3.9,43.0,0.359,0.1289,16.5,1539.2,0.5756,761.0,0.535,0.5,178.21,0.0436,3.85,13.0,2.0,12.674515335853854,6.62,9.97,16.6,795.0,8.6,0.426
11,5.1,-2.9,8.0,0.84,323.8,313.4,2.5,56.0,0.4627,0.2141,14.3,1798.0,0.8894,1011.0,0.5617,0.5,251.3,0.066,3.2,11.5,4.0,17.39421688826197,5.51,12.56,15.5,795.0,9.2,0.545
11,5.6,-5.2,10.7,1.14,315.5,318.0,3.3,56.0,0.47,0.2209,15.7,1779.2,0.6954,856.0,0.4762,0.5,238.18,0.0016,4.1,14.0,2.0,18.877794620092008,7.05,14.71,16.8,795.0,8.92,0.525
3,4.1,-8.3,12.4,1.56,363.6,374.5,0.7,65.0,0.5403,0.292,13.3,2357.7,0.6339,807.0,0.4765,0.5,285.5,0.2128,3.7,9.5,3.0,11.377538788946609,6.37,8.44,17.8,795.0,6.35,0.322
2,-1.9,-14.8,12.8,0.97,347.4,345.1,2.7,62.0,0.517,0.2673,-6.0,2155.5,0.61,788.0,0.4948,0.5,526.15,0.0175,3.6,10.0,2.0,15.889859674343057,6.19,12.41,19.3,795.0,8.91,0.481
3,4.5,-8.6,13.1,1.14,437.2,443.1,3.1,60.0,0.4981,0.2481,13.6,2613.0,0.6198,796.0,0.4299,0.5,270.92,0.0018,4.3,7.5,2.0,19.15495106130765,7.4,14.86,20.5,795.0,8.82,0.44
4,12.3,1.6,10.7,0.78,585.8,587.0,1.8,48.0,0.5869,0.3445,29.6,2807.5,0.6444,816.0,0.452,0.5,74.86,0.1003,4.6,7.8,4.0,18.02957409055947,7.91,12.84,21.7,1944.9,9.09,0.484
11,5.3,-4.2,9.6,0.64,230.4,222.1,3.9,31.0,0.2587,0.0669,8.3,715.3,0.3809,605.0,0.2175,0.5,245.45,0.2113,4.8,9.0,2.0,13.839100298848933,8.26,10.68,15.8,795.0,6.65,0.36
12,3.8,-9.1,12.9,1.06,292.6,291.1,1.5,23.0,0.1882,0.0354,4.3,660.8,0.898,1018.0,0.3121,0.5,296.83,0.0016,3.3,10.4,4.0,21.706741736020565,5.68,15.8,18.3,795.0,8.18,0.385
2,-3.5,-15.6,12.2,2.11,367.6,368.8,1.8,14.0,0.1168,0.0136,-2.4,515.1,0.8651,992.0,0.2828,0.5,598.31,1.0284,6.71,8.0,2.0,13.840998085969757,11.55,11.07,16.3,795.0,6.5,0.412
12,1.7,-8.8,10.5,0.49,378.5,363.1,2.8,31.0,0.2602,0.0677,2.7,1181.6,0.5376,730.0,0.3717,0.5,372.02,0.3744,3.8,11.0,3.0,16.65709844288173,6.54,12.32,19.2,795.0,7.64,0.333
4,16.1,2.9,13.2,0.93,510.0,524.9,0.3,53.0,0.9797,0.9599,42.7,2705.9,0.7065,865.0,0.7958,0.5,24.21,0.0289,5.02,9.0,2.0,12.792979364125694,8.64,10.16,22.2,2097.9,10.44,0.561
3,9.7,-3.8,13.5,1.02,527.8,511.8,3.7,28.0,0.2352,0.0553,13.6,1489.5,0.8559,985.0,0.4136,0.5,128.44,0.0062,5.74,8.5,4.0,19.544266664040467,9.88,14.14,22.4,795.0,9.13,0.415
3,8.8,-0.1,8.9,0.37,439.5,445.8,3.2,19.0,0.1549,0.024,8.2,816.8,0.5255,720.0,0.2781,0.5,148.33,0.5327,6.0,12.0,2.0,6.083326923074406,10.32,4.98,19.1,795.0,6.18,0.454
2,0.0,-8.2,8.2,1.2,310.5,299.7,0.2,32.0,0.2694,0.0726,0.0,1003.8,0.7443,895.0,0.2752,0.5,440.38,0.0107,4.0,10.9,4.0,12.911399334621152,6.88,9.08,14.5,795.0,8.49,0.344
1,0.1,-8.1,8.3,1.04,242.0,244.7,0.2,31.0,0.2622,0.0688,0.2,761.4,0.9201,1036.0,0.4069,0.5,434.88,0.0037,6.0,17.0,1.0,12.423821255437701,10.32,10.65,13.9,795.0,6.19,0.314
12,-1.0,-14.9,13.9,0.56,302.4,308.0,2.3,18.0,0.1496,0.0224,-0.9,542.9,0.7005,860.0,0.3309,0.5,484.05,0.2966,4.0,17.3,2.0,18.56225997025019,6.88,14.48,20.6,795.0,5.34,0.465
1,0.4,-10.3,10.6,0.61,206.6,198.1,0.7,48.0,0.4007,0.1606,0.9,993.3,0.5097,708.0,0.4561,0.5,425.75,0.2421,5.0,10.0,3.0,20.826038694399276,8.6,15.43,16.4,795.0,7.76,0.442
3,7.6,-5.3,13.0,1.1,451.1,456.7,2.1,12.0,0.0987,0.0097,4.5,534.4,0.8489,979.0,0.4163,0.5,178.25,0.0,5.0,10.0,2.0,22.320646423397186,8.6,17.42,20.7,795.0,7.06,0.428
12,-3.6,-16.8,13.2,0.3,319.7,328.6,2.9,20.0,0.1664,0.0277,-3.6,638.3,0.8889,1011.0,0.2871,0.5,606.96,0.64,5.9,9.7,2.0,15.987346256096009,10.15,12.7,20.9,795.0,7.76,0.397
11,9.7,-2.3,12.1,0.49,286.9,296.9,3.7,45.0,0.3724,0.1387,21.8,1282.0,0.7798,924.0,0.4079,0.5,126.87,0.3677,3.8,11.5,3.0,15.082160558826395,6.54,11.34,19.0,795.0,9.25,0.366
2,3.0,-5.8,8.7,1.34,297.8,300.7,2.6,15.0,0.1266,0.016,2.3,452.2,0.4524,662.0,0.3847,0.5,325.31,0.0568,3.58,12.6,2.0,11.648583447962988,6.16,9.1,14.4,795.0,7.96,0.378
11,4.8,-6.8,11.5,0.81,427.9,441.8,2.7,60.0,0.502,0.252,14.4,2577.6,0.5636,751.0,0.4928,0.5,262.56,0.0821,4.3,11.4,3.0,13.452177195030181,7.4,9.94,19.9,795.0,9.87,0.388
12,3.0,-10.2,13.1,2.23,202.2,192.6,2.0,28.0,0.2351,0.0552,4.2,570.3,0.8884,1011.0,0.3701,0.5,324.86,1.284,3.7,13.0,4.0,20.282170181305197,6.37,14.72,14.3,795.0,9.44,0.42
2,-1.2,-13.3,12.1,1.37,327.4,319.5,0.1,16.0,0.1331,0.0177,-0.9,522.8,0.7744,920.0,0.2788,0.5,491.8,0.0726,6.3,9.0,2.0,12.470112130709078,10.84,9.97,17.5,795.0,6.21,0.326
2,2.4,-7.7,10.1,1.48,261.3,269.8,2.6,40.0,0.3338,0.1114,4.9,1046.7,0.669,835.0,0.3326,0.5,344.34,0.1447,4.51,9.6,3.0,18.052129529858004,7.76,13.47,14.6,795.0,7.92,0.328
11,2.4,-6.8,9.2,0.79,311.0,318.0,3.8,22.0,0.181,0.0328,2.6,675.5,0.7124,870.0,0.3415,0.5,346.5,0.0945,4.57,11.9,3.0,16.261729109554782,7.86,12.17,16.3,795.0,7.27,0.33
1,-1.6,-14.4,12.7,0.92,280.0,288.8,1.5,10.0,0.0869,0.0076,-0.9,291.9,0.7996,940.0,0.2341,0.5,512.92,0.0307,5.84,7.2,3.0,19.26503266377529,10.05,14.49,18.4,795.0,4.9,0.435
11,11.4,1.5,9.9,0.3,327.1,324.5,0.9,11.0,0.1169,0.0137,6.3,360.2,0.9199,1036.0,0.3385,0.5,92.79,0.64,4.0,10.1,4.0,8.156969286542171,6.88,5.65,18.4,795.0,6.35,0.454
2,-0.8,-9.6,8.8,1.31,275.2,281.7,1.7,25.0,0.2093,0.0438,-1.0,691.2,0.8287,963.0,0.3061,0.5,475.06,0.0436,4.6,12.3,3.0,22.90251516858205,7.91,17.24,14.2,795.0,7.41,0.494
2,-1.0,-9.3,8.3,0.3,283.3,287.9,0.6,27.0,0.2275,0.0518,-1.4,773.6,0.7348,888.0,0.4368,0.5,484.75,0.64,4.4,16.0,1.0,10.602954983475188,7.57,9.14,16.4,795.0,5.65,0.339
4,14.7,4.7,10.0,0.8,497.7,480.9,2.0,43.0,0.6912,0.4777,31.4,2130.7,0.8025,942.0,0.5013,0.5,39.85,0.0878,6.24,10.0,1.0,7.390654076080057,10.74,6.78,19.8,2403.1,10.47,0.462
3,11.4,2.8,8.7,1.56,473.7,476.2,0.5,33.0,0.351,0.1232,18.7,1551.1,0.5955,776.0,0.4483,0.5,91.56,0.2109,5.7,12.6,4.0,13.956873758635794,9.81,9.74,16.4,795.0,8.3,0.369
4,11.2,2.1,9.1,1.42,456.7,473.1,3.5,62.0,0.6413,0.4113,34.7,2817.6,0.4938,695.0,0.626,0.5,95.32,0.1033,3.6,17.0,2.0,18.687218896883387,6.19,14.41,16.9,795.0,10.56,0.525
1,0.9,-12.0,12.9,1.48,218.2,226.5,3.7,47.0,0.3922,0.1538,2.1,1026.9,0.5867,769.0,0.5628,0.5,403.46,0.1423,5.5,10.0,3.0,8.230519752561879,9.46,6.04,16.2,795.0,8.18,0.397
11,6.1,-2.1,8.2,1.01,334.0,332.0,3.5,22.0,0.1805,0.0326,6.6,723.3,0.4666,673.0,0.4397,0.5,222.74,0.0073,3.8,12.0,4.0,16.989777625621855,6.54,11.92,15.3,795.0,8.22,0.337
1,-3.9,-16.4,12.6,1.24,237.6,244.1,3.2,54.0,0.4512,0.2036,-10.4,1286.5,0.6623,830.0,0.404,0.5,617.82,0.0202,4.2,7.5,3.0,16.95123012782161,7.23,12.64,16.8,795.0,8.59,0.565
3,6.7,-5.6,12.3,1.18,539.3,536.3,3.6,61.0,0.5071,0.2571,20.4,3281.8,0.9482,1059.0,0.4474,0.5,204.57,0.0069,4.6,7.2,2.0,12.997969531735956,7.91,10.51,21.3,795.0,10.72,0.4
11,8.4,-3.9,12.3,1.08,339.7,324.2,3.9,54.0,0.4489,0.2015,22.7,1829.9,0.8091,947.0,0.6018,0.5,158.46,0.0005,4.2,9.8,3.0,17.367361056464354,7.23,13.07,18.6,795.0,9.5,0.373
2,3.4,-4.9,8.3,1.17,284.5,278.3,2.9,20.0,0.1668,0.0278,3.4,569.3,0.6984,859.0,0.2388,0.5,308.89,0.0045,5.01,17.0,1.0,13.377043201145728,8.62,11.19,14.3,795.0,7.33,0.367
1,0.8,-10.6,11.4,0.49,222.8,211.2,3.0,11.0,0.0888,0.0079,0.4,237.4,0.6298,804.0,0.2225,0.5,409.43,0.3765,5.3,10.2,3.0,16.16267406281634,9.12,12.03,17.6,795.0,6.99,0.404
2,1.4,-7.2,8.6,0.3,309.0,304.1,0.7,25.0,0.2119,0.0449,1.7,785.8,0.6486,819.0,0.3848,0.5,386.07,0.64,4.58,11.5,1.0,14.778868127900164,7.88,12.2,17.1,795.0,6.6,0.426
12,-2.5,-10.9,8.3,1.87,292.0,295.6,3.8,52.0,0.4358,0.1899,-6.6,1526.9,0.6043,783.0,0.5159,0.5,554.26,0.592,3.86,16.1,2.0,12.73747297800115,6.64,10.04,12.7,795.0,9.11,0.48
2,-2.2,-11.7,9.4,1.63,247.3,251.9,0.7,56.0,0.4706,0.2215,-6.3,1396.4,0.8214,957.0,0.4907,0.5,539.58,0.2758,4.49,13.0,1.0,20.184649880641516,7.73,16.4,13.5,795.0,8.93,0.415
2,2.0,-9.9,11.9,1.15,339.8,336.9,0.9,42.0,0.3541,0.1254,4.4,1443.8,0.8273,962.0,0.4517,0.5,359.17,0.0024,5.72,11.5,1.0,8.661577561701414,9.84,7.76,18.1,795.0,7.82,0.427
11,8.8,-0.0,8.8,1.72,210.7,209.2,2.1,31.0,0.2595,0.0673,13.6,656.0,0.6031,783.0,0.3522,0.5,149.94,0.3838,5.91,13.5,1.0,9.519578908123751,10.17,8.22,12.2,795.0,7.03,0.342
2,0.7,-13.0,13.7,1.31,288.8,288.7,1.8,26.0,0.2151,0.0463,0.9,745.4,0.7994,940.0,0.2434,0.5,412.17,0.0442,6.63,8.0,3.0,14.126237147897783,11.41,10.63,18.3,795.0,7.07,0.431
11,5.1,-6.0,11.1,1.67,280.6,290.1,3.7,34.0,0.2828,0.08,8.7,952.1,0.4816,685.0,0.4162,0.5,251.59,0.3292,5.37,13.5,2.0,15.582350713615043,9.24,12.07,15.2,795.0,8.33,0.341
1,-0.8,-14.0,13.3,0.8,313.1,297.9,0.4,20.0,0.1681,0.0282,-0.8,631.4,0.9987,1099.0,0.2955,0.5,473.08,0.0879,3.3,10.7,2.0,14.434506903186865,5.68,11.62,19.6,795.0,6.02,0.321
4,14.1,1.5,12.6,0.85,564.6,553.3,3.8,53.0,0.8016,0.6426,37.2,2969.8,0.6157,793.0,0.7012,0.5,47.01,0.0645,3.71,12.0,4.0,14.796408721973988,6.38,10.39,22.7,2080.8,10.96,0.617
3,5.9,-7.1,13.0,1.14,485.2,473.1,0.2,37.0,0.3057,0.0935,10.8,1779.8,0.5559,745.0,0.4402,0.5,227.88,0.0016,5.1,18.1,1.0,17.858572051907558,8.78,14.44,21.1,795.0,6.32,0.449
11,8.5,-3.3,11.8,1.32,261.5,252.2,2.1,36.0,0.2992,0.0895,15.2,938.7,0.7116,869.0,0.3386,0.5,157.14,0.05,3.9,12.2,3.0,15.188315042104845,6.71,11.36,16.4,795.0,7.4,0.427
11,3.9,-8.5,12.3,1.29,284.6,295.3,4.0,63.0,0.5231,0.2736,12.1,1786.3,0.6789,843.0,0.4497,0.5,293.77,0.0361,4.82,13.4,1.0,15.325191070413018,8.29,12.64,17.2,795.0,10.78,0.424
3,9.0,-1.2,10.2,1.67,487.8,500.2,2.3,62.0,0.52,0.2704,28.1,3043.8,0.3805,604.0,0.5424,0.5,143.95,0.3199,4.98,11.5,1.0,17.226072156117592,8.57,13.82,17.6,795.0,8.69,0.438
1,-5.7,-14.6,8.8,0.78,375.8,367.9,3.8,47.0,0.3936,0.1549,-13.6,1774.6,0.6569,826.0,0.5992,0.5,715.37,0.1039,4.76,13.8,4.0,17.88274928643741,8.19,12.74,17.0,795.0,7.67,0.491
3,3.2,-5.4,8.6,0.49,501.7,486.3,1.1,39.0,0.3213,0.1032,6.3,1934.3,0.7616,909.0,0.4696,0.5,315.09,0.3772,3.81,14.0,2.0,15.216109712970269,6.56,12.02,19.5,795.0,8.27,0.47
11,12.3,-1.5,13.7,0.56,338.4,333.3,2.3,64.0,0.7746,0.6,39.2,2166.8,0.7871,930.0,0.7169,0.5,76.41,0.2932,4.8,10.0,2.0,11.393733042198914,8.26,9.18,20.9,1911.4,10.34,0.416
2,-6.9,-16.9,10.0,1.17,208.5,209.4,2.5,54.0,0.4487,0.2013,-18.5,1122.5,0.5666,753.0,0.4205,0.5,777.62,0.0049,5.13,8.5,1.0,14.453818691581596,8.83,11.89,14.5,795.0,8.8,0.414
4,13.5,2.0,11.5,0.3,416.3,409.7,0.2,30.0,0.4264,0.1818,20.3,1246.9,0.5229,718.0,0.4868,0.5,55.63,0.64,6.2,16.0,2.0,11.629583629140214,10.67,9.14,21.0,795.0,8.48,0.387
11,7.5,-0.6,8.0,1.33,239.7,229.8,0.3,51.0,0.4253,0.1808,19.0,1223.0,0.7222,878.0,0.4989,0.5,183.27,0.0511,5.55,8.0,4.0,12.857598309400682,9.55,9.02,13.0,795.0,6.62,0.423
2,0.9,-10.1,11.0,0.96,408.3,404.7,0.1,42.0,0.3476,0.1208,1.9,1703.1,0.8729,998.0,0.4201,0.5,404.01,0.0188,4.81,10.0,2.0,13.02586297585307,8.28,10.47,18.8,795.0,7.48,0.389
1,-1.6,-14.2,12.6,1.12,292.0,291.0,3.9,59.0,0.4951,0.2451,-4.7,1734.9,0.7805,924.0,0.5584,0.5,509.97,0.0005,4.5,13.5,1.0,14.61783412358094,7.74,12.19,17.9,795.0,11.57,0.495
11,3.7,-6.0,9.7,1.3,295.9,273.5,3.4,17.0,0.1389,0.0193,3.0,493.3,0.5025,702.0,0.3195,0.5,300.97,0.0382,4.81,11.0,3.0,16.808569537242697,8.28,12.41,15.2,795.0,7.42,0.344
2,-1.3,-13.0,11.7,1.13,415.2,396.7,3.1,59.0,0.4957,0.2457,-3.9,2469.9,0.5284,723.0,0.484,0.5,497.26,0.0006,5.0,8.3,3.0,12.935877764439487,8.6,9.52,19.1,795.0,9.64,0.451
2,0.4,-12.0,12.5,1.14,398.9,398.4,1.9,51.0,0.4271,0.1824,1.1,2044.3,0.6396,812.0,0.6458,0.5,423.27,0.0013,4.48,11.0,2.0,11.216953018325594,7.71,8.92,19.4,795.0,8.33,0.507
4,7.6,-4.1,11.7,1.06,510.0,506.7,3.0,61.0,0.5044,0.2544,22.9,3087.2,0.7233,879.0,0.418,0.5,180.11,0.0019,4.2,11.0,2.0,9.163428789133867,7.23,7.45,20.7,795.0,8.01,0.376
12,1.7,-10.2,11.8,1.49,229.6,238.6,2.4,30.0,0.2522,0.0636,2.5,694.9,0.4469,658.0,0.3929,0.5,373.09,0.1517,5.21,14.0,2.0,11.95986457145846,8.96,9.33,15.5,795.0,7.49,0.44
4,11.1,2.7,8.5,0.55,586.1,572.2,2.8,19.0,0.1972,0.0389,10.7,1128.9,0.6783,843.0,0.423,0.5,97.17,0.299,5.14,11.0,2.0,10.439296856452934,8.84,8.37,20.5,795.0,6.79,0.333
2,1.0,-12.2,13.3,1.31,270.1,267.6,3.7,25.0,0.2055,0.0422,1.2,666.1,0.7802,924.0,0.4135,0.5,399.68,0.0433,6.54,11.5,2.0,18.513530909569035,11.25,14.51,17.7,795.0,7.97,0.353
12,5.0,-7.3,12.2,0.83,245.7,240.6,0.9,24.0,0.2032,0.0413,6.1,599.1,0.6474,818.0,0.3909,0.5,256.66,0.0706,6.5,10.5,3.0,19.54824547718897,11.18,14.58,17.7,795.0,6.49,0.358
3,5.2,-8.0,13.2,1.3,438.6,448.6,3.8,26.0,0.2193,0.0481,6.8,1154.3,0.8313,965.0,0.2051,0.5,250.63,0.0394,5.62,13.0,2.0,12.873874358531388,9.67,10.32,20.2,795.0,7.76,0.417
4,16.7,3.8,12.9,0.5,529.7,530.4,0.7,63.0,1.0,1.0,52.3,3316.4,0.5607,749.0,0.6421,0.5,18.56,0.3543,5.4,9.7,4.0,17.116437350427816,9.29,12.09,23.3,3357.0,10.64,0.444
11,3.0,-5.1,8.0,1.57,345.6,339.2,3.7,60.0,0.4986,0.2486,8.9,2068.1,0.8044,944.0,0.4632,0.5,324.84,0.2244,3.9,13.9,1.0,25.0,6.71,19.99,14.0,795.0,8.54,0.487
1,-5.6,-15.9,10.3,1.84,279.1,273.3,0.9,56.0,0.4676,0.2186,-15.7,1565.7,0.5681,754.0,0.5083,0.5,708.08,0.5447,3.9,7.5,2.0,14.422007638876309,6.71,11.27,14.1,795.0,8.01,0.366
1,0.8,-11.8,12.5,0.62,246.9,241.9,3.6,21.0,0.1789,0.032,0.8,530.2,0.6041,783.0,0.2647,0.5,409.94,0.2325,4.29,12.0,1.0,9.348400116487149,7.38,8.09,18.5,795.0,7.91,0.367
1,-2.1,-15.3,13.1,0.59,293.1,295.6,3.9,64.0,0.5325,0.2835,-6.8,1872.8,0.7727,918.0,0.6145,0.5,534.58,0.2643,4.73,10.5,2.0,15.603348125916739,8.14,12.32,19.7,795.0,10.32,0.45
11,9.9,0.2,9.7,1.01,292.7,294.0,2.2,61.0,0.5064,0.2564,30.0,1778.3,0.929,1043.0,0.4738,0.5,123.84,0.0089,3.5,12.0,2.0,15.538747791796485,6.02,12.4,15.9,795.0,9.21,0.489
1,-2.1,-14.4,12.2,1.25,286.5,299.8,3.6,36.0,0.2967,0.088,-3.8,1019.8,0.5221,718.0,0.3142,0.5,535.16,0.0239,5.5,9.0,4.0,17.280068319160026,9.46,12.18,17.2,795.0,8.91,0.373
12,-0.6,-11.5,10.9,1.47,294.8,285.6,1.4,39.0,0.3222,0.1038,-1.2,1139.7,0.5728,758.0,0.4746,0.5,466.85,0.1393,5.8,13.7,4.0,15.089612045279273,9.98,10.58,15.7,795.0,7.28,0.418
3,9.0,-1.4,10.4,1.07,527.3,534.6,0.5,60.0,0.496,0.246,26.8,3138.3,0.3937,615.0,0.4924,0.5,143.88,0.0007,5.3,12.0,3.0,7.890556223659133,9.12,5.63,19.8,795.0,8.01,0.454
12,3.6,-8.9,12.5,1.35,327.9,332.3,2.9,12.0,0.1008,0.0102,2.2,396.5,0.8372,970.0,0.2626,0.5,302.91,0.0631,4.0,6.0,3.0,19.16319973033471,6.88,14.44,17.8,795.0,6.83,0.471
3,6.8,-6.3,13.2,1.48,390.7,408.5,1.5,25.0,0.2081,0.0433,8.5,975.6,0.6399,812.0,0.3154,0.5,200.51,0.1436,4.3,12.3,1.0,11.0008059721822,7.4,9.36,19.0,795.0,6.4,0.382
3,3.9,-6.4,10.4,1.38,536.1,518.8,2.5,48.0,0.4015,0.1612,9.5,2583.0,0.9771,1082.0,0.5007,0.5,291.28,0.0794,4.2,14.0,2.0,12.019890032005115,7.23,9.8,19.2,795.0,7.5,0.43
2,-0.5,-12.7,12.2,0.49,429.0,431.8,1.5,15.0,0.1272,0.0162,-0.4,654.7,0.5732,759.0,0.3281,0.5,462.4,0.3714,4.9,12.0,1.0,13.066842192404938,8.43,10.86,21.3,795.0,5.74,0.317
2,1.6,-12.1,13.7,1.64,279.9,283.1,2.3,58.0,0.4807,0.2311,4.6,1614.3,0.7575,906.0,0.4734,0.5,376.51,0.294,5.46,13.0,2.0,10.015690991220964,9.39,8.12,17.3,795.0,10.26,0.546
11,6.0,-3.2,9.3,0.96,176.4,173.9,1.6,43.0,0.3611,0.1304,13.1,764.3,0.5267,721.0,0.4449,0.5,223.79,0.0208,6.7,8.6,3.0,12.92532056814143,11.53,9.52,14.0,795.0,7.67,0.317
2,2.1,-11.1,13.2,1.57,404.3,407.8,1.6,38.0,0.3162,0.1,4.0,1534.4,0.4971,698.0,0.3899,0.5,356.09,0.22,4.0,9.0,1.0,15.391288168909417,6.88,12.54,19.0,795.0,7.04,0.327
12,4.3,-7.7,12.0,0.54,361.8,355.5,1.9,20.0,0.1652,0.0273,4.3,717.4,0.5773,762.0,0.3411,0.5,278.88,0.3187,5.3,11.0,2.0,16.40363968567037,9.12,12.76,20.0,795.0,6.93,0.393
12,1.0,-10.1,11.2,1.42,251.2,264.1,3.4,56.0,0.4629,0.2143,2.9,1395.5,0.576,761.0,0.4897,0.5,398.64,0.1028,5.1,13.6,4.0,20.492117119978616,8.78,14.63,15.5,795.0,10.05,0.391
3,5.5,-5.8,11.3,0.89,430.7,426.2,0.9,61.0,0.5057,0.2557,16.8,2613.4,0.5752,760.0,0.4639,0.5,239.54,0.0455,3.1,13.9,3.0,11.6271521551932,5.33,8.58,19.6,795.0,8.07,0.508
12,5.8,-3.5,9.3,0.57,203.9,220.0,2.0,44.0,0.3678,0.1353,12.8,899.8,0.5685,755.0,0.3758,0.5,230.5,0.286,4.76,13.0,1.0,14.350855747147673,8.19,11.82,15.4,795.0,7.93,0.449
2,1.1,-7.5,8.6,1.24,412.4,401.6,0.0,44.0,0.3686,0.1359,2.4,1824.1,0.9412,1053.0,0.3669,0.5,396.01,0.0194,6.2,9.5,1.0,12.92262459810211,10.67,11.04,16.3,795.0,7.46,0.448
12,0.8,-8.6,9.4,0.69,282.5,285.5,2.9,19.0,0.157,0.0247,0.7,532.4,0.5659,753.0,0.3757,0.5,408.82,0.1714,3.97,10.0,1.0,11.117679966775937,6.83,9.39,16.3,795.0,8.17,0.352
11,8.5,-0.1,8.6,1.47,219.6,210.9,0.4,42.0,0.3513,0.1234,17.9,925.7,0.8804,1004.0,0.411,0.5,156.36,0.1379,4.34,17.9,4.0,15.812294567120228,7.47,11.36,12.8,795.0,8.48,0.392
4,11.8,1.0,10.8,0.58,483.4,488.2,0.4,34.0,0.3855,0.1486,20.0,1635.6,0.9633,1071.0,0.4784,0.5,83.98,0.2729,5.2,9.6,1.0,16.405771347831006,8.95,13.67,20.8,1368.9,7.07,0.353
3,4.5,-7.0,11.5,1.56,393.4,396.0,4.0,31.0,0.2575,0.0663,7.0,1215.4,0.5779,762.0,0.3659,0.5,272.2,0.2071,3.2,14.1,4.0,16.632354332281814,5.51,11.74,17.6,795.0,8.07,0.425
12,2.4,-6.6,9.0,1.02,330.0,334.7,0.9,34.0,0.2845,0.0809,4.1,1126.7,0.6906,852.0,0.2133,0.5,345.59,0.0071,5.07,11.4,2.0,14.386387253292128,8.72,11.34,15.9,795.0,7.87,0.416
11,9.5,0.9,8.6,1.81,293.4,299.4,1.7,59.0,0.4882,0.2383,27.8,1718.5,0.5589,747.0,0.4386,0.5,132.17,0.5043,4.6,10.5,2.0,17.103910815595555,7.91,13.28,13.1,795.0,9.67,0.313
12,-3.0,-11.4,8.4,1.4,178.1,176.5,3.5,19.0,0.1622,0.0263,-2.9,346.7,0.3624,590.0,0.2521,0.5,574.66,0.0908,2.5,9.6,2.0,18.902283657870548,4.3,14.47,12.2,795.0,8.46,0.468
12,0.4,-12.9,13.3,1.04,217.4,224.2,1.4,53.0,0.4384,0.1922,0.9,1143.7,0.8634,991.0,0.4521,0.5,426.1,0.003,4.13,8.4,2.0,8.02192528311707,7.11,6.71,17.6,795.0,9.08,0.408
4,11.9,-0.3,12.2,1.37,538.9,543.3,0.1,19.0,0.2133,0.0455,11.0,1002.1,0.6267,801.0,0.3325,0.5,83.12,0.0737,3.9,10.5,2.0,8.599385100264696,6.71,6.95,20.7,795.0,6.93,0.332
11,10.5,-1.1,11.6,0.94,359.2,346.9,0.2,50.0,0.46,0.2116,26.3,1803.0,0.5385,731.0,0.4913,0.5,110.29,0.0257,5.6,12.0,1.0,14.338520134864634,9.64,11.78,18.6,795.0,8.16,0.338
3,3.9,-8.6,12.5,1.41,406.2,402.7,0.6,18.0,0.154,0.0237,3.6,750.6,0.5984,779.0,0.2798,0.5,292.23,0.0969,4.69,15.6,2.0,10.109124027487178,8.07,8.06,18.9,795.0,5.57,0.265
12,1.2,-8.8,9.9,1.05,293.1,291.9,0.3,54.0,0.4471,0.1999,3.1,1572.6,0.5017,701.0,0.5405,0.5,393.41,0.0029,5.4,10.5,4.0,16.040430346726165,9.29,11.23,16.0,795.0,8.48,0.425
3,10.7,0.8,9.9,0.34,455.6,457.5,2.6,20.0,0.1865,0.0348,10.5,890.9,0.6675,834.0,0.3261,0.5,105.64,0.5767,4.24,9.0,1.0,15.758704785183742,7.3,12.95,20.2,795.0,8.83,0.511
11,9.8,-1.3,11.1,1.64,404.3,395.0,1.6,32.0,0.2652,0.0704,15.6,1286.8,0.4754,680.0,0.2319,0.5,124.84,0.29,3.9,11.9,2.0,12.682959158054237,6.71,9.89,17.2,795.0,7.09,0.485
1,-0.7,-9.5,8.8,1.14,257.6,259.6,2.5,61.0,0.5045,0.2545,-2.1,1559.2,0.6689,835.0,0.4716,0.5,471.21,0.0016,4.1,16.0,1.0,16.442753558568484,7.05,13.47,14.4,795.0,9.29,0.456
11,8.4,-0.8,9.1,1.27,356.0,356.5,1.6,34.0,0.2854,0.0814,14.3,1218.9,0.8749,1000.0,0.3505,0.5,159.67,0.0278,4.07,13.0,4.0,8.6752858564972,7.0,6.01,15.8,795.0,7.54,0.396
11,10.0,0.8,9.2,1.01,361.6,374.0,3.9,56.0,0.4632,0.2145,27.7,2009.7,0.7978,938.0,0.652,0.5,121.6,0.0073,3.9,15.0,1.0,16.76737929042177,6.71,13.81,16.5,795.0,10.09,0.425
11,8.0,-1.1,9.2,1.52,316.2,305.8,3.8,41.0,0.3382,0.1144,16.3,1283.2,0.6297,804.0,0.6509,0.5,167.83,0.176,5.4,13.0,3.0,11.954441989252393,9.29,8.87,14.6,795.0,9.63,0.456
12,2.0,-6.8,8.8,1.6,298.2,304.2,1.7,21.0,0.171,0.0292,2.1,612.0,0.6387,811.0,0.4617,0.5,361.03,0.2501,4.6,12.3,3.0,11.448841725144629,7.91,8.5,13.8,795.0,7.24,0.412
4,12.4,2.8,9.6,1.42,574.3,551.6,0.8,16.0,0.1921,0.0369,9.6,891.1,0.5529,742.0,0.3175,0.5,73.5,0.1012,5.0,14.3,3.0,15.522634611492506,8.6,11.48,19.1,795.0,7.06,0.314
11,6.1,-7.9,14.0,0.94,265.7,261.4,0.3,41.0,0.3444,0.1186,12.5,1098.2,0.567,754.0,0.4716,0.5,222.86,0.0264,4.24,10.0,2.0,13.746829456024265,7.3,10.76,19.1,795.0,9.19,0.352
3,9.1,0.5,8.6,1.03,494.0,510.6,1.7,33.0,0.2724,0.0742,14.9,1615.1,0.6605,828.0,0.3637,0.5,141.39,0.0054,4.61,15.7,3.0,14.546728338791358,7.93,10.84,18.0,795.0,7.24,0.531
2,2.8,-7.3,10.1,0.61,255.0,242.3,0.0,33.0,0.279,0.0778,4.6,853.6,0.9953,1096.0,0.4456,0.5,332.33,0.2391,3.1,13.0,2.0,13.091656478289094,5.33,10.61,16.7,795.0,6.98,0.389
1,-1.9,-14.9,13.0,1.04,297.4,285.0,3.1,14.0,0.1173,0.0138,-1.3,418.7,0.7042,863.0,0.2097,0.5,522.89,0.0038,3.7,11.1,2.0,5.771144531411112,6.37,4.89,18.6,795.0,5.5,0.365
1,-4.7,-12.8,8.2,1.28,208.6,193.0,2.1,45.0,0.3778,0.1427,-10.5,945.9,0.6014,781.0,0.4624,0.5,657.95,0.0336,4.3,16.0,2.0,10.537186666102906,7.4,8.38,12.8,795.0,8.16,0.48
12,1.9,-10.5,12.4,0.84,325.3,321.8,3.6,30.0,0.2531,0.0641,2.8,988.1,0.6398,812.0,0.3308,0.5,366.48,0.0654,3.3,11.0,2.0,17.544557270391504,5.68,13.67,19.0,795.0,8.2,0.412
2,4.8,-6.0,10.8,1.45,301.2,305.0,0.9,58.0,0.4874,0.2376,14.2,1761.9,0.7774,922.0,0.5048,0.5,261.09,0.1196,6.1,13.8,1.0,9.494304080081035,10.5,8.34,15.9,795.0,8.79,0.566
3,5.8,-6.2,12.0,1.15,387.1,391.1,0.2,36.0,0.3012,0.0907,10.4,1398.9,0.4552,664.0,0.3664,0.5,231.98,0.0022,4.6,11.0,3.0,14.646286229320124,7.91,10.75,18.8,795.0,6.96,0.433
12,3.0,-8.6,11.6,2.18,273.4,259.6,1.1,55.0,0.4555,0.2074,8.2,1494.3,0.6583,827.0,0.3845,0.5,324.61,1.1732,4.8,12.9,1.0,8.618520231626093,8.26,7.59,14.2,795.0,6.83,0.431
4,17.1,6.4,10.7,1.01,523.8,523.0,2.8,33.0,0.6674,0.4455,28.3,1734.6,0.6497,820.0,0.6668,0.5,15.26,0.0081,5.2,9.0,1.0,11.350681529935764,8.95,9.63,20.2,2766.2,10.43,0.415
11,6.8,-6.9,13.7,1.3,288.5,282.0,3.3,42.0,0.3528,0.1245,14.4,1221.2,0.4209,637.0,0.4584,0.5,201.63,0.0407,4.61,13.0,2.0,8.64457224696867,7.93,6.82,18.3,795.0,9.03,0.519
3,11.8,1.5,10.3,1.27,349.1,342.6,1.2,43.0,0.4848,0.235,25.3,1498.4,0.8139,951.0,0.5548,0.5,85.08,0.0296,5.5,12.3,3.0,18.932215846984022,9.46,14.25,16.6,795.0,9.78,0.49
11,12.3,-1.3,13.6,0.68,349.3,358.3,0.6,59.0,0.7208,0.5196,36.4,2069.7,0.7494,900.0,0.7637,0.5,75.7,0.1744,5.72,15.0,3.0,9.359967541204789,9.84,7.02,20.7,2117.9,9.75,0.58
12,2.0,-9.9,11.9,1.25,349.8,362.9,3.8,37.0,0.3103,0.0963,3.6,1302.6,0.636,809.0,0.4569,0.5,362.62,0.022,5.83,10.0,2.0,20.15863118066668,10.03,15.63,17.9,795.0,7.78,0.479
1,-0.9,-12.6,11.7,1.81,319.5,319.2,0.9,22.0,0.1841,0.0339,-1.0,705.6,0.6753,840.0,0.3356,0.5,480.52,0.5017,3.85,12.8,1.0,12.455161938633987,6.62,10.48,15.9,795.0,6.78,0.415
11,8.3,-5.1,13.4,1.91,422.3,415.0,3.0,19.0,0.1582,0.025,7.9,801.7,0.5665,753.0,0.398,0.5,160.56,0.6566,4.8,7.9,4.0,19.87026641117877,8.26,14.16,18.6,795.0,7.49,0.325
3,8.1,-3.3,11.4,1.09,387.3,363.3,2.0,59.0,0.4934,0.2435,24.0,2293.0,0.6259,801.0,0.5083,0.5,166.04,0.0001,3.28,12.0,2.0,15.182082733798822,5.64,11.89,18.5,795.0,9.53,0.398
11,4.6,-9.1,13.8,1.59,246.9,239.6,0.9,20.0,0.1649,0.0272,4.6,488.4,0.479,683.0,0.3952,0.5,267.36,0.2429,2.0,6.0,2.0,11.9992950886699,3.44,9.38,17.0,795.0,6.94,0.461
1,2.8,-5.5,8.3,1.38,261.8,243.5,3.4,57.0,0.4722,0.223,7.9,1483.6,0.5707,757.0,0.5167,0.5,332.31,0.0778,8.0,15.5,1.0,12.681541854830694,13.77,10.57,13.4,795.0,7.91,0.386
1,-2.4,-16.1,13.7,0.76,280.2,256.9,0.3,59.0,0.4926,0.2427,-7.1,1656.6,0.5353,728.0,0.4648,0.5,548.18,0.1174,5.5,13.5,3.0,17.069706192976657,9.46,12.63,19.5,795.0,6.79,0.437
2,-1.0,-12.5,11.5,1.12,340.8,320.4,1.5,20.0,0.1652,0.0273,-1.0,675.6,1.0,1111.0,0.4146,0.5,485.26,0.0005,4.4,12.0,4.0,14.523939358890546,7.57,10.49,17.8,795.0,6.88,0.412
4,11.7,-0.4,12.1,1.71,560.6,546.3,3.7,64.0,0.7076,0.5007,37.1,3568.8,0.5532,743.0,0.6452,0.5,87.07,0.3767,5.42,11.0,2.0,13.60621097556556,9.33,10.65,20.1,867.8,9.95,0.452
1,-0.3,-8.8,8.5,0.88,318.0,335.2,0.5,37.0,0.3102,0.0963,-0.6,1184.0,0.8535,983.0,0.3855,0.5,454.22,0.0501,5.15,12.0,1.0,10.305566035864732,8.86,9.01,15.7,795.0,6.79,0.358
1,-3.3,-15.7,12.4,0.91,178.4,168.7,2.8,20.0,0.1653,0.0273,-3.3,354.0,0.5921,774.0,0.3175,0.5,590.01,0.0357,4.17,14.0,1.0,18.080062947079675,7.18,14.63,16.6,795.0,6.88,0.451
12,2.0,-11.7,13.7,0.7,95.2,101.6,1.7,49.0,0.4045,0.1637,4.9,462.0,0.5837,767.0,0.4844,0.5,359.7,0.1587,5.6,10.0,2.0,14.96139170853599,9.64,11.69,17.0,795.0,9.24,0.433
1,-2.3,-10.6,8.3,0.59,224.5,240.9,2.3,58.0,0.4793,0.2298,-6.7,1291.3,0.616,793.0,0.508,0.5,543.72,0.2645,4.6,9.1,3.0,19.958934244985187,7.91,14.86,14.8,795.0,8.4,0.492
4,19.0,10.4,8.7,1.48,498.6,506.2,3.7,30.0,0.6927,0.4799,28.2,1478.1,0.7648,912.0,0.5144,0.5,3.91,0.1471,5.57,10.0,1.0,11.875862131314873,9.58,10.12,17.0,2637.6,11.14,0.464
11,10.1,-1.1,11.3,1.15,254.6,242.6,1.3,58.0,0.501,0.251,29.6,1488.1,0.537,730.0,0.5492,0.5,117.9,0.0026,3.7,9.0,4.0,18.54945529739844,6.37,13.14,16.3,795.0,9.19,0.494
12,4.8,-9.0,13.8,1.22,227.5,246.5,0.4,35.0,0.2936,0.0862,8.4,801.2,0.7158,873.0,0.4741,0.5,263.02,0.0147,4.8,12.5,2.0,11.940145618851002,8.26,9.53,17.7,795.0,8.98,0.412
11,6.1,-4.5,10.5,1.16,396.3,373.7,2.8,56.0,0.4628,0.2142,16.8,2201.1,0.3679,594.0,0.5235,0.5,223.3,0.0034,5.82,11.0,1.0,12.797160514745949,10.01,10.49,17.8,795.0,8.99,0.339
1,1.0,-10.3,11.3,1.58,365.4,370.6,2.2,64.0,0.5308,0.2817,3.2,2327.2,0.7179,874.0,0.554,0.5,399.69,0.2329,3.7,13.5,4.0,13.136863103254377,6.37,9.23,16.9,795.0,9.97,0.534
3,10.6,1.1,9.5,1.03,427.6,419.0,1.1,18.0,0.1652,0.0273,9.4,754.6,0.7308,885.0,0.4259,0.5,107.83,0.0051,5.7,14.9,2.0,10.723201835136024,9.81,8.63,17.7,795.0,4.85,0.299
2,2.4,-6.7,9.0,1.94,257.5,267.5,1.6,14.0,0.1146,0.0131,1.6,354.0,0.6695,836.0,0.1903,0.5,347.56,0.7092,4.3,10.0,3.0,8.666423785092782,7.4,6.44,12.5,795.0,6.75,0.386
2,3.8,-8.8,12.6,1.81,293.1,296.4,1.4,37.0,0.3102,0.0962,7.1,1090.9,0.8221,958.0,0.5352,0.5,295.15,0.5088,5.37,13.5,2.0,13.893020125575658,9.24,11.08,16.3,795.0,6.53,0.439
1,-1.3,-12.4,11.0,1.26,311.0,319.8,0.0,18.0,0.146,0.0213,-1.2,545.0,0.7592,907.0,0.2926,0.5,498.26,0.0252,5.66,13.5,3.0,11.761545857744569,9.74,8.83,16.7,795.0,7.13,0.392
11,6.7,-4.5,11.2,0.72,367.3,372.5,1.0,51.0,0.4291,0.1841,17.2,1891.6,0.5351,728.0,0.4856,0.5,205.59,0.1465,4.26,10.0,1.0,17.81421898608523,7.33,14.39,18.9,795.0,7.95,0.347
1,-0.7,-12.2,11.5,0.82,213.6,228.2,1.5,34.0,0.2805,0.0787,-1.1,719.0,0.5699,756.0,0.2956,0.5,469.41,0.081,6.0,10.0,3.0,13.800199467445552,10.32,10.21,16.7,795.0,9.13,0.583
1,-0.7,-13.4,12.6,1.16,325.3,318.8,1.5,32.0,0.2659,0.0707,-1.2,1037.7,0.5303,724.0,0.4057,0.5,472.4,0.0033,3.6,13.0,2.0,14.655682762868516,6.19,11.42,18.4,795.0,7.85,0.453
3,10.1,-3.5,13.6,1.21,422.6,432.9,2.0,22.0,0.1882,0.0354,11.2,933.3,0.6565,825.0,0.5616,0.5,118.52,0.0124,4.0,11.8,1.0,15.236702000219514,6.88,12.55,20.5,795.0,6.23,0.451
2,3.3,-9.9,13.2,0.67,323.3,329.8,3.1,27.0,0.2239,0.0501,4.4,868.8,0.5973,778.0,0.2695,0.5,314.58,0.1824,4.98,13.0,1.0,10.15693860129712,8.57,8.7,20.0,795.0,8.38,0.375
1,-2.6,-10.7,8.1,0.3,159.7,160.4,0.2,64.0,0.5317,0.2827,-8.3,1018.8,0.8465,977.0,0.4685,0.5,557.73,0.64,4.4,8.4,2.0,16.14526237388846,7.57,12.79,14.4,795.0,9.4,0.397
12,2.2,-7.4,9.6,1.25,217.1,213.4,0.1,60.0,0.5021,0.2521,6.7,1308.2,0.9893,1091.0,0.5756,0.5,353.03,0.0236,5.9,12.1,1.0,16.73557030511504,10.15,13.94,14.1,795.0,8.02,0.489
1,-2.2,-14.3,12.0,1.08,252.1,254.7,2.8,41.0,0.3418,0.1168,-4.6,1034.1,0.5642,751.0,0.5343,0.5,539.56,0.0003,4.83,13.3,2.0,14.754912306406258,8.31,11.52,17.0,795.0,8.89,0.39
4,11.6,0.1,11.5,1.22,511.1,517.7,0.1,28.0,0.3114,0.097,16.4,1436.7,0.7064,865.0,0.3934,0.5,87.46,0.0138,3.9,13.5,3.0,13.14048396968899,6.71,9.82,20.2,795.0,7.06,0.441
4,15.0,4.8,10.2,1.26,432.2,445.1,0.6,33.0,0.5547,0.3077,24.9,1435.6,0.7708,917.0,0.5603,0.5,35.76,0.0244,4.8,8.0,4.0,16.084723962451047,8.26,11.48,17.8,1775.4,8.27,0.377
1,0.8,-11.1,11.9,0.81,211.1,201.3,1.4,21.0,0.1744,0.0304,0.8,441.9,0.592,774.0,0.3977,0.5,407.96,0.085,6.1,12.5,3.0,9.439859423250073,10.5,6.95,17.0,795.0,6.08,0.454
2,3.2,-10.0,13.2,1.11,459.7,470.8,2.7,42.0,0.3526,0.1244,6.7,1945.2,0.6323,806.0,0.3824,0.5,318.54,0.0002,4.2,13.0,3.0,14.344948096310073,7.23,10.66,21.0,795.0,7.92,0.423
1,2.0,-8.0,10.0,0.65,201.9,217.6,3.6,35.0,0.2885,0.0832,3.5,698.8,0.4812,685.0,0.3164,0.5,360.85,0.2031,3.9,11.0,3.0,17.039771166065957,6.71,12.56,15.7,795.0,8.22,0.357
1,-6.1,-18.0,11.9,2.21,280.4,281.0,2.7,47.0,0.3938,0.155,-14.4,1325.0,0.9443,1055.0,0.5227,0.5,734.03,1.2423,3.7,12.6,3.0,12.926933453062558,6.37,9.85,14.5,795.0,9.28,0.458
3,5.5,-2.9,8.4,1.43,341.2,336.1,2.9,49.0,0.4081,0.1665,13.6,1671.0,0.7467,897.0,0.5195,0.5,239.11,0.1072,4.18,9.1,3.0,9.693454532125731,7.19,7.27,14.6,795.0,9.58,0.452
3,6.6,-1.9,8.5,1.13,341.4,341.2,0.5,26.0,0.2133,0.0455,8.4,873.7,0.6734,839.0,0.4262,0.5,208.04,0.001,3.9,8.5,1.0,11.16775930085755,6.71,9.51,15.4,795.0,6.95,0.434
2,2.1,-10.7,12.8,0.95,365.7,377.1,1.0,60.0,0.4966,0.2466,6.4,2179.4,0.6684,835.0,0.5691,0.5,355.69,0.0233,4.2,12.8,4.0,20.768579100358586,7.23,14.91,19.7,795.0,8.38,0.446
11,8.7,-3.8,12.4,1.2,256.2,245.2,1.7,25.0,0.2098,0.044,10.9,645.2,0.6863,849.0,0.4064,0.5,152.51,0.011,5.7,13.2,3.0,13.199121454033936,9.81,9.85,17.1,795.0,9.1,0.328
12,-2.2,-12.0,9.8,1.27,254.2,246.8,3.3,17.0,0.1427,0.0204,-1.9,435.2,0.5325,726.0,0.3708,0.5,539.38,0.0286,4.11,9.0,2.0,14.058918623887118,7.07,10.97,14.8,795.0,6.67,0.358
4,19.6,7.0,12.6,1.27,488.4,505.9,3.0,14.0,0.3376,0.1139,13.6,677.0,0.6714,837.0,0.3517,0.5,1.93,0.0283,4.5,11.6,2.0,13.221136034646472,7.74,10.45,20.5,2768.3,8.92,0.426
12,2.3,-11.1,13.4,2.16,270.1,282.3,3.2,14.0,0.1157,0.0134,1.6,374.9,0.7499,900.0,0.2513,0.5,349.26,1.1222,3.41,11.5,2.0,15.29832994305416,5.87,12.07,15.7,795.0,8.49,0.37
4,15.0,3.6,11.3,0.97,482.9,473.6,1.9,17.0,0.2778,0.0771,12.5,807.4,0.6443,815.0,0.4112,0.5,36.39,0.0169,5.32,11.0,4.0,14.468958901710812,9.15,10.17,20.2,1532.6,8.04,0.38
3,8.6,-1.9,10.4,0.79,422.7,440.2,3.1,55.0,0.4542,0.2063,23.3,2303.8,0.8018,941.0,0.4484,0.5,154.84,0.0979,3.75,13.5,2.0,14.016847951527089,6.45,11.15,19.0,795.0,8.44,0.492
12,3.9,-9.6,13.5,1.13,222.0,213.6,2.8,32.0,0.2662,0.0708,6.2,709.0,0.685,848.0,0.4433,0.5,292.28,0.0012,5.4,12.0,2.0,14.145762680403154,9.29,11.16,17.6,795.0,9.31,0.377
4,18.6,7.4,11.2,1.56,484.1,493.2,0.6,45.0,1.0,1.0,42.2,2197.8,0.6355,808.0,0.7923,0.5,5.81,0.2121,5.3,14.2,3.0,11.854125430474827,9.12,8.8,18.6,3363.3,9.76,0.591
2,3.5,-8.1,11.6,1.26,339.0,332.0,4.0,29.0,0.2431,0.0591,5.2,989.2,0.7456,897.0,0.4255,0.5,304.8,0.0265,3.9,10.0,1.0,10.29479032524575,6.71,8.92,17.5,795.0,9.22,0.48
4,13.0,2.0,11.1,0.54,442.7,445.1,2.6,60.0,0.7989,0.6383,38.9,2645.9,0.6447,816.0,0.7731,0.5,63.68,0.3164,2.7,10.0,1.0,12.92926815386793,4.65,10.81,20.4,1319.8,9.76,0.569
12,-0.7,-9.7,8.9,0.98,320.4,311.0,0.2,14.0,0.1175,0.0138,-0.5,451.9,0.7645,912.0,0.3105,0.5,472.46,0.0146,5.2,10.0,1.0,11.38366436506094,8.95,9.75,15.8,795.0,5.25,0.4
12,-0.6,-9.1,8.5,1.08,299.3,306.8,0.9,26.0,0.2166,0.0469,-0.8,778.0,0.702,862.0,0.3764,0.5,468.37,0.0004,5.4,8.5,3.0,14.801738107207006,9.29,11.06,14.9,795.0,7.7,0.388
12,1.9,-7.4,9.3,0.91,243.2,231.6,4.0,55.0,0.4596,0.2112,5.4,1341.3,0.7992,939.0,0.5156,0.5,363.05,0.036,5.3,11.0,1.0,14.23866132059142,9.12,11.92,15.1,795.0,8.26,0.419
3,6.8,-7.0,13.8,1.38,519.2,499.6,3.4,20.0,0.1699,0.0289,6.9,1058.2,0.507,706.0,0.3076,0.5,202.0,0.0785,4.1,14.9,1.0,15.256995157934039,7.05,12.45,21.7,795.0,7.11,0.461
11,6.2,-5.0,11.2,1.15,227.2,229.7,1.9,14.0,0.1174,0.0138,4.4,320.2,0.6533,823.0,0.2493,0.5,219.06,0.0022,5.0,15.1,1.0,11.04126088834023,8.6,9.4,15.8,795.0,8.16,0.377
2,6.2,-4.7,10.9,0.82,435.3,440.9,0.4,34.0,0.2865,0.0821,10.7,1496.3,0.5388,731.0,0.4519,0.5,218.99,0.0796,4.8,14.1,2.0,9.519258716512415,8.26,7.57,19.5,795.0,6.47,0.357
12,0.6,-9.1,9.7,1.17,276.1,273.7,1.4,59.0,0.4916,0.2417,1.9,1629.1,0.782,926.0,0.4333,0.5,414.79,0.0051,5.3,12.0,2.0,12.035857474931767,9.12,9.65,15.3,795.0,8.3,0.474
1,2.4,-8.5,10.9,1.39,283.3,289.5,2.5,40.0,0.3332,0.111,4.9,1133.0,0.4981,698.0,0.3971,0.5,344.72,0.0828,4.12,13.0,3.0,12.16735267365586,7.09,8.92,15.8,795.0,9.29,0.403
3,6.0,-3.7,9.6,1.47,356.5,353.4,3.0,30.0,0.2476,0.0613,8.9,1059.3,0.7376,890.0,0.3753,0.5,225.91,0.1374,5.76,13.0,1.0,12.396198752757709,9.91,10.49,15.7,795.0,8.09,0.421
4,13.2,2.9,10.4,1.4,454.2,454.7,3.0,17.0,0.232,0.0538,11.2,769.1,0.8309,965.0,0.4543,0.5,60.53,0.0908,6.5,8.5,3.0,12.931687492392829,11.18,9.76,17.9,1134.6,7.46,0.382
1,-4.6,-15.3,10.6,2.17,312.8,305.7,3.1,38.0,0.3193,0.102,-8.9,1198.6,0.5539,743.0,0.5258,0.5,656.79,1.1407,5.69,9.5,1.0,16.612618228223774,9.79,13.5,14.1,795.0,7.3,0.506
1,-3.2,-12.8,9.6,0.59,313.2,319.0,3.7,51.0,0.4291,0.1841,-8.2,1612.7,0.5754,760.0,0.404,0.5,585.49,0.263,4.2,16.0,1.0,10.97074069215839,7.23,9.29,17.2,795.0,9.36,0.396
4,14.9,3.4,11.5,1.26,508.4,501.4,3.9,57.0,0.9424,0.8881,42.6,2916.3,0.3873,610.0,0.7938,0.5,37.72,0.0263,7.1,13.0,3.0,12.001755418876257,12.22,8.71,20.0,2512.4,11.92,0.529
3,8.2,-5.3,13.5,1.5,361.5,363.3,1.3,41.0,0.3396,0.1153,16.7,1473.1,0.3953,616.0,0.4107,0.5,163.48,0.156,5.2,14.2,4.0,12.631055487090395,8.95,8.59,18.8,795.0,8.4,0.398
12,-0.8,-10.9,10.1,1.26,328.6,316.1,1.3,56.0,0.4634,0.2147,-2.2,1827.1,0.9184,1035.0,0.3522,0.5,475.38,0.0253,5.65,10.3,3.0,13.99433842718433,9.72,10.63,16.2,795.0,8.34,0.428
2,-0.8,-10.8,9.9,0.82,250.5,228.9,1.5,22.0,0.1841,0.0339,-0.9,553.3,0.5885,771.0,0.3771,0.5,477.15,0.0782,4.7,13.2,2.0,10.842748451764402,8.09,8.6,16.0,795.0,7.66,0.211
11,5.4,-3.9,9.4,1.22,293.9,282.1,3.8,26.0,0.2164,0.0468,7.0,763.3,0.6655,832.0,0.2991,0.5,242.96,0.0138,6.97,13.5,2.0,21.752074451407093,11.99,16.85,15.1,795.0,8.72,0.314
11,8.4,-3.0,11.3,1.23,289.4,306.4,2.8,28.0,0.2306,0.0532,11.6,801.1,0.5232,719.0,0.4497,0.5,159.86,0.0159,4.3,8.5,3.0,15.848781611524815,7.4,11.71,16.6,795.0,6.65,0.354
3,9.9,-1.8,11.7,0.69,518.9,517.0,2.3,17.0,0.1412,0.0199,8.4,879.4,0.7969,937.0,0.3069,0.5,123.43,0.1674,4.1,9.5,1.0,8.659296993416543,7.05,7.73,21.7,795.0,6.67,0.241
4,8.2,-4.7,13.0,0.99,571.6,576.4,3.6,12.0,0.0959,0.0092,4.7,658.0,0.4717,677.0,0.3224,0.5,162.78,0.0121,9.3,15.9,1.0,17.412634668913118,16.0,14.04,22.8,795.0,7.15,0.434
4,18.4,5.0,13.4,0.98,504.0,505.3,2.0,12.0,0.2609,0.068,10.8,589.6,0.6036,783.0,0.4731,0.5,6.88,0.0142,3.5,10.5,2.0,9.99127596471778,6.02,7.98,22.1,1378.4,8.52,0.547
1,3.8,-8.9,12.8,0.81,221.3,223.1,0.0,48.0,0.4007,0.1606,9.2,1064.3,0.939,1051.0,0.3691,0.5,294.23,0.0839,4.64,12.0,2.0,16.58350047196115,7.98,13.19,17.8,795.0,7.77,0.345
2,3.5,-9.9,13.4,0.83,311.6,335.8,3.7,51.0,0.4242,0.18,8.9,1586.1,0.2503,500.0,0.5064,0.5,306.04,0.0738,4.2,10.9,2.0,15.148672054349499,7.23,11.56,19.6,795.0,8.44,0.508
1,1.6,-11.8,13.5,0.86,265.7,267.6,3.7,32.0,0.2636,0.0695,2.6,840.7,0.8483,979.0,0.3236,0.5,374.97,0.0587,6.3,8.2,3.0,15.112006065794318,10.84,11.41,18.9,795.0,8.51,0.396
11,10.4,-3.3,13.6,1.37,351.4,339.9,0.9,63.0,0.5673,0.3218,32.8,2223.1,0.2662,513.0,0.5068,0.5,112.78,0.0706,5.8,14.1,4.0,16.586445824955682,9.98,11.45,19.1,795.0,8.49,0.462
12,1.1,-12.8,13.9,1.43,318.0,316.6,2.6,23.0,0.1912,0.0366,1.2,729.6,0.3277,562.0,0.3669,0.5,396.77,0.1103,5.12,8.0,2.0,19.401971305064365,8.81,14.81,18.6,795.0,7.71,0.372
1,-0.8,-9.1,8.3,1.7,234.9,238.9,2.1,16.0,0.1314,0.0173,-0.6,370.4,0.4725,678.0,0.2781,0.5,473.49,0.3588,5.5,13.0,2.0,14.204042332691383,9.46,11.03,12.2,795.0,6.79,0.419
2,2.0,-8.4,10.4,1.01,384.9,370.8,1.0,25.0,0.2114,0.0447,2.5,976.5,0.5778,762.0,0.3191,0.5,360.82,0.0089,3.4,10.0,2.0,11.549903346319732,5.85,9.12,17.9,795.0,6.97,0.345
11,7.4,-3.8,11.2,1.92,231.1,239.0,3.2,14.0,0.1132,0.0128,5.1,313.9,0.8906,1013.0,0.2968,0.5,183.99,0.6707,5.42,15.9,2.0,12.042633785115944,9.33,9.74,13.9,795.0,6.45,0.352
12,0.2,-8.9,9.1,1.27,294.6,269.1,1.1,27.0,0.2264,0.0512,0.2,800.2,0.7937,935.0,0.3092,0.5,433.41,0.0306,4.5,13.0,4.0,8.270278151449084,7.74,5.64,14.8,795.0,7.68,0.509
2,3.8,-10.2,14.0,0.97,419.3,407.6,2.6,17.0,0.1376,0.0189,3.1,692.5,0.5371,730.0,0.2363,0.5,296.05,0.0164,3.2,12.7,2.0,3.0,5.51,2.68,21.4,795.0,6.82,0.395
11,12.8,4.6,8.2,1.5,337.8,348.8,0.4,57.0,0.7418,0.5502,36.6,1933.2,0.6169,794.0,0.5051,0.5,67.6,0.1579,4.49,10.5,3.0,3.4563685471983145,7.73,2.49,14.2,2211.7,9.77,0.447
1,0.1,-8.1,8.1,1.13,317.4,322.7,1.6,54.0,0.4492,0.2018,0.2,1710.8,0.8119,950.0,0.5546,0.5,438.59,0.001,5.43,11.0,3.0,12.639351341693573,9.34,9.53,14.7,795.0,7.07,0.27
3,10.2,0.1,10.1,1.14,367.7,368.4,1.5,23.0,0.1967,0.0387,11.6,841.3,0.685,848.0,0.3569,0.5,117.58,0.002,5.2,11.5,4.0,18.160713875518745,8.95,12.97,17.0,795.0,7.39,0.353
3,4.2,-7.5,11.7,1.46,433.1,432.3,0.5,63.0,0.5286,0.2794,13.3,2747.0,0.8091,947.0,0.5956,0.5,282.17,0.1267,4.2,10.3,2.0,12.660209437779171,7.23,10.14,18.6,795.0,7.35,0.416
2,4.8,-6.7,11.6,1.18,361.8,368.0,3.7,40.0,0.331,0.1095,9.6,1436.9,0.7185,875.0,0.4034,0.5,261.31,0.0065,5.8,11.0,1.0,9.811695152115313,9.98,8.53,18.0,795.0,9.04,0.388
2,1.2,-12.4,13.6,1.69,333.5,318.9,2.3,28.0,0.2358,0.0556,1.7,943.6,0.8029,942.0,0.3895,0.5,391.31,0.3526,3.95,14.0,4.0,15.582657571198707,6.8,11.13,18.0,795.0,8.52,0.435
4,16.0,6.5,9.5,1.42,606.9,599.4,0.5,46.0,0.8461,0.7159,36.9,2793.1,0.5216,717.0,0.71,0.5,24.7,0.0993,4.2,16.7,2.0,13.982348369181162,7.23,10.9,19.5,3179.7,10.72,0.534
2,-0.2,-11.2,11.0,1.1,256.5,243.2,3.7,36.0,0.2971,0.0883,-0.3,914.4,0.5321,726.0,0.3233,0.5,449.2,0.0,4.0,13.0,1.0,15.418385996445364,6.88,12.59,16.2,795.0,8.93,0.449
4,12.0,1.6,10.4,1.06,526.8,541.2,3.9,26.0,0.3051,0.0931,15.7,1374.6,0.7544,903.0,0.49,0.5,80.7,0.002,5.42,9.0,3.0,10.444812907790123,9.33,7.84,19.9,1252.3,9.05,0.364
3,9.0,-1.9,10.9,1.26,529.8,538.2,0.9,43.0,0.3617,0.1308,19.6,2299.7,0.6174,794.0,0.4986,0.5,143.8,0.0251,5.17,10.0,4.0,13.56245543052572,8.9,9.47,19.8,795.0,8.44,0.515
12,0.8,-12.6,13.4,1.9,170.1,169.2,1.0,12.0,0.0983,0.0097,0.5,200.6,0.7429,894.0,0.2785,0.5,409.5,0.6327,4.0,13.0,2.0,17.06994660491306,6.88,13.4,14.8,795.0,6.39,0.341
1,-0.1,-8.1,8.0,1.06,215.0,197.0,1.1,51.0,0.4226,0.1786,-0.2,1090.3,0.3897,612.0,0.4394,0.5,444.65,0.002,5.28,12.0,4.0,17.59391789540233,9.09,12.31,13.3,795.0,6.65,0.452
1,-0.1,-12.3,12.2,1.12,291.2,290.5,0.2,32.0,0.2667,0.0711,-0.2,931.9,0.5417,733.0,0.2851,0.5,446.56,0.0002,5.7,7.1,4.0,15.883438177937347,9.81,11.15,17.6,795.0,6.59,0.402
1,-3.0,-14.2,11.2,1.04,315.3,310.8,0.6,15.0,0.121,0.0146,-2.2,457.8,0.9607,1069.0,0.2352,0.5,576.89,0.0033,5.9,12.4,3.0,13.715308018701615,10.15,10.46,17.4,795.0,7.82,0.394
11,9.9,-2.7,12.6,1.23,310.2,310.5,1.4,23.0,0.1876,0.0352,11.1,698.3,0.8504,980.0,0.3315,0.5,123.13,0.0159,4.14,7.8,1.0,15.045755060034123,7.12,12.56,18.0,795.0,6.36,0.347
12,0.5,-7.7,8.2,0.89,242.2,249.6,2.6,16.0,0.1374,0.0189,0.4,399.4,0.6472,818.0,0.2718,0.5,419.15,0.0432,5.11,13.0,2.0,17.526746324184636,8.79,13.66,14.3,795.0,6.25,0.417
1,4.1,-6.3,10.4,1.76,277.1,273.9,2.6,46.0,0.3833,0.1469,9.4,1274.4,0.5943,775.0,0.4868,0.5,285.87,0.4302,5.03,13.7,2.0,12.332113046399447,8.65,9.72,14.4,795.0,9.01,0.472
11,7.9,-1.7,9.6,1.13,335.4,353.3,0.2,62.0,0.5143,0.2645,24.5,2070.1,0.3237,559.0,0.6824,0.5,170.48,0.0008,3.8,14.7,2.0,19.19626715817649,6.54,14.66,16.2,795.0,8.48,0.319
4,12.5,3.0,9.5,0.51,400.3,406.2,2.2,49.0,0.6107,0.373,30.5,1957.2,0.9695,1076.0,0.6688,0.5,72.35,0.3509,5.5,10.5,3.0,14.164600622535625,9.46,10.8,18.6,1116.5,9.69,0.405
2,2.3,-6.2,8.6,1.62,282.2,272.0,3.4,23.0,0.194,0.0377,2.7,657.0,0.6452,816.0,0.3889,0.5,347.88,0.2652,4.8,12.5,2.0,10.741707067247969,8.26,8.57,13.4,795.0,6.65,0.511
3,7.6,-5.0,12.6,0.78,433.5,440.6,1.0,57.0,0.4738,0.2244,21.5,2464.3,0.5548,744.0,0.3884,0.5,180.16,0.0996,5.56,12.2,1.0,13.284240324659804,9.57,11.01,20.9,795.0,7.5,0.356
3,4.5,-3.6,8.1,1.37,391.9,393.7,3.4,10.0,0.0865,0.0075,2.3,406.7,0.5667,753.0,0.2935,0.5,271.64,0.0755,5.9,10.4,1.0,10.849648543324033,10.15,9.19,15.2,795.0,7.51,0.343
4,10.5,-1.0,11.5,1.26,528.2,539.7,2.7,13.0,0.1197,0.0143,6.8,684.8,0.7725,918.0,0.175,0.5,109.44,0.024,6.8,12.0,1.0,8.538308164344873,11.7,7.62,20.3,795.0,7.15,0.367
4,9.4,-2.9,12.3,1.56,358.4,375.4,1.4,57.0,0.472,0.2228,26.7,2029.7,0.5819,766.0,0.5926,0.5,133.9,0.2143,5.93,8.0,2.0,14.445704177047048,10.2,11.3,17.6,795.0,8.75,0.373
11,3.6,-10.4,14.0,1.0,298.5,284.3,3.8,55.0,0.4551,0.2071,9.8,1630.3,0.6165,793.0,0.5635,0.5,303.52,0.0092,6.1,10.5,2.0,16.69111213582818,10.5,13.01,19.4,795.0,10.41,0.482
4,14.1,5.4,8.7,1.69,591.0,602.5,1.2,13.0,0.2037,0.0415,9.5,792.5,0.6802,844.0,0.2892,0.5,47.39,0.3431,5.7,12.0,1.0,10.425028064844861,9.81,8.96,17.9,904.4,6.45,0.374
12,0.6,-10.8,11.4,1.35,220.3,213.2,0.3,30.0,0.2467,0.0609,1.0,652.3,0.4181,634.0,0.328,0.5,414.37,0.06,4.4,10.0,1.0,17.722007649296067,7.57,14.23,15.4,795.0,6.66,0.418
1,0.7,-13.0,13.7,1.23,248.8,248.9,3.9,22.0,0.1814,0.0329,0.7,541.6,0.5041,703.0,0.3537,0.5,413.87,0.016,5.36,19.4,2.0,11.505443857832393,9.22,9.03,17.9,795.0,6.58,0.465
3,3.6,-8.0,11.5,0.71,305.6,305.0,2.2,46.0,0.3811,0.1453,8.1,1397.5,0.5443,735.0,0.2722,0.5,304.22,0.1489,5.14,16.2,1.0,21.332374583236458,8.84,17.03,18.3,795.0,9.17,0.361
1,-0.3,-12.3,12.0,1.42,302.8,282.5,1.1,28.0,0.2313,0.0535,-0.4,840.4,0.5574,746.0,0.4544,0.5,452.6,0.1042,5.18,11.4,3.0,17.178244517644067,8.91,12.73,16.9,795.0,6.57,0.426
4,18.7,10.2,8.5,1.1,570.6,582.5,2.2,22.0,0.5004,0.2504,20.5,1253.3,0.7873,930.0,0.5247,0.5,5.43,0.0,4.4,10.7,3.0,12.406618881796563,7.57,9.33,18.9,2041.9,9.36,0.341
4,14.6,6.6,8.1,0.68,522.2,523.5,2.4,61.0,0.9812,0.9628,44.7,3186.0,0.5214,717.0,0.7158,0.5,40.33,0.1737,4.52,14.1,3.0,19.61970714077384,7.78,14.53,18.9,2725.4,13.07,0.571
2,1.7,-9.8,11.5,0.78,223.7,229.0,2.6,15.0,0.125,0.0156,1.3,335.6,0.6078,786.0,0.3057,0.5,372.37,0.1002,5.9,10.0,2.0,16.092443670463478,10.15,12.56,16.9,795.0,6.54,0.385
2,-2.3,-13.0,10.8,1.61,338.3,344.3,3.3,44.0,0.3644,0.1328,-5.0,1479.1,0.599,779.0,0.4377,0.5,541.4,0.2617,3.4,10.0,4.0,13.356816585482274,5.85,9.3,16.0,795.0,8.1,0.324
3,4.5,-9.1,13.6,0.95,405.2,401.1,3.1,44.0,0.369,0.1362,10.0,1794.1,0.6877,850.0,0.413,0.5,271.51,0.0224,5.5,13.0,2.0,15.605112386153806,9.46,12.25,20.9,795.0,7.8,0.4
3,9.4,-0.6,10.0,1.25,465.4,474.0,2.8,54.0,0.4478,0.2006,25.3,2501.0,0.7156,872.0,0.5387,0.5,133.79,0.0235,4.5,9.0,1.0,12.65371523185723,7.74,10.66,18.2,795.0,8.74,0.425
12,2.6,-11.1,13.7,1.11,305.5,314.6,0.8,59.0,0.4894,0.2395,7.6,1794.1,0.6542,823.0,0.4595,0.5,339.35,0.0002,4.17,14.0,4.0,23.05597231785055,7.18,16.62,19.1,795.0,8.97,0.475
12,1.6,-11.9,13.6,0.9,299.8,300.5,3.4,38.0,0.3184,0.1014,3.1,1145.5,0.6496,820.0,0.3742,0.5,374.94,0.0389,7.2,10.1,2.0,12.541261667712595,12.39,9.93,19.4,795.0,8.68,0.398
11,4.9,-8.6,13.5,1.13,308.3,299.7,0.9,37.0,0.3102,0.0962,9.1,1147.5,0.7898,932.0,0.3774,0.5,259.4,0.0008,5.4,16.2,2.0,18.786999884674113,9.29,14.72,18.9,795.0,8.09,0.311
1,-1.4,-14.6,13.3,1.18,362.5,365.3,3.3,51.0,0.426,0.1815,-3.5,1853.0,0.737,890.0,0.5283,0.5,499.75,0.0065,4.91,9.0,3.0,9.21867600339355,8.45,6.9,19.4,795.0,9.5,0.418
1,-3.1,-15.7,12.6,1.05,205.8,215.1,1.0,33.0,0.2736,0.0748,-5.0,675.6,0.5497,740.0,0.3643,0.5,578.86,0.0021,3.72,6.0,2.0,20.550469787157446,6.4,15.85,16.8,795.0,7.1,0.434
11,7.5,-1.8,9.3,1.85,256.6,256.1,0.2,14.0,0.119,0.0142,5.3,366.4,0.6528,822.0,0.2968,0.5,182.46,0.568,6.0,10.0,4.0,11.18836620129665,10.32,7.71,13.0,795.0,6.9,0.317
2,-1.6,-11.6,10.1,1.03,320.1,322.1,2.6,28.0,0.2338,0.0547,-2.2,898.3,0.6229,798.0,0.3718,0.5,508.63,0.0048,5.1,8.0,1.0,17.061303036533925,8.78,13.89,16.6,795.0,8.16,0.466
4,13.1,4.7,8.4,1.33,409.4,417.0,3.2,51.0,0.6865,0.4713,33.4,2092.0,0.4545,664.0,0.6061,0.5,63.03,0.0542,5.4,13.5,3.0,14.573836681014452,9.29,10.69,15.8,2943.9,9.66,0.352
4,13.2,3.1,10.1,1.12,541.9,529.0,3.5,48.0,0.6551,0.4292,31.7,2610.4,0.7793,923.0,0.5302,0.5,61.46,0.0003,4.3,15.3,1.0,13.311744370662138,7.4,11.21,19.7,2362.7,11.21,0.497
11,5.0,-7.8,12.8,1.17,333.2,336.8,1.0,63.0,0.5278,0.2786,15.8,2110.6,0.5704,756.0,0.514,0.5,256.82,0.0054,4.0,10.0,3.0,8.68016012471546,6.88,6.37,18.6,795.0,8.51,0.52
12,-1.1,-11.8,10.7,0.91,305.8,330.6,2.8,31.0,0.2592,0.0672,-1.7,951.0,0.4637,671.0,0.4792,0.5,488.96,0.0371,4.08,14.0,2.0,16.697364969954194,7.02,12.89,17.2,795.0,8.31,0.441
2,0.4,-12.9,13.4,1.93,289.9,299.5,0.7,39.0,0.3249,0.1055,0.8,1130.4,0.7532,903.0,0.5099,0.5,423.16,0.6919,4.0,11.0,3.0,19.23784068019661,6.88,14.43,16.5,795.0,7.12,0.407
12,1.6,-11.9,13.5,1.14,233.2,231.1,3.1,37.0,0.3084,0.0951,3.0,863.3,0.7513,901.0,0.4277,0.5,375.03,0.0018,6.4,11.3,3.0,20.95955060303057,11.01,15.72,17.8,795.0,8.85,0.322
2,4.6,-9.3,14.0,0.91,458.1,453.9,3.5,31.0,0.2595,0.0673,7.2,1426.3,0.9111,1029.0,0.4581,0.5,267.38,0.037,3.8,11.2,2.0,19.18280998596387,6.54,15.12,22.1,795.0,6.17,0.479
1,-3.0,-12.9,9.9,1.21,292.7,302.4,1.7,56.0,0.4659,0.217,-8.3,1636.4,0.8355,968.0,0.6679,0.5,574.37,0.0119,4.82,9.0,2.0,14.437114202574023,8.29,11.5,15.6,795.0,9.18,0.352
11,3.8,-8.1,11.9,1.44,293.6,280.9,2.5,27.0,0.227,0.0515,5.2,799.9,0.4052,624.0,0.546,0.5,294.82,0.1124,5.3,10.0,3.0,12.510311030812723,9.12,9.11,16.7,795.0,7.87,0.424
3,10.2,-1.1,11.2,1.12,436.8,429.3,2.1,53.0,0.4582,0.21,27.0,2322.6,0.4238,639.0,0.4748,0.5,117.26,0.0003,3.25,13.0,3.0,11.011912411368932,5.59,8.0,19.0,795.0,8.35,0.505
2,1.5,-11.2,12.7,1.0,259.8,258.9,0.4,17.0,0.1399,0.0196,1.3,436.1,0.8429,974.0,0.4267,0.5,379.2,0.0102,4.57,12.0,3.0,20.354873098879402,7.86,15.34,17.9,795.0,6.52,0.401
11,4.8,-6.9,11.7,1.24,286.4,289.0,1.4,46.0,0.3842,0.1476,11.1,1320.5,0.6573,826.0,0.4594,0.5,261.87,0.021,4.5,12.5,4.0,12.634179390332804,7.74,8.8,16.9,795.0,8.63,0.501
3,5.5,-8.5,14.0,0.86,313.6,328.2,3.1,61.0,0.5109,0.261,16.8,1922.9,0.6948,856.0,0.474,0.5,241.12,0.0594,5.32,9.0,2.0,19.320497363466192,9.15,15.05,20.0,795.0,9.2,0.436
3,7.7,-5.6,13.3,1.16,480.9,483.2,1.2,20.0,0.1692,0.0286,7.8,976.3,0.3512,581.0,0.2386,0.5,177.05,0.0034,4.6,12.1,4.0,23.241746308141455,7.91,16.51,21.3,795.0,6.69,0.342
3,2.0,-8.1,10.2,1.71,429.5,429.8,0.4,46.0,0.3803,0.1446,4.7,1960.1,0.7818,925.0,0.4414,0.5,359.34,0.3755,6.3,10.0,2.0,10.491119091221972,10.84,8.49,16.6,795.0,7.22,0.439
11,13.1,2.6,10.5,0.54,314.7,326.8,1.4,64.0,0.8572,0.7348,41.7,2007.8,0.7716,917.0,0.6955,0.5,63.01,0.3121,3.9,9.0,1.0,11.238748420911506,6.71,9.65,18.0,2401.2,11.66,0.468
3,4.7,-6.9,11.5,1.33,484.5,497.6,2.5,34.0,0.2835,0.0804,7.9,1648.5,0.8808,1005.0,0.3929,0.5,267.14,0.0541,5.31,9.9,2.0,12.15428070248974,9.14,9.82,19.5,795.0,7.6,0.341
11,9.5,-2.2,11.7,0.88,316.5,329.2,2.7,51.0,0.4289,0.1839,24.4,1629.0,0.7256,881.0,0.504,0.5,132.25,0.0504,6.36,13.0,3.0,12.52736901515153,10.94,9.38,18.2,795.0,10.57,0.534
12,-0.6,-9.7,9.1,0.77,322.9,324.4,1.4,54.0,0.4516,0.2039,-1.7,1749.6,0.6777,842.0,0.4083,0.5,467.44,0.1112,4.4,11.5,3.0,14.63892311078622,7.57,10.92,16.5,795.0,8.91,0.429
1,-2.4,-10.4,8.0,1.35,289.2,286.6,1.9,23.0,0.1876,0.0352,-2.7,650.8,0.594,775.0,0.3212,0.5,548.28,0.0636,7.13,12.0,3.0,19.403382257252183,12.27,14.43,13.7,795.0,7.08,0.365
1,-2.3,-11.7,9.4,0.54,200.1,217.5,2.1,55.0,0.4612,0.2127,-6.5,1107.5,0.4813,685.0,0.5252,0.5,544.62,0.3129,5.72,13.6,2.0,12.513755731488567,9.84,9.77,15.5,795.0,9.82,0.543
12,5.6,-4.6,10.2,0.85,261.6,267.8,0.6,39.0,0.3215,0.1034,10.7,1009.2,0.5756,761.0,0.3694,0.5,238.52,0.0615,3.06,11.0,3.0,12.545031283627331,5.27,9.27,16.2,795.0,7.39,0.446
12,4.5,-4.8,9.3,1.21,171.2,191.5,0.1,33.0,0.2785,0.0776,7.6,572.2,0.373,598.0,0.4124,0.5,270.66,0.0112,4.06,11.0,2.0,21.89064831778324,6.99,16.72,13.3,795.0,7.44,0.39
11,2.2,-8.4,10.6,1.4,324.3,317.1,0.5,23.0,0.193,0.0372,2.6,750.9,0.5984,779.0,0.3542,0.5,351.85,0.093,5.2,15.1,1.0,13.780893511942393,8.95,11.41,16.1,795.0,5.05,0.293
2,3.8,-7.9,11.7,0.8,342.4,328.5,2.3,26.0,0.2205,0.0486,5.1,906.0,0.5126,710.0,0.4067,0.5,294.43,0.0905,6.1,13.5,1.0,19.724305358565246,10.5,15.8,18.8,795.0,7.83,0.451
4,14.3,1.0,13.2,0.61,438.7,448.0,3.6,21.0,0.3224,0.1039,14.9,914.5,0.8155,952.0,0.4296,0.5,45.17,0.2448,4.4,13.2,4.0,14.087537132781526,7.57,10.02,22.0,907.8,9.13,0.445
12,3.6,-9.8,13.5,1.49,298.6,298.7,2.4,47.0,0.392,0.1537,8.5,1404.8,0.4965,697.0,0.4481,0.5,301.69,0.1525,5.53,10.0,2.0,15.341485196247481,9.52,11.9,17.8,795.0,8.27,0.439
11,6.4,-3.0,9.4,1.24,238.4,235.1,0.5,48.0,0.3963,0.1571,15.2,1133.8,0.6799,844.0,0.4361,0.5,212.89,0.0193,5.02,15.5,1.0,12.41538722921137,8.64,10.46,14.3,795.0,7.0,0.482
12,-3.3,-16.4,13.0,0.57,195.7,201.9,0.3,16.0,0.1312,0.0172,-2.6,308.2,0.495,696.0,0.3807,0.5,591.8,0.2822,5.85,14.0,2.0,20.958841642569304,10.07,16.12,18.3,795.0,6.0,0.352
1,-0.8,-14.7,13.8,1.28,133.4,134.1,0.9,53.0,0.444,0.1971,-2.3,710.5,0.4815,685.0,0.5,0.5,477.27,0.0329,5.78,8.0,4.0,12.37794714627378,9.95,8.47,16.2,795.0,7.12,0.402
1,3.6,-4.4,8.0,0.82,185.8,168.5,0.3,15.0,0.1241,0.0154,2.7,276.7,0.4529,662.0,0.333,0.5,303.2,0.0798,5.17,10.0,3.0,7.399744280941248,8.9,5.31,13.5,795.0,5.74,0.346
2,-1.0,-11.7,10.7,1.89,394.0,388.0,1.7,26.0,0.2135,0.0456,-1.3,1009.3,0.9172,1034.0,0.2394,0.5,486.15,0.6307,3.7,13.0,1.0,15.911306040090393,6.37,13.27,16.0,795.0,5.96,0.335
4,14.4,1.9,12.5,1.25,528.1,526.6,1.6,37.0,0.5826,0.3394,26.7,1958.1,0.3979,618.0,0.6533,0.5,43.19,0.0234,5.15,12.0,1.0,7.54272555656952,8.86,6.58,21.1,2123.8,10.27,0.39
11,10.0,-3.1,13.1,1.61,368.7,369.2,0.6,41.0,0.3407,0.1161,20.4,1507.5,0.6823,846.0,0.5007,0.5,121.25,0.2589,4.88,12.0,1.0,16.24259379211374,8.4,13.33,18.3,795.0,6.31,0.393
4,13.5,1.0,12.5,1.29,427.6,426.6,3.7,22.0,0.3109,0.0966,14.8,941.5,0.7219,878.0,0.4109,0.5,56.68,0.0352,4.57,9.0,4.0,14.785187440201232,7.86,10.47,19.5,856.0,8.06,0.374
3,6.9,-2.4,9.3,2.04,373.7,373.1,3.0,60.0,0.5022,0.2522,20.7,2252.0,0.3714,597.0,0.5296,0.5,199.69,0.8796,3.8,11.0,1.0,10.014667388589203,6.54,8.41,14.3,795.0,8.35,0.465
11,3.6,-8.6,12.2,0.83,259.8,253.4,2.2,62.0,0.52,0.2704,11.2,1620.9,0.9368,1049.0,0.5096,0.5,303.31,0.0727,6.2,10.0,3.0,13.813075407406032,10.67,10.51,17.9,795.0,10.1,0.477
12,1.2,-11.6,12.9,1.42,110.6,95.4,1.6,29.0,0.2389,0.0571,1.8,317.2,0.5401,732.0,0.3675,0.5,390.22,0.103,4.1,7.4,2.0,19.55173716686166,7.05,15.1,14.7,795.0,7.41,0.504
3,4.9,-7.1,12.0,0.9,367.8,361.7,3.0,41.0,0.3415,0.1166,10.0,1507.3,0.5491,739.0,0.4316,0.5,259.47,0.0413,7.0,17.1,4.0,14.645010670377328,12.04,10.22,19.2,795.0,8.7,0.355
11,7.6,-3.5,11.1,0.94,435.2,426.7,2.0,59.0,0.4947,0.2447,22.6,2583.8,0.5643,751.0,0.5093,0.5,179.56,0.0246,6.7,9.8,2.0,14.875090083926422,11.53,11.61,19.3,795.0,7.65,0.424
11,9.9,-2.7,12.5,1.7,337.5,333.5,1.6,55.0,0.4594,0.2111,27.2,1860.5,0.5815,765.0,0.4958,0.5,124.04,0.3628,4.7,12.5,1.0,15.503932160490558,8.09,12.69,17.1,795.0,9.07,0.393
11,4.5,-8.1,12.6,1.48,298.4,296.1,0.2,64.0,0.5349,0.2862,14.5,1915.4,0.8234,959.0,0.525,0.5,272.13,0.1413,4.3,14.0,4.0,13.747796260422257,7.4,9.77,17.2,795.0,7.47,0.472
1,-1.1,-14.8,13.7,0.3,298.1,299.6,0.0,20.0,0.1634,0.0267,-1.1,584.5,0.5425,734.0,0.3991,0.5,488.57,0.64,5.4,5.2,2.0,13.063889247211305,9.29,10.23,21.0,795.0,5.78,0.384
4,13.1,4.9,8.2,0.87,411.1,413.3,3.7,33.0,0.4431,0.1963,21.5,1342.0,0.4095,628.0,0.3475,0.5,61.74,0.0548,4.34,11.3,4.0,13.904843474628542,7.47,9.56,16.9,975.5,9.57,0.485
4,11.8,2.5,9.3,1.45,531.5,522.9,0.6,23.0,0.2591,0.0671,13.5,1211.6,0.8135,951.0,0.512,0.5,84.26,0.1195,3.97,7.4,2.0,10.77512309753584,6.83,8.73,18.1,795.0,6.56,0.416
3,11.3,1.1,10.2,1.08,503.8,525.1,1.1,18.0,0.1886,0.0356,10.2,908.7,0.4104,628.0,0.4354,0.5,94.59,0.0003,4.2,8.6,1.0,17.147621919737688,7.23,13.79,19.3,795.0,8.18,0.308
4,15.9,3.8,12.1,0.99,502.1,509.3,3.5,53.0,0.9595,0.9206,42.0,2646.3,0.8502,980.0,0.7086,0.5,25.78,0.0126,6.34,9.5,2.0,14.535662859563143,10.91,11.58,21.0,2702.6,11.84,0.484
2,0.5,-13.4,13.9,1.36,333.4,335.5,1.3,17.0,0.1437,0.0206,0.4,574.7,0.7921,934.0,0.2752,0.5,421.65,0.0653,4.2,11.0,2.0,9.919375492045194,7.23,8.07,19.0,795.0,5.46,0.305
1,-1.8,-13.5,11.6,1.14,341.2,357.4,2.9,65.0,0.5397,0.2913,-5.9,2209.7,0.718,874.0,0.4776,0.5,520.75,0.0015,5.8,12.5,3.0,16.921719708311596,9.98,12.67,17.9,795.0,7.82,0.38
11,13.8,3.4,10.4,1.4,356.8,340.7,1.9,45.0,0.663,0.4396,31.2,1611.7,0.7478,898.0,0.6618,0.5,51.75,0.0908,5.0,15.3,2.0,7.654770555015786,8.6,6.34,16.5,1981.2,9.75,0.446
4,15.6,6.9,8.7,0.94,516.7,525.7,3.0,24.0,0.4268,0.1821,18.9,1250.2,0.7824,926.0,0.37,0.5,29.36,0.0252,5.16,9.5,2.0,18.910512604456358,8.88,14.81,18.6,1690.4,9.22,0.407
11,3.5,-6.0,9.6,1.37,357.7,358.0,2.3,49.0,0.4101,0.1682,8.7,1760.6,0.5349,728.0,0.4003,0.5,304.62,0.0707,5.1,8.8,2.0,18.22965626816694,8.78,14.1,15.9,795.0,8.51,0.399
11,8.6,-1.2,9.8,1.32,331.7,318.2,2.7,36.0,0.2996,0.0898,15.5,1192.6,0.7454,896.0,0.3086,0.5,153.89,0.0468,6.3,14.7,4.0,19.263169202343903,10.84,13.84,15.8,795.0,8.09,0.396
4,17.4,4.8,12.6,1.75,498.4,500.9,2.1,33.0,0.6742,0.4546,28.4,1625.6,0.6753,840.0,0.5577,0.5,12.93,0.4222,5.03,11.6,4.0,12.349061509343333,8.65,8.6,19.4,2153.8,9.72,0.412
3,4.1,-6.5,10.7,1.0,358.4,364.3,1.9,45.0,0.3755,0.141,9.3,1615.2,0.5963,777.0,0.5092,0.5,284.28,0.0093,3.7,7.6,1.0,12.458561466701925,6.37,10.42,17.7,795.0,8.79,0.322
4,14.9,5.0,9.9,1.16,590.1,592.1,0.7,16.0,0.2714,0.0736,12.3,972.6,0.5907,773.0,0.4813,0.5,37.47,0.004,5.19,9.0,4.0,13.851183327904801,8.93,9.66,20.2,1479.7,6.79,0.462
12,4.6,-8.9,13.4,1.2,244.1,225.4,0.5,11.0,0.0928,0.0086,2.5,271.7,0.7921,934.0,0.3171,0.5,270.23,0.0109,5.2,8.5,2.0,19.485698554034403,8.95,15.25,17.7,795.0,5.9,0.383
4,18.8,6.4,12.4,0.86,592.3,583.1,3.6,57.0,1.0,1.0,53.6,3377.2,0.7004,860.0,0.7722,0.5,4.8,0.0598,6.01,11.2,4.0,17.57571930994701,10.34,12.54,23.0,3163.8,11.49,0.494
1,-1.0,-10.9,9.8,1.48,323.1,335.3,3.0,50.0,0.4191,0.1757,-2.6,1625.0,0.7688,915.0,0.572,0.5,485.93,0.1463,4.2,8.0,2.0,17.91961293958482,7.23,14.05,15.3,795.0,8.88,0.365
4,9.9,0.8,9.1,1.17,465.1,465.5,0.9,23.0,0.1898,0.036,11.2,1059.3,0.7576,906.0,0.382,0.5,124.16,0.005,5.75,16.8,1.0,10.6788293512301,9.89,9.22,17.6,795.0,6.94,0.452
1,-3.6,-16.4,12.8,1.24,184.4,180.3,0.9,17.0,0.1411,0.0199,-3.0,312.2,0.7339,887.0,0.31,0.5,604.39,0.0187,3.9,11.0,2.0,17.27723817900138,6.71,13.55,16.2,795.0,7.45,0.453
4,11.5,-1.5,13.0,1.48,588.1,594.7,0.3,22.0,0.2418,0.0585,12.8,1306.6,0.8299,964.0,0.4617,0.5,89.68,0.1442,5.92,11.0,4.0,16.018732688701917,10.19,11.48,21.9,1147.0,7.72,0.358
3,7.4,-5.6,13.0,0.81,388.9,391.6,1.2,21.0,0.1711,0.0293,7.6,798.6,0.7333,887.0,0.3819,0.5,183.91,0.0833,5.02,13.0,2.0,9.825166201516058,8.64,7.96,20.5,795.0,7.93,0.451
1,0.2,-9.3,9.5,1.66,307.7,309.7,0.6,47.0,0.3884,0.1509,0.4,1434.2,0.3382,571.0,0.5375,0.5,433.43,0.3111,4.3,10.5,2.0,22.285383728370082,7.4,16.98,14.4,795.0,8.67,0.311
3,7.6,-4.3,11.9,1.43,382.5,370.8,0.3,36.0,0.2987,0.0892,13.6,1370.9,0.7327,886.0,0.3054,0.5,179.59,0.1078,5.3,12.0,1.0,11.279506136322473,9.12,9.65,18.0,795.0,8.58,0.433
3,5.9,-3.6,9.5,1.25,444.5,446.3,3.6,64.0,0.531,0.282,18.7,2832.4,0.4648,672.0,0.6961,0.5,228.6,0.0235,5.6,16.2,3.0,16.42087187622977,9.64,12.09,17.4,795.0,9.22,0.499
4,16.9,7.5,9.4,1.24,475.9,499.7,2.8,46.0,0.9085,0.8254,38.7,2180.7,0.7334,887.0,0.7021,0.5,16.85,0.0186,4.3,13.0,3.0,9.474370130201168,7.4,7.09,17.9,3802.8,10.08,0.495
4,14.6,4.4,10.2,0.81,391.6,402.9,2.7,13.0,0.2035,0.0414,9.3,497.4,0.7251,880.0,0.3333,0.5,40.8,0.0838,5.6,13.6,2.0,15.442990145907222,9.64,12.16,18.3,985.5,7.0,0.379
4,13.5,0.6,12.9,0.95,467.1,478.6,1.4,22.0,0.315,0.0992,15.0,1039.9,0.3421,574.0,0.3892,0.5,56.43,0.0222,5.8,10.0,2.0,14.625630919322775,9.98,11.24,21.3,1586.0,7.5,0.412
3,4.1,-5.7,9.8,1.5,437.2,436.8,2.0,57.0,0.4731,0.2238,11.6,2482.0,0.6994,859.0,0.4244,0.5,286.12,0.1637,5.1,15.5,2.0,18.74344999373281,8.78,14.62,16.9,795.0,7.97,0.495
12,-3.1,-12.4,9.3,0.84,244.5,240.7,0.6,31.0,0.2582,0.0667,-4.8,757.4,0.8236,959.0,0.3639,0.5,580.22,0.0696,3.24,9.0,1.0,14.5488300641369,5.57,12.17,15.3,795.0,7.36,0.487
12,-0.6,-13.3,12.8,0.93,220.0,227.8,3.9,46.0,0.3811,0.1453,-1.3,1006.2,0.8158,953.0,0.3534,0.5,464.46,0.0304,5.06,12.0,3.0,16.603608146253055,8.71,12.51,17.5,795.0,8.77,0.466
4,12.4,1.2,11.2,1.79,495.4,485.6,1.5,14.0,0.1757,0.0309,8.8,708.4,0.683,846.0,0.2958,0.5,74.44,0.4816,3.7,13.0,3.0,13.07828547400613,6.37,9.76,18.2,989.7,7.63,0.454
4,15.5,6.2,9.3,0.92,428.6,434.5,1.3,14.0,0.2458,0.0604,10.9,602.0,0.7812,925.0,0.365,0.5,30.24,0.0334,4.41,8.5,2.0,10.014002088482748,7.59,8.14,17.9,1634.8,6.81,0.361
12,1.8,-11.0,12.8,0.82,243.1,244.1,1.4,53.0,0.4417,0.1951,4.8,1288.4,0.571,757.0,0.4147,0.5,368.58,0.0766,3.4,9.4,3.0,10.505645324591182,5.85,7.74,18.1,795.0,8.75,0.409
11,6.4,-2.3,8.7,0.92,275.6,272.3,3.7,34.0,0.2833,0.0803,10.9,937.0,0.5563,745.0,0.3623,0.5,213.17,0.0329,4.0,14.0,1.0,11.364402063815053,6.88,9.57,15.1,795.0,6.78,0.407
4,13.8,2.5,11.3,0.58,494.8,503.6,0.0,57.0,0.8364,0.6995,39.4,2827.8,0.7776,922.0,0.6646,0.5,52.11,0.2754,4.5,7.8,3.0,19.461851905968924,7.74,14.62,21.3,2548.4,10.59,0.479
3,7.3,-4.7,11.9,0.9,486.1,500.2,1.1,50.0,0.4138,0.1713,18.1,2413.8,0.9865,1089.0,0.5706,0.5,187.92,0.0392,5.8,13.0,3.0,18.590085855400574,9.98,14.13,20.9,795.0,7.58,0.477
11,9.3,1.2,8.2,1.07,293.2,287.1,0.7,22.0,0.1801,0.0324,10.1,633.6,0.5682,755.0,0.3322,0.5,135.97,0.0007,4.6,11.3,1.0,19.030618188611946,7.91,15.33,14.5,795.0,5.93,0.379
4,20.0,9.1,11.0,0.63,487.7,488.5,3.7,55.0,1.0,1.0,55.4,2697.9,0.8388,971.0,0.6538,0.5,0.93,0.2214,3.68,13.0,4.0,16.649124543548528,6.33,11.96,20.8,3269.4,12.26,0.567
12,-0.2,-8.7,8.5,0.3,228.9,218.0,0.2,35.0,0.2939,0.0863,-0.3,807.1,0.5684,755.0,0.3524,0.5,447.91,0.64,3.4,16.8,2.0,8.517779574673273,5.85,6.84,15.8,795.0,6.15,0.436
12,1.4,-11.9,13.3,0.82,200.3,187.3,1.4,33.0,0.272,0.074,2.3,653.8,0.7831,926.0,0.4262,0.5,383.59,0.0804,4.1,10.0,4.0,11.74444196229053,7.05,8.23,17.9,795.0,8.74,0.424
2,2.2,-6.0,8.2,1.27,431.6,425.3,3.5,64.0,0.5297,0.2806,7.1,2743.6,0.6286,803.0,0.5269,0.5,352.26,0.0293,5.91,8.6,2.0,16.148200312143963,10.17,12.61,16.2,795.0,9.92,0.371
1,-2.8,-14.2,11.4,1.01,265.5,260.6,0.5,50.0,0.4191,0.1757,-7.1,1335.6,0.8907,1013.0,0.3602,0.5,567.13,0.0079,3.3,20.0,2.0,16.25892256336755,5.68,12.91,16.8,795.0,8.46,0.445
12,2.3,-11.0,13.3,1.09,267.7,270.0,0.0,25.0,0.2114,0.0447,2.9,678.9,0.944,1055.0,0.51,0.5,351.17,0.0001,6.06,14.5,3.0,8.60576230721847,10.43,6.61,18.2,795.0,7.55,0.323
11,9.8,-2.4,12.1,0.71,325.5,322.1,3.4,38.0,0.3207,0.1028,18.8,1252.5,0.5837,767.0,0.3534,0.5,126.45,0.1535,5.2,13.0,2.0,19.79747329216477,8.95,15.32,19.1,795.0,8.52,0.415
4,14.8,2.9,11.9,1.02,471.5,480.6,0.2,59.0,0.9612,0.924,43.5,2766.4,0.5827,766.0,0.829,0.5,38.07,0.0066,5.0,15.0,3.0,13.502577706218661,8.6,9.99,20.4,3364.4,11.18,0.482
11,9.3,-1.5,10.8,1.03,290.3,296.2,1.5,48.0,0.3995,0.1596,22.4,1391.4,0.6693,835.0,0.5421,0.5,135.92,0.0047,5.68,13.0,2.0,17.445430058546265,9.77,13.62,16.8,795.0,7.3,0.444
1,-4.4,-17.5,13.2,1.31,257.2,253.2,3.7,20.0,0.1639,0.0269,-4.3,505.9,0.7294,884.0,0.1884,0.5,642.9,0.0431,5.3,10.0,4.0,12.357549068714073,9.12,8.65,17.4,795.0,7.95,0.413
11,8.3,-1.3,9.5,1.34,306.2,310.7,2.2,53.0,0.4412,0.1946,21.9,1621.3,0.8272,962.0,0.5292,0.5,162.31,0.0559,3.25,10.0,3.0,14.460061290491392,5.59,10.91,15.2,795.0,8.82,0.401
3,9.7,-2.2,11.9,0.96,411.1,399.0,2.3,26.0,0.2154,0.0464,12.5,1062.3,0.8483,979.0,0.4535,0.5,128.4,0.0192,4.9,13.7,2.0,12.32386994365142,8.43,9.92,19.6,795.0,7.29,0.406
12,1.5,-10.6,12.0,0.3,273.2,271.7,1.4,12.0,0.103,0.0106,0.9,337.7,0.5626,750.0,0.2184,0.5,382.17,0.64,4.3,11.5,1.0,19.63636377695862,7.4,15.78,19.3,795.0,7.55,0.51
4,11.9,-0.1,12.0,1.1,662.8,681.8,2.4,45.0,0.512,0.2621,26.5,2959.7,0.4844,688.0,0.4671,0.5,83.18,0.0,5.6,9.5,2.0,9.79315799724437,9.64,7.73,23.1,795.0,9.26,0.405
1,-1.7,-13.6,11.9,1.06,363.6,383.0,3.0,32.0,0.2694,0.0726,-2.8,1175.2,0.4235,639.0,0.3216,0.5,516.33,0.0018,4.9,7.9,1.0,18.595995328393812,8.43,14.89,18.6,795.0,6.36,0.397
2,1.7,-10.1,11.8,1.4,278.0,272.2,3.3,11.0,0.0953,0.0091,0.9,317.9,0.9886,1091.0,0.3876,0.5,374.12,0.0875,5.9,13.0,2.0,12.001489249996883,10.15,9.79,16.4,795.0,7.7,0.431
1,-4.6,-14.3,9.8,1.13,301.8,279.5,1.1,37.0,0.3092,0.0956,-8.5,1119.8,0.5271,722.0,0.4936,0.5,654.73,0.0009,4.3,12.5,1.0,14.077227356643828,7.4,11.58,15.8,795.0,8.51,0.494
3,10.0,-3.7,13.8,1.35,453.5,445.5,0.8,24.0,0.2,0.04,11.9,1078.6,0.9283,1043.0,0.3759,0.5,120.03,0.0615,4.8,12.0,3.0,15.989838030163604,8.26,12.14,20.7,795.0,7.35,0.408
12,-0.9,-13.8,12.9,1.0,257.0,269.3,2.0,41.0,0.3422,0.1171,-1.8,1055.4,0.5355,728.0,0.4558,0.5,478.66,0.011,5.1,12.0,1.0,17.716154276118928,8.78,14.32,18.0,795.0,6.27,0.369
11,3.6,-6.8,10.4,1.11,288.3,292.4,0.1,43.0,0.3577,0.128,7.7,1237.6,0.4697,676.0,0.6399,0.5,302.67,0.0001,5.72,15.2,3.0,10.144030787855993,9.84,7.38,16.1,795.0,8.8,0.43
3,8.6,-2.9,11.5,1.93,430.2,414.7,2.6,40.0,0.3298,0.1088,17.1,1702.8,0.6728,838.0,0.4463,0.5,153.09,0.6861,3.9,13.0,1.0,14.982681050004475,6.71,12.38,17.2,795.0,9.24,0.344
3,5.1,-3.8,8.8,1.47,426.9,428.2,1.7,53.0,0.4377,0.1916,13.3,2242.2,0.6067,785.0,0.4952,0.5,253.92,0.134,5.9,15.5,2.0,13.38527570562891,10.15,10.52,16.1,795.0,8.24,0.416
2,3.6,-9.2,12.8,1.23,296.4,307.0,2.2,31.0,0.2601,0.0677,5.6,925.3,0.7682,915.0,0.3917,0.5,304.0,0.0176,4.4,12.5,2.0,15.548160947214951,7.57,12.28,17.9,795.0,7.79,0.48
12,4.7,-7.2,11.9,1.48,375.3,360.8,0.5,21.0,0.1729,0.0299,4.9,778.6,0.6884,851.0,0.3604,0.5,265.87,0.1424,3.7,8.5,3.0,7.38587272429506,6.37,5.49,17.8,795.0,5.29,0.363
1,1.4,-10.8,12.2,1.17,177.6,185.3,2.8,25.0,0.2049,0.042,1.7,436.9,0.8175,954.0,0.422,0.5,385.53,0.0047,4.86,14.5,1.0,13.402464540544253,8.36,11.31,15.8,795.0,8.32,0.396
4,13.1,-0.2,13.2,0.74,554.7,563.6,1.9,20.0,0.2683,0.072,13.0,1108.9,0.8241,959.0,0.3943,0.5,63.17,0.1315,3.78,14.0,3.0,12.605727807198196,6.5,9.51,23.4,795.0,8.09,0.38
11,8.6,-1.0,9.6,1.15,410.0,400.8,0.0,42.0,0.3511,0.1233,18.2,1727.5,0.5909,773.0,0.5792,0.5,152.97,0.0021,3.3,14.0,3.0,12.016233080464556,5.68,8.88,17.3,795.0,7.03,0.358
1,-0.1,-9.0,8.9,0.73,202.7,208.2,1.3,63.0,0.5268,0.2775,-0.4,1281.5,0.7251,880.0,0.4482,0.5,446.3,0.1345,6.23,16.0,3.0,11.815376750423765,10.72,8.84,14.6,795.0,9.45,0.482
2,3.9,-7.4,11.3,0.3,399.2,404.7,1.4,36.0,0.3038,0.0923,7.1,1455.1,0.9012,1021.0,0.4619,0.5,292.06,0.64,4.88,13.0,3.0,12.647311891027588,8.4,9.61,20.6,795.0,7.67,0.469
12,-1.9,-14.5,12.6,0.54,289.4,291.0,2.7,47.0,0.3922,0.1538,-4.5,1361.7,0.699,859.0,0.5255,0.5,524.76,0.3137,4.3,10.5,1.0,11.465599463147065,7.4,9.76,19.3,795.0,9.53,0.419
4,10.6,2.3,8.3,0.32,488.1,484.9,2.4,31.0,0.2859,0.0817,16.3,1498.5,0.6817,845.0,0.349,0.5,108.43,0.6061,5.2,12.0,4.0,17.937815681196902,8.95,12.8,19.5,795.0,7.74,0.421
3,7.3,-6.4,13.7,1.15,396.4,384.0,0.1,46.0,0.3828,0.1465,16.8,1820.8,0.7451,896.0,0.3209,0.5,187.62,0.0025,4.7,10.0,4.0,10.795191092570953,8.09,7.49,20.4,795.0,7.66,0.376
1,-1.2,-12.8,11.6,1.52,249.8,256.8,1.6,22.0,0.1875,0.0352,-1.4,562.0,0.7828,926.0,0.3335,0.5,493.38,0.1747,4.2,15.0,1.0,13.675371018994747,7.23,11.48,15.5,795.0,6.08,0.289
11,5.1,-8.9,14.0,0.65,320.7,339.3,1.5,16.0,0.1342,0.018,4.1,516.6,0.6708,837.0,0.3419,0.5,253.03,0.2061,2.9,10.0,1.0,16.605496153807177,4.99,13.59,20.7,795.0,5.77,0.349
4,19.4,10.0,9.4,1.75,611.9,625.5,2.7,26.0,0.6341,0.4021,25.6,1613.1,0.6422,814.0,0.5513,0.5,2.46,0.4279,4.9,10.0,1.0,11.229015299859803,8.43,9.54,18.6,2166.2,10.5,0.501
11,5.9,-7.4,13.3,0.95,350.5,359.9,3.0,15.0,0.126,0.0159,4.5,530.1,0.6411,813.0,0.2862,0.5,228.26,0.0233,4.3,14.0,2.0,16.07087438858438,7.4,12.57,19.8,795.0,8.75,0.436
1,-2.4,-13.6,11.2,1.82,271.8,279.6,2.1,35.0,0.2931,0.0859,-4.2,956.1,0.3958,617.0,0.2819,0.5,548.11,0.5245,4.18,13.0,3.0,17.68412256893678,7.19,12.98,14.8,795.0,8.34,0.469
4,12.4,-0.6,13.0,1.35,589.0,597.8,0.3,49.0,0.6125,0.3751,30.7,2909.6,0.6196,796.0,0.5897,0.5,73.29,0.0622,3.82,13.2,2.0,8.282529953324541,6.57,6.71,22.2,1412.6,9.96,0.321
12,2.1,-6.8,8.9,0.69,254.5,243.2,0.6,31.0,0.2556,0.0653,3.2,780.5,0.6778,842.0,0.4187,0.5,357.41,0.1646,4.89,13.2,1.0,14.219085933529065,8.41,11.81,15.5,795.0,6.52,0.427
4,11.8,2.5,9.4,0.56,462.4,468.4,0.3,37.0,0.4221,0.1782,21.9,1716.1,0.6047,784.0,0.4383,0.5,84.17,0.2875,5.84,13.5,1.0,17.83210428725826,10.05,14.46,19.3,914.7,7.29,0.359
11,8.8,-2.6,11.4,0.61,407.3,392.1,2.4,45.0,0.3743,0.1401,19.8,1829.3,0.5399,732.0,0.5301,0.5,148.29,0.2392,4.9,10.0,1.0,10.004896225240548,8.43,8.54,20.0,795.0,9.32,0.416
3,7.9,-4.6,12.5,1.18,477.4,473.2,1.4,44.0,0.3689,0.1361,17.6,2113.6,0.9221,1038.0,0.4515,0.5,170.66,0.0072,5.7,13.5,1.0,23.17382407750145,9.81,18.72,20.5,795.0,8.18,0.383
1,-4.3,-15.7,11.4,1.54,295.6,292.7,3.9,19.0,0.1608,0.0259,-4.1,570.3,0.6835,847.0,0.4313,0.5,640.12,0.1912,11.58,11.0,3.0,17.40532562057696,19.93,13.0,16.0,795.0,7.11,0.541
12,-0.3,-10.8,10.5,1.22,229.3,215.2,3.0,65.0,0.5402,0.2918,-0.8,1486.7,0.7262,881.0,0.4857,0.5,451.61,0.0139,5.15,8.0,1.0,4.1693817951097,8.86,4.31,15.1,795.0,10.92,0.489
3,5.9,-7.5,13.4,0.91,355.8,345.9,2.9,13.0,0.109,0.0119,3.9,465.4,0.5383,731.0,0.3505,0.5,226.81,0.0366,5.11,13.0,4.0,12.188418090698546,8.79,8.37,20.1,795.0,7.71,0.46
3,12.9,2.7,10.2,1.89,437.2,429.6,0.1,52.0,0.6796,0.4618,33.3,2253.6,0.793,934.0,0.5323,0.5,65.45,0.6192,4.0,8.0,1.0,17.487803227047966,6.88,14.35,16.3,1656.6,9.76,0.464
3,6.8,-4.8,11.6,1.08,425.1,415.7,1.6,39.0,0.3212,0.1032,13.1,1638.5,0.9435,1055.0,0.5052,0.5,201.82,0.0004,5.4,10.0,1.0,11.868952918875049,9.29,10.26,19.2,795.0,8.29,0.431
2,3.6,-4.6,8.2,1.15,381.3,399.9,2.9,32.0,0.267,0.0713,5.7,1221.5,0.5441,735.0,0.4262,0.5,304.12,0.0028,4.3,12.9,2.0,14.632301659810974,7.4,11.41,15.7,795.0,7.36,0.456
1,0.9,-10.2,11.0,0.46,192.1,191.7,0.9,51.0,0.4269,0.1823,2.3,984.2,0.8682,995.0,0.4831,0.5,404.46,0.4156,4.76,6.5,3.0,21.35928987299198,8.19,16.11,16.9,795.0,8.99,0.448
4,14.0,1.6,12.4,1.24,476.1,467.7,0.8,26.0,0.3893,0.1515,18.2,1241.9,0.582,766.0,0.558,0.5,49.65,0.0188,4.9,11.4,3.0,16.356623315513595,8.43,12.13,20.3,1273.5,8.97,0.437
2,0.1,-10.5,10.5,1.34,454.1,445.4,1.2,45.0,0.3776,0.1426,0.2,2057.5,0.9273,1042.0,0.5324,0.5,437.76,0.0599,5.2,10.0,2.0,10.855180223512189,8.95,8.88,18.2,795.0,7.26,0.394
1,-3.6,-12.9,9.3,0.94,302.5,289.7,2.3,63.0,0.5241,0.2747,-11.4,1902.5,0.3736,599.0,0.5047,0.5,606.82,0.0269,5.1,11.0,2.0,14.926949065294089,8.78,11.49,15.9,795.0,9.39,0.438
4,12.9,4.5,8.5,0.81,563.5,572.6,3.5,55.0,0.7257,0.5266,35.5,3093.0,0.639,811.0,0.6944,0.5,65.08,0.0866,4.1,7.7,1.0,10.640497433601404,7.05,9.09,19.5,1235.7,11.8,0.372
12,-1.0,-9.5,8.4,1.12,222.9,216.5,3.8,51.0,0.4269,0.1822,-2.6,1141.6,0.3135,551.0,0.395,0.5,484.72,0.0003,5.9,12.0,1.0,18.61255044999643,10.15,14.81,13.6,795.0,8.21,0.482
1,-1.3,-14.1,12.8,0.89,326.5,318.0,0.7,13.0,0.1112,0.0124,-0.8,435.6,0.7789,923.0,0.2529,0.5,495.42,0.0461,4.7,12.0,2.0,9.970003212832191,8.09,8.1,19.2,795.0,5.64,0.47
3,9.3,0.8,8.5,1.28,434.9,430.4,2.4,23.0,0.191,0.0365,10.7,996.9,0.7022,862.0,0.3061,0.5,136.39,0.0328,5.62,6.9,3.0,17.343511172612864,9.67,12.97,16.4,795.0,8.06,0.356
4,13.8,1.3,12.5,0.77,504.3,488.3,2.1,46.0,0.6689,0.4474,31.5,2301.5,0.988,1090.0,0.4786,0.5,51.92,0.1071,3.8,8.6,2.0,14.218865231348982,6.54,11.45,21.9,2898.0,10.16,0.534
12,5.0,-8.1,13.1,1.28,237.6,232.6,0.1,55.0,0.4558,0.2078,13.7,1299.5,0.4709,677.0,0.587,0.5,255.21,0.034,5.08,10.5,2.0,8.009313423687606,8.74,6.38,17.1,795.0,8.03,0.4
3,5.8,-5.4,11.2,2.1,262.7,259.5,1.4,13.0,0.1083,0.0117,3.8,341.5,0.2528,502.0,0.27,0.5,231.97,1.0013,4.4,10.0,1.0,13.942711370616545,7.57,11.26,13.9,795.0,6.22,0.369
2,2.4,-7.7,10.1,1.27,335.8,349.8,1.4,35.0,0.2926,0.0856,4.2,1179.0,0.5503,740.0,0.4879,0.5,345.72,0.0285,4.37,13.9,1.0,10.635981498436053,7.52,9.02,16.3,795.0,8.08,0.509
2,1.1,-12.0,13.0,0.67,379.8,389.4,1.9,20.0,0.163,0.0266,1.1,742.7,0.4007,621.0,0.2859,0.5,396.32,0.1858,3.7,8.0,1.0,16.08357972814106,6.37,12.98,20.8,795.0,5.94,0.464
11,8.8,-2.0,10.8,0.3,277.1,278.5,0.3,18.0,0.1476,0.0218,7.8,490.9,0.6341,807.0,0.4779,0.5,150.03,0.64,4.54,12.0,2.0,9.291279441730644,7.81,7.48,18.3,795.0,5.24,0.395
12,-0.1,-13.2,13.1,1.31,290.5,271.0,3.8,29.0,0.2423,0.0587,-0.1,844.6,0.709,867.0,0.336,0.5,443.58,0.0451,4.62,14.0,1.0,15.88293598725701,7.95,13.08,17.9,795.0,8.02,0.329
4,13.8,0.5,13.3,0.63,468.5,455.9,0.1,23.0,0.3325,0.1106,15.7,1065.6,0.6745,840.0,0.3776,0.5,52.25,0.2218,5.31,8.9,3.0,15.982415264196915,9.14,11.93,22.4,1194.7,7.42,0.318
2,6.0,-5.0,11.0,0.56,262.7,259.0,3.2,30.0,0.2517,0.0634,9.0,793.6,0.6809,845.0,0.3415,0.5,225.5,0.2944,4.64,12.4,2.0,14.420940976023248,7.98,11.36,17.6,795.0,8.92,0.393
3,8.0,-1.9,10.0,1.37,396.8,397.8,3.0,48.0,0.4038,0.163,19.5,1922.5,0.4443,655.0,0.4113,0.5,167.93,0.0732,3.9,16.0,3.0,19.696764639852322,6.71,14.53,16.8,795.0,9.88,0.448
3,3.1,-7.1,10.2,0.73,504.0,506.4,2.6,17.0,0.1447,0.0209,2.7,874.8,0.7767,921.0,0.2728,0.5,320.16,0.1335,3.9,13.5,2.0,15.996137033932389,6.71,12.62,20.2,795.0,7.58,0.414
1,-0.0,-10.1,10.1,1.27,303.2,313.6,3.5,58.0,0.485,0.2352,-0.0,1764.8,0.7634,911.0,0.5825,0.5,441.05,0.0303,3.6,13.5,2.0,15.138165869420607,6.19,11.96,15.7,795.0,9.21,0.438
4,14.9,3.9,10.9,1.47,537.8,531.3,2.1,52.0,0.8621,0.7432,39.0,2822.2,1.0,1116.0,0.7625,0.5,37.73,0.1346,5.84,13.2,2.0,15.033341702723634,10.05,12.08,19.4,2209.9,10.98,0.522
1,0.4,-9.3,9.7,1.5,294.0,281.7,2.0,19.0,0.1625,0.0264,0.3,573.2,0.6454,816.0,0.2908,0.5,426.34,0.1594,4.9,11.8,2.0,12.435396816902248,8.43,9.84,14.7,795.0,7.17,0.382
11,4.5,-9.2,13.8,1.05,270.8,286.9,3.9,15.0,0.1278,0.0163,3.5,415.1,0.7921,934.0,0.4516,0.5,271.0,0.0024,5.3,9.4,1.0,13.935535394694805,9.12,11.69,18.8,795.0,7.0,0.409
1,-3.0,-15.3,12.3,1.04,263.9,265.4,1.8,38.0,0.3165,0.1002,-5.6,1002.4,0.6868,849.0,0.3541,0.5,574.78,0.0035,6.16,14.0,2.0,17.773352223573486,10.6,13.88,17.5,795.0,7.38,0.307
1,-1.1,-9.5,8.4,1.08,244.5,254.8,0.8,21.0,0.1775,0.0315,-1.2,520.7,0.5474,738.0,0.4014,0.5,490.05,0.0006,7.9,15.8,2.0,10.59682390371583,13.59,8.39,14.0,795.0,7.83,0.276
2,1.3,-11.4,12.7,0.66,377.7,357.7,3.3,17.0,0.1447,0.0209,1.1,655.8,0.6019,781.0,0.3583,0.5,389.37,0.1965,4.3,12.0,2.0,9.773450054473933,7.4,7.81,20.5,795.0,7.74,0.427
11,5.8,-3.1,8.9,1.02,306.2,323.7,3.6,23.0,0.194,0.0376,6.8,712.8,0.5134,711.0,0.3748,0.5,230.76,0.0061,3.6,11.0,4.0,12.559458245574865,6.19,8.63,15.5,795.0,6.79,0.48
1,2.6,-10.1,12.7,1.51,141.8,162.2,1.9,42.0,0.3534,0.1249,5.5,601.5,0.5639,751.0,0.4634,0.5,338.87,0.1675,5.6,9.0,4.0,18.409164145348193,9.64,13.06,14.8,795.0,7.15,0.332
12,1.9,-6.1,8.0,0.83,131.2,112.0,3.0,51.0,0.4241,0.1799,4.7,668.0,0.8914,1013.0,0.3495,0.5,366.24,0.0716,4.94,12.5,1.0,18.249466062897525,8.5,15.0,12.6,795.0,9.8,0.41
1,-2.9,-13.3,10.4,1.61,190.4,187.8,1.7,36.0,0.3005,0.0903,-5.2,686.5,0.5286,723.0,0.4287,0.5,570.77,0.2632,6.5,11.4,2.0,7.974677407922642,11.18,6.4,13.4,795.0,6.7,0.387
12,1.1,-12.9,14.0,0.9,189.3,190.2,3.4,44.0,0.3694,0.1365,2.4,839.2,0.7218,877.0,0.542,0.5,397.1,0.042,4.0,10.5,2.0,16.78518393429629,6.88,13.17,18.1,795.0,8.08,0.477
12,0.8,-12.1,12.9,2.16,272.2,264.4,3.9,47.0,0.395,0.156,1.9,1290.2,0.6828,846.0,0.3921,0.5,408.55,1.1227,5.07,10.4,2.0,16.07631754545108,8.72,12.6,15.3,795.0,9.16,0.485
1,-2.4,-13.6,11.3,0.3,258.5,279.0,0.5,34.0,0.2867,0.0822,-4.0,889.6,0.4767,681.0,0.3314,0.5,545.36,0.64,5.2,11.4,4.0,14.549461241164316,8.95,10.09,18.4,795.0,6.87,0.413
12,0.8,-8.6,9.4,0.87,396.5,394.7,3.5,25.0,0.2113,0.0447,1.1,1005.4,0.6795,844.0,0.369,0.5,406.22,0.0546,4.4,12.8,3.0,15.22517268987259,7.57,11.36,17.6,795.0,7.98,0.354
4,13.2,3.8,9.4,0.96,567.9,555.9,3.2,64.0,0.8672,0.752,41.9,3614.5,0.5009,701.0,0.6941,0.5,61.23,0.0192,6.77,10.5,1.0,11.355301666935738,11.65,9.52,19.9,2416.0,12.45,0.365
4,9.4,-4.4,13.8,1.11,564.5,569.7,2.6,63.0,0.5236,0.2742,29.6,3547.2,0.7356,888.0,0.6203,0.5,134.14,0.0002,5.8,13.5,3.0,14.14462046835053,9.98,10.6,23.1,795.0,9.01,0.412
3,10.5,-3.3,13.9,1.15,361.5,357.6,1.0,14.0,0.1326,0.0176,7.6,519.4,0.3923,614.0,0.3062,0.5,109.46,0.0029,4.12,7.0,1.0,12.560671065838003,7.09,10.33,19.9,795.0,5.81,0.464
3,3.4,-10.5,13.9,1.16,411.1,394.1,0.3,14.0,0.119,0.0142,2.4,587.2,0.5942,775.0,0.2976,0.5,311.05,0.0036,5.32,8.0,2.0,18.03846549400282,9.15,14.0,20.7,795.0,6.34,0.396
4,13.7,5.4,8.4,1.06,574.6,561.5,1.7,25.0,0.3634,0.1321,17.1,1435.3,0.5719,757.0,0.3469,0.5,52.86,0.0014,4.96,7.0,4.0,17.263585617868014,8.53,12.21,18.9,2132.5,8.32,0.357
3,3.9,-7.1,11.0,1.37,404.3,420.1,1.1,16.0,0.1295,0.0168,3.0,628.5,0.868,994.0,0.3611,0.5,292.4,0.0725,3.26,11.0,3.0,13.26175840023047,5.61,10.04,17.8,795.0,6.55,0.332
3,3.3,-8.1,11.5,1.07,333.2,345.5,3.6,32.0,0.2699,0.0729,5.4,1079.5,0.5448,736.0,0.3461,0.5,312.63,0.0009,4.0,15.2,2.0,13.788501695865437,6.88,10.78,17.8,795.0,8.96,0.365
2,2.9,-5.9,8.7,2.25,432.8,443.9,3.9,37.0,0.3088,0.0954,5.3,1604.0,0.7109,869.0,0.3842,0.5,328.64,1.3339,4.6,12.0,1.0,12.769264610331554,7.91,10.75,14.1,795.0,8.61,0.457
12,-1.4,-13.1,11.6,0.8,189.5,181.4,3.1,19.0,0.155,0.024,-1.3,352.4,0.7972,938.0,0.4206,0.5,503.47,0.0907,5.01,12.7,1.0,14.418566366507267,8.62,12.05,16.4,795.0,7.96,0.458
11,8.1,-0.7,8.8,0.65,237.4,241.1,1.5,41.0,0.3387,0.1147,16.4,964.8,0.6881,850.0,0.427,0.5,167.68,0.2011,5.6,13.5,2.0,19.784935076291397,9.64,15.39,15.3,795.0,6.93,0.466
2,-2.7,-13.0,10.3,1.73,289.1,288.5,0.8,13.0,0.1107,0.0123,-1.8,384.0,0.7995,940.0,0.279,0.5,561.37,0.3963,4.73,11.0,1.0,12.700934729957664,8.14,10.77,14.6,795.0,5.83,0.405
12,2.8,-9.4,12.2,1.03,274.7,265.1,0.4,40.0,0.3303,0.1091,5.6,1088.8,0.6698,836.0,0.3758,0.5,329.77,0.0043,4.94,13.0,2.0,20.0511609752511,8.5,15.57,17.6,795.0,6.47,0.518
4,6.8,-1.9,8.7,1.3,561.5,565.8,2.1,60.0,0.5041,0.2541,20.7,3396.7,0.8047,944.0,0.4714,0.5,200.72,0.0395,3.86,15.4,2.0,17.820588211050655,6.64,14.01,18.5,795.0,9.36,0.449
11,13.9,0.2,13.7,1.06,242.0,236.4,0.2,10.0,0.1542,0.0238,7.2,252.0,0.4404,652.0,0.2824,0.5,50.59,0.0018,5.33,12.5,1.0,13.562147505686026,9.17,11.12,18.2,795.0,7.7,0.311
3,11.7,1.5,10.2,0.78,397.5,387.2,0.8,33.0,0.3677,0.1352,19.2,1301.6,0.4313,645.0,0.467,0.5,85.79,0.1025,4.4,13.5,1.0,12.269171413907436,7.57,10.15,18.5,795.0,7.24,0.495
12,0.5,-13.3,13.8,1.51,185.9,170.6,1.4,10.0,0.0846,0.0072,0.3,188.7,0.5651,752.0,0.2764,0.5,419.88,0.1707,5.4,13.0,2.0,7.586068822661972,9.29,6.14,16.3,795.0,6.36,0.338
4,11.7,-1.7,13.4,1.32,367.6,370.4,0.4,61.0,0.6813,0.4642,35.7,2245.0,0.6927,854.0,0.6759,0.5,86.63,0.0491,5.8,13.1,4.0,15.511919599337485,9.98,10.99,19.2,1821.1,9.46,0.416
4,15.7,3.0,12.7,0.58,540.8,536.6,3.4,53.0,0.9402,0.8839,41.4,2856.6,0.642,814.0,0.7069,0.5,28.31,0.2697,4.2,12.0,1.0,13.386308459372849,7.23,11.15,23.1,2100.7,11.39,0.581
12,1.7,-11.1,12.8,0.75,202.6,206.1,0.3,49.0,0.4105,0.1685,4.3,998.0,0.8508,981.0,0.3016,0.5,370.88,0.1203,4.06,14.0,3.0,17.751808457042145,6.99,13.39,17.7,795.0,8.1,0.466
2,-2.9,-14.8,11.9,0.87,368.4,370.2,0.9,24.0,0.2034,0.0414,-3.6,899.1,0.8315,965.0,0.4575,0.5,572.07,0.0522,5.14,4.5,2.0,15.03768859078494,8.84,11.94,19.2,795.0,6.13,0.505
3,7.5,-1.9,9.4,1.72,397.8,379.0,0.0,59.0,0.4947,0.2447,22.2,2361.4,0.4799,684.0,0.6639,0.5,182.75,0.3835,5.24,11.0,3.0,15.472119107412103,9.02,11.39,15.5,795.0,8.83,0.424
2,2.8,-6.7,9.5,1.01,350.9,361.6,1.4,14.0,0.1173,0.0138,2.0,494.1,0.4947,696.0,0.2602,0.5,331.98,0.0084,4.02,11.0,2.0,11.950237138796616,6.92,9.36,16.6,795.0,5.85,0.285
3,5.3,-6.3,11.6,0.72,345.7,349.5,1.7,24.0,0.2034,0.0414,6.4,843.9,0.5646,752.0,0.373,0.5,247.43,0.1428,6.6,11.0,3.0,22.325822901277043,11.36,16.6,19.0,795.0,5.76,0.286
11,5.6,-6.1,11.7,0.65,278.1,271.4,0.3,33.0,0.2744,0.0753,9.3,915.8,0.5462,737.0,0.3988,0.5,236.47,0.2062,6.52,7.4,3.0,11.82504095810858,11.22,8.71,18.2,795.0,5.41,0.399
11,7.2,-1.6,8.9,0.64,351.8,356.4,1.3,31.0,0.2582,0.0666,11.2,1089.9,0.4271,642.0,0.4616,0.5,189.48,0.214,4.9,16.5,4.0,17.880789462426996,8.43,12.55,17.1,795.0,6.83,0.351
4,13.9,5.5,8.4,0.3,489.8,478.6,3.6,32.0,0.4713,0.2222,22.1,1560.2,0.6695,836.0,0.5447,0.5,50.73,0.64,4.7,11.0,3.0,13.101180219396467,8.09,9.76,19.6,2013.6,7.77,0.481
4,18.2,8.6,9.5,0.93,577.1,576.5,2.5,54.0,1.0,1.0,48.9,3106.2,0.7459,897.0,0.7552,0.5,7.91,0.028,5.9,12.0,2.0,12.504532064051062,10.15,9.98,20.3,2733.1,11.26,0.508
1,-2.0,-12.5,10.5,0.43,322.1,326.8,2.8,19.0,0.1577,0.0249,-1.9,609.5,0.672,838.0,0.3655,0.5,529.18,0.4517,4.0,10.0,2.0,18.62495498312461,6.88,14.51,18.4,795.0,7.31,0.37
3,7.4,-3.8,11.3,1.42,510.4,519.0,0.6,29.0,0.2386,0.057,10.6,1461.8,0.4484,659.0,0.4326,0.5,184.03,0.0993,5.5,17.2,3.0,13.621126132268152,9.46,9.97,19.4,795.0,6.66,0.377
2,-0.8,-13.8,13.0,0.79,389.1,398.4,2.2,17.0,0.1448,0.021,-0.7,676.1,0.8911,1013.0,0.27,0.5,475.16,0.0963,4.0,8.5,4.0,18.11396864224105,6.88,13.1,20.5,795.0,6.41,0.437
11,11.3,-2.5,13.8,1.2,245.1,231.9,1.5,35.0,0.3708,0.1375,20.0,868.3,0.7677,914.0,0.4456,0.5,94.47,0.0095,5.6,8.9,2.0,8.413476073186139,9.64,6.92,18.0,1939.2,8.47,0.344
2,0.4,-12.1,12.6,0.45,310.1,291.2,0.1,15.0,0.129,0.0166,0.3,479.9,0.8123,950.0,0.432,0.5,422.71,0.4278,4.1,13.2,3.0,17.238081069029818,7.05,12.98,19.9,795.0,7.22,0.345
12,-3.2,-17.0,13.8,1.86,236.0,241.9,2.4,60.0,0.4978,0.2478,-9.6,1410.0,0.4645,672.0,0.5531,0.5,587.0,0.5791,4.92,12.7,3.0,15.887608309941747,8.47,11.69,16.2,795.0,8.63,0.504
1,-2.3,-14.4,12.1,0.38,238.2,249.2,0.4,10.0,0.0849,0.0072,-1.2,242.6,0.6865,849.0,0.2873,0.5,542.63,0.5192,6.5,13.5,2.0,8.94666766664004,11.18,7.26,18.6,795.0,4.74,0.386
12,4.0,-5.4,9.4,0.8,232.6,219.8,3.0,46.0,0.3853,0.1485,9.2,1075.8,0.4221,638.0,0.4287,0.5,290.28,0.0928,5.38,9.6,4.0,13.600680302910703,9.26,9.34,15.3,795.0,8.31,0.337
4,15.5,3.1,12.4,0.33,451.1,452.4,3.6,25.0,0.4344,0.1887,19.3,1123.3,0.7439,895.0,0.3643,0.5,30.6,0.5955,3.87,11.0,1.0,12.261931081517627,6.66,10.39,22.1,1409.0,9.25,0.423
3,9.6,-1.3,10.9,0.47,517.4,516.7,1.1,30.0,0.2541,0.0646,14.6,1578.0,0.9367,1049.0,0.4473,0.5,130.31,0.3947,5.07,9.5,1.0,10.248303709937883,8.72,9.04,21.6,795.0,8.98,0.515
11,8.0,-4.6,12.6,0.68,328.3,319.6,1.9,13.0,0.1108,0.0123,5.3,436.5,0.704,863.0,0.4063,0.5,168.85,0.179,10.17,10.0,3.0,16.58084499090798,17.5,12.4,19.6,795.0,6.32,0.403
12,-0.2,-11.8,11.6,0.73,341.6,348.9,0.8,61.0,0.5052,0.2552,-0.6,2070.9,0.5071,706.0,0.4997,0.5,449.89,0.1398,5.2,14.0,3.0,14.777854732590399,8.95,10.89,18.9,795.0,8.22,0.468
11,3.9,-4.5,8.4,1.48,296.8,284.5,3.4,40.0,0.3359,0.1129,7.8,1196.6,0.6335,807.0,0.4303,0.5,292.82,0.1442,5.68,10.7,3.0,11.027145564484666,9.77,8.18,13.8,795.0,8.8,0.485
12,-0.1,-11.2,11.0,1.03,270.9,258.5,3.5,63.0,0.5266,0.2773,-0.5,1712.0,0.937,1050.0,0.5299,0.5,447.01,0.0045,10.99,13.0,3.0,13.757696674131921,18.91,10.47,16.6,795.0,9.5,0.466
1,-1.2,-13.3,12.1,0.45,295.5,285.4,3.7,17.0,0.1437,0.0207,-1.0,509.7,0.7774,922.0,0.2879,0.5,493.49,0.4239,4.07,13.0,3.0,14.709100012179558,7.0,11.05,19.3,795.0,5.89,0.353
4,13.2,4.1,9.1,1.62,516.9,509.6,1.3,40.0,0.5469,0.2991,26.4,2071.4,0.7711,917.0,0.4716,0.5,61.03,0.2693,4.66,6.4,2.0,13.081653426314244,8.02,10.43,17.3,1896.5,8.05,0.51
4,16.7,8.6,8.1,1.05,546.1,534.4,1.2,29.0,0.5583,0.3117,23.9,1564.9,0.6139,791.0,0.4898,0.5,18.59,0.0028,5.14,10.0,3.0,14.447214949568426,8.84,10.73,18.3,2206.4,8.52,0.445
1,-2.6,-15.5,13.0,1.06,240.3,238.7,3.6,42.0,0.3517,0.1237,-5.4,1013.9,0.789,931.0,0.4701,0.5,554.9,0.0013,6.37,11.3,4.0,15.405162854958036,10.96,10.99,17.6,795.0,8.89,0.405
2,0.1,-12.4,12.4,1.39,387.0,388.3,3.1,36.0,0.2976,0.0886,0.1,1382.1,0.6192,795.0,0.4267,0.5,438.79,0.0826,3.96,16.9,1.0,15.506149434944966,6.81,12.72,18.6,795.0,7.12,0.468
4,10.5,2.0,8.5,0.56,448.0,435.6,0.3,13.0,0.119,0.0142,6.8,577.0,0.5488,739.0,0.2603,0.5,109.35,0.2886,4.28,8.5,1.0,18.365759870304363,7.36,14.81,18.4,795.0,5.75,0.415
1,-1.5,-9.5,8.1,0.75,377.8,366.0,3.7,43.0,0.3618,0.1309,-3.2,1640.4,0.8143,951.0,0.4019,0.5,504.92,0.1248,3.2,12.0,2.0,13.703732016795245,5.51,10.93,16.5,795.0,8.3,0.334
11,5.4,-3.5,8.8,0.71,348.5,366.2,1.0,57.0,0.4785,0.229,15.4,2001.2,0.6567,825.0,0.592,0.5,244.82,0.1486,4.29,8.5,1.0,13.84275390023804,7.38,11.51,16.8,795.0,7.29,0.384
1,0.6,-10.1,10.7,1.74,232.1,234.2,1.1,20.0,0.1697,0.0288,0.6,472.6,0.8455,976.0,0.2885,0.5,416.43,0.4079,4.6,13.2,4.0,17.855397723825213,7.91,12.87,14.0,795.0,7.34,0.382
11,4.7,-4.4,9.1,1.09,268.5,259.1,2.8,30.0,0.2484,0.0617,7.0,800.5,0.78,924.0,0.5299,0.5,265.66,0.0001,3.21,13.8,4.0,18.402314533951955,5.52,13.23,14.9,795.0,8.24,0.349
1,-2.6,-15.6,13.0,1.17,275.5,262.5,1.6,30.0,0.2524,0.0637,-4.0,834.3,0.6267,801.0,0.4165,0.5,558.26,0.0054,6.17,10.0,2.0,14.890528837466185,10.62,11.67,17.9,795.0,6.75,0.459
12,0.3,-12.5,12.8,1.16,199.4,200.9,1.1,65.0,0.5376,0.289,1.0,1286.2,0.661,829.0,0.6351,0.5,428.27,0.004,4.2,12.5,2.0,18.015243830967748,7.23,14.04,16.6,795.0,7.42,0.55
12,-0.1,-8.5,8.4,1.18,317.6,325.8,4.0,58.0,0.4795,0.2299,-0.4,1827.1,0.7826,926.0,0.482,0.5,446.91,0.006,4.49,7.0,2.0,11.198775014318926,7.73,9.03,14.8,795.0,8.58,0.401
1,-1.2,-14.4,13.2,0.89,283.2,288.0,3.3,60.0,0.4994,0.2494,-3.7,1697.0,0.3734,599.0,0.4839,0.5,493.88,0.046,3.71,12.0,2.0,14.98625507421795,6.38,11.54,18.9,795.0,8.46,0.406
1,-0.5,-12.7,12.1,1.18,236.7,239.4,1.8,58.0,0.4844,0.2346,-1.6,1375.7,0.4471,658.0,0.5547,0.5,464.4,0.0058,2.5,7.8,1.0,14.648303316385574,4.3,11.94,16.6,795.0,8.27,0.557
11,4.3,-7.9,12.2,0.84,259.1,245.5,1.6,38.0,0.3196,0.1022,8.2,993.8,0.539,731.0,0.4695,0.5,278.83,0.0671,4.3,15.0,1.0,14.914719517791019,7.4,12.22,17.8,795.0,7.77,0.437
3,4.5,-7.9,12.3,1.13,437.8,428.7,3.4,17.0,0.1381,0.0191,3.7,725.7,0.712,870.0,0.3901,0.5,272.33,0.0012,4.2,10.5,2.0,14.838330936681496,7.23,11.7,19.9,795.0,7.91,0.417
11,7.6,-2.5,10.1,0.47,288.8,294.0,0.1,16.0,0.1342,0.018,6.1,465.3,0.9706,1076.0,0.3558,0.5,179.69,0.4022,3.7,15.0,1.0,12.053074557150538,6.37,10.42,17.5,795.0,6.96,0.364
1,-0.4,-11.7,11.3,1.2,312.2,312.0,3.9,23.0,0.1926,0.0371,-0.4,721.5,0.6325,806.0,0.302,0.5,457.2,0.0107,4.83,10.0,3.0,17.91741254860457,8.31,13.34,17.0,795.0,9.32,0.42
3,4.5,-3.5,8.0,0.75,453.3,468.2,2.5,38.0,0.3146,0.099,8.5,1711.4,0.587,770.0,0.3193,0.5,271.57,0.1216,6.26,10.0,2.0,14.289929033204759,10.77,11.19,17.7,795.0,7.44,0.469
11,10.8,2.2,8.5,1.58,270.6,274.6,2.8,39.0,0.3761,0.1415,21.1,1060.1,0.7875,930.0,0.3649,0.5,104.83,0.2269,3.3,8.8,3.0,14.119014463645168,5.68,10.62,13.3,795.0,9.07,0.473
1,-0.5,-11.3,10.7,1.07,284.4,275.9,1.9,22.0,0.18,0.0324,-0.6,614.4,0.5591,747.0,0.3106,0.5,463.26,0.0007,4.9,10.0,3.0,12.565514133341793,8.43,9.27,16.5,795.0,7.28,0.464
1,1.4,-8.1,9.5,1.46,268.2,279.5,1.8,51.0,0.4212,0.1774,3.4,1355.5,0.5988,779.0,0.4773,0.5,385.78,0.1301,11.23,12.5,1.0,13.773831872597178,19.32,11.41,14.3,795.0,8.14,0.382
11,9.5,-3.9,13.4,1.62,383.4,392.0,1.4,27.0,0.2216,0.0491,12.7,1019.7,0.4832,687.0,0.3269,0.5,131.22,0.2749,6.0,8.5,1.0,15.278746082101353,10.32,12.45,18.7,795.0,7.59,0.418
12,5.7,-7.5,13.2,0.78,269.0,278.5,1.5,55.0,0.4554,0.2074,15.6,1469.9,0.8625,990.0,0.5037,0.5,234.1,0.0997,3.17,10.0,1.0,15.062669754943629,5.45,12.59,19.0,795.0,8.06,0.432
1,-0.7,-14.6,13.9,1.4,399.1,391.2,0.2,48.0,0.3994,0.1595,-1.6,1912.8,0.8185,955.0,0.6218,0.5,470.04,0.0927,6.0,13.0,3.0,14.803307073652935,10.32,11.16,19.9,795.0,9.19,0.565
3,3.1,-6.9,10.0,0.98,466.9,474.6,2.3,59.0,0.494,0.244,9.1,2768.0,0.7843,927.0,0.5836,0.5,321.35,0.0155,6.04,10.0,3.0,16.506558447249596,10.39,12.41,18.9,795.0,10.32,0.301
3,9.8,1.7,8.1,0.72,438.5,450.3,3.3,20.0,0.1677,0.0281,9.9,882.5,0.5428,734.0,0.2775,0.5,124.95,0.1406,4.4,11.0,3.0,15.60063722924771,7.57,11.53,17.6,795.0,6.93,0.342
12,2.7,-7.8,10.5,1.94,216.1,199.8,2.9,11.0,0.0884,0.0078,1.4,229.2,0.7988,939.0,0.3134,0.5,334.33,0.7087,4.77,11.5,4.0,12.236092924666643,8.21,8.62,13.1,795.0,6.11,0.249
1,0.6,-12.8,13.4,1.44,323.2,328.1,2.4,61.0,0.5103,0.2604,2.0,1979.1,0.6352,808.0,0.6075,0.5,414.32,0.1157,4.3,10.0,1.0,18.763696070632793,7.4,15.18,18.3,795.0,8.79,0.445
3,6.5,-6.0,12.5,1.48,331.7,338.1,3.7,11.0,0.0956,0.0091,3.7,380.4,0.6531,822.0,0.39,0.5,210.84,0.1435,4.58,11.0,3.0,18.300789942058408,7.88,13.65,17.6,795.0,7.0,0.426
11,8.8,0.7,8.1,1.59,335.2,343.2,0.7,15.0,0.1263,0.0159,6.7,508.0,0.5644,752.0,0.2944,0.5,148.47,0.2444,4.31,17.2,2.0,7.5770490741665295,7.42,6.13,13.8,795.0,4.75,0.394
12,5.3,-3.7,9.0,1.06,260.2,254.2,1.1,46.0,0.3869,0.1497,12.3,1207.8,0.7839,927.0,0.3405,0.5,246.68,0.0014,4.91,15.6,3.0,14.94751897239281,8.45,11.24,14.8,795.0,8.68,0.547
2,3.6,-6.2,9.8,0.66,344.8,342.3,1.3,39.0,0.3267,0.1067,7.0,1351.7,0.5952,776.0,0.4282,0.5,303.94,0.1937,5.13,14.2,4.0,7.820979892726639,8.83,5.14,17.6,795.0,8.22,0.296
4,12.4,-1.6,14.0,1.37,507.5,509.8,1.2,15.0,0.1801,0.0324,9.1,740.9,0.7597,908.0,0.3008,0.5,73.92,0.0735,5.2,19.0,3.0,12.667566058851472,8.95,9.51,21.7,1998.6,5.45,0.434
1,4.2,-4.0,8.2,1.45,204.1,196.4,0.8,21.0,0.1769,0.0313,4.5,433.3,0.8416,973.0,0.3559,0.5,282.46,0.1237,4.49,17.6,1.0,9.079505743796242,7.73,8.08,12.3,795.0,7.01,0.436
1,-2.0,-12.6,10.6,1.54,406.4,415.8,0.9,19.0,0.1573,0.0247,-1.9,767.2,0.6982,859.0,0.2261,0.5,530.59,0.1974,4.6,9.0,2.0,13.045539218674527,7.91,10.34,17.0,795.0,7.13,0.365
12,5.5,-6.8,12.3,1.19,278.7,276.1,2.8,62.0,0.5204,0.2709,17.2,1740.8,0.716,873.0,0.5473,0.5,240.32,0.0072,4.01,17.6,3.0,18.431446464916146,6.9,13.8,17.3,795.0,9.05,0.55
1,-3.6,-17.5,13.9,1.16,373.4,366.2,3.6,52.0,0.4296,0.1846,-9.2,1924.9,0.6834,847.0,0.5211,0.5,603.33,0.0037,10.58,8.0,2.0,8.305036301087902,18.2,6.78,20.1,795.0,10.29,0.509
4,17.8,8.2,9.6,0.74,396.8,382.4,0.8,39.0,0.8225,0.6765,34.3,1528.4,0.5104,708.0,0.7182,0.5,10.17,0.1275,4.8,11.0,1.0,14.08207176664004,8.26,11.57,18.1,3061.8,10.14,0.53
4,10.2,-0.1,10.3,0.92,483.7,485.4,2.9,20.0,0.1727,0.0298,10.1,957.3,0.7152,872.0,0.482,0.5,115.84,0.0333,5.4,13.0,2.0,17.35414079052949,9.29,13.59,19.5,795.0,6.29,0.231
3,6.4,-3.7,10.1,0.81,318.5,318.5,1.0,49.0,0.4123,0.17,15.9,1575.9,0.8581,986.0,0.5532,0.5,212.67,0.0854,5.4,10.5,2.0,12.049148938992657,9.29,9.72,17.2,795.0,7.5,0.486
1,-1.3,-14.2,12.9,1.15,224.8,223.5,1.9,12.0,0.0979,0.0096,-0.8,264.1,0.6323,806.0,0.4043,0.5,497.4,0.0022,3.6,17.0,3.0,8.682733578652126,6.19,6.42,17.1,795.0,6.11,0.352
4,12.4,3.7,8.7,1.25,458.4,454.9,2.1,50.0,0.6118,0.3742,30.8,2282.4,0.5696,756.0,0.5026,0.5,74.45,0.0239,4.92,13.0,3.0,13.854410446265732,8.47,10.25,17.0,1281.3,10.38,0.436
1,-4.6,-15.8,11.2,0.74,140.6,154.0,3.1,47.0,0.3945,0.1557,-10.9,665.7,0.8074,946.0,0.3769,0.5,655.05,0.1314,5.1,17.1,2.0,10.981628350106329,8.78,8.88,15.5,795.0,8.16,0.469
12,3.5,-8.6,12.1,1.01,206.2,180.8,2.5,38.0,0.3129,0.0979,6.6,774.4,0.5363,729.0,0.4506,0.5,305.28,0.0075,3.52,12.0,1.0,9.439996914568368,6.06,8.11,16.5,795.0,7.89,0.496
12,1.6,-11.8,13.4,0.3,373.0,379.4,3.7,13.0,0.1055,0.0111,1.0,472.5,0.6354,808.0,0.2879,0.5,375.87,0.6331,5.08,17.0,4.0,15.721552951244421,8.74,11.1,21.9,795.0,8.65,0.297
3,5.8,-7.7,13.5,1.39,491.7,509.2,3.9,21.0,0.1751,0.0307,6.0,1033.4,0.7048,864.0,0.2626,0.5,232.41,0.082,5.03,15.0,3.0,12.81552293927728,8.65,9.58,21.0,795.0,8.3,0.393
1,-2.8,-11.1,8.3,1.15,499.5,494.4,2.9,62.0,0.5203,0.2707,-8.7,3118.4,0.5552,744.0,0.5638,0.5,566.14,0.0026,4.6,9.3,3.0,9.670642764263029,7.91,7.1,17.5,795.0,8.53,0.415
1,3.3,-7.6,10.9,1.08,258.4,269.0,1.4,12.0,0.101,0.0102,2.0,313.3,0.9989,1099.0,0.2468,0.5,311.7,0.0002,5.0,8.6,1.0,13.484877474815079,8.6,11.51,16.2,795.0,6.36,0.309
12,0.8,-8.1,8.8,0.89,242.9,231.3,3.2,10.0,0.087,0.0076,0.4,253.7,0.686,849.0,0.3651,0.5,409.82,0.0457,4.29,14.0,2.0,16.876858920411856,7.38,13.21,14.8,795.0,4.47,0.324
12,-0.9,-11.9,11.0,0.66,238.1,239.1,0.3,52.0,0.4367,0.1907,-2.3,1247.7,0.0519,342.0,0.5896,0.5,479.21,0.1914,5.2,12.4,3.0,14.249851516945172,8.95,10.13,17.0,795.0,7.9,0.442
12,4.5,-6.4,10.9,0.94,293.0,312.2,1.3,42.0,0.3487,0.1216,9.4,1226.0,0.3537,583.0,0.505,0.5,272.02,0.026,4.76,11.3,2.0,16.817840104533566,8.19,12.9,17.1,795.0,7.93,0.57
12,2.1,-9.3,11.4,1.54,241.1,236.3,3.8,22.0,0.1851,0.0343,2.3,535.4,0.6386,811.0,0.5603,0.5,357.71,0.1965,6.5,10.0,2.0,19.694823108489473,11.18,15.28,15.1,795.0,8.13,0.411
3,9.0,-2.9,11.9,1.09,460.1,467.7,2.7,33.0,0.2726,0.0743,14.7,1505.0,0.6787,843.0,0.5237,0.5,144.42,0.0001,4.3,9.0,3.0,14.40519065471526,7.4,10.75,20.0,795.0,8.13,0.338
4,11.4,2.4,9.0,1.48,517.6,534.2,3.9,53.0,0.5604,0.3141,30.0,2731.1,0.6715,837.0,0.5636,0.5,92.69,0.1462,3.28,10.0,2.0,19.229379845624603,5.64,14.96,17.6,867.7,9.8,0.45
1,-4.0,-17.0,13.0,1.23,313.1,312.2,4.0,23.0,0.1912,0.0365,-4.6,718.3,0.4678,674.0,0.3913,0.5,626.3,0.017,3.8,14.2,2.0,12.672123473701518,6.54,9.88,18.3,795.0,7.08,0.389
12,0.4,-8.5,8.9,1.32,316.5,302.2,3.8,34.0,0.2816,0.0793,0.7,1069.4,0.5167,713.0,0.4089,0.5,422.83,0.0486,6.7,12.0,3.0,13.295015859355733,11.53,9.78,14.9,795.0,8.53,0.348
1,4.0,-5.1,9.1,1.53,329.2,319.3,1.4,16.0,0.135,0.0182,3.2,533.3,0.6724,838.0,0.329,0.5,288.65,0.1872,5.4,9.6,4.0,19.582791393325557,9.29,14.03,14.7,795.0,6.39,0.385
12,1.2,-11.5,12.7,0.68,308.0,306.2,2.9,48.0,0.3977,0.1582,2.9,1469.8,1.0,1105.0,0.4189,0.5,391.89,0.1768,5.35,12.5,1.0,21.666003905226773,9.21,17.65,19.3,795.0,8.01,0.381
11,9.2,-0.3,9.5,0.66,345.9,353.6,2.3,64.0,0.5329,0.284,29.5,2212.1,0.3525,582.0,0.5818,0.5,138.84,0.1901,6.2,10.5,4.0,15.552663088182317,10.67,10.75,17.4,795.0,7.69,0.544
3,6.4,-6.2,12.6,0.77,459.0,460.5,3.0,65.0,0.5398,0.2914,20.7,2972.8,0.3332,567.0,0.5197,0.5,213.34,0.1077,4.5,12.0,4.0,9.669765661348247,7.74,6.32,21.3,795.0,10.1,0.458
1,-7.3,-19.8,12.5,1.0,203.2,209.3,1.7,33.0,0.2768,0.0766,-12.0,674.9,0.8542,983.0,0.3337,0.5,798.1,0.011,5.19,10.0,2.0,9.182191250472732,8.93,7.57,16.9,795.0,8.84,0.432
2,7.5,-0.8,8.3,1.51,238.5,245.0,1.2,48.0,0.4023,0.1618,18.2,1151.4,0.7595,908.0,0.6215,0.5,181.53,0.1709,5.44,11.0,4.0,7.2701402193133555,9.36,4.86,12.8,795.0,8.67,0.538
2,-0.5,-13.8,13.3,0.81,378.8,368.8,3.1,23.0,0.1933,0.0374,-0.6,878.7,0.8396,972.0,0.2477,0.5,463.16,0.0816,4.3,12.0,1.0,20.241436521332943,7.4,16.45,20.6,795.0,6.65,0.486
11,7.7,-3.2,11.0,1.03,342.5,354.1,0.2,41.0,0.3455,0.1194,16.0,1420.2,0.8329,966.0,0.4185,0.5,176.26,0.0048,6.5,10.6,3.0,19.6175164637203,11.18,14.78,17.6,795.0,7.74,0.419
3,11.2,-1.7,12.9,1.32,427.7,426.3,0.4,29.0,0.2964,0.0879,16.1,1233.3,0.7715,917.0,0.428,0.5,96.68,0.0485,4.4,7.7,2.0,15.231013252206468,7.57,12.04,19.7,795.0,6.35,0.448
1,-3.8,-16.0,12.1,0.76,318.0,312.9,1.4,37.0,0.3057,0.0935,-7.0,1166.4,0.7198,876.0,0.4511,0.5,616.3,0.1124,6.5,7.0,1.0,15.394816729041372,11.18,12.72,18.9,795.0,7.11,0.365
11,5.2,-8.2,13.5,0.46,311.4,300.7,0.4,28.0,0.236,0.0557,7.4,882.0,0.5207,717.0,0.3715,0.5,249.15,0.4123,4.4,10.0,1.0,17.164345852116313,7.57,13.89,20.6,795.0,8.44,0.482
12,6.2,-5.8,12.0,1.17,277.2,292.8,2.8,16.0,0.1337,0.0179,5.0,444.7,0.5758,761.0,0.3627,0.5,218.7,0.0048,6.22,15.6,2.0,13.617339113973221,10.7,10.67,17.1,795.0,7.36,0.476
1,1.1,-7.1,8.3,0.65,313.7,319.1,0.2,39.0,0.3263,0.1065,2.2,1228.2,0.7598,908.0,0.4634,0.5,394.93,0.1989,4.44,9.0,1.0,18.206728774703016,7.64,14.86,16.0,795.0,7.46,0.391
3,7.0,-2.7,9.7,1.47,448.6,444.1,2.1,45.0,0.3776,0.1426,15.8,2033.0,0.5193,715.0,0.4626,0.5,196.45,0.1386,4.6,11.1,3.0,17.983739778174524,7.91,13.3,17.1,795.0,7.67,0.337
3,8.7,-3.0,11.7,1.2,406.9,382.9,0.9,55.0,0.459,0.2107,24.0,2241.4,0.5387,731.0,0.5302,0.5,151.0,0.0099,4.2,10.0,1.0,13.306133756173152,7.23,11.01,18.8,795.0,8.13,0.467
1,-1.3,-11.1,9.7,1.41,378.6,377.6,3.6,18.0,0.15,0.0225,-1.2,681.5,0.9011,1021.0,0.4937,0.5,498.88,0.0958,4.36,11.1,2.0,14.556023447065046,7.5,11.64,16.2,795.0,6.74,0.369
3,8.1,-1.0,9.1,1.33,517.2,505.0,1.6,37.0,0.3055,0.0933,14.8,1896.0,0.5712,757.0,0.4478,0.5,167.61,0.0514,6.3,11.0,2.0,13.910147431208113,10.84,10.89,18.0,795.0,6.8,0.472
2,0.2,-12.6,12.9,0.83,316.5,337.1,0.3,22.0,0.1824,0.0333,0.3,693.0,0.6779,842.0,0.3973,0.5,431.09,0.0734,4.1,8.0,3.0,16.517113074120495,7.05,12.33,19.3,795.0,6.46,0.425
12,1.2,-8.9,10.1,0.73,278.3,269.6,1.6,39.0,0.3219,0.1036,2.3,1075.1,0.4672,674.0,0.4424,0.5,392.37,0.1339,4.6,12.3,1.0,8.8728908816545,7.91,7.63,16.7,795.0,8.12,0.375
12,-1.3,-9.3,8.0,0.98,322.0,325.7,2.8,64.0,0.5335,0.2847,-4.1,2061.9,0.7548,904.0,0.552,0.5,496.81,0.014,5.2,16.7,2.0,18.75320281601887,8.95,14.67,15.1,795.0,9.18,0.489
12,3.5,-5.4,8.9,1.11,102.4,102.3,0.7,34.0,0.2858,0.0817,6.0,351.1,0.7129,870.0,0.4415,0.5,305.29,0.0001,5.73,10.5,1.0,13.133608355802238,9.86,11.02,12.2,795.0,7.44,0.441
1,2.3,-10.8,13.2,1.8,364.5,367.9,2.2,45.0,0.3758,0.1412,5.3,1643.5,0.604,783.0,0.4588,0.5,348.07,0.4863,5.22,10.0,2.0,15.291694377711753,8.98,11.95,17.8,795.0,8.01,0.424
11,11.6,3.0,8.5,1.54,331.4,332.5,3.8,33.0,0.358,0.1281,18.9,1084.6,0.6201,796.0,0.3536,0.5,89.08,0.1907,5.7,13.5,1.0,21.562424156733165,9.81,17.27,14.2,1349.6,8.28,0.553
3,4.1,-7.7,11.8,1.56,416.0,427.1,3.5,26.0,0.2206,0.0486,5.5,1101.0,0.4968,697.0,0.3996,0.5,284.65,0.2123,6.0,16.4,2.0,11.40235416899133,10.32,8.95,18.1,795.0,7.2,0.251
3,8.2,-4.8,13.0,1.48,446.3,449.1,3.8,29.0,0.2415,0.0583,11.8,1293.4,0.7473,898.0,0.3711,0.5,164.56,0.1462,4.2,15.5,2.0,6.345294533597945,7.23,5.36,19.7,795.0,9.12,0.423
3,3.1,-9.8,12.9,0.61,424.4,428.8,1.0,31.0,0.2615,0.0684,4.9,1331.7,0.5038,703.0,0.5067,0.5,319.63,0.2403,4.8,10.5,2.0,15.832264324668337,8.26,12.28,21.5,795.0,7.44,0.421
4,13.5,1.9,11.6,1.02,497.6,487.1,3.6,11.0,0.1597,0.0255,7.6,560.9,0.7681,914.0,0.488,0.5,56.22,0.0066,4.6,13.0,1.0,15.930306990935739,7.91,13.16,20.5,795.0,8.01,0.425
3,9.9,-2.0,11.9,1.53,401.4,415.9,0.3,14.0,0.1204,0.0145,7.2,579.9,0.5902,772.0,0.3139,0.5,122.62,0.1818,4.72,11.0,2.0,5.893586772671281,8.12,4.89,18.0,795.0,5.19,0.264
2,7.0,-4.5,11.5,0.76,385.1,374.9,0.2,31.0,0.2575,0.0663,10.8,1190.0,0.4403,652.0,0.4128,0.5,196.09,0.1131,5.7,11.7,2.0,14.695185304580741,9.81,11.37,19.4,795.0,7.93,0.472
11,5.3,-4.4,9.7,1.33,353.4,364.0,2.8,23.0,0.1922,0.037,6.2,815.2,0.77,916.0,0.3166,0.5,245.37,0.0527,6.4,13.9,1.0,15.32829291470022,11.01,12.71,16.0,795.0,7.33,0.321
12,2.6,-5.9,8.5,0.96,261.0,245.3,1.6,58.0,0.4832,0.2335,7.4,1513.8,0.9566,1065.0,0.4782,0.5,340.37,0.0186,3.7,8.0,3.0,10.766689490352208,6.37,8.24,14.6,795.0,7.64,0.522
3,5.5,-8.2,13.7,1.33,394.1,399.7,3.1,15.0,0.1228,0.0151,4.0,581.0,0.454,663.0,0.3017,0.5,241.35,0.0533,4.6,8.0,2.0,13.938118300816614,7.91,10.82,19.8,795.0,6.25,0.295
11,8.8,-2.1,10.9,1.96,283.7,294.0,0.5,22.0,0.1837,0.0338,9.7,625.5,0.6525,822.0,0.4035,0.5,149.12,0.7387,5.9,11.5,2.0,17.260098294551717,10.15,13.47,14.3,795.0,6.5,0.4
3,5.0,-5.6,10.6,1.24,477.2,475.2,3.1,20.0,0.1636,0.0268,4.9,936.6,0.6775,842.0,0.3443,0.5,256.94,0.0183,4.8,10.0,3.0,9.725678037070006,8.26,7.24,18.8,795.0,7.02,0.34
1,-4.0,-14.4,10.4,1.15,223.8,222.0,0.4,16.0,0.1338,0.0179,-3.2,359.4,0.6539,823.0,0.3329,0.5,624.58,0.0025,5.2,9.0,2.0,10.570994335729102,8.95,8.45,15.1,795.0,6.2,0.441
3,6.3,-6.3,12.7,0.45,307.7,306.2,0.9,58.0,0.4857,0.2359,18.4,1793.6,0.5292,723.0,0.5282,0.5,215.29,0.4194,3.9,13.0,3.0,12.684603287742336,6.71,9.34,19.9,795.0,9.06,0.549
1,-4.0,-15.6,11.6,0.7,221.1,234.4,0.6,51.0,0.422,0.1781,-10.1,1119.6,0.5648,752.0,0.4172,0.5,625.22,0.1596,5.8,12.0,3.0,14.694316269697309,9.98,10.87,17.2,795.0,7.94,0.347
12,-1.1,-12.7,11.6,1.15,224.3,214.6,0.8,43.0,0.3616,0.1308,-2.4,973.3,0.7405,892.0,0.4385,0.5,488.16,0.0029,4.93,10.6,1.0,13.67729654624088,8.48,11.45,16.0,795.0,7.81,0.401
4,11.5,1.0,10.5,1.68,395.4,420.6,3.2,43.0,0.4684,0.2194,24.8,1699.7,0.5424,734.0,0.4684,0.5,89.54,0.3383,6.1,16.5,2.0,12.516743651799715,10.5,9.82,16.5,1419.7,9.48,0.303
12,1.7,-11.6,13.3,1.7,226.6,241.7,0.4,26.0,0.2204,0.0486,2.2,599.3,0.609,787.0,0.4372,0.5,373.12,0.3619,4.4,8.0,1.0,15.911425850922251,7.57,13.02,16.1,795.0,7.9,0.381
1,-0.5,-11.7,11.2,1.04,265.5,267.0,1.1,27.0,0.223,0.0497,-0.7,710.4,0.7444,896.0,0.3545,0.5,462.81,0.0036,4.2,16.0,3.0,12.099166687193431,7.23,9.07,16.7,795.0,7.08,0.371
2,0.6,-8.5,9.1,0.94,368.2,376.7,2.9,31.0,0.2602,0.0677,1.0,1149.9,0.8039,943.0,0.4344,0.5,415.81,0.0249,5.6,11.5,4.0,12.260457092131219,9.64,8.64,16.8,795.0,7.43,0.319
12,3.6,-6.9,10.5,0.78,111.6,115.6,2.8,17.0,0.1395,0.0195,3.0,186.9,0.7619,910.0,0.3767,0.5,302.71,0.1037,5.9,9.3,1.0,14.051117704969034,10.15,11.75,14.4,795.0,6.37,0.305
2,1.6,-8.0,9.6,1.16,337.0,323.8,3.4,18.0,0.1541,0.0237,1.5,623.0,0.4737,679.0,0.2755,0.5,376.05,0.0037,4.6,9.4,2.0,12.60564490789306,7.91,9.83,16.1,795.0,7.37,0.394
2,1.8,-6.3,8.0,1.76,391.0,374.3,3.6,53.0,0.438,0.1918,4.6,2055.0,0.8303,964.0,0.4307,0.5,370.43,0.4352,5.59,13.1,2.0,9.099704435630908,9.62,7.49,14.2,795.0,8.12,0.458
4,13.8,5.5,8.3,0.56,522.3,523.2,3.5,21.0,0.3137,0.0984,14.8,1115.3,0.5647,752.0,0.3885,0.5,51.64,0.2907,4.0,8.6,2.0,13.070090034036546,6.88,10.25,19.4,795.0,7.67,0.445
1,0.5,-7.7,8.2,0.77,353.9,348.1,2.4,53.0,0.4458,0.1987,1.2,1893.2,0.3865,609.0,0.538,0.5,422.29,0.1122,5.1,12.0,3.0,15.97440747159634,8.78,11.69,16.2,795.0,8.78,0.499
2,1.3,-7.3,8.6,0.3,368.0,380.3,2.3,13.0,0.1065,0.0113,0.9,470.3,0.7487,899.0,0.2085,0.5,386.65,0.64,4.19,10.0,3.0,13.560113184312321,7.21,10.17,18.0,795.0,6.24,0.367
3,7.0,-6.0,13.0,1.2,500.7,516.2,2.0,45.0,0.3776,0.1426,15.9,2268.9,0.4621,670.0,0.278,0.5,195.32,0.0106,3.9,10.0,3.0,14.458351792916385,6.71,10.61,21.2,795.0,9.06,0.482
2,3.3,-8.5,11.8,0.66,384.1,370.8,1.6,50.0,0.4126,0.1703,8.1,1901.7,0.3908,613.0,0.5254,0.5,313.84,0.1964,5.99,16.7,2.0,9.992817834324097,10.31,7.81,19.9,795.0,8.59,0.321
3,9.6,-1.7,11.3,1.63,470.9,465.1,1.5,10.0,0.0864,0.0075,5.0,488.1,0.5731,758.0,0.1951,0.5,130.73,0.2786,4.4,17.9,1.0,13.23031837320162,7.57,10.98,18.3,795.0,6.93,0.397
1,-3.1,-14.2,11.1,0.59,229.9,230.1,3.3,23.0,0.1891,0.0358,-3.5,521.8,0.6268,801.0,0.3828,0.5,580.64,0.261,6.9,12.0,2.0,18.47724928448892,11.87,14.36,17.1,795.0,9.26,0.385
4,10.2,-0.8,11.1,0.55,559.5,549.5,1.7,32.0,0.2761,0.0762,16.2,1767.4,0.8297,964.0,0.3383,0.5,115.68,0.3,5.16,12.0,2.0,12.568990078358926,8.88,10.09,22.2,795.0,6.97,0.311
2,2.8,-5.6,8.4,1.04,394.5,398.1,0.9,23.0,0.1954,0.0382,3.3,925.0,0.7764,921.0,0.329,0.5,329.63,0.0038,5.5,9.0,2.0,9.214100050986353,9.46,7.53,16.4,795.0,7.2,0.465
3,13.5,1.8,11.7,1.26,418.1,417.3,2.7,17.0,0.2464,0.0607,11.8,729.1,0.5961,777.0,0.2781,0.5,56.59,0.0248,4.31,14.8,2.0,16.411836906014585,7.42,12.79,18.8,795.0,6.86,0.375
3,9.0,-3.7,12.7,0.94,337.8,340.5,1.0,26.0,0.213,0.0454,11.5,863.2,0.6648,832.0,0.4052,0.5,144.88,0.0246,3.9,8.4,2.0,9.173680868253005,6.71,7.41,19.2,795.0,5.41,0.335
11,8.4,-1.7,10.1,1.4,315.1,319.3,0.1,21.0,0.176,0.031,8.9,665.6,0.6464,817.0,0.323,0.5,159.03,0.0885,5.1,6.8,2.0,13.801216128020538,8.78,10.87,15.6,795.0,5.71,0.358
11,9.4,-0.1,9.5,0.54,354.2,348.0,1.2,48.0,0.398,0.1584,22.5,1691.9,0.7002,860.0,0.5442,0.5,134.23,0.3119,3.7,12.0,2.0,14.065177425050871,6.37,11.11,17.9,795.0,7.6,0.395
3,7.4,-5.5,12.9,1.82,384.3,376.1,0.1,59.0,0.4942,0.2442,21.9,2278.7,0.8218,957.0,0.4428,0.5,185.19,0.5181,4.1,14.5,4.0,14.072944600381906,7.05,10.01,17.8,795.0,7.84,0.399
2,4.4,-4.2,8.7,0.86,274.6,287.8,0.8,59.0,0.4895,0.2396,13.0,1613.0,0.7411,893.0,0.5885,0.5,274.2,0.0586,4.75,9.5,3.0,12.26316792808392,8.17,9.19,15.2,795.0,10.4,0.503
4,15.2,2.6,12.6,0.62,540.5,532.4,3.3,29.0,0.4894,0.2395,21.9,1554.6,0.8878,1010.0,0.3622,0.5,33.55,0.2321,4.9,13.7,3.0,17.47467403038877,8.43,13.22,23.0,1432.4,9.26,0.383
12,1.0,-10.6,11.6,1.03,246.1,254.7,0.0,20.0,0.1704,0.029,1.0,503.3,0.3736,599.0,0.3799,0.5,399.76,0.0046,4.3,10.0,3.0,16.26495948222107,7.4,11.9,16.7,795.0,6.2,0.384
12,-0.4,-10.0,9.6,0.77,330.7,327.0,3.2,26.0,0.2133,0.0455,-0.5,846.8,0.8787,1003.0,0.2995,0.5,457.88,0.106,3.92,15.3,2.0,13.653557718354104,6.74,10.94,17.0,795.0,9.2,0.455
3,9.7,-0.3,10.0,1.17,506.5,508.8,2.9,48.0,0.4041,0.1633,23.6,2456.2,0.8292,963.0,0.3995,0.5,126.84,0.0051,4.1,8.0,2.0,19.37620817622956,7.05,15.2,19.0,795.0,9.51,0.509
2,0.7,-11.2,11.9,0.99,337.0,326.4,3.7,41.0,0.3417,0.1168,1.5,1382.0,0.6433,815.0,0.5601,0.5,410.27,0.012,5.73,11.5,2.0,15.917162433064329,9.86,12.45,18.4,795.0,9.36,0.493
4,17.6,6.6,11.1,1.23,592.7,603.4,1.1,61.0,1.0,1.0,54.0,3631.8,0.8183,955.0,0.7502,0.5,11.29,0.0168,3.9,11.5,1.0,14.38997183085094,6.71,12.05,21.0,3360.5,11.5,0.625
1,-0.4,-12.8,12.4,1.15,302.3,296.7,2.7,63.0,0.5245,0.2751,-1.1,1902.7,0.8761,1001.0,0.6345,0.5,456.13,0.0025,4.4,18.0,3.0,19.711180769140967,7.57,14.88,17.9,795.0,9.89,0.403
3,11.3,2.6,8.8,0.9,471.0,471.4,3.9,57.0,0.5959,0.3551,32.0,2662.7,0.6349,808.0,0.5307,0.5,93.6,0.0399,3.2,12.3,3.0,14.94299465210035,5.51,11.12,18.1,795.0,10.53,0.508
12,3.0,-5.4,8.4,1.54,355.9,353.7,0.9,36.0,0.2963,0.0878,5.3,1265.6,0.421,637.0,0.4253,0.5,324.17,0.1975,4.38,9.0,3.0,19.409098009720953,7.54,14.29,14.5,795.0,9.13,0.41
2,3.1,-7.4,10.5,1.44,301.3,309.9,0.7,38.0,0.318,0.1011,5.9,1149.7,0.8321,966.0,0.5137,0.5,319.96,0.1122,3.36,14.8,3.0,16.257120426271836,5.78,12.26,15.6,795.0,7.15,0.495
4,13.6,5.4,8.2,1.31,452.2,430.1,2.7,42.0,0.6001,0.3601,28.5,1899.0,0.5442,735.0,0.7656,0.5,55.15,0.0424,3.31,9.0,3.0,11.94681368168593,5.7,8.8,16.3,1112.5,10.6,0.471
1,-1.6,-13.3,11.7,1.43,310.5,323.0,3.1,16.0,0.1331,0.0177,-1.3,496.1,0.5159,713.0,0.4527,0.5,511.16,0.1069,6.1,10.3,4.0,15.082019831775948,10.5,10.52,16.8,795.0,7.52,0.384
11,3.6,-9.4,13.1,1.55,179.9,173.9,0.4,63.0,0.5215,0.2719,11.3,1126.0,0.7791,923.0,0.5959,0.5,302.66,0.2011,6.08,10.5,4.0,6.563642750619449,10.46,4.35,15.6,795.0,8.56,0.345
11,10.3,-1.1,11.4,2.08,241.6,239.3,2.4,41.0,0.3576,0.1279,20.9,981.2,0.5158,713.0,0.4955,0.5,114.87,0.9596,6.4,9.6,4.0,10.252176031543744,11.01,6.9,13.8,795.0,8.41,0.46
11,5.9,-5.8,11.6,1.49,342.6,345.5,3.3,59.0,0.4931,0.2431,17.4,2027.4,0.7294,884.0,0.4799,0.5,228.64,0.1541,4.65,9.0,2.0,7.882761278136712,8.0,6.5,17.0,795.0,9.34,0.407
1,0.2,-13.0,13.2,0.3,234.2,247.0,3.2,65.0,0.5383,0.2898,0.7,1512.9,0.8359,969.0,0.5262,0.5,432.37,0.64,5.1,9.5,2.0,14.103616198007314,8.78,11.25,19.6,795.0,8.91,0.4
2,1.4,-12.3,13.7,0.4,333.3,317.7,0.9,43.0,0.3614,0.1306,3.0,1445.6,0.6643,831.0,0.46,0.5,384.57,0.4861,6.0,14.0,1.0,10.129111001876106,10.32,8.73,21.3,795.0,7.09,0.381
4,11.8,0.0,11.7,1.24,561.7,575.6,2.3,52.0,0.5853,0.3426,30.5,2918.1,0.4039,623.0,0.4722,0.5,85.38,0.0193,7.1,10.0,4.0,13.15985520519119,12.22,8.99,21.0,795.0,9.17,0.454
4,6.6,-5.0,11.6,0.37,392.7,369.7,3.7,52.0,0.431,0.1858,17.1,2030.9,0.9183,1035.0,0.4334,0.5,206.68,0.5378,5.7,7.1,3.0,11.337678598007102,9.81,8.64,20.6,795.0,9.33,0.525
12,1.6,-8.6,10.1,1.2,389.6,404.8,1.3,31.0,0.2603,0.0678,2.4,1217.2,1.0,1129.0,0.4615,0.5,377.75,0.0093,6.1,11.0,3.0,12.270533377517266,10.5,9.4,17.3,795.0,8.1,0.356
3,9.3,-2.0,11.3,0.69,567.6,561.1,3.3,40.0,0.3317,0.11,18.5,2259.2,0.6868,849.0,0.246,0.5,136.95,0.1712,6.76,14.7,3.0,19.07352931254469,11.63,14.25,22.1,795.0,9.15,0.526
3,4.6,-4.5,9.1,1.72,423.6,417.3,0.7,23.0,0.1915,0.0367,5.3,973.4,0.9128,1030.0,0.3325,0.5,269.33,0.3898,5.62,11.5,2.0,11.297202990517114,9.67,9.2,15.6,795.0,6.95,0.394
12,0.7,-11.7,12.4,1.05,298.5,309.1,3.0,21.0,0.1732,0.03,0.7,620.5,0.7781,922.0,0.3672,0.5,413.0,0.0026,4.0,16.3,3.0,14.150910523394554,6.88,10.64,18.1,795.0,8.05,0.464
1,2.4,-7.0,9.4,1.14,139.0,147.5,3.8,19.0,0.1582,0.025,2.3,263.8,0.8191,955.0,0.4168,0.5,347.02,0.0014,7.2,15.1,3.0,14.146810765865316,12.39,10.67,13.1,795.0,8.04,0.371
4,17.7,4.3,13.5,1.44,477.9,466.3,0.9,50.0,1.0,1.0,44.7,2410.7,0.7521,902.0,0.7566,0.5,10.63,0.1157,4.0,9.2,3.0,13.896061252006463,6.88,10.42,20.6,3543.3,11.61,0.497
1,-3.2,-14.8,11.6,1.26,246.9,255.8,0.2,13.0,0.1059,0.0112,-2.0,313.8,0.5534,743.0,0.2653,0.5,584.5,0.0242,7.4,8.5,2.0,15.901986965523278,12.73,12.37,16.1,795.0,6.09,0.416
1,0.2,-12.3,12.5,1.36,187.4,180.9,1.0,15.0,0.1259,0.0159,0.1,283.1,0.4047,624.0,0.2442,0.5,433.59,0.0694,4.98,11.0,4.0,13.663252701608123,8.57,9.37,15.7,795.0,6.57,0.477
12,2.5,-10.8,13.3,0.91,367.6,356.0,2.4,52.0,0.4338,0.1882,6.5,1913.9,0.4989,699.0,0.572,0.5,342.76,0.0364,6.4,9.0,1.0,18.29365101407299,11.01,14.72,20.2,795.0,7.22,0.487
4,11.1,3.0,8.1,1.08,575.1,575.5,3.9,42.0,0.4234,0.1793,23.1,2387.9,0.854,983.0,0.434,0.5,97.66,0.0005,3.9,9.1,3.0,5.56149690716275,6.71,4.25,18.7,795.0,9.39,0.461
11,9.8,-1.1,10.9,0.3,382.6,385.3,3.3,22.0,0.1839,0.0338,10.8,844.1,0.581,765.0,0.3848,0.5,125.01,0.64,6.1,15.0,2.0,10.88411379691708,10.5,8.63,20.0,795.0,7.65,0.532
11,7.7,-2.1,9.8,0.42,258.4,261.0,2.4,14.0,0.1169,0.0137,5.4,362.6,0.781,925.0,0.2523,0.5,177.1,0.4616,4.7,17.5,3.0,9.32050622131835,8.09,7.02,17.0,795.0,7.44,0.434
2,0.9,-12.4,13.4,1.82,296.8,281.1,0.6,63.0,0.5286,0.2794,2.9,1882.6,0.6664,833.0,0.5054,0.5,402.81,0.5233,5.3,12.0,3.0,10.650196574609566,9.12,7.92,16.9,795.0,8.49,0.469
1,-4.0,-16.1,12.1,1.13,166.2,168.5,1.4,29.0,0.243,0.0591,-5.8,484.6,0.2542,503.0,0.4023,0.5,624.72,0.0012,6.8,8.3,1.0,14.776174957659567,11.7,11.89,15.7,795.0,7.78,0.329
11,9.0,-0.5,9.6,1.72,311.3,313.8,3.3,49.0,0.4101,0.1682,22.2,1532.2,0.8527,982.0,0.5298,0.5,143.36,0.3818,4.5,11.5,1.0,15.922664474010613,7.74,13.22,14.3,795.0,8.89,0.401
11,9.4,-0.4,9.8,0.64,420.3,408.7,3.4,64.0,0.5364,0.2877,30.4,2705.1,0.5458,737.0,0.4154,0.5,133.57,0.216,5.85,15.0,2.0,15.59823513792303,10.07,12.14,18.9,795.0,8.98,0.503
4,16.6,3.1,13.5,1.32,447.5,445.8,1.7,25.0,0.4748,0.2255,20.4,1101.4,0.5122,710.0,0.4898,0.5,19.57,0.0499,3.2,10.0,4.0,18.960183491884273,5.51,13.43,20.5,2162.4,9.72,0.511
12,2.7,-8.8,11.5,1.2,302.7,318.6,0.3,60.0,0.4965,0.2465,8.1,1803.5,0.7611,909.0,0.5735,0.5,334.77,0.0098,3.1,17.0,2.0,13.555553408020737,5.33,10.78,17.0,795.0,8.69,0.487
1,-1.4,-12.8,11.4,1.61,157.1,151.9,0.1,49.0,0.4056,0.1645,-3.5,764.7,0.5866,769.0,0.3912,0.5,503.17,0.2595,3.33,11.5,2.0,12.301095453640073,5.73,9.7,13.7,795.0,7.04,0.386
1,-0.1,-9.9,9.8,1.08,442.3,455.1,0.5,15.0,0.1247,0.0156,-0.0,662.0,0.5467,737.0,0.2949,0.5,443.47,0.0006,4.55,10.0,3.0,20.129450850199575,7.83,14.93,18.1,795.0,5.63,0.398
12,5.6,-6.3,11.8,1.35,201.4,197.6,2.7,48.0,0.4033,0.1627,13.4,974.7,0.7659,913.0,0.5075,0.5,238.46,0.0608,4.0,12.0,2.0,12.49750587616066,6.88,9.99,15.4,795.0,8.64,0.489
3,2.4,-7.6,10.1,0.5,485.6,471.0,1.3,62.0,0.5201,0.2705,7.6,3030.7,0.8724,998.0,0.485,0.5,344.4,0.3585,5.4,12.0,3.0,15.437914021410883,9.29,11.68,20.4,795.0,7.51,0.445
1,0.6,-12.4,13.0,1.15,245.2,239.0,1.8,48.0,0.3967,0.1573,1.4,1167.0,0.7407,893.0,0.488,0.5,417.15,0.0029,4.6,15.8,2.0,13.421095759930841,7.91,10.66,17.5,795.0,7.46,0.431
12,5.6,-4.5,10.1,0.42,247.4,260.2,3.8,21.0,0.1729,0.0299,5.8,513.4,0.5726,758.0,0.3013,0.5,238.04,0.4558,4.7,15.2,2.0,8.51515323187396,8.09,6.84,17.0,795.0,8.13,0.327
1,0.5,-7.6,8.1,1.16,277.3,279.3,3.4,26.0,0.2188,0.0479,0.6,728.2,0.8637,991.0,0.3584,0.5,421.29,0.0036,4.6,8.5,1.0,10.714996838439008,7.91,9.33,14.0,795.0,8.78,0.422
3,6.5,-3.0,9.5,1.11,414.2,411.6,2.9,37.0,0.311,0.0967,12.2,1545.9,0.7561,905.0,0.4466,0.5,208.87,0.0001,3.97,13.4,3.0,10.778387791252664,6.83,8.09,17.4,795.0,8.8,0.482
12,-2.3,-11.3,8.9,1.05,254.2,254.4,0.2,39.0,0.3224,0.104,-4.5,983.4,0.4147,632.0,0.5045,0.5,543.7,0.0028,5.0,10.5,4.0,11.458253773679402,8.6,7.73,14.6,795.0,8.24,0.299
4,12.6,-0.0,12.6,1.59,430.7,447.7,3.0,19.0,0.2379,0.0566,11.8,810.9,0.4866,689.0,0.4802,0.5,70.86,0.2445,6.3,9.0,1.0,17.933169720640365,10.84,14.44,18.9,795.0,6.85,0.348
2,4.4,-7.1,11.6,1.26,394.7,376.6,3.8,11.0,0.0884,0.0078,2.3,418.7,0.8884,1011.0,0.2414,0.5,275.49,0.0242,4.64,9.0,2.0,15.983511949833062,7.98,12.7,18.3,795.0,8.65,0.301
3,5.6,-7.5,13.1,1.04,377.7,370.3,3.7,32.0,0.2626,0.069,8.8,1190.4,0.6405,812.0,0.3875,0.5,238.05,0.0031,4.9,9.6,1.0,17.501015456470405,8.43,14.24,19.8,795.0,9.31,0.442
12,1.9,-10.9,12.8,0.78,318.1,318.2,1.8,53.0,0.4379,0.1918,5.1,1671.6,0.2477,498.0,0.4235,0.5,363.71,0.101,4.46,13.0,3.0,13.948893128038128,7.67,10.06,19.4,795.0,7.67,0.44
11,10.1,-3.4,13.5,0.74,270.4,278.6,1.8,33.0,0.2778,0.0772,16.5,881.0,0.919,1035.0,0.4546,0.5,118.48,0.13,5.6,7.0,2.0,9.18116404526521,9.64,7.62,19.3,795.0,7.03,0.442
1,3.0,-5.9,8.9,1.14,277.7,259.0,0.6,51.0,0.4255,0.181,7.5,1417.8,0.7467,897.0,0.2971,0.5,325.56,0.0016,4.66,12.5,2.0,17.238757117145944,8.02,13.53,14.7,795.0,8.78,0.524
12,0.5,-7.8,8.3,1.03,151.2,173.2,3.3,15.0,0.1253,0.0157,0.4,227.3,0.7117,869.0,0.4506,0.5,419.86,0.0049,4.0,12.0,2.0,10.169597562217167,6.88,8.2,12.6,795.0,6.67,0.403
3,9.7,-2.3,12.0,1.74,355.9,344.0,1.0,19.0,0.1601,0.0256,9.4,684.0,0.794,935.0,0.3801,0.5,126.64,0.4057,5.2,10.0,2.0,11.470502571392768,8.95,9.24,16.9,795.0,5.63,0.431
4,13.8,2.5,11.2,0.79,580.7,579.6,1.8,27.0,0.3977,0.1582,18.7,1576.6,0.8955,1016.0,0.5405,0.5,52.01,0.0954,4.28,12.5,4.0,17.825079837306255,7.36,12.89,22.0,1397.5,9.44,0.529
11,9.5,-3.0,12.5,1.2,336.8,330.7,1.0,23.0,0.1906,0.0363,10.9,770.4,0.7158,873.0,0.2426,0.5,132.51,0.0101,10.25,12.0,3.0,9.576522114839142,17.64,7.15,18.3,795.0,7.33,0.549
12,-1.6,-14.0,12.4,1.31,255.2,262.3,2.2,38.0,0.32,0.1024,-3.1,979.9,0.9187,1035.0,0.4028,0.5,511.26,0.0424,4.14,10.5,3.0,13.665505263270305,7.12,10.38,16.8,795.0,9.35,0.536
4,14.5,0.9,13.5,0.54,554.6,553.6,2.3,33.0,0.523,0.2735,24.0,1837.7,0.2771,522.0,0.5549,0.5,42.64,0.3147,2.9,16.0,2.0,14.847311460634995,4.99,11.36,24.1,1805.7,8.43,0.437
3,3.9,-4.2,8.1,0.98,463.2,476.9,3.6,43.0,0.3622,0.1312,8.5,2013.1,0.6003,780.0,0.3009,0.5,291.29,0.0153,5.0,8.5,2.0,18.321023548405776,8.6,14.22,17.3,795.0,9.25,0.48
1,-4.3,-14.9,10.5,1.26,288.7,281.4,3.2,37.0,0.3088,0.0953,-8.0,1069.5,0.568,754.0,0.3697,0.5,642.35,0.0247,3.86,10.0,2.0,12.582651138896805,6.64,9.89,15.9,795.0,8.83,0.479
3,5.1,-7.6,12.6,0.41,427.8,417.2,1.2,16.0,0.1352,0.0183,4.1,694.2,0.6924,854.0,0.3852,0.5,253.63,0.4769,3.2,13.5,3.0,11.571234456131709,5.51,8.63,21.8,795.0,6.43,0.366
4,12.9,2.1,10.9,1.13,405.3,399.8,2.4,41.0,0.5392,0.2908,26.4,1655.8,0.6536,823.0,0.5399,0.5,65.29,0.001,4.73,13.8,3.0,14.882349863663773,8.14,11.08,18.2,1372.9,9.89,0.461
11,7.1,-3.1,10.2,0.75,288.9,296.7,3.6,23.0,0.1919,0.0368,8.2,665.3,0.7591,907.0,0.286,0.5,193.74,0.1239,4.9,9.0,1.0,19.351536297022598,8.43,15.72,16.9,795.0,7.47,0.375
1,-1.8,-14.0,12.2,1.53,293.9,291.7,4.0,42.0,0.3459,0.1196,-3.7,1219.9,0.7303,884.0,0.397,0.5,518.87,0.1866,6.2,8.0,4.0,18.856236879582084,10.67,13.53,16.6,795.0,8.55,0.502
2,-1.1,-10.7,9.6,1.37,390.2,403.5,3.8,62.0,0.5183,0.2687,-3.4,2426.9,0.6624,830.0,0.5393,0.5,488.58,0.0746,2.71,11.5,2.0,12.491630183101623,4.66,9.9,16.4,795.0,9.67,0.514
2,6.6,-3.8,10.4,0.9,261.6,280.3,0.7,49.0,0.4093,0.1675,16.2,1284.8,0.6987,859.0,0.4488,0.5,207.05,0.042,6.74,5.0,3.0,13.259319205248099,11.6,9.9,16.3,795.0,7.62,0.427
12,5.5,-4.0,9.5,1.25,197.9,202.3,3.4,48.0,0.3969,0.1576,13.1,942.6,0.6219,798.0,0.3847,0.5,240.64,0.0223,5.58,10.0,2.0,14.731289140630041,9.6,11.55,13.7,795.0,10.23,0.423
4,15.2,5.8,9.4,0.93,442.3,428.9,3.3,29.0,0.4924,0.2425,22.0,1285.8,0.4715,677.0,0.5057,0.5,34.06,0.0294,3.7,16.5,2.0,12.237301364968856,6.37,9.56,18.1,1245.5,8.86,0.48
12,1.9,-6.9,8.7,1.72,222.9,234.9,4.0,43.0,0.3575,0.1278,4.0,956.2,0.5807,765.0,0.5325,0.5,365.97,0.3842,4.86,9.5,2.0,12.034825875961154,8.36,9.49,12.3,795.0,8.84,0.477
12,1.7,-9.2,10.8,0.56,368.2,363.7,2.8,19.0,0.1556,0.0242,1.5,687.6,0.771,917.0,0.2958,0.5,374.08,0.2953,4.3,11.2,3.0,9.462719122666487,7.4,7.11,19.1,795.0,6.94,0.448
3,6.2,-6.6,12.9,1.44,428.5,413.5,2.4,55.0,0.4616,0.2131,17.3,2373.6,0.2418,493.0,0.4701,0.5,217.91,0.1169,5.03,15.0,3.0,9.108373932710919,8.65,6.42,19.4,795.0,8.8,0.437
2,-0.7,-11.0,10.2,0.74,295.6,305.9,1.3,36.0,0.301,0.0906,-1.3,1067.5,0.5729,758.0,0.3843,0.5,472.51,0.1332,6.36,10.0,3.0,11.670731696169598,10.94,8.61,17.1,795.0,6.51,0.389
12,4.9,-6.0,10.9,0.76,400.3,395.6,3.3,34.0,0.2833,0.0803,8.3,1361.1,0.4853,688.0,0.3396,0.5,259.91,0.118,3.43,10.0,4.0,14.644491542015876,5.9,10.17,19.1,795.0,7.45,0.338
12,-1.0,-13.4,12.4,0.72,279.4,279.7,2.3,27.0,0.229,0.0524,-1.4,767.7,0.9617,1069.0,0.411,0.5,483.48,0.1407,4.65,13.0,4.0,15.45080329733436,8.0,11.16,18.6,795.0,8.42,0.399
11,7.9,-4.4,12.3,1.22,290.1,296.6,3.7,11.0,0.094,0.0088,4.5,327.4,0.5162,713.0,0.3902,0.5,171.9,0.0144,3.9,12.3,2.0,11.36273167938927,6.71,8.94,17.4,795.0,7.55,0.381
4,10.0,-2.3,12.3,1.17,651.8,658.4,0.8,16.0,0.1366,0.0187,8.2,1068.6,0.8877,1010.0,0.2547,0.5,121.63,0.0055,4.9,8.4,3.0,9.986197649585137,8.43,7.6,23.0,795.0,5.68,0.353
1,-0.9,-9.2,8.3,1.3,313.1,329.2,3.1,47.0,0.3949,0.156,-2.1,1483.7,0.4754,680.0,0.509,0.5,479.59,0.0406,4.61,10.0,1.0,21.25927044125199,7.93,16.92,14.4,795.0,9.43,0.419
1,-4.2,-15.2,11.0,1.22,218.6,221.9,0.1,17.0,0.1415,0.02,-3.6,371.2,0.4295,644.0,0.2874,0.5,635.28,0.0149,4.0,12.5,2.0,12.33278424593334,6.88,9.59,15.3,795.0,5.55,0.432
11,11.7,2.2,9.6,0.98,399.3,399.6,1.2,26.0,0.2955,0.0873,15.4,1049.4,0.6067,785.0,0.4638,0.5,85.62,0.0155,4.1,13.0,3.0,16.21547957681297,7.05,12.05,17.5,1283.2,7.94,0.42
11,5.5,-5.8,11.3,1.39,375.7,376.9,1.5,47.0,0.3933,0.1547,13.1,1772.9,1.0,1133.0,0.4219,0.5,239.15,0.0868,4.5,10.0,4.0,15.46217163995502,7.74,11.2,17.5,795.0,7.71,0.453
4,13.4,4.1,9.3,0.81,494.7,507.8,1.6,57.0,0.8061,0.6498,38.5,2842.4,0.5411,733.0,0.8414,0.5,57.5,0.0822,5.41,13.8,4.0,12.517734466564123,9.31,8.62,19.1,3166.1,10.99,0.525
1,1.0,-10.5,11.5,0.84,226.2,230.5,3.8,42.0,0.3532,0.1248,2.1,959.0,0.5565,745.0,0.4279,0.5,400.79,0.0683,5.73,8.5,3.0,10.130895894433376,9.86,7.44,16.8,795.0,9.6,0.455
1,-2.6,-16.6,14.0,0.39,269.1,275.0,2.2,38.0,0.3167,0.1003,-4.9,1022.7,0.6114,789.0,0.2999,0.5,555.63,0.4976,4.5,6.3,2.0,15.417445751685687,7.74,12.05,20.5,795.0,7.58,0.439
3,11.2,-0.5,11.7,1.42,417.5,424.8,3.4,56.0,0.5784,0.3346,31.4,2345.6,0.3427,574.0,0.5783,0.5,96.49,0.0998,3.8,7.0,3.0,10.696332970161958,6.54,7.7,18.4,795.0,10.8,0.44
1,-0.6,-9.9,9.3,0.5,282.5,269.3,0.5,59.0,0.4899,0.24,-1.7,1660.9,0.7681,914.0,0.5331,0.5,465.48,0.3552,3.4,9.0,2.0,18.882574862702842,5.85,14.78,16.7,795.0,6.7,0.435
1,0.3,-13.7,14.0,0.49,354.2,372.7,3.6,16.0,0.1356,0.0184,0.2,576.2,0.7571,906.0,0.2485,0.5,429.87,0.3689,5.64,11.2,2.0,13.740878309351233,9.7,10.91,21.5,795.0,9.12,0.453
2,-0.5,-9.5,9.0,0.96,253.9,250.7,1.7,13.0,0.1104,0.0122,-0.3,336.5,0.5622,750.0,0.3209,0.5,463.22,0.0186,7.11,15.3,1.0,17.68361239618534,12.23,14.31,14.9,795.0,5.52,0.404
12,0.1,-10.0,10.1,1.04,255.7,241.1,2.7,21.0,0.1775,0.0315,0.1,544.5,0.4248,640.0,0.3079,0.5,438.18,0.0031,5.13,8.5,3.0,3.643399622898075,8.83,2.47,15.6,795.0,7.96,0.329
12,-2.5,-13.0,10.5,0.8,208.4,207.4,0.8,16.0,0.1347,0.0181,-2.0,336.8,0.7089,867.0,0.2236,0.5,550.98,0.0927,3.86,11.0,3.0,15.4012062137593,6.64,11.52,15.8,795.0,7.05,0.446
4,13.8,-0.1,13.9,1.17,368.9,371.6,1.5,20.0,0.2882,0.083,13.6,725.6,0.8081,946.0,0.2744,0.5,51.96,0.0045,3.08,10.0,2.0,17.56367825876293,5.3,13.82,20.1,828.2,9.43,0.447
11,6.4,-3.6,10.0,1.44,347.8,349.5,0.0,28.0,0.2362,0.0558,9.1,986.0,0.7025,862.0,0.2381,0.5,212.24,0.1135,6.43,10.0,4.0,14.060576503272664,11.06,9.91,15.9,795.0,5.7,0.408
4,14.0,3.2,10.9,1.71,494.5,508.2,3.3,50.0,0.7504,0.563,35.0,2463.6,0.4085,627.0,0.6693,0.5,48.48,0.3679,6.3,15.3,4.0,18.39056044967176,10.84,12.92,18.1,795.0,11.35,0.51
1,1.2,-7.3,8.5,1.7,301.2,301.1,3.3,10.0,0.0851,0.0072,0.6,307.6,0.7597,908.0,0.1584,0.5,390.07,0.3565,4.66,12.1,3.0,16.924650561385643,8.02,12.7,13.4,795.0,7.52,0.432
4,12.5,0.4,12.1,0.6,476.0,484.4,1.1,54.0,0.671,0.4503,33.6,2562.3,0.6846,848.0,0.6659,0.5,72.6,0.2531,5.62,13.0,2.0,16.986771418997346,9.67,13.29,21.6,1537.8,9.78,0.488
2,5.9,-6.4,12.3,0.75,430.0,428.9,0.9,37.0,0.3085,0.0952,10.9,1591.7,0.7728,918.0,0.4511,0.5,227.64,0.1217,4.0,10.0,1.0,18.456683155547488,6.88,15.06,20.7,795.0,7.78,0.395
12,1.7,-6.9,8.6,1.33,337.3,337.9,1.6,28.0,0.2312,0.0535,2.4,935.8,0.6158,793.0,0.385,0.5,372.72,0.0531,4.76,10.0,2.0,12.330557675709798,8.19,9.74,14.9,795.0,7.8,0.401
12,5.3,-5.1,10.4,1.35,128.5,128.0,2.7,38.0,0.3135,0.0983,10.0,483.4,0.3828,606.0,0.572,0.5,246.44,0.0631,5.6,14.8,2.0,19.020762373881347,9.64,14.57,13.2,795.0,7.72,0.429
2,5.2,-3.3,8.5,1.01,356.3,365.0,0.3,39.0,0.3282,0.1077,10.2,1403.3,0.5371,730.0,0.411,0.5,249.55,0.0087,4.66,13.5,2.0,11.87087680463336,8.02,9.33,15.9,795.0,6.04,0.402
4,14.6,3.2,11.4,1.55,429.8,425.5,0.4,43.0,0.6867,0.4715,31.4,1852.0,0.5469,738.0,0.5824,0.5,41.46,0.2,5.5,10.0,1.0,17.864085480854477,9.46,14.44,18.0,2630.8,9.01,0.479
11,8.1,-4.3,12.4,1.12,234.0,228.0,1.8,23.0,0.189,0.0357,9.2,530.6,0.4784,683.0,0.3464,0.5,166.23,0.0004,5.84,13.3,1.0,19.301744167184992,10.05,15.46,16.9,795.0,9.28,0.323
1,-1.7,-13.6,11.9,0.76,279.2,284.7,0.5,39.0,0.3216,0.1035,-3.4,1077.7,0.4839,687.0,0.4859,0.5,517.41,0.1146,3.6,10.0,1.0,10.970350126763453,6.19,9.21,18.1,795.0,7.33,0.404
11,5.2,-3.5,8.7,0.74,286.4,301.2,1.4,21.0,0.1753,0.0307,5.5,602.6,0.8309,965.0,0.1932,0.5,250.19,0.1262,4.6,8.5,4.0,7.541277085459807,7.91,5.12,15.7,795.0,8.12,0.398
3,11.6,3.5,8.1,1.06,422.1,435.6,2.9,30.0,0.3284,0.1078,17.3,1261.8,0.5934,775.0,0.5066,0.5,88.54,0.0015,6.43,9.0,3.0,16.264041870459167,11.06,12.07,16.4,864.6,8.04,0.389
11,6.6,-5.0,11.6,2.16,256.7,263.2,3.8,37.0,0.3073,0.0945,12.2,946.6,0.6412,813.0,0.4628,0.5,207.37,1.1258,6.4,7.3,3.0,19.78448965766011,11.01,14.75,14.1,795.0,7.34,0.332
4,13.9,1.2,12.7,0.8,532.5,533.9,0.3,14.0,0.2107,0.0444,9.9,754.1,0.6801,844.0,0.2495,0.5,50.03,0.0912,4.7,15.0,4.0,13.983909696168768,8.09,9.83,22.5,2091.9,7.45,0.361
2,-2.1,-16.0,13.9,0.86,390.7,390.0,1.4,10.0,0.0837,0.007,-1.0,392.3,0.6054,784.0,0.1996,0.5,533.17,0.0585,5.35,10.0,1.0,13.132315056147178,9.21,10.93,21.1,795.0,6.5,0.381
4,14.4,1.9,12.5,1.85,466.6,468.9,2.1,63.0,0.975,0.9507,44.9,2917.5,0.6115,789.0,0.7808,0.5,44.13,0.569,5.6,14.0,2.0,19.002075503406722,9.64,14.74,18.7,3379.4,11.44,0.525
3,8.3,-0.8,9.0,0.89,449.7,459.2,1.8,23.0,0.1935,0.0374,9.6,1044.3,0.8143,951.0,0.387,0.5,162.22,0.0446,4.6,8.0,1.0,12.183368102261227,7.91,10.39,18.0,795.0,5.82,0.404
3,7.5,-0.7,8.2,0.95,544.4,542.6,1.4,50.0,0.4172,0.174,18.7,2725.1,0.6128,790.0,0.4457,0.5,183.47,0.0218,5.89,11.0,1.0,14.961977576524179,10.13,12.31,18.6,795.0,8.28,0.397
12,3.8,-9.9,13.7,0.8,231.2,217.8,2.7,29.0,0.2407,0.0579,5.6,667.8,0.5475,738.0,0.4061,0.5,294.15,0.0917,3.51,9.9,1.0,10.455952960786414,6.04,8.88,18.8,795.0,7.0,0.452
2,1.8,-8.9,10.7,0.75,320.3,323.0,2.3,32.0,0.2631,0.0692,2.9,1011.1,0.5884,771.0,0.5398,0.5,366.96,0.1221,4.2,16.5,2.0,22.15927417055508,7.23,17.09,17.8,795.0,8.1,0.437
2,1.7,-10.8,12.5,1.14,288.7,296.7,3.7,62.0,0.5144,0.2646,5.3,1782.3,0.6237,799.0,0.4926,0.5,371.51,0.0017,2.62,15.0,2.0,13.847162487553597,4.51,10.88,17.8,795.0,9.93,0.499
3,4.2,-6.8,11.0,0.95,433.3,436.7,3.4,35.0,0.2921,0.0853,7.4,1518.8,0.5452,736.0,0.4266,0.5,280.65,0.0213,4.72,17.2,3.0,17.053673993667683,8.12,12.63,19.2,795.0,6.89,0.32
11,8.2,-5.2,13.4,1.62,282.0,277.1,0.1,37.0,0.3097,0.0959,15.2,1047.9,0.4409,653.0,0.4054,0.5,164.3,0.2662,4.1,9.5,2.0,13.672137048763627,7.05,10.61,17.2,795.0,6.99,0.428
1,-1.0,-13.0,12.0,1.33,292.3,299.0,3.1,19.0,0.1625,0.0264,-1.0,569.8,0.8177,954.0,0.5048,0.5,484.36,0.0528,4.96,17.5,3.0,12.763929157193974,8.53,9.63,16.9,795.0,6.89,0.326
11,7.9,-4.1,12.0,0.77,381.9,386.0,0.3,63.0,0.528,0.2788,24.9,2419.9,0.6273,802.0,0.6015,0.5,172.54,0.1114,4.1,14.7,3.0,15.594583915645549,7.05,11.6,19.7,795.0,8.81,0.475
12,0.6,-8.4,9.0,0.3,257.8,281.7,3.5,29.0,0.2382,0.0567,0.9,736.7,0.5363,729.0,0.3001,0.5,415.73,0.64,3.9,13.1,3.0,9.960055453074865,6.71,7.3,16.6,795.0,7.67,0.356
12,7.3,-2.5,9.8,1.14,238.6,245.1,0.5,40.0,0.3356,0.1126,14.7,960.8,0.6381,810.0,0.4261,0.5,187.2,0.0019,4.2,9.5,2.0,10.822530194751126,7.23,8.63,14.8,795.0,6.93,0.405
1,0.8,-10.0,10.8,1.68,296.2,294.4,3.6,22.0,0.1813,0.0329,0.9,644.4,0.7187,875.0,0.3787,0.5,408.73,0.3403,5.3,13.5,2.0,10.049978703309055,9.12,8.11,15.2,795.0,6.31,0.315
11,4.6,-9.1,13.7,1.44,288.2,287.3,0.8,54.0,0.4496,0.2022,12.3,1555.1,0.5115,709.0,0.4876,0.5,269.95,0.1185,4.6,12.0,4.0,18.6777940964811,7.91,13.22,18.0,795.0,8.93,0.449
3,6.9,-6.8,13.6,2.0,371.2,373.6,0.9,48.0,0.397,0.1576,16.3,1768.1,0.511,709.0,0.4223,0.5,199.86,0.8154,5.62,14.0,3.0,16.124757436170153,9.67,11.9,17.8,795.0,7.64,0.421
3,9.3,-1.2,10.4,0.3,466.8,466.1,3.8,44.0,0.3692,0.1363,20.6,2068.1,0.4012,621.0,0.4561,0.5,137.39,0.64,4.03,11.5,2.0,15.520093819078648,6.93,11.96,20.9,795.0,7.9,0.484
12,1.8,-8.8,10.6,1.23,202.9,210.9,0.6,46.0,0.3806,0.1449,4.0,926.9,0.7365,889.0,0.4196,0.5,369.98,0.0177,4.8,13.5,3.0,3.53297450831983,8.26,2.64,14.7,795.0,5.9,0.417
1,-4.5,-18.2,13.6,1.16,285.7,264.9,0.1,42.0,0.3486,0.1215,-9.5,1195.0,0.8758,1001.0,0.2893,0.5,652.17,0.0041,4.17,11.3,1.0,9.921125093048293,7.18,8.74,18.6,795.0,6.63,0.494
3,7.2,-1.5,8.7,0.81,324.3,307.2,1.3,11.0,0.0882,0.0078,3.8,343.1,0.4575,666.0,0.3778,0.5,191.02,0.0853,5.3,9.4,2.0,20.254029155787492,9.12,15.56,16.1,795.0,6.62,0.371
3,8.1,-1.7,9.8,1.04,382.4,385.4,0.5,35.0,0.2891,0.0836,14.1,1326.5,0.7814,925.0,0.3199,0.5,165.57,0.0039,4.8,17.0,3.0,11.67588390165242,8.26,8.78,17.3,795.0,7.58,0.345
1,-3.8,-13.4,9.6,1.45,199.0,235.3,2.5,48.0,0.4012,0.161,-9.1,958.1,0.4305,644.0,0.4731,0.5,613.78,0.1231,5.4,11.1,3.0,15.290053731256053,9.29,11.21,13.4,795.0,8.51,0.498
11,6.8,-3.1,10.0,1.66,321.5,323.3,3.4,47.0,0.395,0.156,16.2,1524.2,0.4394,652.0,0.5193,0.5,200.31,0.3186,4.28,9.0,4.0,20.985407307780513,7.36,14.89,14.9,795.0,8.45,0.437
12,-1.3,-13.3,12.0,1.03,171.9,172.4,3.7,33.0,0.2747,0.0755,-2.2,566.8,0.9804,1084.0,0.3082,0.5,498.44,0.0056,4.5,7.3,2.0,17.589914472588553,7.74,13.98,15.9,795.0,9.47,0.425
4,7.5,-6.1,13.6,1.24,436.9,420.0,2.8,34.0,0.2793,0.078,12.6,1464.2,0.9281,1043.0,0.396,0.5,182.44,0.0208,3.73,15.2,4.0,17.14926820906759,6.42,12.4,20.6,795.0,7.84,0.35
11,6.3,-3.3,9.6,0.95,401.3,397.1,4.0,18.0,0.1504,0.0226,5.7,724.0,0.5301,724.0,0.3631,0.5,216.93,0.0225,5.5,9.0,1.0,14.609097477055915,9.46,11.98,17.6,795.0,7.2,0.333
12,-0.1,-12.2,12.1,1.09,222.1,223.8,2.6,36.0,0.3025,0.0915,-0.2,806.0,0.6831,846.0,0.3762,0.5,446.67,0.0,6.0,9.5,1.0,16.97560098949331,10.32,13.88,16.6,795.0,7.7,0.41
12,6.1,-4.9,10.9,0.97,257.4,253.4,3.9,20.0,0.1676,0.0281,6.1,517.6,0.5464,737.0,0.3006,0.5,223.02,0.0169,6.5,15.1,3.0,9.147662998386895,11.18,6.7,16.5,795.0,8.59,0.389
12,1.3,-10.2,11.4,1.22,318.0,323.9,3.1,23.0,0.194,0.0376,1.5,740.1,0.6513,821.0,0.3671,0.5,389.46,0.0155,4.6,16.0,3.0,11.145953622833984,7.91,8.28,17.1,795.0,8.27,0.421
4,12.9,4.4,8.5,0.52,597.2,588.6,0.7,59.0,0.7848,0.6159,38.4,3541.1,0.5276,722.0,0.6698,0.5,64.94,0.3347,2.92,12.0,2.0,13.013825755822285,5.02,10.18,20.8,2066.6,10.38,0.432
11,5.1,-5.2,10.3,1.3,251.6,241.1,0.2,45.0,0.3757,0.1411,11.5,1134.2,0.7355,888.0,0.4236,0.5,252.6,0.0393,6.1,13.0,3.0,22.317646894248654,10.5,16.73,15.1,795.0,6.62,0.327
3,8.7,-3.9,12.7,0.61,478.5,473.4,3.6,48.0,0.4025,0.162,21.1,2311.1,0.6574,826.0,0.3629,0.5,150.31,0.245,5.97,9.0,1.0,17.227844695401988,10.27,14.05,22.1,795.0,9.72,0.489
4,12.2,0.4,11.8,1.22,563.2,553.4,1.1,51.0,0.6139,0.3768,31.1,2863.1,0.5735,759.0,0.6121,0.5,76.65,0.0144,6.2,12.0,2.0,17.509341337871536,10.67,13.59,21.2,1990.2,8.36,0.451
3,7.4,-6.2,13.6,1.41,365.3,361.7,0.9,55.0,0.4555,0.2075,20.3,1996.5,0.8215,957.0,0.3883,0.5,183.8,0.0977,4.1,15.5,4.0,8.76776944939289,7.05,6.03,19.1,795.0,9.08,0.369
1,-0.1,-10.5,10.4,2.1,225.5,227.8,0.9,47.0,0.3896,0.1518,-0.3,1054.0,0.5039,703.0,0.5223,0.5,446.32,1.007,5.14,10.3,2.0,20.294823097007843,8.84,15.62,12.7,795.0,7.35,0.365
12,1.4,-10.1,11.5,0.83,252.3,250.9,0.6,14.0,0.1155,0.0133,1.0,349.8,0.5073,706.0,0.3334,0.5,384.3,0.072,3.79,12.0,1.0,12.30858489006972,6.52,10.24,17.2,795.0,6.83,0.317
4,10.5,-3.0,13.4,1.42,473.3,481.8,1.7,47.0,0.4288,0.1838,24.6,2223.4,0.8161,953.0,0.5223,0.5,110.76,0.1023,4.6,13.5,3.0,11.233228913311567,7.91,8.48,20.6,795.0,8.12,0.451
12,2.2,-8.9,11.1,1.19,143.8,138.7,2.1,18.0,0.1463,0.0214,1.9,252.4,0.4563,665.0,0.4492,0.5,354.75,0.008,4.5,9.7,2.0,12.859154296744727,7.74,10.01,14.4,795.0,6.13,0.345
11,7.2,-3.9,11.1,1.56,302.2,305.6,1.4,15.0,0.1289,0.0166,5.6,467.6,0.4219,637.0,0.3153,0.5,190.03,0.2118,3.71,9.0,2.0,14.348110253816236,6.38,11.1,15.8,795.0,4.99,0.372
2,2.2,-9.1,11.2,0.43,452.7,449.1,1.2,12.0,0.1031,0.0106,1.3,560.0,0.3197,556.0,0.2135,0.5,354.31,0.4523,4.73,11.8,2.0,11.778833207990713,8.14,9.09,21.0,795.0,7.17,0.407
3,4.7,-7.1,11.8,1.11,421.8,426.2,1.1,55.0,0.4583,0.21,13.0,2319.5,0.8589,987.0,0.5392,0.5,264.21,0.0001,4.4,8.7,2.0,8.331100716823357,7.57,6.94,19.3,795.0,7.3,0.461
4,15.0,6.0,9.0,1.13,445.9,436.6,1.0,25.0,0.4237,0.1795,19.1,1132.3,0.7029,862.0,0.4703,0.5,35.86,0.0008,4.0,9.0,4.0,14.972307411493194,6.88,10.59,17.4,1393.0,7.36,0.462
11,7.0,-4.8,11.8,0.7,344.3,350.5,1.0,45.0,0.3763,0.1416,15.7,1554.6,0.7324,886.0,0.4831,0.5,197.3,0.1595,3.59,9.0,2.0,14.233174892211881,6.18,11.26,19.1,795.0,7.37,0.43
4,14.3,2.0,12.3,1.15,516.4,523.3,1.6,44.0,0.6883,0.4738,31.7,2289.7,0.6648,832.0,0.5561,0.5,44.71,0.0021,4.1,12.0,1.0,12.919500225611634,7.05,10.82,21.0,1618.1,9.98,0.473
11,7.6,-1.5,9.1,1.08,319.8,310.0,0.4,33.0,0.2718,0.0739,12.4,1042.9,0.655,824.0,0.4537,0.5,179.89,0.0004,5.4,11.0,3.0,9.6002936215355,9.29,7.12,15.6,795.0,6.46,0.264
1,-2.2,-12.5,10.3,0.9,250.3,253.6,2.2,33.0,0.2786,0.0776,-3.7,836.8,0.4327,646.0,0.3514,0.5,539.62,0.0396,3.93,10.0,1.0,13.190301117562504,6.76,10.84,16.0,795.0,7.83,0.537
3,5.3,-6.8,12.1,1.42,380.3,382.1,0.7,19.0,0.1582,0.025,5.0,721.9,0.7872,930.0,0.4266,0.5,246.79,0.1003,4.58,7.5,1.0,15.033222737579315,7.88,12.5,18.2,795.0,6.54,0.4
2,2.0,-7.9,9.9,0.58,355.0,367.4,0.6,19.0,0.1586,0.0252,1.9,675.6,0.4712,677.0,0.2561,0.5,362.32,0.2733,4.19,7.5,3.0,11.083911264213638,7.21,8.09,18.1,795.0,7.42,0.288
11,9.3,-3.6,12.9,1.56,186.0,193.7,2.1,34.0,0.2867,0.0822,16.0,639.8,0.5872,770.0,0.4364,0.5,136.88,0.2085,4.4,8.5,2.0,21.565778391947987,7.57,16.64,15.5,916.7,7.39,0.416
1,-0.1,-10.9,10.8,1.24,400.4,420.8,0.0,55.0,0.4586,0.2103,-0.3,2203.1,0.848,978.0,0.5066,0.5,445.34,0.0195,4.0,10.0,2.0,13.178719068895173,6.88,10.56,17.8,795.0,6.72,0.384
1,-5.0,-15.8,10.8,0.98,243.7,216.9,0.7,23.0,0.1912,0.0365,-5.8,559.2,0.5316,725.0,0.2863,0.5,677.17,0.0145,5.3,11.7,2.0,17.45113369034534,9.12,13.51,16.1,795.0,6.06,0.443
4,15.8,7.6,8.2,1.21,507.4,497.5,1.0,60.0,1.0,1.0,47.0,3021.5,0.8224,958.0,0.8473,0.5,27.05,0.0125,3.28,8.2,1.0,12.542892244282811,5.64,10.67,17.5,2603.4,10.19,0.45
4,12.1,-0.3,12.5,1.22,465.1,470.1,3.7,20.0,0.2386,0.0569,12.2,933.7,0.6618,829.0,0.3472,0.5,78.67,0.0135,6.35,13.0,3.0,13.134255799949816,10.93,9.78,20.2,795.0,6.76,0.43
12,4.8,-7.3,12.1,1.33,350.2,356.4,1.3,59.0,0.4948,0.2449,14.2,2079.5,0.6654,832.0,0.5422,0.5,262.89,0.054,5.78,15.0,3.0,10.70345882876923,9.95,7.96,17.9,795.0,8.12,0.499
3,7.7,-1.0,8.7,0.5,402.9,405.3,1.4,18.0,0.1481,0.0219,6.9,715.8,0.6822,846.0,0.3231,0.5,176.19,0.3618,5.53,10.9,4.0,14.747547960006989,9.52,10.41,18.1,795.0,5.89,0.303
11,9.4,1.1,8.2,0.94,310.5,329.5,3.9,11.0,0.0889,0.0079,5.0,331.2,0.9129,1030.0,0.4121,0.5,135.18,0.0261,5.1,13.0,4.0,9.960625073117818,8.78,7.0,15.2,795.0,6.9,0.423
2,1.5,-8.0,9.5,1.37,307.2,321.1,3.7,20.0,0.1636,0.0268,1.5,603.0,0.9104,1028.0,0.2862,0.5,380.89,0.0739,4.9,12.0,2.0,16.918442584470945,8.43,13.42,15.1,795.0,8.1,0.412
12,0.0,-13.6,13.7,0.91,223.7,218.6,0.9,45.0,0.3717,0.1382,0.1,997.8,0.3563,585.0,0.4191,0.5,439.9,0.0362,4.0,13.0,4.0,14.96660103766866,6.88,10.31,18.3,795.0,7.45,0.397
11,9.9,1.4,8.5,0.3,317.6,313.5,1.7,27.0,0.2243,0.0503,13.3,854.8,0.7514,901.0,0.3464,0.5,123.63,0.64,4.2,11.0,4.0,24.912998076976514,7.23,18.09,17.1,795.0,6.43,0.466
12,3.7,-9.1,12.8,0.9,311.0,308.8,3.9,56.0,0.4695,0.2204,10.6,1751.8,0.5621,750.0,0.497,0.5,297.72,0.0409,5.2,11.5,3.0,7.57796572182859,8.95,5.53,19.0,795.0,10.72,0.457
3,7.6,-2.0,9.6,1.36,383.0,373.4,0.4,12.0,0.0967,0.0094,4.4,444.5,0.9202,1036.0,0.1648,0.5,180.0,0.0693,5.3,19.0,2.0,18.63126157019419,9.12,14.71,16.3,795.0,5.96,0.418
1,-0.3,-10.2,10.0,1.27,316.5,308.6,1.0,41.0,0.3441,0.1184,-0.5,1307.0,0.6435,815.0,0.4527,0.5,451.7,0.0288,6.5,13.5,3.0,15.250410727739927,11.18,11.35,15.8,795.0,7.6,0.347
4,5.6,-5.0,10.6,0.94,444.7,447.1,2.6,16.0,0.1305,0.017,4.4,696.4,0.5283,723.0,0.2108,0.5,237.26,0.0248,4.7,13.0,1.0,14.993576917399405,8.09,12.27,19.1,795.0,7.01,0.327
12,2.3,-8.8,11.1,0.53,280.7,286.3,3.8,11.0,0.0956,0.0091,1.3,322.0,0.6931,854.0,0.2789,0.5,351.11,0.3237,5.54,8.0,4.0,11.825140023432407,9.53,8.22,18.0,795.0,6.55,0.286
3,3.3,-9.2,12.5,0.82,429.0,421.0,1.8,34.0,0.2813,0.0791,5.6,1447.8,0.4264,641.0,0.456,0.5,313.4,0.0805,6.9,14.5,2.0,10.793801553281869,11.87,8.44,20.7,795.0,7.4,0.389
1,-0.9,-9.5,8.6,0.66,319.3,336.1,0.2,28.0,0.2306,0.0532,-1.3,883.6,0.3737,599.0,0.3835,0.5,480.4,0.1947,5.3,14.6,3.0,17.73903891114452,9.12,13.0,16.3,795.0,6.68,0.319
1,-0.2,-11.7,11.5,1.57,221.8,222.8,0.4,33.0,0.2787,0.0777,-0.3,741.6,0.7871,930.0,0.4814,0.5,447.65,0.217,6.49,10.0,1.0,14.895804686646672,11.17,12.4,14.9,795.0,6.67,0.428
12,1.9,-7.1,9.1,0.9,263.3,259.2,3.1,25.0,0.2111,0.0446,2.5,667.1,0.6455,816.0,0.4895,0.5,363.23,0.0384,4.3,10.0,2.0,16.50640990605779,7.4,12.9,15.3,795.0,6.62,0.444
1,2.7,-6.8,9.4,0.71,286.3,292.2,1.5,28.0,0.2371,0.0562,3.8,814.5,0.5964,777.0,0.47,0.5,335.84,0.1529,8.2,9.0,1.0,11.443279073513096,14.11,9.66,16.4,795.0,8.46,0.458
11,8.5,-4.3,12.8,1.14,384.0,392.0,1.5,49.0,0.4115,0.1693,21.1,1896.2,0.8082,947.0,0.404,0.5,155.04,0.0018,5.8,13.2,2.0,18.442408906250368,9.98,14.48,19.4,795.0,7.98,0.345
12,2.0,-11.5,13.5,1.93,190.2,173.7,2.1,55.0,0.4614,0.2129,5.6,1052.8,0.7541,903.0,0.5779,0.5,360.29,0.6874,5.58,13.0,2.0,11.600808494792767,9.6,9.3,15.2,795.0,8.98,0.435
12,2.6,-7.3,9.9,0.86,275.3,287.4,0.3,10.0,0.0861,0.0074,1.3,284.6,0.5805,764.0,0.285,0.5,338.99,0.0565,3.7,8.0,4.0,16.273849864153238,6.37,11.47,16.2,795.0,6.09,0.303
3,5.5,-5.7,11.2,1.47,472.1,481.3,3.0,60.0,0.4965,0.2465,16.4,2812.7,0.6291,803.0,0.5286,0.5,239.59,0.1346,4.1,14.0,3.0,10.564393326302532,7.05,7.83,18.7,795.0,6.91,0.507
11,3.7,-5.6,9.3,1.04,160.2,159.9,1.6,31.0,0.2586,0.0669,5.7,497.3,0.874,999.0,0.4204,0.5,300.02,0.0033,3.9,16.5,2.0,12.528479507062542,6.71,10.1,13.5,795.0,7.4,0.397
2,-5.1,-14.9,9.9,1.86,443.9,451.9,0.0,15.0,0.121,0.0146,-3.7,644.3,0.4427,654.0,0.4114,0.5,679.14,0.5808,6.1,10.0,1.0,17.0032970955897,10.5,13.71,16.2,795.0,6.13,0.478
12,6.8,-2.1,9.0,0.81,227.9,239.9,3.4,56.0,0.4668,0.2179,19.2,1276.7,0.5471,738.0,0.5705,0.5,200.57,0.0847,5.5,12.9,3.0,12.161710669674449,9.46,8.96,14.9,795.0,9.23,0.448
3,10.3,-0.2,10.4,0.72,470.9,465.1,0.0,37.0,0.3211,0.1031,18.8,1722.5,0.5711,757.0,0.3971,0.5,115.2,0.1479,3.2,10.5,2.0,15.477291788019574,5.51,12.06,19.9,795.0,5.86,0.388
2,4.6,-8.8,13.4,0.96,277.7,265.8,1.3,60.0,0.4984,0.2484,13.7,1661.0,0.3083,547.0,0.5739,0.5,269.49,0.0204,3.7,14.9,4.0,16.82019343628957,6.37,11.66,18.8,795.0,8.04,0.376
2,1.8,-6.9,8.7,1.29,426.3,429.6,1.4,46.0,0.3859,0.1489,4.1,1974.2,0.8616,989.0,0.5328,0.5,369.64,0.0351,3.8,14.3,1.0,19.935016794113793,6.54,16.24,16.4,795.0,8.19,0.409
3,5.0,-7.1,12.1,0.96,453.3,448.3,3.5,15.0,0.1236,0.0153,3.7,672.5,0.7385,891.0,0.1696,0.5,256.64,0.0195,5.07,8.4,1.0,16.264484438885773,8.72,13.39,20.3,795.0,8.02,0.338
12,3.7,-4.8,8.5,1.3,191.5,193.2,2.4,37.0,0.3097,0.0959,6.9,711.7,0.5436,735.0,0.4992,0.5,299.13,0.0402,4.1,9.5,3.0,20.36861102622715,7.05,15.11,12.7,795.0,8.92,0.494
2,-0.4,-11.5,11.0,1.17,294.8,276.2,3.2,14.0,0.1173,0.0138,-0.3,414.8,0.4923,694.0,0.2722,0.5,459.99,0.0048,5.4,9.5,2.0,17.701138091044093,9.29,13.67,16.6,795.0,8.08,0.444
3,5.0,-8.6,13.6,1.41,431.9,426.1,1.2,15.0,0.1216,0.0148,3.7,630.4,0.838,970.0,0.2891,0.5,255.18,0.0943,5.8,14.0,2.0,15.450457606078695,9.98,12.26,20.2,795.0,7.41,0.378
1,0.4,-7.7,8.2,1.17,392.2,395.0,1.9,60.0,0.502,0.252,1.3,2362.4,0.7927,934.0,0.5079,0.5,423.46,0.0042,4.27,10.0,3.0,12.284673504976794,7.35,9.25,15.8,795.0,8.13,0.537
11,10.9,-2.1,13.1,2.15,459.1,441.1,0.6,54.0,0.537,0.2884,29.7,2494.2,0.581,765.0,0.6659,0.5,101.4,1.1075,5.6,12.0,2.0,17.607018128263498,9.64,13.67,18.3,1913.4,9.44,0.542
12,-0.9,-10.4,9.5,1.74,261.6,263.4,3.4,12.0,0.1037,0.0107,-0.5,325.4,0.7899,932.0,0.4341,0.5,478.1,0.4041,5.92,16.8,4.0,5.390927252152121,10.19,3.48,13.5,795.0,7.32,0.432
4,12.7,4.0,8.7,0.85,510.7,510.4,2.7,35.0,0.454,0.2061,22.5,1805.0,0.8227,958.0,0.5597,0.5,68.76,0.0643,3.97,11.0,2.0,12.726930099633893,6.83,10.2,18.8,795.0,9.75,0.46
3,5.2,-7.4,12.6,1.4,357.3,346.0,1.4,49.0,0.405,0.164,12.6,1736.3,0.6444,816.0,0.4723,0.5,249.65,0.0927,5.48,9.0,1.0,16.5259240982279,9.43,13.51,18.2,795.0,8.09,0.478
2,0.1,-11.7,11.8,1.38,352.5,365.7,1.1,48.0,0.4007,0.1605,0.4,1695.0,0.5148,712.0,0.4888,0.5,434.9,0.0809,6.1,10.5,1.0,13.142239669979887,10.5,10.87,17.6,795.0,7.18,0.509
1,-0.5,-13.2,12.7,1.3,244.7,251.3,2.0,39.0,0.3238,0.1048,-1.0,950.5,0.7457,897.0,0.3661,0.5,463.35,0.039,5.48,11.0,3.0,18.17118148657706,9.43,13.62,16.9,795.0,8.14,0.459
11,9.9,-1.2,11.0,1.33,344.3,337.4,0.8,58.0,0.4793,0.2297,28.4,1980.2,0.7433,895.0,0.4883,0.5,123.56,0.0511,5.92,10.0,4.0,13.518782639413772,10.19,9.53,17.0,795.0,8.71,0.423
1,-1.5,-10.5,9.0,0.81,301.4,300.0,3.8,48.0,0.3974,0.158,-3.5,1437.6,0.6221,798.0,0.6174,0.5,505.61,0.086,3.1,19.5,2.0,9.376536495377099,5.33,7.53,16.0,795.0,8.64,0.456
2,7.3,-2.1,9.3,1.48,376.1,375.7,2.1,33.0,0.2752,0.0757,12.0,1242.0,0.8587,987.0,0.3274,0.5,188.19,0.1428,6.14,7.9,1.0,10.899628249552755,10.56,9.46,15.7,795.0,7.72,0.357
3,7.1,-6.6,13.7,1.11,340.2,345.2,0.9,48.0,0.3959,0.1567,16.8,1616.5,0.6686,835.0,0.4765,0.5,193.5,0.0001,4.95,10.4,2.0,20.169086027382875,8.52,15.66,19.6,795.0,7.29,0.496
11,8.6,-4.8,13.4,1.1,322.6,306.7,1.5,36.0,0.298,0.0888,15.4,1153.3,0.7941,935.0,0.3631,0.5,153.52,0.0,5.0,12.0,3.0,10.096646097375265,8.6,7.61,19.1,795.0,7.79,0.398
2,3.6,-10.1,13.6,1.04,356.0,350.2,2.6,20.0,0.1634,0.0267,3.5,698.0,0.8268,961.0,0.308,0.5,304.0,0.0037,5.5,12.7,4.0,7.537297634804741,9.46,5.11,20.0,795.0,7.45,0.371
3,7.2,-4.5,11.7,1.37,478.9,477.3,2.3,11.0,0.0894,0.008,3.8,513.6,0.4583,667.0,0.296,0.5,191.09,0.0746,4.5,10.5,2.0,16.55827818385929,7.74,12.79,19.4,795.0,6.43,0.455
4,16.6,6.7,9.9,1.06,443.5,448.1,3.7,58.0,1.0,1.0,48.4,2587.1,0.5729,758.0,0.8964,0.5,19.37,0.0014,4.3,10.0,4.0,6.777508899394901,7.4,4.34,18.2,2348.8,10.96,0.598
3,7.8,-1.5,9.4,0.45,450.7,462.9,1.0,40.0,0.3369,0.1135,15.9,1822.0,0.2864,529.0,0.614,0.5,173.12,0.4173,11.78,9.6,1.0,17.31017970769863,20.27,13.81,19.4,795.0,7.9,0.376
4,12.6,2.5,10.2,1.61,536.0,532.5,3.6,33.0,0.416,0.1731,20.7,1752.6,0.6449,816.0,0.5196,0.5,70.0,0.2634,4.7,13.0,2.0,14.794968805674003,8.09,11.61,18.4,891.2,9.08,0.378
12,-1.6,-10.5,8.8,1.35,253.2,265.1,0.1,26.0,0.2159,0.0466,-2.1,656.1,0.3452,576.0,0.3448,0.5,512.59,0.0606,5.4,12.0,3.0,10.90104613187402,9.29,7.85,13.8,795.0,5.55,0.477
11,6.6,-2.1,8.8,1.49,440.6,431.9,3.4,19.0,0.1566,0.0245,6.2,827.7,0.8094,948.0,0.3859,0.5,206.87,0.1507,3.8,9.0,1.0,12.661457377148647,6.54,10.74,16.2,795.0,5.84,0.487
12,2.8,-6.8,9.7,1.18,293.4,304.9,0.2,12.0,0.101,0.0102,1.7,355.5,0.5286,723.0,0.2957,0.5,330.27,0.0059,4.88,8.8,2.0,14.239404918259556,8.4,11.1,15.5,795.0,4.05,0.252
2,2.0,-7.1,9.1,1.14,501.2,504.9,1.7,27.0,0.2281,0.052,2.8,1372.0,0.4745,680.0,0.5686,0.5,359.78,0.0013,4.2,10.5,2.0,13.051664850118517,7.23,10.17,18.2,795.0,6.89,0.418
4,13.8,5.4,8.4,0.95,577.4,578.8,0.0,49.0,0.7259,0.527,34.1,2854.1,0.6685,835.0,0.648,0.5,51.67,0.0218,6.0,10.0,4.0,12.587849796762159,10.32,8.78,19.3,2223.6,9.11,0.447
12,-1.1,-13.5,12.4,0.34,211.3,221.6,3.0,18.0,0.1523,0.0232,-1.0,386.2,0.7964,937.0,0.4192,0.5,490.11,0.5743,5.22,15.9,3.0,19.951866477973446,8.98,15.0,18.5,795.0,6.5,0.341
11,10.3,1.7,8.5,1.19,324.4,320.9,2.5,16.0,0.1448,0.021,8.5,535.1,0.6278,802.0,0.4111,0.5,115.22,0.0078,4.54,13.3,3.0,16.406019067455542,7.81,12.21,15.0,795.0,5.51,0.416
3,6.1,-2.6,8.8,1.19,398.7,387.7,1.7,31.0,0.2609,0.0681,9.6,1248.1,0.5405,732.0,0.3658,0.5,220.62,0.0081,4.3,14.5,3.0,11.015233379513578,7.4,8.09,16.3,795.0,6.08,0.535
3,7.1,-6.7,13.8,1.29,563.0,549.8,1.8,45.0,0.3767,0.1419,16.1,2544.9,0.7838,927.0,0.4578,0.5,192.85,0.0348,4.3,9.5,1.0,14.867491155927034,7.4,12.38,22.6,795.0,5.92,0.276
4,15.4,2.1,13.2,1.22,521.4,522.9,2.6,38.0,0.6518,0.4249,29.0,1967.3,0.6743,839.0,0.4525,0.5,31.76,0.015,5.5,14.5,3.0,6.861526860744891,9.46,5.09,21.6,2010.8,10.63,0.516
4,13.7,2.5,11.2,0.88,500.6,507.8,2.5,22.0,0.3142,0.0987,14.9,1090.2,0.6856,849.0,0.4718,0.5,53.91,0.0482,4.5,13.3,4.0,14.367073531191267,7.74,10.12,20.6,1075.2,7.47,0.41
3,13.4,1.1,12.3,0.89,424.0,422.6,1.0,48.0,0.6764,0.4575,32.4,2048.6,0.9665,1073.0,0.5784,0.5,57.77,0.0454,4.9,14.0,2.0,9.96823260351148,8.43,8.25,20.3,1993.8,10.53,0.547
1,-3.8,-17.4,13.5,1.45,244.7,242.3,1.1,59.0,0.4899,0.24,-11.3,1438.3,0.4272,642.0,0.589,0.5,617.49,0.1221,4.06,9.1,1.0,11.630545325212506,6.99,9.66,17.2,795.0,8.89,0.443
11,6.1,-3.9,10.0,0.88,329.8,329.6,2.9,47.0,0.3956,0.1565,14.4,1565.3,0.646,817.0,0.55,0.5,222.48,0.05,6.1,11.5,3.0,13.79765669722298,10.5,10.27,17.1,795.0,9.77,0.317
4,11.5,3.3,8.3,1.56,535.9,560.5,1.5,33.0,0.3571,0.1275,18.9,1755.0,0.7679,914.0,0.4417,0.5,89.45,0.2158,4.58,14.6,2.0,6.765376136884515,7.88,5.69,17.1,795.0,8.09,0.526
1,2.8,-10.5,13.3,1.91,256.0,260.4,2.2,60.0,0.4986,0.2486,8.5,1531.9,0.9114,1029.0,0.6179,0.5,329.5,0.6553,6.72,12.5,2.0,8.400728348300774,11.56,7.03,16.0,795.0,8.22,0.352
11,7.2,-5.9,13.1,1.88,168.7,175.0,2.8,31.0,0.2573,0.0662,11.1,521.1,0.6786,843.0,0.5164,0.5,190.61,0.6092,3.3,11.7,1.0,15.342038718448359,5.68,12.65,14.6,795.0,7.93,0.352
11,8.7,-3.6,12.4,1.74,379.1,348.3,1.4,44.0,0.367,0.1347,19.3,1669.7,0.8146,952.0,0.3923,0.5,150.1,0.4126,3.8,12.0,3.0,14.136729825563135,6.54,10.65,17.5,795.0,8.64,0.538
1,-2.9,-15.9,13.0,2.13,265.5,280.4,1.2,20.0,0.1688,0.0285,-3.0,537.9,0.641,813.0,0.2345,0.5,573.16,1.0574,5.32,11.0,2.0,15.016836177416964,9.15,11.78,15.4,795.0,7.09,0.44
2,-3.4,-15.4,11.9,1.55,380.1,385.4,2.4,56.0,0.4632,0.2146,-9.6,2113.0,0.4149,632.0,0.4771,0.5,597.65,0.2027,4.11,13.0,3.0,13.6501583265162,7.07,9.97,17.7,795.0,9.06,0.293
2,4.5,-8.8,13.3,1.65,384.3,378.7,1.3,45.0,0.3774,0.1424,10.1,1740.6,0.7948,936.0,0.5357,0.5,273.14,0.2994,5.81,14.0,2.0,18.062541917326307,10.0,14.18,18.6,795.0,7.73,0.432
1,1.0,-12.8,13.9,1.29,247.7,267.4,3.3,18.0,0.1517,0.023,0.9,451.0,0.6581,827.0,0.3316,0.5,398.7,0.0345,5.33,10.0,2.0,14.52324689122856,9.17,11.42,17.9,795.0,6.43,0.38
11,9.9,-3.3,13.2,1.5,184.9,190.9,1.6,10.0,0.0868,0.0075,5.1,192.7,0.5016,701.0,0.3145,0.5,124.17,0.1564,4.1,10.0,2.0,16.623314285473434,7.05,12.87,15.9,795.0,5.64,0.394
11,5.3,-4.8,10.1,0.77,378.7,347.6,2.5,13.0,0.1075,0.0116,3.4,488.7,0.5493,739.0,0.299,0.5,246.3,0.1081,5.7,9.5,2.0,15.093629935186208,9.81,11.76,18.1,795.0,6.63,0.394
12,3.0,-10.0,12.9,1.17,284.3,277.2,3.9,35.0,0.2931,0.0859,5.3,1000.1,0.5561,745.0,0.3927,0.5,324.44,0.0047,4.7,10.0,3.0,13.73555591379516,8.09,10.15,18.0,795.0,8.91,0.422
12,-2.0,-14.0,12.0,1.35,238.3,230.1,0.5,58.0,0.4843,0.2346,-5.8,1384.8,0.7721,918.0,0.6151,0.5,528.79,0.064,4.57,15.0,3.0,7.326073672023729,7.86,5.51,16.1,795.0,8.26,0.445
2,1.8,-6.4,8.2,0.79,333.6,350.1,3.6,35.0,0.2925,0.0856,3.2,1170.9,0.4377,650.0,0.3887,0.5,367.87,0.0987,4.0,9.0,4.0,18.712489832761523,6.88,13.18,15.9,795.0,7.85,0.47
12,4.9,-3.3,8.2,0.6,203.9,205.3,1.2,43.0,0.361,0.1304,10.6,883.6,0.69,852.0,0.4331,0.5,258.71,0.2512,5.45,17.0,2.0,10.182942961898826,9.38,8.19,14.4,795.0,6.93,0.412
11,11.0,-1.0,11.9,1.22,297.4,297.8,3.3,43.0,0.4229,0.1788,23.3,1265.0,0.5369,730.0,0.5449,0.5,100.68,0.0136,6.0,11.0,2.0,12.31833024346191,10.32,9.67,17.3,1477.2,8.65,0.495
12,-1.3,-11.9,10.6,0.82,298.8,311.2,2.4,15.0,0.1223,0.015,-0.9,438.5,0.5402,732.0,0.1474,0.5,496.77,0.0781,5.58,11.1,1.0,12.20046903236907,9.6,10.18,17.2,795.0,6.81,0.322
11,6.8,-2.3,9.1,1.08,260.3,257.9,1.7,59.0,0.4934,0.2434,20.2,1541.4,0.1284,403.0,0.5226,0.5,201.29,0.0005,4.85,9.0,1.0,12.856276421690351,8.35,10.34,14.8,795.0,8.66,0.366
4,11.6,3.2,8.4,1.24,470.4,476.0,2.3,49.0,0.5374,0.2888,28.3,2294.3,0.3769,602.0,0.6091,0.5,88.16,0.019,5.17,13.0,3.0,13.021144011667094,8.9,9.47,17.0,795.0,9.75,0.495
3,7.3,-6.5,13.8,1.13,400.8,407.7,3.6,49.0,0.4074,0.166,18.0,1959.8,0.7451,896.0,0.3729,0.5,186.43,0.0011,5.64,12.0,2.0,12.717869186190203,9.7,10.13,20.5,795.0,10.98,0.536
4,17.6,8.0,9.6,0.53,455.0,453.9,0.2,60.0,1.0,1.0,52.4,2708.0,0.4869,689.0,0.8585,0.5,11.54,0.3195,3.86,9.5,2.0,14.909794311165507,6.64,11.57,19.4,3335.3,10.24,0.55
11,8.6,-2.7,11.3,0.5,404.0,391.0,2.0,44.0,0.3679,0.1353,19.0,1783.2,0.8923,1014.0,0.3205,0.5,154.11,0.3586,3.8,9.0,4.0,20.537940131069472,6.54,14.92,20.1,795.0,8.85,0.37
4,8.4,-0.6,9.0,1.49,585.9,582.0,0.2,64.0,0.5372,0.2886,27.0,3776.9,0.6513,821.0,0.5661,0.5,159.71,0.1527,4.97,18.0,4.0,17.476520305599507,8.55,12.43,18.5,795.0,8.5,0.467
1,-0.0,-8.7,8.7,1.52,323.6,312.0,2.5,26.0,0.2202,0.0485,-0.0,855.0,0.6716,837.0,0.3773,0.5,441.17,0.1779,5.47,9.0,3.0,15.705466232218729,9.41,11.72,14.3,795.0,7.71,0.403
3,8.9,-4.7,13.7,1.93,422.6,431.7,1.0,24.0,0.1985,0.0394,10.6,1006.9,0.6929,854.0,0.3014,0.5,145.55,0.6868,4.54,13.1,1.0,15.421220596867656,7.81,12.72,18.8,795.0,7.35,0.38
3,6.5,-2.9,9.4,1.51,389.4,404.7,3.4,15.0,0.1274,0.0162,5.0,595.1,0.6848,848.0,0.4597,0.5,210.46,0.1713,6.1,7.0,1.0,16.161201900344555,10.5,13.27,15.9,795.0,7.39,0.381
1,-0.9,-14.9,14.0,1.34,142.0,138.6,1.1,51.0,0.426,0.1815,-2.2,725.8,0.4147,632.0,0.4583,0.5,477.9,0.0596,3.4,12.0,2.0,18.028593339616993,5.85,13.85,16.3,795.0,8.85,0.482
11,9.8,-2.3,12.1,0.82,232.5,238.2,1.2,19.0,0.1622,0.0263,9.5,452.5,0.5932,775.0,0.2673,0.5,126.06,0.0799,4.43,8.4,1.0,13.135238815874288,7.62,10.93,17.4,795.0,6.86,0.532
12,6.1,-7.6,13.7,1.29,235.4,246.2,3.7,20.0,0.1701,0.0289,6.2,480.5,0.7025,862.0,0.3872,0.5,221.37,0.0348,7.47,14.0,1.0,17.895285262241373,12.85,14.58,17.6,795.0,6.83,0.441
3,8.1,-2.6,10.7,0.3,449.0,428.0,2.9,43.0,0.3624,0.1314,17.6,1953.0,0.4874,690.0,0.3521,0.5,166.42,0.64,6.4,10.0,3.0,12.921497776553851,11.01,9.48,20.8,795.0,8.59,0.402
4,14.8,2.7,12.1,0.79,456.7,468.5,2.2,11.0,0.1786,0.0319,8.1,498.2,0.5919,774.0,0.3276,0.5,38.17,0.0948,2.5,12.5,2.0,11.343184260108988,4.3,8.98,20.9,865.9,6.51,0.452
1,-1.5,-11.5,10.1,1.24,359.1,373.5,0.1,47.0,0.3875,0.1502,-3.4,1669.7,0.5977,778.0,0.4964,0.5,504.63,0.0185,6.12,10.6,2.0,10.841238265964535,10.53,8.61,16.6,795.0,7.96,0.398
2,6.8,-5.1,11.8,1.4,381.6,412.1,3.9,44.0,0.3643,0.1327,14.8,1668.3,0.7435,895.0,0.4741,0.5,202.69,0.0902,5.29,15.5,2.0,16.88517161436975,9.1,13.26,18.0,795.0,8.67,0.469
12,5.9,-4.4,10.3,1.61,235.3,242.1,2.9,39.0,0.3239,0.1049,11.4,914.6,0.8527,982.0,0.3147,0.5,229.04,0.2598,5.8,13.0,3.0,12.944757673767622,9.98,9.79,14.0,795.0,9.32,0.442
12,3.1,-6.0,9.1,0.48,286.9,295.8,2.9,63.0,0.5237,0.2743,9.8,1803.1,0.5657,753.0,0.4087,0.5,320.26,0.3874,4.4,8.6,3.0,13.140943892061749,7.57,9.71,16.7,795.0,7.41,0.459
1,-1.9,-13.0,11.1,1.19,240.7,233.8,1.8,30.0,0.2539,0.0644,-2.9,733.3,0.4679,674.0,0.287,0.5,524.76,0.0084,5.2,14.7,3.0,13.342263652166253,8.95,9.78,15.8,795.0,6.64,0.37
2,-1.6,-13.6,12.0,1.1,263.2,277.3,0.3,64.0,0.531,0.2819,-5.1,1676.9,0.4774,682.0,0.5448,0.5,510.31,0.0,3.67,13.0,3.0,18.641191876001837,6.31,13.76,17.1,795.0,8.13,0.389
2,1.8,-8.3,10.2,0.64,275.1,279.2,2.9,41.0,0.3424,0.1172,3.8,1130.3,0.7495,900.0,0.4266,0.5,367.07,0.2148,5.13,10.0,3.0,10.466202394444355,8.83,7.85,17.0,795.0,8.38,0.367
4,17.3,4.6,12.6,1.07,483.3,468.5,0.2,29.0,0.5915,0.3498,25.0,1395.3,0.4062,625.0,0.6142,0.5,13.75,0.0007,5.3,13.0,1.0,13.849087084385692,9.12,11.31,21.0,2179.2,7.93,0.399
11,8.8,-2.9,11.7,1.32,338.5,344.2,0.8,33.0,0.2777,0.0771,14.6,1128.0,0.8546,984.0,0.4101,0.5,149.2,0.0463,6.3,11.3,2.0,17.46541392260154,10.84,13.78,17.5,795.0,7.2,0.335
3,6.2,-7.1,13.3,0.66,457.0,472.3,1.1,10.0,0.085,0.0072,3.2,466.2,0.511,709.0,0.2664,0.5,218.14,0.196,1.0,9.0,2.0,11.104530743897564,1.72,8.74,22.2,795.0,6.16,0.373
4,14.0,3.4,10.6,0.79,443.7,448.0,2.9,22.0,0.338,0.1143,15.8,996.0,0.5883,771.0,0.3421,0.5,48.52,0.0974,4.7,15.1,1.0,12.748057685870908,8.09,10.63,19.5,1352.9,8.41,0.429
11,9.3,0.9,8.4,0.75,378.6,388.0,0.8,22.0,0.1794,0.0322,10.0,815.0,0.6352,808.0,0.3996,0.5,136.13,0.1215,4.3,16.0,3.0,15.308941144176881,7.4,11.39,16.8,795.0,6.3,0.405
11,7.5,-3.3,10.8,0.82,376.5,382.2,2.9,33.0,0.2748,0.0755,12.4,1241.5,0.8426,974.0,0.4371,0.5,182.25,0.0757,5.0,13.0,3.0,11.97053056775038,8.6,9.05,18.5,795.0,6.39,0.422
2,1.9,-8.7,10.6,1.55,398.9,382.3,3.4,42.0,0.354,0.1253,4.1,1694.6,0.7204,876.0,0.3348,0.5,363.37,0.2004,5.4,6.5,3.0,12.37797025197713,9.29,9.26,16.9,795.0,8.41,0.425
11,7.6,-0.7,8.4,0.75,274.1,272.3,3.9,61.0,0.5058,0.2558,23.2,1663.6,0.5413,733.0,0.4723,0.5,178.49,0.1208,4.0,18.1,4.0,15.188663150628528,6.88,10.62,15.2,795.0,9.42,0.441
1,0.1,-10.9,11.1,0.57,291.4,288.2,1.5,42.0,0.3539,0.1252,0.3,1237.2,0.8547,984.0,0.5223,0.5,435.39,0.2771,5.92,16.1,3.0,8.14453617512838,10.19,6.19,18.1,795.0,7.3,0.401
3,5.6,-6.3,11.9,1.38,351.1,341.9,2.6,38.0,0.3147,0.099,10.6,1325.7,0.5126,710.0,0.3664,0.5,237.23,0.08,4.0,9.0,4.0,11.009089171234239,6.88,7.47,17.6,795.0,8.71,0.405
11,3.1,-6.5,9.6,0.82,339.3,339.1,3.7,29.0,0.2391,0.0572,4.4,973.5,0.6814,845.0,0.3595,0.5,321.91,0.08,4.2,14.5,4.0,15.219695681049297,7.23,10.76,17.0,795.0,8.49,0.451
2,0.1,-11.1,11.2,0.58,311.4,306.0,2.5,38.0,0.3208,0.1029,0.2,1198.8,0.8661,993.0,0.355,0.5,436.93,0.2705,3.68,12.4,3.0,14.726529112151026,6.33,11.14,18.5,795.0,7.56,0.387
4,14.0,3.2,10.8,1.08,533.5,533.8,0.7,35.0,0.5298,0.2807,24.8,1892.9,0.4902,692.0,0.545,0.5,49.58,0.0005,4.2,17.0,4.0,11.443024343398243,7.23,7.77,20.2,2122.5,7.26,0.455
4,14.5,3.8,10.7,1.35,368.1,348.7,2.3,54.0,0.8607,0.7409,39.4,2001.3,0.7697,916.0,0.6929,0.5,42.26,0.0642,4.8,13.0,2.0,12.482600360621074,8.26,9.98,17.0,2790.2,11.44,0.564
1,0.7,-12.5,13.2,0.75,234.0,222.5,3.0,29.0,0.242,0.0586,1.0,679.4,0.4087,627.0,0.5382,0.5,413.52,0.1225,3.74,10.0,3.0,14.616668917819833,6.44,10.69,18.5,795.0,8.6,0.479
4,16.5,2.9,13.5,1.43,614.5,621.5,0.1,22.0,0.43,0.1849,18.5,1379.6,0.5192,715.0,0.5798,0.5,20.33,0.1077,4.13,13.0,1.0,7.991068106828336,7.11,7.01,22.8,1859.5,6.39,0.51
1,1.2,-7.9,9.0,0.3,357.4,359.8,1.9,17.0,0.1377,0.019,1.0,590.8,0.9189,1035.0,0.3583,0.5,393.06,0.64,3.34,10.5,2.0,18.695875936632284,5.75,14.76,18.1,795.0,5.91,0.441
2,5.3,-7.9,13.1,1.76,298.0,289.9,1.9,58.0,0.4873,0.2375,15.4,1742.7,0.5558,745.0,0.5828,0.5,247.77,0.4375,5.01,9.0,4.0,16.183314871386955,8.62,11.38,16.9,795.0,9.17,0.45
3,8.3,-3.9,12.2,0.41,349.7,331.9,2.3,59.0,0.4907,0.2408,24.4,2059.2,0.745,896.0,0.4864,0.5,161.28,0.4714,6.09,13.0,3.0,16.4970989551956,10.48,12.37,20.3,795.0,8.03,0.537
12,2.2,-11.8,13.9,1.87,247.9,265.4,2.8,25.0,0.2047,0.0419,2.7,609.1,0.4835,687.0,0.3444,0.5,354.19,0.5982,3.7,14.5,4.0,18.978869453764354,6.37,13.42,16.5,795.0,7.03,0.407
4,14.4,2.5,11.9,1.34,525.8,536.8,3.5,56.0,0.8808,0.7758,40.5,2955.1,0.8241,959.0,0.7846,0.5,43.52,0.0561,4.4,16.9,4.0,8.936863624574777,7.57,6.16,20.4,2796.7,11.08,0.391
11,10.1,-0.9,11.0,1.25,372.5,383.6,3.3,14.0,0.1183,0.014,7.0,515.6,0.4145,632.0,0.3676,0.5,118.22,0.0231,5.4,11.5,4.0,10.224673276147314,9.29,6.8,17.6,795.0,8.35,0.352
12,-2.6,-16.4,13.8,1.12,235.3,244.0,2.9,33.0,0.2734,0.0748,-4.2,772.2,0.7999,940.0,0.4055,0.5,555.81,0.0006,4.4,9.5,3.0,11.005363586938415,7.57,8.29,18.0,795.0,10.15,0.43
4,16.2,4.7,11.4,1.15,504.0,495.9,0.0,34.0,0.6337,0.4016,27.5,1713.9,0.6896,852.0,0.6057,0.5,23.21,0.0025,3.89,12.0,2.0,16.720619588200606,6.69,13.09,20.1,1432.4,10.14,0.503
3,11.0,2.9,8.1,0.93,466.3,466.5,2.7,26.0,0.2651,0.0703,14.6,1235.4,1.0,1197.0,0.4244,0.5,99.92,0.0281,5.2,10.0,2.0,16.947591745061665,8.95,13.51,17.4,795.0,8.62,0.408
11,7.9,-0.4,8.4,0.86,215.8,205.1,1.0,22.0,0.1794,0.0322,8.5,464.5,0.4869,690.0,0.2462,0.5,170.67,0.0555,3.88,7.5,3.0,12.742070998273043,6.68,9.35,14.1,795.0,7.23,0.404
12,2.1,-8.0,10.1,1.18,357.6,351.5,3.5,49.0,0.4097,0.1678,5.2,1757.9,0.577,762.0,0.4885,0.5,356.3,0.006,5.8,17.0,2.0,17.26015308163753,9.98,13.41,16.8,795.0,9.02,0.484
11,7.2,-5.9,13.2,0.44,316.5,324.4,4.0,55.0,0.4548,0.2068,19.8,1727.2,0.4728,678.0,0.3963,0.5,189.24,0.4393,5.36,12.0,3.0,18.082017279832904,9.22,13.34,20.5,795.0,8.54,0.509
11,13.2,0.2,13.0,1.3,235.5,239.0,0.4,22.0,0.3049,0.093,14.7,523.6,0.4132,631.0,0.4602,0.5,60.36,0.0393,6.24,12.3,2.0,17.033015051213706,10.74,13.11,17.0,1321.5,7.0,0.356
3,10.9,-0.6,11.5,0.59,453.1,431.6,0.5,47.0,0.4601,0.2117,25.5,2116.3,0.8642,991.0,0.4812,0.5,101.79,0.2599,4.7,16.0,3.0,10.432645777523721,8.09,7.92,20.8,1325.5,7.15,0.391
2,1.0,-12.0,13.0,1.52,260.1,269.0,3.6,15.0,0.1217,0.0148,0.7,380.0,0.6304,804.0,0.4077,0.5,400.37,0.18,7.2,13.3,3.0,18.259404474969926,12.39,13.6,16.8,795.0,5.78,0.431
12,0.9,-10.4,11.3,0.77,265.3,284.8,2.2,13.0,0.1055,0.0111,0.6,336.1,0.6154,792.0,0.3472,0.5,403.3,0.1066,5.25,8.0,2.0,18.269983149215733,9.03,14.19,17.4,795.0,6.5,0.389
1,-5.7,-17.5,11.8,1.34,155.0,172.8,2.9,30.0,0.2465,0.0608,-8.4,458.6,0.6194,796.0,0.3679,0.5,713.26,0.0581,4.0,12.9,1.0,15.190345549528077,6.88,12.49,14.7,795.0,5.7,0.339
4,15.0,1.3,13.7,0.86,425.0,450.4,0.7,34.0,0.5672,0.3217,25.5,1440.1,0.916,1033.0,0.5773,0.5,35.47,0.0553,5.1,16.8,3.0,20.274454351561097,8.78,15.34,21.5,1662.3,8.4,0.488
2,3.7,-8.0,11.7,1.52,363.4,355.2,2.6,48.0,0.3967,0.1574,8.9,1729.7,0.6409,813.0,0.4859,0.5,297.71,0.1742,5.24,14.0,3.0,16.005445284816087,9.02,11.92,17.4,795.0,8.84,0.388
3,4.5,-7.1,11.6,1.19,511.4,509.2,0.1,48.0,0.4032,0.1625,10.9,2474.0,0.5062,705.0,0.4925,0.5,271.77,0.0075,5.57,10.0,2.0,16.674886683751723,9.58,12.91,20.3,795.0,8.38,0.454
4,13.8,4.0,9.8,1.03,496.6,486.4,1.9,17.0,0.2473,0.0611,11.6,838.9,0.6361,809.0,0.271,0.5,52.1,0.0044,5.13,12.1,2.0,18.456862685837244,8.83,14.35,19.0,795.0,7.25,0.503
1,-3.2,-16.5,13.3,1.57,261.7,255.2,0.6,48.0,0.4026,0.1621,-7.7,1264.7,0.7167,873.0,0.3772,0.5,585.54,0.2236,5.1,7.3,2.0,7.481501992789958,8.78,6.18,16.9,795.0,7.81,0.548
4,16.9,4.2,12.7,1.39,579.9,580.1,3.2,16.0,0.3139,0.0986,13.4,917.1,0.4332,647.0,0.3859,0.5,16.72,0.0813,5.5,12.5,2.0,11.654654907473459,9.46,9.09,21.7,948.9,7.2,0.388
12,5.8,-2.9,8.7,1.0,166.0,149.5,0.4,32.0,0.2634,0.0694,9.2,524.8,0.8324,966.0,0.4227,0.5,230.98,0.0107,6.2,13.0,2.0,13.695979848505846,10.67,10.94,13.2,795.0,7.19,0.509
11,13.9,5.6,8.2,0.92,358.2,344.7,2.2,19.0,0.2853,0.0814,13.4,690.9,0.7538,903.0,0.3065,0.5,50.76,0.0315,3.26,11.2,4.0,12.644946262481973,5.61,8.89,16.0,2487.4,9.71,0.434
1,1.2,-8.1,9.4,0.49,343.5,336.4,2.3,60.0,0.4991,0.2491,3.7,2057.5,0.7206,876.0,0.51,0.5,390.56,0.3728,5.2,13.0,1.0,12.604863061289604,8.95,10.63,17.7,795.0,9.15,0.423
1,0.6,-9.6,10.3,1.13,349.0,345.9,3.1,30.0,0.2525,0.0638,1.0,1057.7,0.6639,831.0,0.2833,0.5,414.97,0.0011,2.9,16.7,3.0,11.925395884158908,4.99,8.88,16.9,795.0,8.04,0.382
1,-2.8,-11.5,8.7,0.63,410.3,405.6,0.3,48.0,0.4036,0.1629,-6.8,1986.9,0.5491,739.0,0.5273,0.5,566.86,0.2209,5.1,11.0,4.0,10.952920784023508,8.78,7.45,17.8,795.0,9.45,0.449
2,-1.3,-12.4,11.1,1.63,367.0,360.5,3.4,12.0,0.1008,0.0102,-0.8,443.8,0.6876,850.0,0.2593,0.5,498.55,0.2831,5.32,18.2,1.0,13.925934534717099,9.15,11.59,16.6,795.0,6.76,0.393
2,4.6,-6.0,10.6,0.98,395.8,397.4,3.5,26.0,0.2145,0.046,5.9,1018.9,0.7124,870.0,0.4239,0.5,269.67,0.0138,5.4,10.7,3.0,12.900438670636161,9.29,9.65,18.2,795.0,9.22,0.483
11,7.4,-2.2,9.6,0.7,486.7,487.1,3.9,22.0,0.1799,0.0324,8.0,1050.9,0.687,850.0,0.3917,0.5,184.47,0.1612,3.24,13.5,2.0,8.807098230649476,5.57,7.15,19.6,795.0,7.64,0.463
11,14.0,5.4,8.6,1.89,367.7,352.0,1.6,14.0,0.2087,0.0436,9.7,511.3,0.6287,803.0,0.4308,0.5,48.92,0.6195,4.62,13.0,1.0,10.081802177781434,7.95,8.66,14.0,795.0,6.8,0.465
2,1.5,-7.9,9.5,0.91,282.7,282.4,3.8,61.0,0.5059,0.256,4.7,1716.5,0.7871,930.0,0.548,0.5,378.43,0.0365,5.6,13.2,1.0,17.729105637629605,9.64,14.53,15.8,795.0,9.1,0.38
2,5.1,-8.9,14.0,1.31,437.0,435.9,1.1,39.0,0.3235,0.1047,9.8,1696.4,0.7179,874.0,0.4495,0.5,253.84,0.0427,3.41,10.8,1.0,15.904846387716516,5.87,13.1,20.8,795.0,7.98,0.444
2,-3.6,-11.9,8.3,1.39,373.7,360.4,3.1,45.0,0.3772,0.1423,-8.1,1691.4,0.9445,1056.0,0.3996,0.5,604.28,0.0815,6.75,13.5,3.0,19.12807366815155,11.61,14.5,15.1,795.0,8.84,0.424
4,14.1,2.9,11.2,0.77,419.8,419.1,3.6,65.0,0.982,0.9642,45.6,2714.4,0.4708,677.0,0.8276,0.5,47.44,0.1111,4.0,12.1,2.0,14.81562375401024,6.88,11.49,19.6,2246.3,11.53,0.621
4,14.0,4.5,9.5,1.1,483.9,494.6,3.9,25.0,0.3802,0.1445,17.7,1226.3,0.7525,902.0,0.3779,0.5,48.99,0.0,6.0,9.0,3.0,14.007020380881194,10.32,10.51,18.4,795.0,8.47,0.464
1,1.1,-7.2,8.3,1.26,310.5,312.2,1.3,36.0,0.2962,0.0877,1.9,1103.8,0.79,932.0,0.4514,0.5,396.27,0.0243,4.95,9.5,3.0,13.03157332590109,8.52,9.81,14.4,795.0,7.42,0.462
12,3.2,-10.7,13.9,1.6,261.7,263.3,0.4,47.0,0.39,0.1521,7.4,1224.9,0.7137,871.0,0.5105,0.5,317.73,0.2512,5.22,12.7,3.0,11.674049189020902,8.98,8.73,17.3,795.0,8.38,0.466
1,-0.2,-11.4,11.2,0.84,199.1,201.8,1.6,38.0,0.3185,0.1015,-0.4,761.2,0.5225,718.0,0.3018,0.5,448.87,0.07,6.08,12.0,1.0,10.561874893028204,10.46,8.94,16.2,795.0,9.18,0.408
4,12.9,0.5,12.4,1.0,517.6,502.7,2.8,41.0,0.5393,0.2909,26.5,2129.6,0.5386,731.0,0.6413,0.5,66.18,0.0107,5.4,8.0,2.0,19.31848252663623,9.29,14.92,21.5,2075.2,8.36,0.393
11,8.8,-4.1,12.8,0.83,419.0,404.4,2.8,52.0,0.4348,0.1891,22.8,2186.5,0.8074,946.0,0.3644,0.5,149.94,0.0752,3.8,13.0,1.0,14.522048234757019,6.54,12.14,20.8,795.0,8.14,0.452
1,-0.8,-8.9,8.0,0.71,322.0,315.3,1.1,21.0,0.1745,0.0305,-0.9,674.4,0.3938,615.0,0.3267,0.5,477.32,0.1543,3.8,12.0,3.0,10.499994759578085,6.54,7.59,15.8,795.0,7.5,0.467
4,20.8,12.3,8.5,1.15,357.0,355.2,3.8,51.0,1.0,1.0,53.4,1831.0,0.6719,837.0,0.8214,0.5,0.02,0.0027,5.95,16.0,4.0,15.196766393173094,10.24,10.74,15.6,4413.0,12.16,0.478
12,3.1,-5.9,8.9,0.95,236.9,231.0,3.3,21.0,0.1736,0.0302,3.2,493.7,0.4378,650.0,0.3253,0.5,321.65,0.0219,3.6,14.8,4.0,16.882411198570892,6.19,11.81,14.6,795.0,8.39,0.309
12,-1.9,-14.2,12.3,1.47,219.6,229.0,1.5,17.0,0.1404,0.0197,-1.6,370.2,0.84,972.0,0.2077,0.5,522.29,0.1388,4.9,10.0,2.0,16.833182339556792,8.43,13.3,15.8,795.0,6.02,0.376
1,-5.7,-14.2,8.5,1.15,274.6,279.7,1.6,19.0,0.1609,0.0259,-5.5,530.1,0.6004,780.0,0.3248,0.5,712.91,0.0021,5.3,16.3,3.0,9.520226548032003,9.12,7.02,14.3,795.0,7.56,0.403
3,4.6,-5.1,9.7,1.35,503.8,492.7,3.2,24.0,0.1979,0.0391,5.4,1196.3,0.8644,992.0,0.2992,0.5,269.68,0.0632,4.42,10.0,4.0,15.521958336588554,7.61,11.13,18.2,795.0,8.2,0.333
3,6.4,-2.9,9.3,1.02,414.1,413.5,1.8,37.0,0.3123,0.0975,11.9,1551.9,0.5783,763.0,0.4375,0.5,213.87,0.0069,5.55,8.6,3.0,12.612640545099454,9.55,9.32,17.4,795.0,6.36,0.391
4,10.7,-0.5,11.2,1.52,515.6,524.4,0.1,19.0,0.1771,0.0314,10.0,963.2,0.5388,731.0,0.3527,0.5,106.3,0.1766,4.7,18.7,4.0,12.751847118601486,8.09,8.79,19.2,795.0,5.95,0.363
1,-1.2,-11.5,10.3,1.98,187.3,187.3,3.7,61.0,0.5093,0.2594,-3.8,1144.7,0.8184,955.0,0.3803,0.5,494.7,0.7678,3.9,11.0,4.0,11.725358090930026,6.71,8.25,12.4,795.0,10.58,0.583
11,11.7,1.8,9.9,1.09,266.7,251.5,3.6,59.0,0.6539,0.4276,34.3,1562.9,0.7327,886.0,0.6797,0.5,86.59,0.0001,5.1,12.5,1.0,17.405330990114955,8.78,14.24,15.5,795.0,11.24,0.453
11,11.7,2.6,9.1,0.82,372.3,389.9,2.0,61.0,0.6783,0.4601,35.6,2274.9,0.67,836.0,0.684,0.5,87.24,0.0787,5.49,18.0,4.0,13.970621589004601,9.45,9.81,17.1,1677.3,10.81,0.5
12,7.7,-4.6,12.3,0.95,171.4,183.5,0.1,31.0,0.256,0.0655,11.8,526.5,0.8279,962.0,0.3697,0.5,177.98,0.0218,5.7,12.0,2.0,16.591615898784756,9.81,13.11,16.3,795.0,6.06,0.391
2,0.3,-13.4,13.8,0.68,284.3,284.0,3.3,29.0,0.2443,0.0597,0.5,833.4,0.6647,832.0,0.2895,0.5,426.67,0.1769,5.4,10.1,4.0,9.905350546100642,9.29,6.76,19.9,795.0,7.72,0.434
12,2.4,-8.6,11.1,1.2,327.5,339.2,2.0,20.0,0.1635,0.0267,2.4,642.6,0.6679,834.0,0.3871,0.5,345.02,0.0101,6.44,12.5,1.0,10.159401162928354,11.08,8.75,17.1,795.0,7.15,0.35
12,-3.3,-13.6,10.3,1.18,375.9,376.1,3.2,60.0,0.4967,0.2467,-9.8,2240.5,0.7325,886.0,0.5947,0.5,589.7,0.0066,5.86,7.9,2.0,14.160434051219681,10.08,11.21,17.2,795.0,8.83,0.392
2,0.2,-11.0,11.2,0.4,337.8,339.7,2.6,42.0,0.3523,0.1241,0.5,1428.3,0.5838,767.0,0.5111,0.5,430.74,0.4922,5.85,13.6,1.0,14.12319227159645,10.07,11.66,19.3,795.0,9.53,0.388
11,4.3,-7.7,12.0,0.63,288.3,288.1,0.7,32.0,0.267,0.0713,6.9,923.7,0.3935,615.0,0.339,0.5,279.1,0.2204,5.8,14.0,1.0,16.159809211581756,9.98,13.03,18.7,795.0,5.96,0.402
3,8.8,-5.0,13.8,1.27,455.8,451.5,1.2,36.0,0.2982,0.0889,15.8,1631.4,0.6247,800.0,0.4622,0.5,148.13,0.0272,3.78,12.7,2.0,21.505286781870034,6.5,16.63,21.0,795.0,6.32,0.386
3,6.1,-4.7,10.8,1.09,414.9,401.7,3.0,17.0,0.1448,0.021,5.3,721.1,0.84,972.0,0.2333,0.5,223.35,0.0002,6.4,10.0,2.0,17.22172605819063,11.01,13.59,18.4,795.0,8.01,0.442
1,-3.2,-11.4,8.2,1.59,246.7,228.0,2.1,32.0,0.2628,0.0691,-5.1,777.9,0.3857,609.0,0.2953,0.5,586.79,0.2405,4.85,10.0,2.0,11.250344564935077,8.35,8.75,12.6,795.0,7.1,0.463
2,-0.7,-10.4,9.8,0.69,311.4,333.2,0.5,45.0,0.3782,0.1431,-1.5,1413.5,0.6329,806.0,0.4503,0.5,469.14,0.1664,5.0,14.3,4.0,18.611613007019546,8.6,13.27,17.1,795.0,6.03,0.462
4,15.9,4.3,11.6,1.61,530.4,546.5,0.5,28.0,0.5178,0.2681,22.6,1508.7,1.0,1110.0,0.475,0.5,25.77,0.2599,4.0,8.0,4.0,15.425178749399572,6.88,11.17,19.5,1784.0,7.02,0.448
4,13.1,-0.4,13.5,1.57,496.0,495.4,1.6,37.0,0.5019,0.2519,24.3,1833.0,0.5942,775.0,0.526,0.5,61.65,0.2248,5.1,10.3,2.0,14.411574592697258,8.78,11.28,20.6,831.3,8.62,0.474
12,-1.0,-13.5,12.6,1.7,319.5,318.9,1.9,10.0,0.0868,0.0075,-0.5,332.8,0.6097,788.0,0.2867,0.5,483.37,0.3582,5.54,8.0,2.0,17.600966713414323,9.53,13.69,16.9,795.0,6.4,0.335
12,2.1,-8.2,10.3,1.33,268.2,259.7,2.1,36.0,0.3009,0.0905,3.8,968.4,0.8732,999.0,0.3608,0.5,357.97,0.0515,5.13,10.0,4.0,19.923477680174397,8.83,14.44,15.2,795.0,8.7,0.295
11,4.1,-5.3,9.3,1.13,352.6,358.8,3.8,19.0,0.1571,0.0247,3.8,664.8,0.5548,744.0,0.2897,0.5,287.03,0.0009,4.88,13.8,2.0,17.304896681862488,8.4,13.42,16.2,795.0,6.27,0.363
3,7.4,-3.3,10.7,1.08,513.7,516.2,3.1,29.0,0.2425,0.0588,10.8,1494.9,0.6174,794.0,0.4022,0.5,183.97,0.0004,5.0,11.0,2.0,14.585998244940896,8.6,11.43,19.9,795.0,8.16,0.416
4,12.5,2.3,10.2,0.98,535.0,537.4,1.6,27.0,0.3331,0.111,16.7,1432.2,0.8563,985.0,0.3593,0.5,72.83,0.0138,6.77,14.6,3.0,12.61631649470284,11.65,9.55,20.0,1429.8,8.4,0.39
2,0.7,-8.7,9.5,0.83,429.8,441.0,0.8,33.0,0.2791,0.0779,1.2,1439.7,0.8028,942.0,0.4691,0.5,411.6,0.0752,3.9,14.0,1.0,10.456478199520246,6.71,9.08,18.3,795.0,6.96,0.354
4,12.0,0.2,11.8,0.65,468.4,471.5,1.2,62.0,0.7237,0.5238,37.2,2903.2,0.5916,773.0,0.6824,0.5,80.89,0.2053,4.6,11.0,1.0,12.751813236008193,7.91,10.64,21.1,1703.5,9.9,0.482
12,2.3,-8.7,11.0,1.94,258.0,247.9,0.2,44.0,0.3653,0.1334,5.0,1131.1,0.9067,1025.0,0.4553,0.5,349.61,0.703,4.5,13.0,2.0,12.454299392582428,7.74,10.07,14.1,795.0,7.1,0.532
4,11.5,-0.3,11.7,1.41,633.8,626.4,2.7,63.0,0.6827,0.4661,36.3,4022.4,0.5417,733.0,0.724,0.5,91.12,0.0976,3.67,11.8,3.0,15.767359654887809,6.31,11.66,21.7,795.0,10.09,0.528
1,-0.1,-13.4,13.3,0.78,300.3,315.5,2.3,53.0,0.443,0.1963,-0.3,1596.7,0.6734,839.0,0.5861,0.5,445.95,0.1053,3.3,14.0,2.0,17.9819855947297,5.68,14.03,19.5,795.0,8.22,0.417
3,4.1,-6.9,11.0,1.38,429.3,432.1,2.5,18.0,0.1505,0.0226,3.7,775.2,0.4912,693.0,0.3978,0.5,286.53,0.078,5.42,13.5,2.0,13.332976364529397,9.33,10.39,18.1,795.0,7.57,0.385
1,0.4,-13.5,14.0,1.7,261.0,256.2,3.5,49.0,0.4079,0.1664,1.1,1277.5,0.9102,1028.0,0.3625,0.5,423.0,0.359,6.22,15.3,2.0,13.99624690919686,10.7,11.23,17.1,795.0,9.7,0.396
11,11.0,-0.7,11.7,1.13,337.5,329.5,1.9,15.0,0.1501,0.0225,8.2,505.4,0.7031,863.0,0.3631,0.5,99.72,0.0007,5.4,8.0,2.0,13.23046032309279,9.29,10.49,17.9,795.0,6.75,0.451
2,3.7,-9.5,13.2,0.97,333.4,322.2,3.3,18.0,0.1495,0.0224,3.4,598.1,0.5678,754.0,0.316,0.5,297.76,0.0177,3.89,17.1,4.0,11.241377875710336,6.69,7.69,19.5,795.0,8.17,0.312
3,9.1,-2.8,11.9,0.88,411.7,413.5,0.2,34.0,0.282,0.0795,15.4,1393.0,1.0,1142.0,0.3675,0.5,141.88,0.048,3.33,11.9,3.0,16.767737006945026,5.73,12.78,19.8,795.0,6.5,0.429
11,8.7,-2.7,11.4,1.88,323.9,325.2,3.2,42.0,0.3534,0.1249,18.4,1373.6,0.5463,737.0,0.3601,0.5,151.95,0.609,3.7,11.0,4.0,18.598248182523562,6.37,13.19,15.6,795.0,8.74,0.401
1,0.1,-10.0,10.2,0.57,289.5,309.7,0.7,51.0,0.4255,0.1811,0.4,1478.0,0.8236,959.0,0.5604,0.5,434.94,0.286,3.14,14.0,4.0,16.845823381571453,5.4,12.09,17.4,795.0,7.85,0.378
1,-2.1,-11.5,9.4,1.82,350.0,349.0,0.6,23.0,0.1941,0.0377,-2.5,815.3,0.596,777.0,0.406,0.5,534.58,0.5198,4.64,10.5,2.0,13.974299231768004,7.98,10.96,14.5,795.0,5.51,0.418
3,8.7,-4.2,13.0,1.22,449.0,430.6,2.1,49.0,0.4108,0.1688,21.5,2213.7,0.6523,822.0,0.4241,0.5,150.24,0.0134,5.48,11.0,3.0,12.337691524434062,9.43,9.18,20.4,795.0,9.08,0.459
11,3.7,-7.3,10.9,0.78,331.2,335.8,1.5,11.0,0.0921,0.0085,2.0,365.9,0.6226,798.0,0.3339,0.5,300.84,0.1045,4.1,13.5,2.0,14.669426318122975,7.05,11.5,18.1,795.0,5.66,0.446
4,9.4,0.9,8.5,1.21,530.6,521.3,3.1,23.0,0.1952,0.0381,11.0,1243.0,0.5004,700.0,0.4042,0.5,135.35,0.0124,5.03,15.0,2.0,14.412580091249357,8.65,11.21,18.0,795.0,7.21,0.33
1,1.7,-11.8,13.5,0.73,184.8,195.8,4.0,22.0,0.1802,0.0325,1.8,399.5,0.6403,812.0,0.3546,0.5,372.68,0.1387,5.9,15.2,1.0,10.792660635234999,10.15,9.21,18.1,795.0,8.15,0.431
12,-0.1,-13.5,13.3,0.88,200.0,198.4,1.0,64.0,0.5353,0.2865,-0.5,1284.8,0.5976,778.0,0.5842,0.5,447.12,0.0503,4.4,11.0,4.0,7.55628983303268,7.57,4.95,17.8,795.0,8.45,0.382
3,9.5,-2.7,12.2,1.64,527.1,541.6,0.7,12.0,0.1002,0.01,5.7,633.8,1.0,1240.0,0.3729,0.5,132.33,0.2907,5.8,16.0,4.0,18.28588502671249,9.98,13.31,19.9,795.0,6.49,0.392
4,13.8,0.2,13.7,0.63,423.9,434.7,2.8,13.0,0.1921,0.0369,9.0,553.6,0.5454,736.0,0.3753,0.5,51.47,0.2203,3.3,13.0,1.0,11.595937048638291,5.68,9.73,22.0,907.9,7.98,0.434
3,6.8,-4.8,11.6,1.16,434.1,428.4,1.8,10.0,0.0871,0.0076,3.5,453.8,0.8392,971.0,0.2255,0.5,202.38,0.004,5.2,11.0,3.0,18.83213512234189,8.95,14.2,19.1,795.0,6.36,0.413
11,6.0,-3.8,9.8,1.74,348.4,347.4,0.3,56.0,0.4666,0.2177,16.8,1950.8,0.5207,717.0,0.4204,0.5,224.51,0.406,3.74,17.6,4.0,15.093941131761856,6.44,10.54,15.0,795.0,8.62,0.373
2,2.4,-8.0,10.3,1.55,321.6,330.7,2.6,28.0,0.2314,0.0536,3.3,893.3,0.5495,740.0,0.431,0.5,346.54,0.2067,3.46,8.0,2.0,13.223279535071784,5.95,10.36,15.5,795.0,8.46,0.448
3,8.2,-2.6,10.8,0.84,512.6,510.2,1.2,46.0,0.3812,0.1453,18.8,2344.5,0.707,866.0,0.4666,0.5,163.26,0.0661,3.8,8.5,2.0,19.085932205193043,6.54,14.88,20.5,795.0,7.77,0.484
11,8.2,-5.8,14.0,1.66,346.5,361.3,0.0,13.0,0.1106,0.0122,5.4,459.9,0.6504,820.0,0.4259,0.5,164.86,0.3135,4.01,8.8,2.0,12.699827026586107,6.9,10.05,18.5,795.0,6.8,0.416
11,9.2,-3.5,12.8,1.68,228.1,224.9,1.1,30.0,0.2491,0.062,13.8,681.9,0.4615,669.0,0.3335,0.5,138.55,0.3406,6.3,13.2,1.0,15.160725076792437,10.84,12.34,15.7,795.0,9.01,0.427
11,4.9,-6.8,11.7,1.33,285.2,296.7,2.7,37.0,0.3073,0.0944,9.0,1051.8,0.49,692.0,0.399,0.5,259.42,0.0539,4.4,11.4,4.0,9.964890208663833,7.57,6.67,16.6,795.0,8.21,0.485
11,5.5,-5.3,10.8,1.25,256.1,258.9,1.2,42.0,0.3521,0.124,11.7,1082.1,0.7254,880.0,0.3651,0.5,239.66,0.021,5.84,10.5,2.0,12.803333590836179,10.05,10.18,15.7,795.0,6.57,0.393
11,5.3,-5.3,10.6,1.31,381.2,380.4,0.1,27.0,0.2279,0.052,7.2,1042.6,0.5871,770.0,0.3272,0.5,246.47,0.0455,4.81,11.0,1.0,18.02495037220775,8.28,14.59,17.2,795.0,8.06,0.34
2,-0.3,-11.1,10.9,1.14,303.7,295.7,0.1,62.0,0.5204,0.2708,-0.9,1896.6,0.7659,913.0,0.5276,0.5,452.84,0.0016,3.6,8.9,2.0,14.573283454103551,6.19,11.54,16.7,795.0,6.09,0.43
12,1.4,-9.8,11.2,1.12,350.6,345.2,2.6,32.0,0.2638,0.0696,2.2,1109.8,0.5446,736.0,0.3538,0.5,384.93,0.0006,4.0,14.7,2.0,14.53505315089511,6.88,11.34,17.7,795.0,6.92,0.41
11,9.1,-2.6,11.7,1.49,289.6,286.0,0.9,45.0,0.3791,0.1437,20.7,1317.6,0.584,767.0,0.6384,0.5,141.67,0.1493,4.41,13.5,1.0,16.537459483659,7.59,13.47,16.3,795.0,8.35,0.541
12,3.4,-8.7,12.0,1.37,282.4,290.4,1.5,55.0,0.46,0.2116,9.3,1558.9,0.5202,716.0,0.5337,0.5,311.04,0.0726,4.7,14.0,3.0,17.308421320671144,8.09,12.8,16.7,795.0,9.07,0.386
2,4.5,-6.3,10.8,0.85,415.0,417.9,1.7,24.0,0.2008,0.0403,5.5,1000.2,0.7771,922.0,0.4696,0.5,271.17,0.0623,5.58,16.0,2.0,7.721194165893858,9.6,6.41,19.0,795.0,6.75,0.316
1,1.7,-9.5,11.2,1.41,264.3,254.3,1.1,12.0,0.1035,0.0107,1.0,328.3,0.4932,695.0,0.3171,0.5,373.67,0.098,5.0,13.5,1.0,17.120147389048366,8.6,13.83,15.7,795.0,5.26,0.34
12,0.9,-9.0,9.9,0.98,336.7,318.1,2.6,35.0,0.2939,0.0864,1.5,1187.4,0.8304,964.0,0.5222,0.5,405.78,0.0154,5.99,16.0,3.0,4.443029531110742,10.31,3.4,16.8,795.0,6.41,0.377
12,0.8,-11.3,12.1,1.13,230.3,219.5,1.9,50.0,0.4181,0.1748,2.0,1155.4,0.2571,506.0,0.5273,0.5,408.06,0.0007,3.5,18.5,4.0,18.021434707489547,6.02,12.52,16.6,795.0,6.43,0.365
11,5.0,-6.8,11.8,1.09,378.6,397.0,1.4,19.0,0.1601,0.0256,4.8,727.5,0.5781,762.0,0.3697,0.5,257.42,0.0002,4.65,8.0,1.0,17.018925457238367,8.0,13.83,18.7,795.0,6.17,0.459
2,-1.9,-10.5,8.6,0.3,369.0,370.1,3.9,35.0,0.2875,0.0827,-3.3,1273.1,0.3938,615.0,0.4522,0.5,524.88,0.64,4.7,10.9,3.0,8.982092412802288,8.09,6.45,18.0,795.0,9.77,0.503
3,9.5,1.5,8.0,1.2,505.2,492.6,0.2,57.0,0.4738,0.2245,27.1,2872.4,0.7634,911.0,0.396,0.5,131.81,0.0103,4.9,12.5,2.0,16.98254062437986,8.43,13.35,17.3,795.0,7.76,0.446
3,6.4,-5.5,11.8,1.62,382.4,382.3,2.7,61.0,0.5119,0.262,19.6,2348.8,0.6372,810.0,0.4389,0.5,213.39,0.27,3.5,15.7,1.0,11.95683381280522,6.02,10.08,17.5,795.0,9.15,0.472
2,5.4,-4.3,9.7,1.04,329.2,333.4,0.8,63.0,0.5213,0.2718,16.8,2059.6,0.5778,762.0,0.5394,0.5,243.78,0.0039,4.45,9.0,2.0,14.183767443005468,7.66,11.1,16.4,795.0,8.46,0.434
4,13.0,5.0,8.0,1.62,510.5,513.5,1.2,55.0,0.7352,0.5405,35.9,2818.3,0.8646,992.0,0.5852,0.5,64.17,0.2673,3.96,9.0,1.0,16.970360541879312,6.81,14.02,16.3,1903.4,7.92,0.561
1,-1.9,-12.7,10.8,1.0,291.7,294.4,2.0,29.0,0.2392,0.0572,-2.7,837.2,0.7768,921.0,0.4846,0.5,524.91,0.0108,4.91,15.0,2.0,17.287747776627644,8.45,13.59,16.8,795.0,6.67,0.335
4,15.8,2.0,13.9,1.22,539.6,525.6,2.7,60.0,1.0,1.0,47.6,3248.5,0.7815,925.0,0.7502,0.5,27.01,0.0137,5.23,12.0,3.0,16.164691873325,9.0,12.15,22.4,3059.9,10.97,0.467
2,1.4,-8.3,9.7,1.3,292.2,297.6,2.9,10.0,0.0862,0.0074,0.7,302.2,0.8282,963.0,0.2147,0.5,383.38,0.0389,4.5,9.0,4.0,11.969070414577589,7.74,8.44,15.2,795.0,7.83,0.432
2,3.3,-9.9,13.2,0.99,349.2,357.6,2.7,23.0,0.188,0.0354,3.8,788.0,0.7171,874.0,0.3451,0.5,312.36,0.0128,4.8,7.5,1.0,12.92187333473057,8.26,10.87,19.7,795.0,7.49,0.46
4,13.1,4.4,8.7,1.07,675.2,682.1,3.6,63.0,0.8568,0.7341,41.5,4269.4,0.6071,786.0,0.6974,0.5,61.94,0.0008,7.7,8.4,3.0,12.920705640356026,13.25,9.58,20.7,1959.4,10.42,0.433
11,6.3,-4.6,10.9,0.96,260.4,252.5,1.6,51.0,0.4262,0.1816,16.0,1331.6,0.3877,610.0,0.4836,0.5,216.97,0.02,3.3,12.8,1.0,18.457131671115153,5.68,14.75,16.5,795.0,8.99,0.487
3,8.7,-4.2,12.9,1.93,506.4,506.6,1.0,50.0,0.4162,0.1732,21.6,2529.1,0.7635,911.0,0.5198,0.5,152.08,0.6918,4.9,14.9,4.0,16.63181147284022,8.43,11.88,19.4,795.0,9.39,0.462
4,11.6,1.3,10.2,0.68,524.2,543.4,2.6,46.0,0.5088,0.2589,26.9,2433.5,0.3864,609.0,0.565,0.5,88.82,0.1748,5.0,10.0,2.0,18.12318956825752,8.6,13.9,20.7,2365.0,8.24,0.465
2,-0.9,-11.1,10.3,1.11,294.1,277.4,1.0,29.0,0.2387,0.057,-1.2,842.4,0.4894,692.0,0.3493,0.5,478.33,0.0,4.18,9.5,2.0,13.191435847005248,7.19,10.29,16.2,795.0,5.24,0.346
4,13.0,1.7,11.3,1.78,553.2,563.2,1.7,33.0,0.4486,0.2013,21.8,1850.1,0.7851,928.0,0.509,0.5,63.21,0.4644,4.7,7.5,3.0,17.85556846764823,8.09,13.42,19.2,1357.0,7.97,0.413
11,12.6,1.2,11.4,0.66,281.1,281.1,3.5,27.0,0.3457,0.1195,17.2,767.0,0.8249,960.0,0.4478,0.5,70.49,0.195,4.5,16.1,4.0,11.525188499659995,7.74,8.1,18.0,949.6,8.42,0.491
11,9.4,-2.5,11.9,1.1,386.4,371.9,0.4,40.0,0.3331,0.1109,18.7,1544.4,0.7624,910.0,0.3457,0.5,135.69,0.0,4.1,14.0,2.0,12.819661895737323,7.05,10.22,18.9,795.0,6.44,0.379
12,-1.2,-10.6,9.4,0.93,85.6,80.0,0.7,36.0,0.2969,0.0881,-2.1,304.8,0.4525,662.0,0.3651,0.5,492.64,0.0294,6.97,9.8,4.0,18.28308160955823,11.99,12.87,12.8,795.0,7.91,0.393
3,2.1,-7.7,9.8,0.97,398.0,390.6,1.4,23.0,0.1881,0.0354,2.4,898.4,0.7467,897.0,0.429,0.5,356.11,0.0176,6.5,12.2,2.0,12.245946671921441,11.18,9.78,17.7,795.0,6.98,0.418
3,10.3,-0.5,10.7,0.79,496.5,491.2,2.1,46.0,0.3999,0.1599,23.4,2262.2,0.3589,587.0,0.5965,0.5,115.23,0.0956,4.9,10.0,4.0,11.012776974620984,8.43,7.35,20.4,795.0,8.97,0.449
11,6.6,-1.6,8.2,1.28,317.1,322.3,0.7,59.0,0.4905,0.2405,19.5,1866.1,0.3441,575.0,0.4785,0.5,206.77,0.032,3.5,13.0,4.0,13.123076778206013,6.02,8.92,14.4,795.0,8.24,0.434
2,1.5,-7.0,8.5,1.07,320.7,296.4,3.9,26.0,0.2198,0.0483,2.0,845.8,0.5174,714.0,0.3185,0.5,380.16,0.0008,4.55,12.8,2.0,10.810572904314533,7.83,8.52,15.2,795.0,9.06,0.341
2,2.7,-6.7,9.3,1.15,362.1,362.3,2.6,41.0,0.3402,0.1158,5.4,1478.5,0.4452,656.0,0.4713,0.5,336.02,0.0029,4.7,13.5,3.0,16.001933016420445,8.09,11.76,16.3,795.0,9.19,0.493
1,-0.5,-12.5,12.0,1.68,153.3,155.9,3.0,32.0,0.2637,0.0695,-0.8,484.9,0.4318,645.0,0.3429,0.5,463.34,0.333,6.5,7.6,4.0,17.602643413307256,11.18,12.35,14.0,795.0,6.38,0.382
11,0.6,-12.3,12.9,1.32,260.2,259.2,2.3,35.0,0.2911,0.0848,1.0,909.1,0.5754,760.0,0.5053,0.5,417.25,0.0476,4.3,13.0,1.0,13.63442381193032,7.4,11.29,17.2,795.0,9.19,0.525
2,3.3,-5.1,8.3,0.77,304.6,306.0,2.9,20.0,0.1657,0.0275,3.2,605.8,0.5058,705.0,0.2298,0.5,314.91,0.1122,5.8,10.0,2.0,12.252843699508006,9.98,9.59,15.6,795.0,6.75,0.386
11,12.1,-1.6,13.8,1.08,247.3,239.3,2.0,24.0,0.2878,0.0828,14.7,598.2,0.4068,625.0,0.3345,0.5,78.51,0.0006,5.27,18.2,4.0,14.105802480099877,9.07,9.7,18.3,795.0,8.4,0.411
12,-1.7,-15.0,13.4,0.43,303.1,307.6,2.2,62.0,0.5182,0.2686,-5.2,1884.6,0.545,736.0,0.4772,0.5,513.56,0.4492,3.1,9.8,4.0,17.91017461450168,5.33,12.67,20.5,795.0,9.06,0.372
4,12.5,0.9,11.6,1.42,530.6,530.3,1.4,20.0,0.2536,0.0643,12.7,1077.2,0.5225,718.0,0.4258,0.5,72.34,0.1014,4.3,11.8,2.0,13.009987982862365,7.4,10.18,20.0,795.0,7.34,0.288
1,-6.6,-17.6,11.1,1.12,286.0,286.3,1.5,44.0,0.3658,0.1338,-14.4,1255.4,0.4384,651.0,0.3745,0.5,760.27,0.0005,3.8,13.0,2.0,19.072633829532982,6.54,14.66,16.6,795.0,9.3,0.338
1,-1.7,-13.0,11.3,1.36,268.4,255.7,0.7,49.0,0.411,0.1689,-4.3,1323.7,0.7048,864.0,0.4964,0.5,517.15,0.0688,5.76,18.0,4.0,22.86494625176681,9.91,16.51,16.0,795.0,8.77,0.359
11,5.2,-7.8,13.0,1.06,292.3,271.4,0.4,59.0,0.4928,0.2429,15.4,1728.7,0.4576,666.0,0.5724,0.5,249.65,0.0013,5.58,10.0,1.0,19.271951922168306,9.6,15.42,18.4,795.0,9.27,0.376
2,-3.4,-12.0,8.7,1.11,218.1,228.6,1.0,35.0,0.2925,0.0856,-5.9,765.4,0.6186,795.0,0.4245,0.5,593.41,0.0002,4.3,9.5,2.0,12.85492956699105,7.4,10.14,13.7,795.0,6.1,0.372
3,7.9,-4.8,12.8,1.2,409.4,394.2,2.6,65.0,0.5403,0.2919,25.7,2654.2,0.3994,619.0,0.6315,0.5,170.54,0.011,5.0,13.0,4.0,15.354099966012768,8.6,10.64,19.6,795.0,8.42,0.433
4,13.0,0.2,12.8,0.3,548.8,559.8,2.4,36.0,0.4762,0.2268,23.3,1971.5,0.9273,1042.0,0.5081,0.5,64.74,0.64,3.8,12.0,2.0,12.83419006791471,6.54,10.37,24.0,2038.7,8.01,0.422
1,2.0,-11.6,13.6,1.59,235.9,234.0,4.0,53.0,0.4376,0.1915,5.4,1238.7,0.5761,761.0,0.5669,0.5,359.1,0.2363,4.3,9.0,3.0,19.47638059973805,7.4,14.47,16.8,795.0,9.2,0.533
11,9.0,-1.5,10.4,1.08,199.0,192.8,3.5,15.0,0.1239,0.0154,6.7,296.0,0.6135,791.0,0.4363,0.5,144.57,0.0003,3.7,8.0,2.0,15.814361480705688,6.37,12.35,14.9,795.0,6.27,0.376
3,11.0,-2.4,13.4,0.67,464.4,464.6,0.1,57.0,0.5655,0.3198,31.1,2626.4,0.5499,740.0,0.597,0.5,100.01,0.1807,3.6,8.0,3.0,10.033990989839126,6.19,7.37,22.3,795.0,8.96,0.409
11,10.8,1.4,9.4,1.07,318.3,333.9,1.7,58.0,0.5542,0.3071,31.0,1832.0,0.7032,863.0,0.4034,0.5,104.51,0.0006,5.7,11.5,3.0,12.22198142812817,9.81,9.13,15.9,795.0,7.95,0.439
3,8.7,-4.9,13.7,1.24,479.2,500.1,1.8,20.0,0.1646,0.0271,8.6,946.4,0.7669,914.0,0.4459,0.5,150.86,0.0204,5.6,11.4,2.0,18.74789262725161,9.64,14.67,21.3,795.0,6.19,0.431
12,4.3,-6.0,10.2,0.3,307.1,305.0,2.6,14.0,0.1189,0.0141,3.0,438.2,0.4736,679.0,0.2967,0.5,280.43,0.64,4.7,9.5,1.0,18.48383404585785,8.09,14.84,18.3,795.0,6.15,0.337
11,9.2,-1.3,10.5,1.36,324.5,326.4,1.1,63.0,0.526,0.2766,28.9,2047.9,0.9559,1065.0,0.6391,0.5,140.09,0.0653,4.46,13.0,1.0,17.771900459921866,7.67,14.69,16.2,795.0,10.01,0.368
1,1.5,-8.6,10.1,0.5,276.2,264.6,2.6,29.0,0.2405,0.0578,2.2,797.0,0.6267,801.0,0.3774,0.5,378.91,0.3619,4.25,9.4,4.0,13.923855612385067,7.31,9.74,17.3,795.0,7.42,0.434
4,12.7,2.9,9.7,1.39,449.4,446.0,1.4,31.0,0.3989,0.1592,19.8,1403.1,0.5662,753.0,0.495,0.5,69.45,0.0838,4.8,15.0,1.0,18.08010790582327,8.26,14.61,17.4,795.0,8.67,0.443
12,6.7,-5.3,11.9,1.86,224.1,223.7,3.0,63.0,0.5218,0.2723,20.9,1403.1,0.5473,738.0,0.4183,0.5,205.13,0.5735,5.29,15.2,4.0,11.187187410567944,9.1,7.63,14.6,795.0,8.95,0.409
12,1.6,-6.9,8.5,1.61,260.4,256.8,2.4,33.0,0.2754,0.0759,2.6,860.8,0.8275,962.0,0.318,0.5,377.82,0.2625,4.3,15.0,4.0,18.663867607023413,7.4,13.46,13.0,795.0,6.51,0.425
1,2.1,-8.2,10.4,1.28,83.9,73.8,2.6,41.0,0.3384,0.1145,4.4,340.7,0.8827,1006.0,0.4886,0.5,355.61,0.0328,6.42,12.0,4.0,15.415779043492776,11.05,11.07,12.7,795.0,8.18,0.42
3,7.8,-1.0,8.8,1.31,470.4,477.0,2.2,62.0,0.5189,0.2692,24.2,2929.3,0.5617,749.0,0.5479,0.5,175.04,0.046,4.5,12.0,2.0,18.519227637051824,7.74,14.34,17.1,795.0,8.19,0.424
1,-2.5,-10.9,8.4,0.75,303.7,298.4,1.7,49.0,0.4081,0.1665,-6.1,1487.3,0.7117,869.0,0.4095,0.5,551.53,0.1248,3.2,12.2,2.0,11.706845126032665,5.51,9.35,15.7,795.0,9.2,0.418
2,2.9,-8.4,11.3,1.2,297.6,298.8,3.9,14.0,0.1178,0.0139,2.1,420.8,0.5811,765.0,0.187,0.5,325.85,0.0109,5.1,17.0,2.0,17.893115343166258,8.78,13.88,16.8,795.0,8.18,0.394
12,0.5,-8.7,9.2,1.09,242.6,247.9,1.5,23.0,0.1933,0.0374,0.6,562.8,0.5767,761.0,0.2517,0.5,420.6,0.0001,6.5,13.5,2.0,12.461295623587548,11.18,9.81,14.5,795.0,7.7,0.428
11,10.1,1.1,9.1,1.16,320.2,302.7,1.6,54.0,0.4613,0.2128,27.3,1722.9,0.8212,957.0,0.5143,0.5,117.85,0.0034,4.95,9.2,1.0,14.351374702462412,8.52,12.02,15.4,795.0,9.18,0.596
11,5.3,-5.9,11.2,0.6,294.1,274.8,1.5,39.0,0.3255,0.1059,10.4,1148.7,0.4723,678.0,0.4553,0.5,246.18,0.2475,4.3,13.0,4.0,18.148240495598515,7.4,12.79,18.2,795.0,7.73,0.391
11,8.8,0.7,8.1,0.47,289.2,288.9,0.7,15.0,0.1254,0.0157,6.6,435.2,0.6425,814.0,0.4853,0.5,149.66,0.4032,6.27,12.5,1.0,17.600095923983268,10.79,14.31,15.9,795.0,4.4,0.395
11,9.0,-4.3,13.3,0.62,314.1,321.3,2.3,63.0,0.5241,0.2747,28.4,1975.1,0.4587,667.0,0.5851,0.5,143.23,0.2286,4.1,18.0,2.0,8.334924038251089,7.05,6.62,20.1,795.0,8.66,0.385
1,-3.8,-14.0,10.2,0.88,150.1,155.6,1.2,22.0,0.1874,0.0351,-4.2,337.5,0.4879,690.0,0.2231,0.5,613.24,0.0472,5.9,12.8,2.0,9.735803843994244,10.15,7.69,14.5,795.0,6.84,0.354
4,10.1,2.0,8.1,0.41,580.7,581.8,1.2,56.0,0.4804,0.2308,28.5,3264.8,0.6826,846.0,0.4523,0.5,118.22,0.4743,5.58,7.2,3.0,14.689216883853087,9.6,10.96,20.5,795.0,8.79,0.393
12,-0.6,-14.0,13.4,0.5,242.5,244.3,0.3,37.0,0.3054,0.0933,-1.1,888.6,0.5734,759.0,0.4389,0.5,465.65,0.3647,5.48,13.0,1.0,15.906796976749963,9.43,12.99,19.4,795.0,7.98,0.357
11,0.5,-8.0,8.5,1.34,335.3,321.9,1.3,23.0,0.1919,0.0368,0.6,772.0,0.9863,1089.0,0.3213,0.5,420.94,0.0599,5.3,8.5,2.0,22.62071959153701,9.12,17.75,14.7,795.0,6.98,0.264
1,0.2,-8.5,8.7,1.08,220.4,216.1,0.9,61.0,0.5069,0.257,0.5,1340.8,0.4744,679.0,0.4565,0.5,434.66,0.0004,5.2,13.0,2.0,11.413907798234554,8.95,8.94,13.9,795.0,9.51,0.534
1,0.5,-10.6,11.1,1.82,259.4,255.1,0.2,22.0,0.1793,0.0322,0.5,558.3,0.383,606.0,0.3826,0.5,420.81,0.5166,5.2,13.5,1.0,14.871677432985807,8.95,12.06,14.5,795.0,5.75,0.414
1,-1.7,-14.4,12.6,1.05,166.1,176.9,1.6,36.0,0.3032,0.092,-3.1,604.5,0.5471,738.0,0.4284,0.5,516.66,0.0029,3.9,12.3,4.0,10.21289159775754,6.71,6.9,16.3,795.0,8.03,0.353
11,4.8,-7.6,12.4,0.75,282.8,278.0,0.0,22.0,0.182,0.0331,5.2,617.6,0.5222,718.0,0.4239,0.5,263.59,0.1245,5.49,12.5,3.0,17.23622479832487,9.45,12.74,18.6,795.0,7.13,0.424
2,-0.3,-9.3,9.0,1.58,361.0,355.5,3.3,63.0,0.5251,0.2757,-1.0,2274.8,0.5014,701.0,0.5294,0.5,454.67,0.2271,5.4,6.5,1.0,8.407183428551795,9.29,7.31,15.0,795.0,8.57,0.513
11,8.2,-0.5,8.7,1.3,283.2,285.8,3.3,41.0,0.342,0.1169,16.8,1162.0,0.8753,1000.0,0.6124,0.5,164.72,0.0391,7.7,15.3,1.0,13.533170358975383,13.25,11.45,14.3,795.0,8.31,0.365
11,5.3,-7.4,12.7,0.9,370.1,388.8,2.1,44.0,0.3655,0.1336,11.6,1623.5,0.8308,965.0,0.4227,0.5,246.49,0.0382,5.9,8.0,1.0,6.343940612633244,10.15,6.02,19.7,795.0,7.96,0.373
2,-6.5,-19.4,12.9,0.7,346.0,345.3,3.3,36.0,0.3031,0.0919,-11.8,1258.5,0.7338,887.0,0.5254,0.5,754.33,0.1621,5.8,9.5,2.0,16.046057316764507,9.98,12.62,20.1,795.0,9.26,0.315
4,16.3,4.1,12.2,1.04,539.7,543.7,2.2,53.0,0.9935,0.987,43.0,2843.5,0.7827,926.0,0.7667,0.5,21.95,0.0039,3.8,14.8,2.0,8.083377907802653,6.54,6.69,21.6,3606.8,12.81,0.547
4,12.6,4.5,8.1,1.48,556.7,566.2,1.8,53.0,0.67,0.4489,33.4,2961.4,0.9614,1069.0,0.6147,0.5,71.29,0.1452,3.88,10.0,4.0,10.860446697184667,6.68,7.71,17.4,1440.4,10.65,0.478
1,-2.6,-16.5,13.9,1.01,404.1,417.7,2.5,41.0,0.3381,0.1143,-5.3,1639.7,0.4818,685.0,0.2784,0.5,558.26,0.0073,5.24,8.8,2.0,12.50793728042118,9.02,9.77,20.9,795.0,8.69,0.309
12,2.9,-7.9,10.9,1.01,333.6,349.8,3.6,26.0,0.216,0.0467,3.8,864.8,0.989,1091.0,0.3431,0.5,326.42,0.0074,5.95,10.0,4.0,9.055733911340742,10.24,6.38,17.5,795.0,7.65,0.549
4,8.1,-3.8,11.9,0.99,553.3,547.3,2.9,34.0,0.2818,0.0794,13.7,1870.9,0.7999,940.0,0.4621,0.5,166.24,0.0117,3.3,8.6,1.0,13.23082261588615,5.68,11.16,21.6,795.0,7.81,0.473
1,-0.0,-13.4,13.4,0.85,337.5,318.8,1.1,33.0,0.2762,0.0763,-0.0,1118.6,0.8595,988.0,0.426,0.5,441.18,0.0604,6.06,10.0,4.0,11.052790732099046,10.43,7.78,20.0,795.0,7.87,0.455
3,4.2,-7.0,11.2,1.07,431.8,425.0,3.8,65.0,0.54,0.2916,13.6,2798.2,0.5614,749.0,0.5909,0.5,282.24,0.0011,5.2,9.0,2.0,10.953401905515339,8.95,8.66,19.1,795.0,9.47,0.462
4,17.0,6.3,10.8,1.09,460.8,447.2,2.4,39.0,0.7899,0.624,33.5,1815.8,0.5505,740.0,0.7057,0.5,15.78,0.0001,5.8,9.0,2.0,14.757760874275041,9.98,11.51,19.1,2403.5,11.25,0.563
4,16.9,5.7,11.3,1.04,457.0,468.9,1.7,12.0,0.2287,0.0523,9.7,526.2,0.4538,663.0,0.378,0.5,16.67,0.0031,5.55,8.5,2.0,15.797428506714033,9.55,12.21,19.5,989.5,8.37,0.303
4,12.5,-0.8,13.3,1.81,583.8,595.6,2.1,56.0,0.6955,0.4837,34.8,3245.5,0.9368,1049.0,0.688,0.5,72.15,0.5095,5.74,9.0,1.0,14.276149833347281,9.88,12.06,21.1,1961.2,10.47,0.46
12,1.3,-7.6,8.9,0.39,202.9,193.2,2.6,64.0,0.5353,0.2866,4.1,1303.2,0.6393,811.0,0.5487,0.5,389.02,0.4973,4.28,12.5,3.0,13.79445877730629,7.36,10.26,15.5,795.0,9.88,0.46
1,-0.5,-12.9,12.4,1.02,263.8,266.0,0.9,41.0,0.3432,0.1178,-1.1,1086.6,0.7048,864.0,0.4295,0.5,462.95,0.007,4.43,10.0,1.0,14.775352274271695,7.62,12.25,17.6,795.0,7.52,0.462
12,-0.4,-10.9,10.6,0.56,284.7,290.8,2.0,53.0,0.4385,0.1923,-0.9,1498.1,0.9171,1034.0,0.4236,0.5,455.92,0.2927,4.41,9.0,1.0,13.11079271414035,7.59,11.17,17.6,795.0,8.52,0.378
4,15.6,2.6,13.0,1.1,543.5,537.7,1.1,19.0,0.338,0.1142,14.9,1038.1,0.7331,887.0,0.4177,0.5,28.98,0.0,4.9,9.8,3.0,13.129605139500194,8.43,9.83,22.1,3017.7,7.9,0.39
2,4.9,-7.9,12.8,1.34,304.5,313.3,2.5,56.0,0.4647,0.2159,13.6,1698.1,0.6747,840.0,0.4712,0.5,260.04,0.059,5.4,8.0,2.0,13.932148016264383,9.29,10.99,17.7,795.0,10.1,0.4
1,1.3,-8.9,10.2,1.02,311.0,298.7,2.1,21.0,0.178,0.0317,1.4,664.2,0.7426,894.0,0.3903,0.5,387.03,0.0061,5.1,13.7,3.0,10.202620266317513,8.78,7.65,16.6,795.0,5.97,0.418
4,10.4,-0.9,11.3,0.75,470.4,476.0,1.6,59.0,0.5266,0.2773,30.5,2771.8,0.8084,947.0,0.5874,0.5,113.17,0.1244,6.02,12.0,3.0,15.719805069889391,10.36,11.84,20.5,795.0,8.22,0.466
2,0.4,-9.3,9.7,0.86,324.3,331.6,2.0,44.0,0.3681,0.1355,1.0,1432.5,0.688,850.0,0.5279,0.5,423.11,0.0578,4.1,8.9,2.0,12.17194065876229,7.05,9.68,16.8,795.0,7.07,0.443
1,-4.2,-15.4,11.2,0.76,213.8,213.9,0.7,27.0,0.224,0.0502,-5.6,574.8,0.471,677.0,0.3006,0.5,634.78,0.1156,4.97,9.0,2.0,12.09403467880314,8.55,9.45,16.6,795.0,7.51,0.4
3,8.0,-4.7,12.7,2.06,565.1,574.3,2.1,50.0,0.4193,0.1758,20.1,2843.3,0.6919,853.0,0.6777,0.5,169.54,0.9189,3.8,12.5,2.0,14.61378866294117,6.54,11.51,19.8,795.0,9.61,0.528
1,-1.8,-12.3,10.6,1.22,228.2,227.8,2.3,37.0,0.3101,0.0961,-3.3,848.9,0.7851,928.0,0.3947,0.5,518.59,0.0155,3.5,8.4,2.0,18.079598484013058,6.02,14.19,15.1,795.0,7.26,0.493
12,0.7,-10.9,11.6,1.49,260.2,260.2,0.8,42.0,0.346,0.1197,1.4,1080.4,0.7697,916.0,0.5133,0.5,413.34,0.156,5.1,10.5,1.0,17.50752523163574,8.78,14.35,15.7,795.0,8.46,0.419
4,14.2,0.6,13.6,0.93,488.0,485.4,0.7,30.0,0.4687,0.2196,21.7,1488.4,0.723,878.0,0.4111,0.5,45.96,0.0306,6.27,7.0,4.0,18.176103181187912,10.79,13.01,22.2,1145.3,7.55,0.434
11,7.0,-4.7,11.7,1.5,345.8,336.1,3.4,40.0,0.3321,0.1103,13.9,1378.2,0.724,879.0,0.3944,0.5,196.91,0.1566,4.58,10.0,1.0,15.951980242136711,7.88,13.14,17.1,795.0,6.26,0.459
2,3.7,-7.4,11.1,2.09,248.1,233.2,3.7,25.0,0.2094,0.0439,4.6,623.4,0.6218,797.0,0.3731,0.5,301.0,0.9779,6.1,13.0,3.0,14.289216895764048,10.5,10.61,13.7,795.0,8.62,0.349
4,13.3,3.6,9.7,0.78,513.1,520.2,1.9,41.0,0.5628,0.3168,27.1,2091.9,0.6279,802.0,0.6095,0.5,59.55,0.1032,5.01,8.3,3.0,15.886176932726244,8.62,11.82,19.8,1700.1,9.43,0.465
4,12.2,-0.3,12.4,0.95,512.6,524.8,0.2,42.0,0.5007,0.2507,25.5,2148.9,0.5081,706.0,0.5309,0.5,78.03,0.0225,4.73,10.0,2.0,11.497383679997796,8.14,9.03,21.6,795.0,8.06,0.529
12,1.5,-7.5,9.0,1.29,394.7,406.2,1.7,23.0,0.1903,0.0362,1.7,901.5,0.8499,980.0,0.3345,0.5,381.41,0.0343,5.99,13.0,1.0,20.971305939470074,10.31,17.01,16.2,795.0,5.71,0.42
11,6.3,-5.4,11.7,0.65,329.5,337.0,1.4,53.0,0.4437,0.1969,16.8,1754.7,0.2928,534.0,0.5396,0.5,215.29,0.2018,5.38,10.0,2.0,13.336907112205052,9.26,10.24,19.0,795.0,7.15,0.449
11,10.2,-3.1,13.3,1.87,213.7,206.1,3.8,14.0,0.1183,0.014,7.0,292.5,0.54,732.0,0.3589,0.5,116.94,0.5966,6.3,12.0,2.0,12.383145314762524,10.84,9.72,15.4,795.0,7.09,0.463
2,2.4,-8.8,11.2,0.94,396.6,384.9,2.2,23.0,0.1893,0.0358,2.8,901.2,0.563,750.0,0.4678,0.5,344.14,0.0242,5.0,8.5,3.0,11.55710225386401,8.6,8.52,18.8,795.0,6.67,0.523
12,3.8,-4.4,8.2,0.71,243.4,236.8,1.3,64.0,0.5293,0.2802,12.0,1546.0,0.7376,890.0,0.4534,0.5,296.29,0.152,5.17,13.4,2.0,17.019923252979666,8.9,13.36,14.7,795.0,8.08,0.542
12,-0.8,-11.4,10.7,1.93,220.3,213.6,0.2,52.0,0.4327,0.1872,-2.0,1143.9,0.592,774.0,0.4546,0.5,473.18,0.6902,5.3,10.5,1.0,14.50240770059147,9.12,11.95,13.3,795.0,7.64,0.434
1,-0.9,-11.1,10.2,1.14,235.6,230.8,2.7,32.0,0.2678,0.0717,-1.4,757.3,0.6985,859.0,0.4357,0.5,479.3,0.0015,3.8,9.0,2.0,15.08196942074351,6.54,11.87,15.2,795.0,6.83,0.358
1,5.2,-3.5,8.8,0.9,322.1,332.3,2.1,60.0,0.5001,0.2501,15.7,1932.6,0.7594,907.0,0.5343,0.5,248.56,0.0399,5.4,13.0,1.0,13.108430170433353,9.29,11.04,15.9,795.0,8.48,0.496
1,1.3,-8.9,10.2,1.35,248.1,252.7,0.4,36.0,0.3028,0.0917,2.3,901.5,0.7366,889.0,0.297,0.5,390.02,0.0602,4.9,14.0,1.0,11.608414268698692,8.43,9.9,14.8,795.0,9.43,0.4
2,-3.4,-12.4,8.9,1.56,237.2,221.6,2.4,34.0,0.2803,0.0786,-5.8,797.9,0.5259,721.0,0.3919,0.5,597.31,0.2134,3.7,13.0,1.0,14.214903865966615,6.37,11.68,13.1,795.0,6.85,0.373
3,9.1,-1.5,10.6,1.72,367.7,363.1,3.9,37.0,0.311,0.0967,17.0,1372.2,0.7153,872.0,0.4639,0.5,141.44,0.3905,6.49,12.8,4.0,17.375536759271032,11.17,12.4,16.0,795.0,9.73,0.461
4,10.2,-1.5,11.6,1.5,454.7,466.4,1.9,11.0,0.0949,0.009,5.6,499.9,0.6078,786.0,0.376,0.5,117.12,0.163,6.7,9.5,2.0,14.914996648920184,11.53,11.67,18.7,795.0,7.75,0.371
4,13.5,0.8,12.7,1.92,524.0,516.0,3.0,64.0,0.9017,0.8131,43.0,3352.1,0.6025,782.0,0.7316,0.5,56.91,0.6776,4.1,13.8,3.0,14.289021685777815,7.05,10.6,19.5,2318.6,11.48,0.481
12,0.6,-12.5,13.1,0.66,227.7,220.6,2.6,29.0,0.2419,0.0585,0.9,660.9,0.7471,898.0,0.2534,0.5,416.06,0.1904,5.65,9.0,2.0,14.208767118139312,9.72,11.25,18.5,795.0,7.71,0.403
11,7.5,-4.9,12.4,1.5,283.1,277.1,2.2,26.0,0.2162,0.0467,9.7,734.4,0.6636,831.0,0.4119,0.5,182.82,0.1616,5.7,9.0,2.0,16.34676416492915,9.81,12.79,16.7,795.0,9.12,0.493
2,2.9,-9.3,12.2,0.97,330.8,339.8,0.8,51.0,0.4283,0.1834,7.4,1700.2,0.5559,745.0,0.429,0.5,328.13,0.0174,5.4,12.0,1.0,15.227769153173611,9.29,12.47,18.6,795.0,7.87,0.497
1,-1.8,-15.2,13.4,0.86,319.2,323.5,0.8,34.0,0.2871,0.0824,-3.1,1099.8,0.7459,897.0,0.4826,0.5,520.15,0.0553,4.7,17.5,1.0,13.424872276639775,8.09,11.27,19.6,795.0,7.99,0.454
4,21.2,10.0,11.2,1.17,406.4,412.6,1.5,40.0,1.0,1.0,42.7,1636.2,0.5549,744.0,0.9,0.5,0.04,0.0046,3.8,7.2,3.0,15.468783430201988,6.54,11.45,18.4,4345.0,11.86,0.575
1,4.6,-6.4,11.0,0.72,352.9,350.9,1.2,58.0,0.4864,0.2366,13.3,2059.5,0.3916,613.0,0.5348,0.5,270.52,0.1469,3.7,8.0,1.0,15.623691425497771,6.37,12.63,18.6,795.0,9.1,0.491
1,0.1,-10.4,10.6,1.73,316.3,312.6,1.2,40.0,0.3347,0.112,0.3,1270.3,0.759,907.0,0.3559,0.5,435.14,0.3954,4.5,10.0,4.0,18.507669918857665,7.74,13.29,15.2,795.0,8.55,0.403
11,8.4,-0.8,9.2,1.51,308.4,329.2,0.7,13.0,0.1096,0.012,5.6,405.5,0.7549,904.0,0.2762,0.5,157.55,0.1691,6.22,11.0,1.0,15.76202077365365,10.7,13.03,14.5,795.0,5.6,0.403
3,7.4,-1.0,8.4,0.92,373.1,391.8,2.9,33.0,0.2741,0.0751,12.1,1227.2,0.9177,1034.0,0.3932,0.5,185.58,0.0307,3.3,8.0,3.0,12.54193940703414,5.68,9.54,16.3,795.0,8.4,0.365
4,12.6,1.4,11.2,0.84,651.6,647.1,1.4,25.0,0.3176,0.1009,15.8,1638.1,0.3685,595.0,0.3115,0.5,70.88,0.0676,4.4,11.0,2.0,11.310093704320403,7.57,8.78,22.9,1573.5,6.53,0.415
1,-1.8,-13.1,11.3,1.08,253.2,242.7,2.0,58.0,0.4849,0.2351,-5.3,1473.1,0.7896,932.0,0.5028,0.5,520.22,0.0003,5.6,12.0,3.0,15.250371200479556,9.64,11.47,16.4,795.0,9.01,0.488
4,11.7,1.3,10.5,1.42,424.1,430.3,2.1,40.0,0.4526,0.2048,23.6,1706.7,0.451,661.0,0.5344,0.5,85.61,0.101,5.5,11.0,2.0,10.506492815095362,9.46,8.24,17.5,1605.1,10.25,0.439
4,15.1,6.5,8.6,0.79,560.7,564.3,3.3,40.0,0.6766,0.4577,30.4,2258.0,0.7043,863.0,0.6217,0.5,35.05,0.0955,6.47,6.3,2.0,17.536801873174202,11.13,13.72,19.6,2203.0,10.38,0.578
1,-3.3,-11.4,8.1,1.23,255.2,251.7,3.6,36.0,0.3028,0.0917,-5.9,927.3,0.6578,826.0,0.476,0.5,588.74,0.0163,5.3,9.6,4.0,15.343450297891309,9.12,10.83,13.6,795.0,9.09,0.382
12,3.4,-6.2,9.6,1.49,284.4,275.4,1.5,32.0,0.2638,0.0696,5.4,900.1,0.3968,617.0,0.4283,0.5,309.69,0.1524,3.7,10.5,3.0,16.55683586960869,6.37,12.14,14.6,795.0,7.25,0.467
4,14.2,0.8,13.4,1.34,481.2,481.3,2.6,43.0,0.6564,0.4309,30.4,2060.5,0.5694,756.0,0.5333,0.5,46.27,0.0561,4.6,11.5,4.0,8.64214185040532,7.91,5.74,20.9,2123.5,11.01,0.57
4,14.9,2.0,12.9,1.04,590.0,593.6,3.6,54.0,0.8849,0.783,39.9,3161.3,0.2891,531.0,0.7656,0.5,37.11,0.0034,4.2,8.0,2.0,15.925973917081258,7.23,12.18,22.9,3684.5,12.06,0.56
12,2.6,-10.8,13.4,0.77,315.4,309.7,2.3,43.0,0.3591,0.1289,5.5,1359.2,0.7473,898.0,0.3244,0.5,340.25,0.1119,5.0,8.5,2.0,8.669456069278855,8.6,7.1,19.8,795.0,7.4,0.331
3,14.0,1.7,12.3,0.89,378.2,374.7,3.6,25.0,0.3745,0.1402,17.5,941.9,0.8707,997.0,0.4207,0.5,48.71,0.0462,3.93,10.0,2.0,14.367737561410284,6.76,11.47,19.6,1553.2,7.5,0.364
12,0.2,-12.7,12.9,0.88,151.5,144.0,3.8,48.0,0.4012,0.161,0.4,729.6,0.5426,734.0,0.4343,0.5,433.47,0.049,6.32,8.5,1.0,17.575206703833427,10.87,14.22,16.7,795.0,10.11,0.396
2,2.5,-9.1,11.5,0.9,407.8,415.6,1.2,39.0,0.3291,0.1083,4.9,1610.6,1.0,1110.0,0.5475,0.5,343.36,0.0413,5.7,12.0,4.0,18.42509072952055,9.81,13.42,19.4,795.0,7.16,0.353
11,3.7,-6.5,10.2,1.2,293.9,305.0,1.3,56.0,0.4659,0.217,10.4,1643.1,0.6238,799.0,0.3599,0.5,299.14,0.0097,5.4,11.0,2.0,17.954352497240116,9.29,13.96,15.9,795.0,8.05,0.392
2,0.5,-12.1,12.6,1.08,342.2,359.9,1.5,20.0,0.1662,0.0276,0.5,682.6,0.4854,688.0,0.3869,0.5,420.82,0.0003,6.74,10.5,2.0,10.823301807924112,11.6,8.51,18.8,795.0,6.47,0.435
4,14.0,0.7,13.4,0.93,545.7,553.7,1.5,24.0,0.3678,0.1353,17.1,1331.7,0.5781,762.0,0.4693,0.5,48.4,0.0292,4.2,14.3,4.0,17.602748790326885,7.23,12.46,22.9,1138.3,8.07,0.384
4,12.1,2.7,9.4,0.64,430.7,435.1,3.4,58.0,0.6901,0.4762,35.3,2509.9,0.5834,767.0,0.6997,0.5,79.13,0.2151,4.5,12.0,2.0,16.354523499854928,7.74,12.73,18.7,953.4,11.22,0.537
2,4.1,-4.3,8.4,1.7,334.0,348.4,1.1,37.0,0.3098,0.096,7.7,1241.6,0.8884,1011.0,0.4591,0.5,284.05,0.361,3.65,12.6,4.0,12.021087433600227,6.28,8.53,13.8,795.0,7.16,0.365
3,6.5,-6.8,13.3,0.71,477.7,488.4,0.3,36.0,0.3037,0.0923,11.9,1741.0,0.5197,716.0,0.2697,0.5,209.66,0.1524,4.23,11.0,3.0,18.099777404499424,7.28,13.39,22.3,795.0,6.98,0.432
3,5.3,-5.6,10.8,0.76,327.3,315.9,2.6,47.0,0.3895,0.1517,12.3,1529.9,0.6702,836.0,0.5022,0.5,248.03,0.114,4.47,9.0,3.0,11.647056490640484,7.69,8.67,17.9,795.0,9.67,0.385
1,-0.5,-13.8,13.3,1.3,281.9,266.9,1.0,35.0,0.2954,0.0873,-0.8,999.2,0.6738,839.0,0.3366,0.5,460.68,0.0402,5.08,10.5,2.0,14.304547917234204,8.74,11.27,17.9,795.0,7.17,0.364
3,3.5,-6.9,10.4,1.11,387.2,389.0,3.9,60.0,0.502,0.252,10.5,2332.9,0.6602,828.0,0.5918,0.5,306.94,0.0,5.8,13.5,4.0,8.575264169450252,9.98,5.76,17.6,795.0,9.52,0.472
2,6.4,-7.6,14.0,0.99,383.8,390.5,2.7,44.0,0.368,0.1355,14.2,1695.0,0.4649,672.0,0.4868,0.5,212.44,0.0132,3.9,11.0,1.0,10.572657307561201,6.71,8.9,20.8,795.0,9.39,0.485
12,3.7,-8.2,11.9,1.05,301.6,286.4,3.1,46.0,0.3827,0.1464,8.4,1384.9,0.6522,822.0,0.4482,0.5,300.21,0.003,6.4,10.0,3.0,15.702919195502867,11.01,11.7,17.7,795.0,7.77,0.309
11,11.7,1.2,10.5,1.48,345.9,343.5,1.4,60.0,0.6728,0.4526,35.3,2092.3,0.6699,836.0,0.6441,0.5,86.99,0.1439,3.4,8.6,4.0,5.067507723227147,5.85,3.14,16.2,1367.7,10.35,0.496
3,8.8,-2.1,10.9,0.69,424.0,430.2,2.9,57.0,0.4735,0.2242,24.9,2409.0,0.7602,908.0,0.6736,0.5,149.53,0.1657,7.6,10.3,3.0,15.648116957341285,13.08,11.74,19.6,795.0,10.64,0.476
12,1.1,-10.2,11.3,1.27,238.7,258.6,1.5,35.0,0.2885,0.0832,1.9,826.4,0.5102,708.0,0.5484,0.5,395.02,0.0303,5.01,13.0,3.0,19.499618224326717,8.62,14.43,15.7,795.0,6.63,0.42
2,1.3,-11.4,12.7,1.14,243.3,227.2,1.3,58.0,0.4845,0.2347,3.9,1414.7,0.471,677.0,0.5447,0.5,386.76,0.0014,4.95,12.0,3.0,7.918727638401868,8.52,5.72,17.3,795.0,8.44,0.475
12,-1.4,-13.8,12.3,1.57,346.4,365.5,3.2,65.0,0.5377,0.2891,-4.6,2234.9,0.5758,761.0,0.5949,0.5,503.53,0.2204,4.61,11.5,3.0,12.09646021873091,7.93,8.93,17.4,795.0,10.24,0.419
3,0.9,-8.5,9.4,1.13,545.4,549.0,1.8,53.0,0.4391,0.1928,2.3,2873.5,0.5986,779.0,0.3249,0.5,405.63,0.0009,4.7,13.5,2.0,13.551734539955916,8.09,10.64,19.2,795.0,9.28,0.48
2,-0.1,-10.0,9.9,0.52,353.8,344.2,2.1,18.0,0.148,0.0219,-0.1,628.2,0.6311,805.0,0.2774,0.5,444.24,0.3401,4.11,11.0,4.0,21.057195366411882,7.07,15.1,18.3,795.0,8.38,0.347
1,2.9,-9.5,12.4,1.18,259.1,260.7,3.5,11.0,0.0901,0.0081,1.6,280.1,0.7173,874.0,0.3106,0.5,326.57,0.0068,4.69,10.0,2.0,9.462022640182692,8.07,7.67,17.2,795.0,7.87,0.355
1,-0.7,-11.7,11.0,0.82,320.5,313.0,4.0,44.0,0.3706,0.1374,-1.5,1425.6,0.9868,1089.0,0.4317,0.5,470.51,0.0792,5.3,9.3,4.0,10.747889021551387,9.12,7.65,17.9,795.0,8.83,0.463
3,4.4,-8.7,13.1,1.12,455.1,466.5,0.2,49.0,0.4046,0.1637,10.7,2209.5,0.3012,541.0,0.4113,0.5,275.88,0.0003,3.8,10.0,1.0,17.044923489807346,6.54,13.62,20.8,795.0,6.19,0.357
11,3.0,-7.9,10.9,1.45,313.0,317.2,2.2,43.0,0.3576,0.1279,6.5,1343.0,0.48,684.0,0.3286,0.5,322.27,0.1234,4.25,8.0,3.0,12.758450381940794,7.31,9.35,16.1,795.0,9.49,0.442
2,2.7,-9.0,11.7,0.81,325.7,339.5,1.8,17.0,0.1401,0.0196,2.3,547.4,0.9453,1056.0,0.3729,0.5,334.36,0.0846,4.0,12.5,4.0,14.66615779349045,6.88,10.56,18.6,795.0,5.19,0.345
12,0.0,-13.0,13.0,0.99,328.6,324.0,2.6,45.0,0.3746,0.1403,0.0,1476.9,0.4965,697.0,0.508,0.5,440.69,0.012,4.4,12.5,3.0,15.477317101128387,7.57,11.41,19.2,795.0,7.91,0.44
3,7.5,-4.9,12.4,1.31,448.8,445.1,2.8,53.0,0.4446,0.1977,20.0,2394.3,0.6051,784.0,0.5387,0.5,182.12,0.0445,3.5,12.0,3.0,10.903738446697478,6.02,8.06,19.6,795.0,9.81,0.395
1,0.1,-13.7,13.8,0.5,283.8,293.6,1.2,47.0,0.3902,0.1523,0.2,1328.6,0.5342,727.0,0.5141,0.5,437.86,0.3576,5.6,9.0,3.0,13.737386209272556,9.64,10.13,20.4,795.0,8.81,0.388
4,10.7,2.6,8.1,1.46,509.5,507.4,3.0,34.0,0.321,0.103,18.0,1712.0,0.612,790.0,0.394,0.5,105.44,0.1279,6.8,13.0,2.0,8.787296900265307,11.7,7.08,16.8,795.0,6.78,0.412
1,-1.2,-12.3,11.1,1.18,322.9,317.4,0.3,33.0,0.2751,0.0757,-2.0,1066.0,0.6081,786.0,0.443,0.5,493.78,0.0063,5.61,10.0,1.0,17.0951593234091,9.65,13.91,17.1,795.0,6.48,0.387
11,5.9,-6.0,11.9,1.11,315.3,322.6,0.8,36.0,0.2978,0.0887,10.5,1126.5,0.7466,897.0,0.4442,0.5,228.28,0.0001,4.2,11.0,3.0,18.433703020378985,7.23,13.82,17.7,795.0,7.92,0.523
11,8.3,-2.3,10.6,0.79,442.8,441.6,1.9,16.0,0.1374,0.0189,6.8,730.3,0.5596,748.0,0.2998,0.5,161.47,0.0955,4.54,11.1,3.0,8.626181895010184,7.81,6.32,19.4,795.0,6.73,0.388
4,15.6,6.6,9.0,1.03,563.1,565.2,1.7,44.0,0.7871,0.6195,34.7,2497.4,0.8053,944.0,0.5582,0.5,28.65,0.0047,3.91,6.5,2.0,16.4800774690374,6.73,13.0,19.4,3684.7,9.93,0.397
12,4.6,-4.5,9.1,1.49,317.2,291.0,3.9,41.0,0.3426,0.1174,9.4,1303.9,0.962,1070.0,0.3444,0.5,269.73,0.1538,5.3,8.5,1.0,6.056080402053462,9.12,5.91,14.6,795.0,7.18,0.485
2,-0.4,-13.0,12.6,0.46,321.6,322.3,0.0,32.0,0.2669,0.0712,-0.7,1029.9,0.8242,959.0,0.4737,0.5,458.38,0.414,4.57,10.0,1.0,10.870587310199948,7.86,9.41,20.0,795.0,7.13,0.449
2,1.1,-9.4,10.6,0.96,280.9,277.6,4.0,61.0,0.508,0.258,3.5,1712.4,0.9247,1040.0,0.5023,0.5,394.53,0.0186,4.65,15.2,1.0,12.703079038291992,8.0,10.87,16.6,795.0,9.54,0.466
12,1.3,-9.8,11.0,0.75,174.2,162.0,2.6,56.0,0.4635,0.2148,3.5,969.1,0.3891,611.0,0.5052,0.5,389.69,0.1215,4.64,19.8,4.0,14.524695770003166,7.98,10.0,15.8,795.0,9.18,0.473
11,9.0,-5.0,14.0,1.41,273.6,284.5,2.7,23.0,0.1919,0.0368,10.3,630.2,0.7613,909.0,0.3809,0.5,145.07,0.0934,4.1,8.0,1.0,13.900610168723293,7.05,11.63,18.1,795.0,8.6,0.345
3,11.7,-0.1,11.8,1.21,452.9,460.3,0.2,36.0,0.4019,0.1615,21.1,1632.1,0.4802,684.0,0.451,0.5,86.66,0.012,5.58,14.5,3.0,6.171789153761447,9.6,4.41,19.5,795.0,7.58,0.383
11,7.3,-3.8,11.1,0.98,203.3,186.7,2.0,27.0,0.2231,0.0498,9.8,544.4,0.6287,803.0,0.3028,0.5,186.35,0.0132,5.95,11.0,2.0,11.129234099977921,10.24,8.85,15.8,795.0,7.11,0.241
12,3.2,-5.0,8.2,1.3,252.8,245.3,1.4,20.0,0.1638,0.0268,3.1,496.8,0.6067,785.0,0.3552,0.5,317.89,0.042,4.6,10.0,2.0,12.98755953278314,7.91,10.23,13.4,795.0,5.53,0.405
12,4.9,-7.5,12.4,1.31,301.3,300.0,2.6,16.0,0.1347,0.0181,4.0,486.9,0.3082,547.0,0.3319,0.5,259.27,0.0456,4.5,15.2,1.0,10.891701114938256,7.74,9.02,17.4,795.0,6.25,0.361
12,2.6,-6.6,9.2,1.45,348.0,356.3,0.7,56.0,0.4672,0.2182,7.2,1951.0,0.9947,1096.0,0.5001,0.5,339.95,0.1256,3.9,12.1,2.0,12.118045359270809,6.71,9.88,15.2,795.0,6.63,0.412
2,3.6,-6.3,9.9,1.49,264.2,263.5,0.0,53.0,0.4432,0.1965,9.6,1405.3,0.4166,633.0,0.5316,0.5,301.78,0.1541,3.6,14.0,3.0,19.802745117065324,6.19,14.59,14.4,795.0,8.75,0.427
3,6.1,-5.2,11.3,1.14,445.2,442.1,2.5,26.0,0.2198,0.0483,8.1,1174.3,0.5629,750.0,0.5117,0.5,221.55,0.0015,3.3,10.0,2.0,19.915471284488227,5.68,15.39,19.2,795.0,6.88,0.31
2,4.9,-3.9,8.8,0.86,295.9,286.9,1.0,31.0,0.2574,0.0663,7.6,914.0,0.8194,956.0,0.3472,0.5,259.45,0.0597,5.44,16.5,3.0,17.4436315858079,9.36,13.14,15.6,795.0,6.45,0.474
4,13.8,3.4,10.5,0.93,542.6,552.2,3.0,15.0,0.226,0.0511,10.6,833.0,0.6955,856.0,0.4278,0.5,51.36,0.0286,4.6,16.0,4.0,11.818738268112698,7.91,8.22,20.5,1138.1,8.49,0.351
2,-0.6,-11.2,10.6,1.06,318.3,316.8,1.6,30.0,0.248,0.0615,-0.9,947.0,0.6082,787.0,0.3937,0.5,465.67,0.0014,4.3,10.0,2.0,12.84488788993874,7.4,10.12,16.9,795.0,7.04,0.378
4,17.4,9.3,8.2,0.94,486.0,490.0,1.7,40.0,0.8265,0.6831,34.8,1941.5,0.5674,754.0,0.7151,0.5,12.85,0.027,4.0,16.0,3.0,7.135561141046685,6.88,5.21,17.8,3019.0,9.94,0.423
11,6.8,-2.2,9.0,0.97,335.5,324.8,3.7,48.0,0.4011,0.1609,16.4,1614.9,0.5061,705.0,0.4706,0.5,201.56,0.0178,4.82,12.0,2.0,10.22750247514572,8.29,8.08,16.1,795.0,8.82,0.431
4,11.9,0.9,11.0,0.5,504.1,501.7,0.8,33.0,0.3839,0.1474,19.8,1672.7,0.6577,826.0,0.4616,0.5,82.05,0.3588,6.2,13.1,2.0,11.852410585854951,10.67,9.42,21.4,1903.5,7.9,0.414
3,3.6,-6.4,9.9,1.71,494.0,495.5,2.7,38.0,0.3158,0.0997,6.7,1871.9,0.7078,866.0,0.452,0.5,304.41,0.3661,3.98,17.0,2.0,12.39141772511184,6.85,9.86,17.4,795.0,8.58,0.534
11,11.6,-1.6,13.2,1.37,415.5,403.7,3.0,61.0,0.6798,0.4622,35.7,2550.0,0.6252,800.0,0.5191,0.5,87.48,0.0705,4.4,16.4,1.0,19.12042496023877,7.57,15.44,19.7,3334.5,10.95,0.402
12,-0.6,-11.9,11.3,0.89,220.1,234.6,3.4,27.0,0.2284,0.0522,-0.8,603.1,0.5271,722.0,0.412,0.5,466.01,0.044,4.3,17.0,2.0,10.585016783866882,7.4,8.36,16.4,795.0,7.21,0.389
4,19.7,6.1,13.6,0.72,564.4,566.3,3.4,25.0,0.6073,0.3688,24.4,1400.9,0.466,673.0,0.4313,0.5,1.74,0.1474,4.8,12.0,1.0,12.861474063367876,8.26,10.62,23.8,3302.8,9.41,0.408
12,0.3,-9.8,10.1,1.39,244.4,242.6,2.2,20.0,0.1643,0.027,0.3,481.9,1.0,1106.0,0.2806,0.5,428.27,0.0821,10.12,12.0,2.0,13.92772337720797,17.41,11.25,14.6,795.0,6.53,0.313
3,7.3,-2.7,10.0,0.66,507.6,512.0,0.9,41.0,0.3384,0.1145,14.8,2061.1,0.5084,707.0,0.3557,0.5,187.93,0.1976,4.7,18.0,1.0,10.734670311261862,8.09,9.06,20.3,795.0,8.36,0.485
3,6.1,-4.4,10.5,1.66,408.8,406.2,0.3,49.0,0.405,0.164,14.7,1986.6,0.7741,919.0,0.5594,0.5,222.94,0.3144,4.8,12.0,3.0,15.379498242726099,8.26,11.55,16.7,795.0,9.05,0.304
1,-2.7,-12.6,9.9,0.77,408.3,408.9,1.1,52.0,0.4373,0.1912,-7.0,2142.7,0.815,952.0,0.4154,0.5,560.14,0.1117,4.3,10.5,1.0,17.298621240414292,7.4,14.23,18.4,795.0,10.1,0.53
11,11.3,1.3,10.0,1.36,318.2,316.2,3.4,26.0,0.2687,0.0722,14.5,813.5,0.3705,596.0,0.3649,0.5,94.0,0.0682,6.0,10.0,3.0,9.335067218549288,10.32,6.7,15.7,795.0,7.72,0.292
2,7.6,-3.9,11.5,0.98,389.1,401.0,0.9,24.0,0.2023,0.0409,9.2,944.8,0.4421,654.0,0.4028,0.5,179.27,0.0134,3.9,14.1,4.0,9.627826611157587,6.71,6.37,18.9,795.0,6.87,0.447
12,2.9,-10.5,13.5,0.62,248.2,246.6,2.0,24.0,0.2024,0.041,3.6,602.9,0.5579,746.0,0.3135,0.5,326.46,0.2286,4.02,12.1,2.0,15.22782428140491,6.92,11.87,19.2,795.0,6.63,0.471
2,1.0,-12.6,13.6,1.66,276.6,267.4,0.0,34.0,0.2854,0.0814,1.7,947.3,0.6161,793.0,0.4638,0.5,399.75,0.3168,3.5,15.2,4.0,15.944617433696514,6.02,11.25,17.2,795.0,6.48,0.451
1,-1.0,-15.0,13.9,1.33,341.5,344.8,3.5,23.0,0.1902,0.0362,-1.2,779.4,0.4397,652.0,0.3638,0.5,485.59,0.0548,6.44,12.0,3.0,11.040440756230845,11.08,8.03,19.2,795.0,7.43,0.41
1,-4.4,-17.2,12.8,0.9,273.0,281.0,1.3,35.0,0.295,0.087,-7.7,966.2,0.7554,904.0,0.3245,0.5,643.32,0.0405,5.0,9.5,2.0,14.291622875789702,8.6,11.32,18.4,795.0,6.68,0.402
3,6.3,-7.3,13.6,1.24,470.2,479.0,1.1,16.0,0.1327,0.0176,5.0,748.9,0.7315,885.0,0.3181,0.5,216.12,0.0204,4.53,9.0,2.0,17.76196099089001,7.79,13.91,21.2,795.0,5.91,0.405
3,6.1,-4.1,10.2,1.41,432.4,439.6,3.1,27.0,0.2226,0.0495,8.1,1155.0,0.6173,794.0,0.4819,0.5,222.88,0.0932,6.26,10.1,2.0,14.451387625451805,10.77,11.33,17.4,795.0,6.7,0.391
1,3.6,-8.5,12.1,1.27,346.8,352.3,3.2,49.0,0.4075,0.1661,8.8,1696.2,0.6813,845.0,0.4041,0.5,302.27,0.0292,4.2,10.5,1.0,14.526097477318169,7.23,12.04,18.0,795.0,8.42,0.466
1,-1.6,-12.3,10.8,0.83,312.0,311.1,3.7,35.0,0.2926,0.0856,-2.8,1095.6,0.5244,720.0,0.3434,0.5,509.85,0.0728,5.68,13.0,4.0,17.49541109068421,9.77,12.34,17.5,795.0,10.23,0.437
2,4.7,-4.2,8.9,0.72,348.4,365.3,2.8,55.0,0.4621,0.2135,13.0,1931.8,0.1957,457.0,0.5002,0.5,266.17,0.1477,4.86,13.0,4.0,16.35869431957737,8.36,11.23,16.8,795.0,8.7,0.494
2,5.8,-8.0,13.8,1.02,394.3,404.8,2.5,47.0,0.392,0.1537,13.7,1854.6,0.6877,850.0,0.5213,0.5,229.85,0.006,11.19,9.0,3.0,17.669963671284588,19.25,13.2,20.7,795.0,8.62,0.476
1,2.7,-8.8,11.5,1.48,413.2,419.5,1.8,62.0,0.516,0.2663,8.3,2558.9,0.6438,815.0,0.708,0.5,336.0,0.144,4.16,10.0,1.0,14.254550378042147,7.16,11.81,18.0,795.0,9.21,0.454
3,9.6,-2.3,11.9,1.63,567.2,564.9,1.5,38.0,0.32,0.1024,18.4,2178.1,0.822,958.0,0.4102,0.5,130.05,0.2764,4.0,14.3,2.0,13.576446691164128,6.88,10.84,20.3,795.0,7.8,0.424
2,-0.9,-9.6,8.7,1.46,398.6,403.0,1.7,44.0,0.3698,0.1367,-2.1,1768.7,0.5349,728.0,0.4085,0.5,481.13,0.1313,4.3,13.5,1.0,10.829581778063751,7.4,9.15,15.6,795.0,9.3,0.496
1,1.0,-8.9,9.9,1.21,289.0,302.1,2.0,11.0,0.0898,0.0081,0.5,311.4,0.611,789.0,0.3343,0.5,399.3,0.0117,4.2,12.0,3.0,18.036103875091822,7.23,13.42,15.5,795.0,6.46,0.389
1,-6.2,-19.8,13.6,1.29,350.3,352.0,2.9,40.0,0.3342,0.1117,-12.4,1405.1,0.585,768.0,0.5841,0.5,739.9,0.0369,3.8,12.0,1.0,12.242821997568772,6.54,10.25,19.2,795.0,8.12,0.488
4,17.3,8.0,9.3,0.66,493.7,504.1,0.3,52.0,1.0,1.0,45.0,2567.1,0.7421,894.0,0.9,0.5,13.58,0.1944,4.46,12.5,1.0,17.887060894899236,7.67,14.61,19.5,3543.2,10.36,0.471
4,13.3,-0.4,13.7,1.19,417.8,407.3,3.2,22.0,0.3045,0.0927,14.6,920.8,0.7134,871.0,0.2537,0.5,59.43,0.008,4.27,10.0,2.0,10.491401124106186,7.35,8.44,20.6,795.0,7.89,0.544
4,13.3,1.8,11.6,1.6,511.5,514.3,2.2,36.0,0.4931,0.2432,23.7,1818.3,0.7173,874.0,0.5106,0.5,58.92,0.2509,5.2,15.9,2.0,14.07632555620356,8.95,11.13,19.2,1822.1,8.59,0.477
4,16.8,7.6,9.2,1.22,469.5,448.5,0.4,23.0,0.4463,0.1992,19.1,1063.2,0.826,961.0,0.6338,0.5,17.42,0.0151,4.64,13.0,3.0,17.956159748986554,7.98,13.53,17.7,1931.2,8.14,0.42
12,-0.8,-11.0,10.2,1.21,264.8,267.8,1.4,28.0,0.2365,0.056,-1.1,751.7,0.901,1021.0,0.4507,0.5,474.88,0.0115,4.72,6.5,4.0,15.009631232079114,8.12,10.78,15.4,795.0,7.45,0.406
11,4.5,-6.1,10.6,1.01,316.8,336.8,1.8,55.0,0.4618,0.2132,12.5,1755.4,0.6935,855.0,0.4156,0.5,271.68,0.0078,5.86,16.0,4.0,21.44725354227447,10.08,15.44,17.0,795.0,8.2,0.427
4,8.3,-0.8,9.1,0.92,409.5,410.1,1.9,50.0,0.4198,0.1762,20.8,2063.0,0.5566,745.0,0.3363,0.5,161.95,0.0319,4.8,14.0,2.0,10.273285826364903,8.26,8.15,17.4,795.0,7.4,0.467
12,2.1,-8.9,10.9,0.88,191.7,188.6,0.8,52.0,0.4316,0.1862,5.3,992.9,0.8621,990.0,0.523,0.5,358.95,0.0504,5.14,9.0,3.0,14.317474036244116,8.84,10.83,15.7,795.0,9.77,0.452
2,2.6,-8.6,11.1,1.25,286.9,256.2,0.1,23.0,0.1919,0.0368,3.0,660.6,1.0,1186.0,0.3639,0.5,339.53,0.0218,4.73,8.8,2.0,5.2204193096471645,8.14,4.72,16.4,795.0,5.82,0.38
2,2.3,-6.7,9.1,0.3,404.1,410.1,1.7,44.0,0.3653,0.1334,5.1,1771.2,0.7653,912.0,0.5485,0.5,347.94,0.64,5.0,14.3,2.0,11.260662599460957,8.6,9.06,18.9,795.0,8.75,0.423
2,-3.0,-14.3,11.2,0.71,311.4,329.8,0.1,12.0,0.0988,0.0098,-1.8,369.0,0.7227,878.0,0.319,0.5,578.25,0.1484,6.0,9.0,3.0,14.133867808777039,10.32,10.58,18.1,795.0,6.0,0.465
11,2.2,-6.0,8.2,1.37,333.8,330.6,0.6,27.0,0.2238,0.0501,2.9,896.5,0.6896,852.0,0.4263,0.5,353.89,0.0704,4.1,14.0,1.0,14.776134711216553,7.05,12.23,14.5,795.0,7.74,0.393
11,4.5,-6.3,10.8,1.53,320.9,332.7,1.0,25.0,0.211,0.0445,5.7,812.3,0.694,855.0,0.3664,0.5,270.95,0.1862,4.0,13.0,1.0,12.967636733195526,6.88,10.88,16.0,795.0,7.51,0.453
11,10.6,-2.9,13.5,1.03,303.1,319.2,2.3,56.0,0.5303,0.2813,30.0,1708.8,0.6656,832.0,0.3583,0.5,107.23,0.0046,3.9,15.3,1.0,5.767649667130826,6.71,5.46,19.1,795.0,8.66,0.478
11,7.6,-5.0,12.7,1.25,318.4,343.8,1.6,14.0,0.119,0.0142,5.4,454.7,0.7971,938.0,0.1411,0.5,179.04,0.0233,11.21,10.0,3.0,14.258137086622034,19.29,10.73,18.1,795.0,5.3,0.36
1,-5.1,-16.2,11.1,0.54,204.2,209.5,2.8,50.0,0.4148,0.172,-12.8,1016.5,0.5157,713.0,0.3897,0.5,682.54,0.3082,5.06,14.0,1.0,13.956572343073054,8.71,11.48,16.9,795.0,8.07,0.408
12,1.7,-9.2,10.9,1.27,244.7,271.2,0.6,49.0,0.4056,0.1645,4.2,1191.0,0.9984,1099.0,0.6134,0.5,370.72,0.0283,8.81,11.5,2.0,16.38886832300028,15.16,13.09,15.5,795.0,8.47,0.436
11,8.2,-2.7,10.9,1.37,254.3,262.3,3.3,56.0,0.4693,0.2202,23.0,1432.0,0.6123,790.0,0.488,0.5,164.35,0.0711,4.8,13.0,2.0,8.642332232378443,8.26,6.97,15.4,795.0,8.6,0.513
12,-1.3,-11.1,9.8,1.09,292.0,303.7,0.9,45.0,0.371,0.1377,-2.8,1300.1,0.729,883.0,0.4593,0.5,496.03,0.0002,4.3,12.5,4.0,24.17925480349147,7.4,17.52,15.8,795.0,7.58,0.367
11,12.5,3.0,9.4,0.77,226.1,235.7,2.2,22.0,0.2789,0.0778,14.0,507.7,0.6193,795.0,0.4778,0.5,73.06,0.1083,6.14,12.4,1.0,5.558654293691756,10.56,5.26,15.3,795.0,7.69,0.537
12,1.4,-7.2,8.6,0.93,224.1,214.3,1.3,65.0,0.5416,0.2934,4.6,1456.7,0.6837,847.0,0.5377,0.5,383.03,0.0289,6.9,16.1,1.0,12.143111356097714,11.87,10.25,14.2,795.0,9.58,0.534
11,5.0,-5.6,10.6,0.33,344.6,341.5,3.6,47.0,0.39,0.1521,11.7,1612.5,0.4615,669.0,0.3998,0.5,256.28,0.59,5.4,12.6,3.0,10.773932648377647,9.29,7.85,19.1,795.0,8.54,0.432
11,6.9,-6.5,13.4,0.3,250.5,248.7,0.8,35.0,0.2917,0.0851,12.1,876.8,0.8162,953.0,0.4783,0.5,198.55,0.64,3.5,14.8,4.0,24.65781545734455,6.02,17.95,20.0,795.0,6.26,0.449
12,2.1,-11.4,13.5,1.41,212.4,231.3,3.5,63.0,0.5246,0.2752,6.5,1337.2,0.4719,678.0,0.6255,0.5,358.09,0.0967,4.8,13.0,2.0,16.98808975038597,8.26,13.12,16.7,795.0,9.18,0.422
2,2.9,-8.2,11.1,1.18,342.2,338.0,3.3,51.0,0.4271,0.1824,7.3,1754.0,0.6687,835.0,0.4366,0.5,328.92,0.0068,4.1,9.6,2.0,13.078688503477265,7.05,10.34,17.3,795.0,8.98,0.32
1,-0.3,-11.9,11.6,1.52,159.8,145.1,2.0,30.0,0.246,0.0605,-0.5,471.9,0.582,766.0,0.4768,0.5,455.41,0.18,4.96,10.0,3.0,15.094265902021196,8.53,11.19,14.1,795.0,5.76,0.381
3,8.3,-2.5,10.7,0.48,395.5,384.7,1.8,55.0,0.4602,0.2118,22.9,2183.8,0.7659,913.0,0.5082,0.5,161.8,0.3882,3.41,14.0,4.0,11.877300704504371,5.87,8.32,19.6,795.0,8.62,0.497
4,13.6,0.0,13.6,0.81,468.2,481.6,1.6,28.0,0.4017,0.1613,19.1,1312.4,0.6291,803.0,0.4392,0.5,54.79,0.0816,5.11,9.5,2.0,19.017055936446226,8.79,14.77,22.1,1498.9,7.58,0.516
1,-0.4,-8.6,8.2,1.25,140.6,151.7,3.0,19.0,0.1609,0.0259,-0.4,271.5,0.6266,801.0,0.2624,0.5,458.52,0.0232,5.6,11.5,3.0,14.889195516689941,9.64,11.07,11.8,795.0,7.97,0.426
3,5.9,-3.9,9.9,1.19,478.9,487.5,1.0,47.0,0.3916,0.1534,14.0,2250.3,0.6726,838.0,0.3834,0.5,226.67,0.0087,5.14,10.0,3.0,17.35961692099369,8.84,12.96,18.4,795.0,7.13,0.371
1,-2.3,-13.5,11.2,0.3,271.1,272.5,1.7,53.0,0.4383,0.1921,-6.0,1425.8,0.4199,636.0,0.5283,0.5,541.55,0.64,4.5,13.3,2.0,13.432553489078266,7.74,10.41,18.6,795.0,8.85,0.498
11,7.4,-4.6,12.0,1.62,327.3,321.2,0.8,34.0,0.2856,0.0816,12.7,1121.9,0.6577,826.0,0.3849,0.5,183.95,0.2666,5.8,8.0,3.0,15.10912595824081,9.98,11.26,16.8,795.0,6.53,0.445
11,7.7,-0.5,8.3,1.87,310.5,305.7,0.4,37.0,0.3061,0.0937,14.2,1140.7,0.8088,947.0,0.4184,0.5,176.23,0.5914,4.33,9.1,2.0,9.85633681600968,7.45,8.04,12.9,795.0,5.98,0.362
4,15.2,6.5,8.7,1.14,468.5,472.3,1.6,20.0,0.3353,0.1125,15.0,920.4,0.7997,940.0,0.3285,0.5,33.17,0.0014,5.12,8.2,1.0,13.242675045485397,8.81,11.17,17.5,1931.8,7.81,0.485
1,-2.8,-11.8,9.1,0.68,225.6,222.8,3.6,63.0,0.5271,0.2778,-8.7,1426.9,0.6796,844.0,0.4862,0.5,564.22,0.176,4.9,12.3,1.0,12.846063035049626,8.43,10.78,15.3,795.0,8.02,0.432
1,-0.8,-13.3,12.5,0.83,213.0,202.6,1.7,17.0,0.1379,0.019,-0.7,352.3,0.7369,889.0,0.2596,0.5,476.41,0.0742,3.28,9.0,3.0,15.998135804143953,5.64,11.99,17.4,795.0,6.65,0.253
12,2.5,-11.1,13.6,1.21,182.1,175.9,1.6,35.0,0.288,0.083,4.4,629.5,0.6526,822.0,0.4763,0.5,341.06,0.0131,3.07,11.2,3.0,20.791947588446874,5.28,15.52,16.9,795.0,6.15,0.409
1,-1.3,-14.1,12.8,0.91,375.6,361.9,2.7,22.0,0.1848,0.0342,-1.4,833.2,0.6313,805.0,0.3216,0.5,495.63,0.0379,4.36,13.0,2.0,10.719624862182792,7.5,8.54,19.9,795.0,7.15,0.37
3,2.6,-7.8,10.4,1.19,394.3,390.3,3.4,25.0,0.2088,0.0436,3.3,988.0,0.4227,638.0,0.3566,0.5,338.46,0.0083,4.6,10.0,4.0,17.26137303039341,7.91,12.08,17.6,795.0,8.3,0.47
11,8.0,-4.5,12.5,0.3,296.0,305.4,1.9,44.0,0.3702,0.1371,17.8,1314.8,0.3036,543.0,0.4608,0.5,168.23,0.64,4.3,9.5,2.0,13.314246252749605,7.4,10.23,20.0,795.0,8.51,0.301
3,6.7,-4.0,10.7,1.5,430.1,431.5,3.6,28.0,0.2332,0.0544,9.4,1203.7,0.4887,691.0,0.3982,0.5,204.09,0.1621,5.42,19.0,1.0,10.909848139498365,9.33,9.17,17.5,795.0,8.46,0.429
1,1.4,-6.6,8.0,0.55,289.6,292.9,1.6,16.0,0.1363,0.0186,1.2,473.8,0.7001,860.0,0.2777,0.5,383.7,0.299,6.7,6.5,3.0,13.878295613783205,11.53,10.37,15.7,795.0,5.49,0.403
12,2.7,-6.5,9.2,0.48,355.4,347.8,2.3,18.0,0.1511,0.0228,2.4,644.6,0.7435,895.0,0.1964,0.5,335.39,0.388,3.3,10.0,2.0,15.477829709823041,5.68,12.2,17.8,795.0,6.03,0.368
12,0.3,-11.4,11.7,0.74,243.0,239.5,2.1,12.0,0.0997,0.0099,0.2,290.8,0.7084,867.0,0.2945,0.5,426.56,0.1285,3.5,13.5,2.0,12.261793332187924,6.02,9.76,17.5,795.0,8.65,0.419
1,4.9,-5.2,10.1,0.8,315.8,314.2,0.1,53.0,0.4394,0.193,13.0,1664.8,0.543,734.0,0.5269,0.5,258.74,0.0917,4.4,11.5,1.0,17.919054223373273,7.57,14.47,17.2,795.0,8.54,0.397
12,1.5,-11.3,12.8,1.48,293.9,302.5,0.7,45.0,0.3781,0.143,3.5,1333.5,0.631,805.0,0.503,0.5,378.97,0.1413,5.28,11.7,1.0,19.641298670488666,9.09,15.84,17.3,795.0,7.11,0.422
11,13.8,0.7,13.1,1.18,281.5,296.0,0.4,46.0,0.6825,0.4659,32.0,1303.1,0.5898,772.0,0.6081,0.5,51.15,0.007,3.1,10.0,2.0,15.996044213917962,5.33,12.47,18.1,1219.9,9.43,0.429
3,6.4,-4.6,11.0,1.25,315.4,311.3,1.4,41.0,0.3449,0.119,13.2,1305.2,0.4323,646.0,0.445,0.5,213.29,0.0239,6.1,15.0,4.0,8.160046203948585,10.5,5.27,16.7,795.0,7.57,0.445
3,11.3,3.2,8.2,0.8,388.3,385.8,1.6,61.0,0.6467,0.4182,34.7,2375.1,0.5983,779.0,0.597,0.5,93.25,0.09,4.84,12.0,4.0,12.843748415643937,8.33,8.91,16.7,1393.8,9.5,0.448
11,5.7,-2.8,8.5,0.57,287.6,274.6,2.5,16.0,0.1314,0.0173,4.5,453.5,0.7555,904.0,0.2565,0.5,233.71,0.2774,4.3,10.5,1.0,15.310443997883922,7.4,12.69,16.0,795.0,6.54,0.408
4,15.4,4.9,10.5,1.71,534.0,538.0,3.1,12.0,0.2089,0.0437,9.3,641.7,0.7423,894.0,0.3969,0.5,31.02,0.3746,5.6,12.5,1.0,17.75456337508114,9.64,14.51,18.5,1766.2,7.53,0.329
2,2.7,-10.8,13.5,1.2,341.2,338.8,1.6,30.0,0.25,0.0625,4.0,1023.4,0.5636,751.0,0.4051,0.5,335.13,0.0094,5.0,9.0,4.0,5.305069511848018,8.6,3.23,19.2,795.0,8.02,0.365
11,3.4,-6.4,9.8,0.47,312.2,330.0,0.9,19.0,0.1553,0.0241,3.1,582.0,0.7131,870.0,0.3745,0.5,311.06,0.3981,5.07,12.7,1.0,10.870801324170904,8.72,9.32,17.7,795.0,6.94,0.381
12,2.2,-8.1,10.3,1.12,281.3,273.1,0.5,43.0,0.3613,0.1306,4.7,1219.8,0.6741,839.0,0.4578,0.5,354.7,0.0004,3.6,13.0,2.0,9.803338648760526,6.19,7.89,16.0,795.0,8.66,0.459
1,-3.4,-17.4,13.9,1.38,379.0,394.7,2.6,45.0,0.3745,0.1402,-7.7,1703.1,0.4456,656.0,0.644,0.5,597.2,0.0798,6.2,14.7,1.0,14.827412215518436,10.67,12.08,19.7,795.0,7.96,0.409
4,14.4,4.3,10.1,0.86,548.2,553.6,1.5,46.0,0.7178,0.5152,33.0,2507.0,0.2406,492.0,0.6537,0.5,43.33,0.0599,5.56,12.0,3.0,14.872091152037587,9.57,10.75,20.5,3131.5,10.7,0.567
3,4.8,-5.4,10.2,0.3,428.2,432.0,2.4,43.0,0.3592,0.1291,10.3,1845.9,0.6336,807.0,0.5301,0.5,262.67,0.64,4.3,11.5,2.0,11.039754810812575,7.4,8.79,20.1,795.0,9.07,0.528
12,4.3,-8.3,12.5,1.21,376.0,369.4,2.4,39.0,0.3278,0.1075,8.4,1479.3,0.5147,712.0,0.4432,0.5,279.99,0.0122,3.9,10.0,4.0,15.308080625237544,6.71,10.69,19.0,795.0,7.8,0.381
2,2.8,-9.2,12.0,1.09,333.4,305.4,1.7,46.0,0.3854,0.1485,6.5,1541.8,0.9215,1037.0,0.4268,0.5,330.84,0.0001,4.16,14.0,3.0,19.205701875569876,7.16,14.54,18.2,795.0,8.25,0.459
3,2.9,-6.6,9.5,1.31,437.8,454.6,1.7,11.0,0.0942,0.0089,1.6,494.9,0.4232,639.0,0.2043,0.5,329.12,0.0457,5.6,12.5,2.0,12.494067413944785,9.64,9.71,17.1,795.0,5.69,0.402
11,7.9,-2.8,10.7,1.79,211.5,201.1,3.3,27.0,0.2221,0.0493,10.5,563.8,0.7419,894.0,0.3623,0.5,171.8,0.4825,4.77,17.6,3.0,13.96037057883098,8.21,10.46,13.6,795.0,7.27,0.45
1,2.1,-8.4,10.5,0.3,154.9,154.5,2.2,40.0,0.3371,0.1136,4.3,626.6,0.4572,666.0,0.4982,0.5,355.88,0.64,5.5,16.5,3.0,17.009234471335777,9.46,12.52,16.3,795.0,7.2,0.373
11,4.9,-8.1,13.0,1.09,326.8,323.6,0.6,46.0,0.3871,0.1498,11.3,1518.2,0.5995,780.0,0.442,0.5,260.22,0.0001,6.0,12.0,3.0,15.089540481126702,10.32,11.2,18.9,795.0,6.63,0.388
3,10.0,1.7,8.3,0.82,453.1,453.2,1.3,30.0,0.2508,0.0629,15.0,1361.4,0.6776,842.0,0.312,0.5,120.79,0.0787,4.4,15.0,2.0,15.967685015680074,7.57,12.52,17.7,795.0,6.36,0.387
12,1.7,-12.1,13.7,0.3,288.2,285.9,0.4,61.0,0.5103,0.2604,5.1,1764.5,0.5181,714.0,0.5258,0.5,374.42,0.64,5.45,10.0,2.0,14.183758620281152,9.38,11.05,20.8,795.0,9.35,0.366
12,3.9,-6.9,10.9,0.41,253.8,258.6,1.3,28.0,0.2351,0.0553,5.6,716.1,0.664,831.0,0.3252,0.5,291.09,0.479,3.8,7.5,3.0,17.97994262411239,6.54,13.42,17.8,795.0,7.76,0.374
11,12.8,1.9,10.9,0.85,274.4,271.0,2.2,23.0,0.3013,0.0908,14.9,638.5,0.5916,773.0,0.4276,0.5,67.75,0.061,3.31,7.2,3.0,8.069161992382995,5.7,5.93,17.0,795.0,6.46,0.51
3,7.7,-4.0,11.7,1.34,488.9,476.4,1.8,24.0,0.2033,0.0413,9.4,1192.6,0.4821,686.0,0.2989,0.5,177.19,0.0554,4.2,13.0,1.0,11.06042692901195,7.23,9.28,19.6,795.0,7.25,0.393
1,-1.4,-10.7,9.2,1.06,243.9,260.8,1.0,28.0,0.2363,0.0558,-2.0,691.7,0.8054,944.0,0.338,0.5,503.82,0.0013,3.86,8.0,2.0,16.111405394922254,6.64,12.73,14.7,795.0,7.98,0.478
4,15.7,3.5,12.2,1.95,469.8,467.3,0.6,49.0,0.878,0.771,38.6,2311.0,0.7639,911.0,0.7079,0.5,27.99,0.7294,5.86,5.5,3.0,12.179546763303456,10.08,9.15,18.2,2598.8,10.69,0.496
3,8.0,-0.0,8.0,1.45,446.4,440.9,2.4,62.0,0.5189,0.2693,24.9,2779.8,0.6427,814.0,0.4295,0.5,168.65,0.1199,4.34,14.0,2.0,13.041789107949102,7.47,10.3,15.8,795.0,8.78,0.537
3,8.1,-1.7,9.8,0.3,459.6,483.7,1.3,33.0,0.2748,0.0755,13.3,1515.6,0.5652,752.0,0.4531,0.5,167.58,0.64,5.1,10.5,2.0,15.098362811645712,8.78,11.78,20.2,795.0,7.58,0.428
11,6.9,-6.1,13.0,1.67,329.6,329.6,3.4,46.0,0.384,0.1475,15.9,1518.8,0.9209,1037.0,0.537,0.5,198.96,0.3279,6.35,13.0,3.0,11.525033265529832,10.93,8.78,17.4,795.0,9.33,0.419
3,9.3,-2.1,11.4,0.58,362.4,360.2,2.3,15.0,0.1227,0.0151,6.8,533.5,0.7914,933.0,0.3567,0.5,137.56,0.2736,4.2,9.5,2.0,8.827467605890579,7.23,7.25,19.4,795.0,7.23,0.379
2,1.7,-9.2,10.9,1.79,400.2,378.5,0.4,36.0,0.2974,0.0885,3.0,1428.5,0.4855,688.0,0.4499,0.5,372.9,0.4735,3.2,11.0,1.0,10.91940027598126,5.51,9.18,16.6,795.0,6.6,0.367
2,3.0,-9.1,12.1,1.33,390.8,390.0,3.1,63.0,0.5215,0.272,9.2,2445.6,0.6869,850.0,0.4926,0.5,325.62,0.0514,5.9,10.0,2.0,12.746448502040476,10.15,10.11,18.5,795.0,9.67,0.459
12,2.5,-6.5,8.9,0.99,173.7,195.4,1.4,36.0,0.3005,0.0903,4.5,626.2,0.5318,725.0,0.2925,0.5,343.1,0.0126,3.86,8.0,3.0,17.120781919069014,6.64,12.67,13.6,795.0,6.63,0.353
3,8.4,-4.3,12.7,1.22,302.7,308.3,0.2,14.0,0.1132,0.0128,5.7,411.3,0.8487,979.0,0.2072,0.5,159.3,0.0133,4.46,10.0,2.0,13.17861045070891,7.67,10.56,17.9,795.0,6.62,0.387
4,14.5,1.9,12.6,1.53,577.6,565.4,4.0,28.0,0.4415,0.1949,20.2,1610.1,0.537,730.0,0.529,0.5,42.23,0.1887,5.38,18.0,1.0,12.87788120374408,9.26,10.69,21.2,1407.6,10.31,0.517
12,4.1,-4.4,8.5,0.89,313.1,298.9,3.9,53.0,0.4392,0.1929,10.9,1649.9,0.6807,845.0,0.5189,0.5,284.22,0.0447,5.1,10.8,2.0,15.237003539040602,8.78,11.97,15.6,795.0,9.96,0.498
4,13.8,2.6,11.2,0.78,492.0,501.5,1.8,55.0,0.8041,0.6466,37.8,2683.3,0.6994,859.0,0.7081,0.5,51.18,0.1024,3.7,9.0,2.0,18.88424050498695,6.37,14.72,20.7,2270.4,10.01,0.52
4,12.8,2.5,10.3,0.78,501.9,516.1,2.1,25.0,0.3271,0.107,16.1,1271.0,0.6388,811.0,0.4578,0.5,68.06,0.1004,4.63,12.0,3.0,9.301064747638472,7.97,6.89,20.1,844.7,8.71,0.322
4,12.9,2.9,10.0,1.35,506.0,512.1,0.1,22.0,0.2844,0.0809,14.0,1097.6,0.4831,686.0,0.2269,0.5,66.17,0.0648,6.2,10.0,1.0,15.100654492950062,10.67,12.31,18.5,795.0,8.53,0.382
4,15.8,6.6,9.2,0.92,479.8,474.2,1.2,41.0,0.7304,0.5335,32.1,1946.0,0.6556,824.0,0.6163,0.5,26.98,0.0307,4.8,11.8,1.0,16.268119299584413,8.26,13.33,18.5,1643.8,9.91,0.369
2,1.2,-8.6,9.8,1.62,457.9,468.3,0.8,12.0,0.0966,0.0093,0.7,531.0,0.7592,907.0,0.3001,0.5,390.95,0.2692,5.34,8.5,2.0,22.522878040711433,9.19,17.5,17.0,795.0,7.03,0.296
11,10.9,-0.7,11.6,0.75,311.4,322.2,2.2,11.0,0.113,0.0128,6.3,357.5,0.4885,691.0,0.2692,0.5,101.9,0.124,4.3,13.2,2.0,11.072175036850833,7.4,8.69,18.4,795.0,7.0,0.367
1,0.6,-8.2,8.8,1.02,270.3,274.5,3.9,13.0,0.1057,0.0112,0.4,342.9,0.8257,961.0,0.2035,0.5,416.01,0.0064,5.0,13.0,4.0,15.848010132242477,8.6,11.35,14.8,795.0,7.37,0.439
4,13.7,0.5,13.2,0.99,505.4,499.8,2.9,17.0,0.243,0.0591,11.5,846.0,0.3287,563.0,0.427,0.5,53.12,0.0116,6.5,16.0,2.0,8.967783430451098,11.18,6.99,22.0,1036.4,8.65,0.429
3,6.5,-5.5,12.0,0.58,476.4,453.3,0.7,59.0,0.4896,0.2397,19.1,2798.9,0.4929,694.0,0.4313,0.5,210.66,0.2727,3.7,11.0,1.0,22.399297164159883,6.37,17.79,21.6,795.0,7.92,0.502
3,4.6,-7.2,11.9,1.12,533.6,510.2,0.8,60.0,0.504,0.2541,14.0,3227.3,0.7366,889.0,0.644,0.5,267.77,0.0003,4.91,16.4,2.0,12.555162372902792,8.45,10.01,21.0,795.0,7.55,0.515
1,2.0,-9.7,11.8,1.12,309.2,301.3,1.3,59.0,0.4947,0.2448,6.0,1835.8,0.5538,743.0,0.5,0.5,360.27,0.0004,4.93,13.0,3.0,12.771088178655818,8.48,9.42,17.5,795.0,7.87,0.505
1,-3.0,-15.5,12.5,1.33,219.9,221.5,2.6,35.0,0.2955,0.0873,-5.3,779.8,0.5251,720.0,0.3844,0.5,575.31,0.0515,5.05,13.9,2.0,15.041186135537282,8.69,11.7,16.3,795.0,7.88,0.363
11,4.6,-4.6,9.3,1.69,292.8,286.3,2.7,15.0,0.1209,0.0146,3.4,424.8,0.88,1004.0,0.2111,0.5,267.57,0.3449,4.57,11.0,2.0,20.655481228059756,7.86,16.2,13.9,795.0,6.53,0.356
1,-1.0,-13.0,12.0,1.3,345.9,350.6,1.1,29.0,0.2417,0.0584,-1.5,1003.4,0.6092,787.0,0.3169,0.5,484.08,0.0404,4.8,16.0,1.0,13.761611456162932,8.26,11.41,17.8,795.0,7.76,0.452
4,16.2,6.1,10.1,1.49,516.9,504.4,0.3,22.0,0.4177,0.1745,18.1,1151.4,0.6619,829.0,0.5247,0.5,22.56,0.1488,6.2,7.6,2.0,10.451521020573562,10.67,8.37,18.4,1354.2,7.1,0.425
3,6.3,-4.8,11.1,1.12,460.8,463.1,0.8,21.0,0.1747,0.0305,6.6,965.9,0.731,885.0,0.2778,0.5,216.79,0.0003,5.3,11.5,2.0,16.76128069135592,9.12,13.16,19.3,795.0,6.42,0.363
1,2.2,-11.1,13.3,0.41,201.9,215.5,3.9,13.0,0.1115,0.0124,1.5,270.3,0.4611,669.0,0.386,0.5,353.79,0.4794,3.7,17.0,1.0,10.950474391289665,6.37,9.18,18.9,795.0,6.56,0.41
1,2.5,-5.6,8.1,1.04,140.2,157.3,0.9,47.0,0.3901,0.1522,5.8,656.2,0.4632,671.0,0.4727,0.5,342.57,0.0031,4.8,13.2,2.0,14.175648556527351,8.26,11.0,12.2,795.0,7.88,0.382
4,11.4,-2.0,13.4,1.25,455.3,464.6,0.5,56.0,0.5937,0.3525,31.8,2544.4,0.631,805.0,0.5467,0.5,92.65,0.022,5.2,11.0,3.0,19.045142620400924,8.95,14.19,20.7,795.0,8.48,0.399
12,1.6,-10.5,12.1,0.96,363.5,375.0,3.1,12.0,0.0975,0.0095,0.9,425.1,0.6175,794.0,0.3105,0.5,376.06,0.0201,9.92,12.1,3.0,15.65372610643448,17.07,11.63,19.1,795.0,7.43,0.479
2,0.2,-10.5,10.7,1.27,318.9,333.4,1.6,47.0,0.3902,0.1523,0.4,1493.5,0.4741,679.0,0.4602,0.5,433.63,0.0278,5.02,9.0,2.0,16.74447107619475,8.64,12.94,16.5,795.0,7.86,0.582
1,-1.5,-12.8,11.2,1.4,357.9,351.5,3.0,31.0,0.2565,0.0658,-2.3,1101.4,0.5187,715.0,0.457,0.5,507.34,0.093,4.3,9.0,4.0,9.112414047212244,7.4,6.05,17.2,795.0,7.73,0.339
1,0.7,-11.8,12.5,1.13,220.7,205.7,2.0,60.0,0.5011,0.2511,2.0,1327.2,0.8183,955.0,0.4763,0.5,413.3,0.0011,5.8,11.0,2.0,17.128155336017286,9.98,13.5,16.8,795.0,8.22,0.506
1,0.2,-12.7,12.9,0.3,225.3,235.9,3.1,43.0,0.3552,0.1262,0.4,960.3,0.4971,698.0,0.3944,0.5,433.39,0.64,4.7,14.8,4.0,19.256153635195695,8.09,13.64,19.2,795.0,8.03,0.422
1,-1.0,-10.2,9.2,1.32,349.2,343.4,3.7,36.0,0.2968,0.0881,-1.7,1243.6,0.5614,749.0,0.4653,0.5,482.02,0.0469,5.58,10.0,3.0,12.58217217399268,9.6,9.29,15.6,795.0,8.05,0.418
4,12.8,3.2,9.6,1.05,482.6,464.2,2.4,33.0,0.4372,0.1912,21.5,1615.9,0.5577,746.0,0.3916,0.5,66.67,0.0028,3.5,14.6,1.0,8.573027600379344,6.02,7.48,18.6,795.0,8.48,0.431
3,11.5,1.2,10.3,0.94,523.8,524.2,0.7,17.0,0.1824,0.0333,9.7,883.2,0.7974,938.0,0.3758,0.5,90.46,0.0248,10.99,12.0,4.0,15.47680769013951,18.91,11.05,20.0,795.0,6.42,0.341
11,4.6,-3.4,8.1,0.76,422.8,429.1,1.8,49.0,0.411,0.1689,11.4,2085.2,0.6423,814.0,0.5564,0.5,267.66,0.1154,4.2,10.0,1.0,16.849569160376337,7.23,13.75,17.2,795.0,8.89,0.382
2,0.6,-7.7,8.3,1.35,394.4,384.3,1.0,16.0,0.1355,0.0184,0.5,641.5,0.5118,709.0,0.3298,0.5,416.11,0.0619,6.21,8.5,4.0,19.27933273794056,10.69,13.67,15.5,795.0,7.39,0.478
4,18.3,4.9,13.4,0.68,490.6,486.7,1.3,31.0,0.685,0.4692,28.3,1520.5,0.5266,721.0,0.5602,0.5,7.5,0.1748,5.86,13.0,1.0,16.73529507280518,10.08,13.57,22.7,2525.0,10.49,0.472
1,0.7,-7.7,8.4,1.49,258.1,263.5,3.6,64.0,0.5327,0.2838,2.2,1650.0,0.9499,1060.0,0.6074,0.5,412.0,0.1526,4.77,15.0,3.0,18.156509332494622,8.21,13.78,13.2,795.0,8.76,0.472
1,2.2,-7.7,10.0,0.51,309.5,306.5,3.8,45.0,0.3767,0.1419,5.0,1399.1,0.695,856.0,0.4851,0.5,352.4,0.3511,6.2,11.6,2.0,12.94358921910931,10.67,10.26,17.6,795.0,9.02,0.323
2,1.2,-9.0,10.2,0.61,320.1,319.1,2.0,24.0,0.2038,0.0415,1.5,782.8,0.5298,724.0,0.3756,0.5,390.96,0.238,5.47,12.5,3.0,15.075532644374325,9.41,11.13,17.7,795.0,6.98,0.401
12,1.0,-12.3,13.3,1.61,241.2,225.1,2.0,56.0,0.4632,0.2146,2.7,1340.7,0.6881,850.0,0.4424,0.5,401.84,0.2639,5.9,14.6,3.0,14.047819361351745,10.15,10.49,16.5,795.0,9.38,0.502
2,-0.1,-10.2,10.1,1.22,412.5,406.8,0.0,37.0,0.3056,0.0934,-0.2,1512.7,0.439,651.0,0.513,0.5,444.98,0.0152,5.8,13.0,4.0,9.455285666996044,9.98,6.24,17.5,795.0,6.11,0.498
11,6.6,-1.4,8.1,1.71,272.7,269.8,2.9,25.0,0.2082,0.0433,8.3,681.4,0.7488,899.0,0.2801,0.5,205.97,0.3666,5.26,10.0,3.0,11.625969844309042,9.05,8.72,12.6,795.0,6.98,0.488
4,11.0,0.3,10.7,1.07,514.9,508.6,0.1,63.0,0.6249,0.3905,34.5,3239.5,0.7351,888.0,0.7429,0.5,100.82,0.001,4.2,13.0,2.0,11.407823822145263,7.23,9.14,19.9,1298.9,8.4,0.593
4,15.3,6.1,9.2,0.94,588.1,599.1,3.2,39.0,0.6719,0.4514,30.0,2306.6,0.8493,979.0,0.5961,0.5,32.75,0.0244,5.5,13.0,1.0,13.958108352139366,9.46,11.75,20.1,1735.6,10.21,0.462
2,-1.0,-11.7,10.6,1.3,402.3,410.6,2.6,58.0,0.4827,0.233,-3.0,2330.2,0.7438,895.0,0.5564,0.5,485.55,0.0401,4.1,12.0,2.0,15.721590645692245,7.05,12.39,17.6,795.0,8.88,0.429
2,0.7,-11.5,12.2,0.71,350.5,363.2,0.7,60.0,0.4972,0.2473,2.0,2091.6,0.6345,808.0,0.452,0.5,413.36,0.15,3.24,12.0,3.0,10.226712781568466,5.57,7.58,19.5,795.0,7.61,0.422
2,2.4,-5.6,8.0,0.7,250.3,268.3,1.1,44.0,0.3679,0.1354,5.4,1105.2,0.5,700.0,0.4118,0.5,344.18,0.158,5.28,9.2,3.0,18.90630871021662,9.09,13.98,14.7,795.0,8.9,0.328
12,-2.6,-11.3,8.7,1.11,323.1,319.5,0.6,13.0,0.1108,0.0123,-1.7,429.7,0.6419,814.0,0.343,0.5,558.19,0.0001,5.9,10.5,4.0,14.036781335371835,10.15,9.84,15.3,795.0,6.41,0.435
1,3.1,-9.8,12.9,1.01,336.6,322.5,2.8,24.0,0.2025,0.041,3.7,817.7,0.5163,713.0,0.2611,0.5,321.23,0.0076,4.47,11.5,2.0,9.696761339375515,7.69,7.69,19.2,795.0,7.96,0.38
3,7.1,-6.2,13.3,1.47,393.1,384.4,1.7,43.0,0.3608,0.1302,15.3,1701.8,0.8651,992.0,0.4168,0.5,193.73,0.1347,5.6,13.8,2.0,17.29185080265964,9.64,13.66,19.2,795.0,6.72,0.572
11,11.9,1.1,10.8,0.4,468.1,463.0,2.4,11.0,0.1266,0.016,6.5,512.9,0.8012,941.0,0.3617,0.5,82.22,0.4855,5.19,12.0,1.0,9.494596680876265,8.93,8.36,21.0,795.0,7.65,0.375
3,4.9,-5.4,10.3,1.21,353.4,367.0,1.6,13.0,0.1098,0.0121,3.2,465.8,0.9114,1029.0,0.3403,0.5,258.95,0.0116,4.3,13.0,2.0,17.281579844317527,7.4,13.69,16.8,795.0,5.58,0.319
1,-2.5,-15.0,12.5,0.91,182.9,178.6,3.8,39.0,0.3273,0.1071,-4.9,718.2,0.7668,913.0,0.3762,0.5,550.96,0.0362,5.22,10.1,4.0,18.3789239857879,8.98,13.2,16.8,795.0,9.25,0.383
11,6.6,-6.2,12.8,1.31,404.4,417.5,1.5,33.0,0.2762,0.0763,11.0,1340.3,0.775,920.0,0.5233,0.5,206.98,0.0447,4.6,13.8,1.0,13.512398217970716,7.91,11.35,19.3,795.0,9.64,0.33
2,3.2,-9.2,12.4,0.3,396.2,394.2,0.2,18.0,0.1465,0.0215,2.8,696.6,0.5995,780.0,0.3337,0.5,316.67,0.64,4.9,14.0,2.0,14.289084155543375,8.43,11.2,21.4,795.0,5.45,0.305
12,0.0,-11.9,11.9,1.88,192.0,195.1,2.9,26.0,0.2127,0.0452,0.0,490.1,0.7003,860.0,0.3808,0.5,439.75,0.6073,4.4,5.5,2.0,12.66233219672193,7.57,10.06,14.0,795.0,8.94,0.471
4,15.9,6.2,9.6,0.4,568.5,572.7,3.2,64.0,1.0,1.0,50.4,3611.3,0.733,886.0,0.762,0.5,26.46,0.4843,7.11,13.1,2.0,11.830158674231777,12.23,9.46,21.5,3237.4,11.96,0.517
12,1.7,-8.6,10.3,0.73,324.6,338.6,0.1,16.0,0.132,0.0174,1.4,514.4,0.9335,1047.0,0.3619,0.5,371.44,0.1378,5.31,13.5,2.0,15.532907488644783,9.14,12.4,17.6,795.0,5.66,0.389
12,-1.3,-13.9,12.6,1.5,213.8,223.2,3.0,44.0,0.3626,0.1315,-2.7,930.3,0.613,790.0,0.5197,0.5,495.09,0.1592,4.1,12.5,1.0,11.324739437556742,7.05,9.58,15.9,795.0,8.31,0.433
4,11.9,-1.9,13.8,1.23,569.1,564.3,0.5,25.0,0.2853,0.0814,14.8,1413.1,0.8125,950.0,0.4971,0.5,82.94,0.0161,5.1,13.0,3.0,8.362801748627298,8.78,6.32,22.8,795.0,6.9,0.422
11,8.2,-3.7,11.9,1.07,375.2,369.4,1.3,63.0,0.5209,0.2714,25.7,2345.1,0.4779,682.0,0.5039,0.5,163.64,0.0008,3.7,12.0,2.0,12.049417116905948,6.37,9.42,18.8,795.0,8.34,0.38
11,5.3,-3.6,8.9,0.93,216.4,197.1,0.6,56.0,0.467,0.2181,14.9,1212.8,0.6211,797.0,0.4567,0.5,246.51,0.0275,4.3,13.0,4.0,11.653531097250667,7.4,8.04,14.3,795.0,7.62,0.468
12,6.1,-2.2,8.3,1.24,272.7,281.5,3.0,21.0,0.1714,0.0294,6.3,560.9,0.8202,956.0,0.3835,0.5,220.92,0.0182,5.4,10.5,2.0,12.74201298478595,9.29,10.21,14.0,795.0,7.22,0.311
2,2.9,-9.5,12.4,1.03,282.1,285.5,0.8,25.0,0.212,0.0449,3.7,717.7,0.3345,568.0,0.4945,0.5,327.16,0.0048,5.12,9.0,3.0,10.297785202325407,8.81,7.39,17.9,795.0,7.18,0.287
3,7.4,-6.3,13.7,0.39,432.5,436.2,3.2,42.0,0.3462,0.1199,15.3,1796.8,0.8986,1019.0,0.4342,0.5,185.66,0.504,5.36,9.0,4.0,16.9774511398672,9.22,12.25,22.7,795.0,9.86,0.468
2,-0.9,-14.0,13.1,0.33,369.3,355.6,2.1,59.0,0.4935,0.2436,-2.6,2187.1,0.6538,823.0,0.4959,0.5,479.01,0.597,5.5,16.5,2.0,16.385584116572883,9.46,12.81,21.5,795.0,8.28,0.42
1,0.8,-9.6,10.4,0.87,363.8,373.7,0.5,44.0,0.3659,0.1339,1.8,1597.5,0.7542,903.0,0.5888,0.5,407.83,0.0529,3.9,13.5,1.0,18.022299599217664,6.71,14.72,17.9,795.0,7.94,0.48
1,-0.5,-12.3,11.8,1.23,291.4,292.2,3.0,45.0,0.3752,0.1407,-1.1,1312.0,0.8804,1004.0,0.4499,0.5,461.57,0.0158,4.0,9.0,2.0,14.365921006770366,6.88,11.48,17.0,795.0,7.68,0.421
1,-1.7,-14.6,12.9,1.0,316.5,315.2,1.1,50.0,0.4162,0.1732,-4.3,1580.4,0.4253,640.0,0.5215,0.5,515.58,0.0099,3.8,10.6,2.0,14.100098736372288,6.54,10.92,18.9,795.0,9.17,0.471
4,14.1,1.7,12.4,1.38,452.6,427.5,2.8,47.0,0.7118,0.5067,33.1,2133.6,0.7061,865.0,0.6205,0.5,48.16,0.0764,5.03,11.2,4.0,17.190203592632066,8.65,12.26,19.5,1762.5,9.87,0.394
11,8.3,-1.8,10.1,1.08,179.6,177.9,2.3,62.0,0.513,0.2632,25.6,1105.5,0.4865,689.0,0.6333,0.5,161.14,0.0002,4.0,11.0,3.0,12.190005760831786,6.88,8.93,14.3,795.0,10.12,0.491
4,12.2,3.2,9.0,1.11,481.5,473.0,3.0,41.0,0.4948,0.2448,25.1,1974.2,0.5916,773.0,0.5153,0.5,76.73,0.0001,4.04,7.8,2.0,17.11459824200754,6.95,13.31,17.9,795.0,9.02,0.399
2,4.3,-7.6,12.0,1.56,370.8,396.9,1.9,29.0,0.2391,0.0572,6.2,1064.1,0.9097,1028.0,0.4615,0.5,278.13,0.2077,4.1,13.0,4.0,12.666661670415014,7.05,9.03,17.5,795.0,6.72,0.424
1,-2.8,-13.8,11.0,1.48,273.8,287.7,3.4,29.0,0.2401,0.0576,-4.1,788.9,0.8476,978.0,0.4993,0.5,567.31,0.1425,5.5,12.0,1.0,22.888672525647223,9.46,18.44,15.5,795.0,7.94,0.484
2,-1.3,-12.9,11.6,1.08,355.9,349.5,3.7,39.0,0.3289,0.1082,-2.6,1404.6,0.6966,857.0,0.3956,0.5,498.45,0.0004,4.7,9.0,1.0,7.4554754034612625,8.09,6.75,18.2,795.0,8.81,0.418
11,7.8,-3.3,11.1,2.03,272.2,271.9,3.7,33.0,0.2733,0.0747,12.8,892.5,0.6031,782.0,0.3707,0.5,174.47,0.8736,4.24,11.5,3.0,13.497379374482513,7.3,10.01,14.2,795.0,9.03,0.384
3,2.9,-10.2,13.1,0.37,393.9,396.1,3.4,54.0,0.4509,0.2033,7.8,2131.2,0.5308,725.0,0.4916,0.5,327.9,0.535,4.6,13.5,1.0,16.025511726076832,7.91,13.04,21.7,795.0,8.08,0.366
1,2.2,-11.5,13.8,1.41,263.7,266.1,0.2,20.0,0.1673,0.028,2.2,529.4,0.7086,867.0,0.3338,0.5,351.96,0.0946,5.0,9.5,3.0,7.190147882363422,8.6,5.36,17.7,795.0,7.56,0.408
2,2.7,-6.2,8.9,0.86,278.1,280.7,1.1,39.0,0.3247,0.1054,5.2,1083.6,0.5383,731.0,0.2884,0.5,335.12,0.056,3.2,14.3,2.0,16.17288207347543,5.51,12.56,15.4,795.0,6.43,0.406
12,-1.7,-13.7,12.0,0.65,240.9,252.6,0.6,58.0,0.4856,0.2358,-5.0,1403.6,0.529,723.0,0.4578,0.5,515.49,0.2012,5.0,13.0,1.0,17.781489920324454,8.6,14.36,17.9,795.0,8.68,0.447
2,0.1,-9.8,9.9,0.83,409.3,415.1,1.9,20.0,0.1683,0.0283,0.1,826.7,0.5968,777.0,0.3047,0.5,437.29,0.0717,4.1,11.5,3.0,9.429550077573875,7.05,6.95,18.3,795.0,7.2,0.314
12,2.9,-9.1,12.0,1.03,190.4,185.8,0.8,37.0,0.3112,0.0969,5.3,711.2,0.7344,888.0,0.361,0.5,328.89,0.005,4.14,8.0,1.0,12.155534532836697,7.12,10.3,16.2,795.0,5.96,0.438
12,-3.8,-17.3,13.5,0.84,309.0,319.8,1.0,54.0,0.4501,0.2026,-10.4,1669.0,0.6485,819.0,0.5235,0.5,616.96,0.0689,6.37,13.0,1.0,13.691125264669491,10.96,11.39,19.6,795.0,8.51,0.51
12,-0.9,-12.2,11.3,0.48,293.6,299.8,2.8,16.0,0.1331,0.0177,-0.7,469.1,0.6883,851.0,0.2804,0.5,481.19,0.3887,5.02,16.0,1.0,3.598097962914835,8.64,3.85,18.5,795.0,8.03,0.408
11,7.2,-6.8,14.0,1.74,299.4,296.6,2.8,32.0,0.2704,0.0731,11.6,971.5,0.457,666.0,0.4533,0.5,191.72,0.4152,5.3,11.0,2.0,15.598549164210464,9.12,12.06,17.6,795.0,7.64,0.383
1,4.1,-8.6,12.7,1.53,155.4,148.7,1.2,62.0,0.5197,0.2701,12.8,969.0,0.8041,943.0,0.6727,0.5,285.67,0.1886,4.34,15.2,3.0,15.17626776281748,7.47,11.43,15.0,795.0,8.35,0.524
3,8.6,0.4,8.2,0.98,422.8,422.9,3.1,17.0,0.1443,0.0208,7.4,732.3,0.8732,999.0,0.2713,0.5,154.12,0.0142,6.1,11.0,2.0,10.29561956941265,10.5,8.42,16.8,795.0,8.49,0.42
1,-0.4,-10.4,10.1,1.37,319.3,346.8,2.5,15.0,0.1284,0.0165,-0.3,491.8,0.5776,762.0,0.4189,0.5,457.13,0.0729,5.81,7.6,2.0,13.477507070190086,10.0,10.57,15.7,795.0,6.54,0.352
11,10.2,-2.8,13.1,0.3,216.0,206.9,2.0,44.0,0.3807,0.1449,22.3,940.0,0.7158,873.0,0.4782,0.5,115.59,0.6329,4.8,10.7,4.0,12.369309017187936,8.26,8.65,19.2,795.0,7.77,0.371
3,5.0,-7.3,12.3,1.5,389.6,387.6,3.2,13.0,0.1085,0.0118,3.2,507.3,0.7253,880.0,0.1592,0.5,256.83,0.1632,3.72,16.5,1.0,6.727938487591719,6.4,6.23,18.2,795.0,7.19,0.377
2,0.2,-11.4,11.6,1.22,356.7,357.3,3.8,29.0,0.2454,0.0602,0.3,1050.6,0.5584,747.0,0.4696,0.5,432.37,0.0134,4.5,11.5,2.0,13.252308345662232,7.74,10.39,17.9,795.0,7.43,0.511
1,-1.2,-14.6,13.4,1.27,394.3,378.2,2.7,64.0,0.5307,0.2817,-3.7,2511.1,0.9662,1073.0,0.5927,0.5,491.79,0.0282,3.5,13.0,3.0,13.32703347726013,6.02,10.17,19.8,795.0,8.93,0.427
3,5.1,-3.6,8.7,0.61,398.8,386.8,2.1,22.0,0.1806,0.0326,5.5,864.2,0.6186,795.0,0.3985,0.5,253.88,0.2449,4.1,11.2,2.0,12.419261039451966,7.05,9.81,17.7,795.0,6.66,0.395
12,3.2,-8.7,11.9,1.62,282.2,280.6,0.7,61.0,0.5073,0.2574,9.6,1718.4,0.513,710.0,0.5108,0.5,318.34,0.2703,4.1,11.0,3.0,11.678358588951296,7.05,8.57,16.0,795.0,8.18,0.441
1,-3.4,-12.4,9.0,1.21,276.5,264.1,0.2,10.0,0.0854,0.0073,-1.7,283.4,0.9552,1064.0,0.3303,0.5,593.46,0.0113,6.19,13.0,3.0,12.74849063965681,10.65,9.73,14.6,795.0,6.56,0.333
11,5.1,-8.2,13.3,0.89,250.5,240.5,0.3,27.0,0.2287,0.0523,7.0,687.4,0.5748,760.0,0.3677,0.5,253.19,0.046,6.2,14.0,2.0,12.281457756984896,10.67,9.67,18.5,795.0,7.42,0.323
4,10.6,-0.8,11.4,1.16,439.7,444.0,2.0,61.0,0.5647,0.3189,32.1,2667.4,0.8635,991.0,0.5452,0.5,108.49,0.0031,3.6,11.0,3.0,14.7082404154192,6.19,11.12,19.1,847.0,10.21,0.485
11,9.4,0.8,8.6,0.34,257.8,258.8,1.3,54.0,0.4489,0.2015,25.4,1388.6,1.0,1165.0,0.4675,0.5,133.67,0.5725,7.0,8.5,3.0,10.827500448014032,12.04,8.32,16.2,795.0,6.81,0.455
3,8.8,-4.6,13.4,1.71,443.2,450.3,2.3,41.0,0.3446,0.1188,18.2,1832.7,0.6025,782.0,0.4187,0.5,149.11,0.3733,5.2,10.5,2.0,18.27141854436198,8.95,14.19,19.4,795.0,7.77,0.444
3,7.0,-2.9,9.8,1.39,598.6,606.8,2.8,31.0,0.2606,0.0679,10.9,1871.8,0.9594,1068.0,0.3856,0.5,196.98,0.0869,5.79,13.5,2.0,12.124751639363563,9.96,9.86,19.6,795.0,6.51,0.314
12,3.9,-9.4,13.3,1.01,321.1,300.6,2.3,21.0,0.1714,0.0294,4.0,660.3,0.7755,920.0,0.372,0.5,291.48,0.0075,4.1,12.0,4.0,12.354747956904685,7.05,8.69,19.2,795.0,6.71,0.381
12,7.1,-5.7,12.7,0.3,370.8,365.7,3.4,32.0,0.2684,0.0721,11.4,1194.5,0.6378,810.0,0.4408,0.5,194.58,0.64,5.2,13.0,2.0,12.61817079184068,8.95,9.97,21.3,795.0,7.89,0.377
4,16.4,4.4,12.0,1.28,424.4,427.2,3.7,52.0,0.9919,0.9839,42.8,2212.3,0.8187,955.0,0.8574,0.5,21.0,0.033,4.1,11.0,3.0,13.539529763882697,7.05,10.21,19.1,4221.6,12.58,0.566
1,-0.8,-12.8,12.0,1.52,261.4,263.0,3.7,57.0,0.477,0.2275,-2.2,1496.4,0.6179,794.0,0.5796,0.5,473.32,0.178,5.31,10.5,1.0,14.123276378160119,9.14,11.69,16.1,795.0,9.33,0.311
4,11.2,-2.1,13.4,0.93,619.6,620.4,3.1,34.0,0.3559,0.1267,19.2,2122.4,0.5503,740.0,0.4497,0.5,95.37,0.028,4.2,13.0,4.0,16.89155426430635,7.23,11.91,24.0,795.0,8.51,0.422
11,6.5,-5.9,12.4,2.07,311.7,308.0,1.1,58.0,0.4807,0.2311,18.8,1797.9,0.7286,883.0,0.4679,0.5,209.46,0.9424,5.61,8.0,2.0,15.038207542676355,9.65,11.86,15.7,795.0,8.55,0.391
12,2.0,-7.4,9.4,1.11,198.5,201.7,3.2,56.0,0.4685,0.2195,5.5,1116.0,0.5052,704.0,0.5593,0.5,362.22,0.0001,4.45,11.0,4.0,15.187052632482281,7.66,10.59,14.0,795.0,9.41,0.505
11,7.0,-6.5,13.5,0.89,344.4,332.5,2.6,61.0,0.5082,0.2583,21.3,2100.4,0.4546,664.0,0.6458,0.5,196.29,0.0448,3.4,15.8,1.0,17.415163719968596,5.85,14.03,20.0,795.0,9.2,0.45
4,13.6,3.4,10.3,1.01,551.0,557.2,2.0,63.0,0.9114,0.8306,43.1,3483.3,0.7161,873.0,0.7464,0.5,54.02,0.0077,4.01,12.0,1.0,14.949305962667115,6.9,12.38,20.2,2162.7,10.85,0.577
1,-2.6,-12.9,10.3,1.1,314.9,321.2,2.4,61.0,0.5093,0.2594,-7.9,1924.8,0.615,792.0,0.5482,0.5,555.89,0.0,3.77,6.6,2.0,12.85996655353247,6.49,10.14,16.5,795.0,7.57,0.347
1,0.5,-11.7,12.2,1.04,192.6,164.6,1.7,45.0,0.3753,0.1409,1.1,867.2,0.4593,667.0,0.4196,0.5,421.09,0.0036,4.7,4.1,2.0,5.80505610191549,8.09,4.72,16.4,795.0,7.58,0.395
3,6.7,-6.0,12.6,0.3,493.0,500.6,3.5,40.0,0.3359,0.1128,13.4,1987.1,0.9315,1045.0,0.4594,0.5,205.62,0.64,4.93,10.3,1.0,12.211830048720572,8.48,10.5,23.0,795.0,8.21,0.548
4,10.0,0.1,10.0,1.33,447.0,446.5,1.5,19.0,0.1623,0.0263,9.7,865.2,0.9162,1033.0,0.3961,0.5,120.32,0.0522,4.9,10.8,2.0,19.074514648238036,8.43,15.04,17.7,795.0,6.8,0.256
1,-2.4,-15.6,13.2,1.61,333.3,344.4,2.6,63.0,0.525,0.2756,-7.5,2099.6,0.632,806.0,0.5384,0.5,546.6,0.2616,3.2,10.0,1.0,13.20041938430849,5.51,11.01,17.8,795.0,8.83,0.534
1,-2.1,-11.1,9.1,1.55,256.7,262.4,2.5,41.0,0.339,0.1149,-4.2,1044.4,0.4523,662.0,0.4801,0.5,532.16,0.201,3.9,13.0,3.0,11.398420984017193,6.71,8.31,13.5,795.0,7.55,0.356
2,0.3,-10.9,11.3,1.13,324.6,312.9,3.9,55.0,0.4579,0.2097,0.9,1783.7,0.5313,725.0,0.5837,0.5,427.22,0.0008,5.2,11.0,2.0,15.355461161580475,8.95,11.94,17.4,795.0,9.07,0.497
1,-4.0,-16.8,12.8,1.73,326.0,330.0,1.4,28.0,0.236,0.0557,-5.7,923.0,0.6847,848.0,0.3115,0.5,625.06,0.4032,4.2,11.5,4.0,21.151657224280797,7.23,15.21,17.1,795.0,6.51,0.488
12,4.1,-6.2,10.3,1.12,111.8,125.0,2.5,20.0,0.1687,0.0285,4.2,226.4,0.5078,706.0,0.2152,0.5,284.88,0.0006,5.4,10.0,2.0,14.084798182081041,9.29,10.97,13.4,795.0,7.22,0.34
3,7.1,-5.7,12.8,0.75,445.5,454.5,1.0,12.0,0.1027,0.0105,4.4,549.0,0.7272,882.0,0.2687,0.5,193.21,0.126,4.1,10.0,1.0,17.511430168058926,7.05,14.32,21.4,795.0,6.24,0.417
12,-0.7,-13.0,12.3,0.56,255.4,264.6,2.0,50.0,0.4133,0.1708,-1.7,1266.9,0.7547,904.0,0.464,0.5,469.59,0.2879,5.7,13.0,2.0,12.467671872287406,9.81,9.95,18.6,795.0,9.46,0.301
2,2.4,-7.2,9.6,1.92,446.7,433.7,2.7,26.0,0.2131,0.0454,3.1,1142.3,0.5978,778.0,0.4058,0.5,345.25,0.676,4.8,11.6,4.0,16.75304270164148,8.26,11.84,15.9,795.0,8.62,0.379
1,0.8,-8.6,9.4,1.24,227.6,208.7,2.3,60.0,0.4961,0.2461,2.4,1354.9,0.5659,753.0,0.2563,0.5,408.15,0.0191,5.3,12.0,2.0,10.630884603504294,9.12,8.43,14.2,795.0,8.49,0.509
2,5.8,-8.0,13.7,1.4,382.7,381.7,1.5,65.0,0.5414,0.2931,18.7,2486.1,0.6299,804.0,0.6611,0.5,231.99,0.0872,4.68,12.0,2.0,13.548584625719197,8.05,10.67,19.6,795.0,9.58,0.453
2,7.6,-0.7,8.4,1.36,389.8,416.1,3.3,40.0,0.3294,0.1085,15.1,1541.0,0.7829,926.0,0.3506,0.5,178.57,0.0698,4.86,10.0,2.0,11.37474355158803,8.36,9.16,15.4,795.0,7.78,0.356
4,13.5,3.9,9.5,0.89,389.3,375.9,1.2,27.0,0.3787,0.1434,18.1,1046.1,0.6238,799.0,0.455,0.5,56.94,0.0433,4.8,7.6,3.0,18.707952804948306,8.26,13.93,17.5,795.0,8.68,0.452
3,4.6,-8.5,13.1,1.07,399.2,387.6,1.5,31.0,0.259,0.0671,7.1,1240.9,0.6401,812.0,0.3497,0.5,269.29,0.0007,5.08,10.0,1.0,13.966904189219944,8.74,11.59,20.1,795.0,6.77,0.394
1,-2.5,-14.1,11.6,0.91,319.8,318.7,3.6,35.0,0.2877,0.0827,-4.4,1103.8,0.5269,722.0,0.3816,0.5,554.05,0.0354,4.85,13.0,3.0,12.110920775788458,8.35,8.9,18.1,795.0,7.72,0.492
3,6.6,-3.6,10.2,1.49,596.2,590.7,2.5,30.0,0.2501,0.0626,9.9,1789.4,0.6026,782.0,0.3661,0.5,207.44,0.1521,4.4,6.5,1.0,17.287524458294737,7.57,14.05,19.7,795.0,5.83,0.396
1,-0.4,-11.9,11.5,2.02,347.6,348.6,1.5,10.0,0.0874,0.0076,-0.2,364.7,0.7696,916.0,0.3206,0.5,455.99,0.8403,4.0,17.5,3.0,13.074444524938867,6.88,9.82,15.7,795.0,7.22,0.407
4,11.0,-2.7,13.7,1.18,603.5,591.1,2.0,11.0,0.1124,0.0126,6.2,676.0,0.4481,658.0,0.2787,0.5,99.54,0.0057,6.06,12.0,1.0,12.532561673028166,10.43,10.36,23.4,795.0,5.33,0.361
2,2.8,-10.3,13.1,1.37,448.1,458.0,0.1,29.0,0.2451,0.0601,4.2,1318.2,0.605,784.0,0.3935,0.5,330.4,0.0737,4.3,11.4,2.0,19.121520391865822,7.4,14.83,20.1,795.0,7.73,0.462
12,3.5,-9.8,13.4,1.11,255.6,253.0,2.3,11.0,0.0927,0.0086,2.0,284.3,0.4682,675.0,0.1681,0.5,304.88,0.0,4.57,12.0,2.0,11.708665411344835,7.86,9.16,18.1,795.0,5.52,0.379
11,9.2,1.2,8.0,1.41,208.3,213.7,2.0,14.0,0.1131,0.0128,6.2,282.8,0.5247,720.0,0.3297,0.5,139.08,0.0954,3.74,7.5,3.0,8.869732775057596,6.44,6.47,12.3,795.0,6.87,0.31
3,8.6,-4.6,13.2,1.31,384.5,394.2,0.5,25.0,0.2063,0.0425,10.6,951.9,0.7034,863.0,0.3827,0.5,153.85,0.0436,4.25,8.3,4.0,11.371813236009723,7.31,7.89,19.3,795.0,6.21,0.387
1,-1.5,-10.0,8.5,0.74,265.0,280.7,1.4,27.0,0.228,0.052,-2.1,724.8,0.6803,844.0,0.3783,0.5,507.32,0.1329,3.4,10.9,3.0,11.568689082121978,5.85,8.62,15.2,795.0,7.45,0.395
11,7.2,-1.6,8.8,0.62,275.9,271.7,1.4,27.0,0.2291,0.0525,9.9,758.7,0.6238,799.0,0.3987,0.5,191.24,0.2298,5.2,14.0,3.0,12.527498022086665,8.95,9.29,15.9,795.0,5.65,0.343
4,8.8,-2.9,11.7,0.95,545.7,539.0,3.9,23.0,0.1886,0.0356,10.0,1235.0,0.7548,904.0,0.3722,0.5,148.6,0.0234,5.78,13.0,2.0,8.61536459060321,9.95,7.07,21.5,795.0,7.98,0.392
1,-3.0,-15.2,12.3,1.04,177.7,179.6,1.3,34.0,0.2804,0.0786,-5.0,597.9,0.7375,890.0,0.3609,0.5,574.17,0.0031,5.3,10.0,1.0,15.633037923809091,9.12,12.91,16.2,795.0,7.83,0.473
2,-1.7,-13.4,11.8,0.83,334.7,331.8,2.2,31.0,0.2599,0.0675,-2.6,1043.9,0.3611,589.0,0.3155,0.5,514.35,0.0725,4.3,14.0,2.0,9.949896684720379,7.4,7.75,18.7,795.0,7.66,0.39
1,-2.9,-14.6,11.7,0.46,258.0,261.9,0.3,27.0,0.2233,0.0498,-3.9,691.3,0.9693,1075.0,0.2637,0.5,570.92,0.4139,4.66,16.5,3.0,17.15198083888193,8.02,13.04,18.4,795.0,5.03,0.312
12,1.6,-8.7,10.3,1.58,391.8,397.0,2.2,56.0,0.464,0.2153,4.4,2181.4,0.6031,782.0,0.4707,0.5,376.59,0.2299,4.0,14.5,2.0,18.928290504563265,6.88,14.68,16.5,795.0,8.36,0.471
11,7.8,-4.8,12.6,0.53,268.4,264.0,3.0,38.0,0.3188,0.1016,15.0,1026.7,0.5547,744.0,0.3023,0.5,173.64,0.3228,3.83,12.0,1.0,12.824853604256226,6.59,10.66,19.1,795.0,7.78,0.351
11,4.9,-8.5,13.4,0.69,305.3,305.4,4.0,57.0,0.4772,0.2277,14.1,1748.2,0.6119,790.0,0.5142,0.5,257.91,0.1672,10.52,10.0,3.0,13.500419522096323,18.1,10.01,19.9,795.0,9.2,0.515
1,-2.3,-13.8,11.5,1.14,117.0,122.8,1.7,59.0,0.4955,0.2455,-6.8,695.4,0.4138,631.0,0.546,0.5,542.04,0.0019,4.14,14.0,2.0,15.23244501642589,7.12,11.76,14.4,795.0,10.02,0.543
1,2.5,-5.9,8.4,1.35,290.5,269.0,2.5,62.0,0.5198,0.2702,7.7,1811.8,0.7631,911.0,0.5805,0.5,343.6,0.0626,5.0,10.0,1.0,14.580018498491176,8.6,12.15,14.0,795.0,8.81,0.396
4,10.9,-0.5,11.4,1.16,484.2,499.9,3.3,38.0,0.3735,0.1395,20.7,1831.0,0.8235,959.0,0.4936,0.5,101.48,0.0038,5.7,11.0,2.0,10.847287889399038,9.81,8.79,19.8,795.0,8.93,0.461
4,9.7,-3.9,13.5,1.37,438.1,443.2,2.4,62.0,0.5183,0.2686,30.0,2724.6,0.714,871.0,0.6166,0.5,128.52,0.0706,4.5,16.7,4.0,11.439660931262932,7.74,7.95,20.3,795.0,9.65,0.611
12,-1.4,-12.2,10.7,1.56,241.5,238.6,1.7,52.0,0.4373,0.1912,-3.8,1267.1,0.6456,817.0,0.4,0.5,503.63,0.2105,4.8,10.6,3.0,8.289595841297583,8.26,6.13,14.6,795.0,9.13,0.446
2,2.2,-6.4,8.7,1.9,478.8,472.3,3.5,25.0,0.2051,0.0421,2.8,1178.5,0.6632,831.0,0.3044,0.5,351.88,0.6343,11.34,9.2,1.0,8.360252128962573,19.51,7.4,15.7,795.0,9.0,0.407
1,-3.5,-15.3,11.8,1.53,272.6,269.5,4.0,15.0,0.1236,0.0153,-2.6,404.4,0.8022,942.0,0.3079,0.5,599.24,0.1847,6.2,12.0,2.0,10.283736485305523,10.67,8.35,16.0,795.0,7.89,0.418
4,15.4,2.3,13.1,1.0,402.8,413.3,1.9,50.0,0.8701,0.757,38.7,2022.6,0.79,932.0,0.6551,0.5,31.39,0.0095,5.92,10.0,1.0,11.870171851070104,10.19,10.13,20.4,2616.8,11.56,0.469
2,-0.3,-13.9,13.6,0.87,324.9,328.0,0.8,24.0,0.2019,0.0408,-0.3,787.0,0.59,772.0,0.379,0.5,451.64,0.0532,5.3,11.0,1.0,9.218696259512821,9.12,7.99,19.9,795.0,7.31,0.298
12,2.3,-10.5,12.8,1.23,267.7,257.6,0.1,45.0,0.3774,0.1425,5.3,1212.4,0.7853,928.0,0.4769,0.5,348.92,0.017,6.4,9.0,3.0,13.715531133163891,11.01,10.31,17.5,795.0,6.81,0.386
11,5.4,-7.1,12.5,0.89,376.6,373.5,2.1,64.0,0.5341,0.2852,17.2,2413.8,0.6033,783.0,0.6028,0.5,244.05,0.0446,3.3,16.0,3.0,10.969415401324763,5.68,8.11,19.7,795.0,9.72,0.419
12,0.6,-10.9,11.5,0.5,292.0,300.2,1.6,36.0,0.2959,0.0876,1.0,1036.7,0.4718,677.0,0.4241,0.5,417.53,0.3547,5.5,10.0,2.0,8.220154005222401,9.46,6.54,18.6,795.0,8.73,0.366
11,7.1,-3.5,10.6,0.86,308.7,299.1,0.4,59.0,0.491,0.2411,20.8,1819.0,0.7936,935.0,0.7215,0.5,193.88,0.0559,5.49,9.3,4.0,14.268418753452753,9.45,10.14,17.2,795.0,7.96,0.501
2,-1.5,-10.9,9.4,0.78,396.6,402.2,0.9,55.0,0.4603,0.2118,-4.1,2190.7,1.0,1204.0,0.5752,0.5,504.9,0.1016,4.1,10.0,1.0,13.96082448512387,7.05,11.87,17.8,795.0,8.25,0.368
11,5.7,-3.5,9.2,1.18,365.1,363.5,2.6,33.0,0.2716,0.0738,9.3,1190.0,0.7664,913.0,0.383,0.5,234.46,0.007,5.64,9.5,4.0,19.97745563340988,9.7,14.4,16.2,795.0,8.52,0.508
1,-1.8,-12.0,10.2,1.29,251.2,221.3,4.0,28.0,0.2342,0.0549,-2.5,706.2,0.6128,790.0,0.375,0.5,520.25,0.035,5.8,10.3,3.0,11.116567913493318,9.98,8.23,15.0,795.0,8.0,0.478
12,0.4,-12.9,13.3,1.6,285.9,290.7,3.8,58.0,0.481,0.2314,1.2,1650.4,0.9373,1050.0,0.4081,0.5,423.08,0.2532,5.0,8.3,1.0,8.90910455384738,8.6,8.03,17.2,795.0,10.16,0.532
2,2.2,-8.1,10.3,2.02,310.0,312.6,3.1,13.0,0.1097,0.012,1.4,408.0,0.6243,799.0,0.4483,0.5,354.37,0.8436,5.42,8.0,3.0,12.437311583269597,9.33,9.23,14.1,795.0,6.54,0.337
12,3.7,-5.2,8.9,1.32,258.1,246.2,2.8,16.0,0.1337,0.0179,3.0,414.1,0.6982,859.0,0.3067,0.5,299.09,0.0503,5.26,15.0,2.0,15.677665486658459,9.05,12.32,14.0,795.0,5.64,0.356
3,3.2,-8.1,11.3,0.77,428.2,435.8,3.8,54.0,0.447,0.1998,8.6,2296.5,0.475,680.0,0.5763,0.5,316.26,0.107,5.01,10.5,3.0,11.379139242526161,8.62,8.31,19.8,795.0,9.42,0.462
2,0.8,-8.0,8.8,0.41,308.0,302.6,1.6,33.0,0.2765,0.0765,1.2,1022.0,0.5669,754.0,0.3818,0.5,410.04,0.4786,5.8,10.3,4.0,12.780433508475904,9.98,8.84,16.9,795.0,7.72,0.301
4,12.6,-0.8,13.4,0.81,452.8,447.2,1.4,44.0,0.5588,0.3123,27.8,2002.3,0.2835,527.0,0.4479,0.5,70.86,0.0847,5.4,10.0,2.0,12.75222367487685,9.29,9.79,21.8,795.0,9.48,0.366
12,-0.5,-12.1,11.6,0.85,254.4,255.4,2.8,43.0,0.3584,0.1285,-1.1,1094.3,0.468,674.0,0.5099,0.5,462.13,0.0638,3.84,12.2,2.0,10.950460950763404,6.61,8.59,17.3,795.0,9.21,0.467
2,-4.9,-13.1,8.2,1.27,260.5,259.5,2.1,38.0,0.3157,0.0997,-9.3,986.8,0.7494,900.0,0.4126,0.5,671.22,0.0281,5.4,10.0,2.0,12.511793398304501,9.29,9.98,13.6,795.0,7.46,0.477
11,4.8,-3.5,8.4,0.34,347.6,348.5,1.0,40.0,0.3327,0.1107,9.7,1387.6,0.4772,682.0,0.4482,0.5,261.11,0.5725,4.5,16.5,2.0,13.90064788613625,7.74,10.81,17.3,795.0,6.26,0.397
11,9.6,-4.1,13.7,0.51,389.8,396.7,3.1,37.0,0.3078,0.0947,17.7,1439.5,0.6793,843.0,0.5414,0.5,130.8,0.3459,5.2,11.4,1.0,8.411744911691088,8.95,7.45,21.8,795.0,7.45,0.422
11,8.8,-1.0,9.8,1.45,220.8,202.2,1.4,28.0,0.2305,0.0531,12.2,610.5,0.8044,944.0,0.2902,0.5,148.4,0.1224,5.8,13.0,2.0,7.201263344423025,9.98,6.04,13.9,795.0,7.46,0.36
11,11.9,-1.3,13.2,1.05,307.3,307.6,2.6,62.0,0.7162,0.5129,37.0,1903.8,0.6582,827.0,0.6695,0.5,82.17,0.0022,4.4,14.8,2.0,12.404643065861535,7.57,9.83,18.9,1502.8,10.04,0.427
4,12.8,-0.0,12.9,1.35,487.8,507.0,1.8,19.0,0.2443,0.0597,12.0,914.5,0.2647,512.0,0.303,0.5,66.96,0.0622,4.2,17.2,4.0,18.238191493606685,7.23,12.69,20.5,795.0,7.71,0.406
11,7.7,-6.1,13.8,0.41,348.3,357.9,0.8,26.0,0.2167,0.0469,10.0,905.5,0.6835,847.0,0.345,0.5,176.38,0.4693,5.2,13.5,2.0,21.343744882039832,8.95,16.55,21.5,795.0,7.03,0.477
11,8.9,-4.8,13.7,1.55,320.7,330.1,2.4,12.0,0.0972,0.0094,5.2,374.0,0.7994,940.0,0.2549,0.5,146.75,0.2026,3.8,14.5,3.0,17.449347159114687,6.54,13.13,18.2,795.0,8.84,0.326
2,-0.0,-9.7,9.7,0.7,286.3,284.8,2.3,41.0,0.341,0.1163,-0.1,1171.5,0.4305,644.0,0.4358,0.5,442.82,0.16,4.92,9.0,4.0,8.276995109877685,8.47,5.35,16.6,795.0,9.12,0.424
11,6.1,-6.3,12.4,1.21,282.6,291.0,3.7,40.0,0.3327,0.1107,12.2,1128.1,0.8741,999.0,0.4647,0.5,222.25,0.0111,6.4,10.3,2.0,11.255509297297646,11.01,9.14,17.4,795.0,7.71,0.413
11,5.7,-7.1,12.8,0.55,356.6,351.7,3.8,52.0,0.4319,0.1865,14.8,1848.0,0.6423,814.0,0.5773,0.5,234.02,0.3019,4.64,12.5,2.0,12.83755082674883,7.98,10.14,20.5,795.0,9.32,0.521
12,3.4,-10.4,13.7,1.04,270.6,273.0,3.2,46.0,0.3798,0.1443,7.7,1233.2,0.7719,918.0,0.6179,0.5,311.25,0.0035,4.6,13.5,2.0,14.711731373334342,7.91,11.65,18.7,795.0,9.39,0.477
12,0.3,-8.7,9.1,1.11,266.0,264.9,2.1,29.0,0.2442,0.0596,0.5,779.5,0.139,411.0,0.4727,0.5,427.62,0.0002,5.13,9.0,2.0,16.676383187853617,8.83,12.62,14.8,795.0,7.45,0.454
12,0.2,-12.1,12.4,1.15,259.6,255.5,2.2,39.0,0.3211,0.1031,0.4,1000.3,0.981,1085.0,0.432,0.5,431.55,0.0028,4.1,14.0,2.0,16.35891288523376,7.05,13.05,17.2,795.0,8.0,0.438
1,1.3,-11.1,12.4,0.39,318.3,323.0,3.4,39.0,0.3255,0.1059,2.6,1243.3,0.6909,853.0,0.3859,0.5,387.33,0.5081,5.8,13.0,2.0,18.14827051008095,9.98,14.16,20.0,795.0,9.34,0.522
11,5.8,-2.6,8.4,1.22,366.8,371.0,3.0,33.0,0.2782,0.0774,9.7,1224.4,0.6465,817.0,0.3661,0.5,230.3,0.014,4.8,17.5,1.0,13.443744448788824,8.26,11.2,15.5,795.0,8.86,0.45
3,6.7,-7.2,13.9,0.49,328.7,312.8,3.2,22.0,0.1829,0.0335,7.3,721.6,0.731,885.0,0.3614,0.5,205.78,0.37,6.3,7.7,1.0,16.92053756578884,10.84,13.88,21.1,795.0,7.75,0.378
3,9.6,-4.0,13.6,0.3,402.0,385.4,1.0,53.0,0.4443,0.1974,25.6,2143.2,0.7116,869.0,0.476,0.5,130.21,0.64,6.6,16.0,3.0,14.950005798624082,11.36,11.18,22.4,795.0,8.49,0.527
3,10.9,-1.2,12.1,1.19,454.1,455.6,0.7,53.0,0.5188,0.2691,28.7,2392.2,0.6651,832.0,0.6092,0.5,101.84,0.0089,4.48,9.5,4.0,12.895116226519168,7.71,9.0,19.8,795.0,9.82,0.506
3,12.9,-0.0,12.9,0.63,375.9,370.2,2.9,36.0,0.4788,0.2292,23.5,1366.3,0.5781,762.0,0.4635,0.5,65.55,0.2178,4.2,13.0,2.0,11.971028904262774,7.23,9.44,20.7,1324.8,9.97,0.429
4,18.5,9.5,9.0,1.45,471.7,495.9,2.4,24.0,0.5426,0.2944,22.3,1137.2,0.4191,635.0,0.6587,0.5,6.23,0.1206,4.6,11.9,2.0,9.235623990993108,7.91,7.26,16.9,2388.6,9.53,0.434
2,5.5,-7.1,12.7,1.63,243.9,257.0,3.6,10.0,0.0846,0.0072,2.8,247.5,0.7149,872.0,0.2811,0.5,238.71,0.2841,4.8,12.0,3.0,12.20700409407393,8.26,9.13,16.0,795.0,6.23,0.388
11,8.9,0.2,8.7,1.13,262.7,247.1,3.6,28.0,0.2366,0.056,12.7,745.7,0.9344,1047.0,0.4158,0.5,145.74,0.0007,5.56,17.0,2.0,11.575406170207248,9.57,9.43,14.4,795.0,8.18,0.401
4,12.0,0.9,11.0,0.3,577.7,561.1,0.7,30.0,0.3487,0.1216,18.0,1738.4,0.9358,1049.0,0.4986,0.5,81.87,0.64,5.61,14.0,2.0,13.854159048040051,9.65,11.14,23.0,795.0,7.44,0.433
3,4.5,-4.4,8.9,1.52,457.4,479.6,4.0,21.0,0.1726,0.0298,4.7,947.1,0.5433,735.0,0.2809,0.5,272.36,0.1805,3.86,10.0,3.0,9.59316200503222,6.64,7.03,16.5,795.0,8.15,0.395
2,2.0,-10.0,12.0,0.62,312.4,300.1,3.5,49.0,0.4044,0.1635,4.8,1516.1,0.6269,802.0,0.4486,0.5,361.59,0.2258,3.1,11.5,3.0,12.005767661629314,5.33,8.91,19.0,795.0,8.23,0.387
12,2.3,-9.8,12.1,1.14,291.4,291.1,2.6,20.0,0.1658,0.0275,2.3,579.9,0.8948,1016.0,0.2741,0.5,348.45,0.002,5.0,10.6,2.0,11.257103193967392,8.6,9.16,17.5,795.0,6.61,0.358
4,17.4,5.8,11.6,0.98,517.4,533.3,2.4,36.0,0.7454,0.5556,31.4,1869.0,0.987,1090.0,0.6119,0.5,13.1,0.0145,6.97,12.2,2.0,16.204304120026737,11.99,12.94,20.9,2478.3,10.94,0.428
12,-1.5,-13.1,11.6,1.1,242.2,251.3,0.6,62.0,0.5189,0.2693,-4.6,1508.4,0.7734,919.0,0.6474,0.5,504.56,0.0,4.5,8.9,1.0,12.632611876880247,7.74,10.69,16.5,795.0,8.81,0.432
1,-1.2,-14.0,12.7,1.95,272.6,279.6,1.2,10.0,0.0851,0.0072,-0.6,278.5,0.7721,918.0,0.312,0.5,494.32,0.7164,5.6,16.8,1.0,14.192803374858292,9.64,11.86,15.7,795.0,6.33,0.318
2,7.4,-1.4,8.9,0.89,400.8,401.7,3.7,23.0,0.1911,0.0365,8.5,919.3,0.5437,735.0,0.5147,0.5,184.16,0.0459,4.0,11.0,2.0,20.862450913291227,6.88,16.08,17.2,795.0,7.6,0.474
4,14.4,4.5,9.9,0.96,561.7,561.2,3.0,13.0,0.207,0.0429,9.5,743.3,0.6766,841.0,0.405,0.5,43.73,0.019,5.1,10.7,2.0,15.609017164247652,8.78,12.25,20.2,795.0,7.93,0.231
12,3.5,-6.3,9.8,0.34,290.0,283.5,3.8,14.0,0.1155,0.0133,2.4,401.9,0.5815,765.0,0.2804,0.5,307.73,0.574,4.0,12.1,3.0,10.294631628151077,6.88,7.59,17.6,795.0,6.15,0.431
2,2.3,-10.7,13.0,1.05,291.2,282.2,0.0,50.0,0.4202,0.1766,5.7,1468.3,0.6042,783.0,0.4979,0.5,351.52,0.0021,4.01,12.0,1.0,14.974683457464781,6.9,12.31,18.4,795.0,8.58,0.34
12,3.2,-5.6,8.8,1.2,255.8,248.6,3.4,18.0,0.1493,0.0223,2.9,458.2,0.9565,1065.0,0.3569,0.5,316.15,0.0108,4.7,12.5,1.0,17.28590518505293,8.09,14.33,14.2,795.0,6.45,0.476
4,17.5,5.5,12.0,1.05,581.2,582.6,2.0,39.0,0.8104,0.6568,34.0,2260.1,0.5265,721.0,0.6977,0.5,12.22,0.0024,6.17,8.5,1.0,12.632394916919772,10.62,10.5,22.0,2555.8,11.13,0.436
2,0.3,-13.4,13.7,1.27,386.2,390.6,0.2,19.0,0.155,0.024,0.3,718.1,0.823,958.0,0.3351,0.5,426.58,0.0281,5.35,10.0,2.0,19.20473874095537,9.21,15.06,19.9,795.0,6.63,0.417
12,4.5,-8.6,13.2,0.47,323.8,332.0,1.6,57.0,0.4769,0.2274,12.9,1853.1,0.8776,1002.0,0.4271,0.5,271.52,0.3953,4.1,13.2,4.0,12.621455175713564,7.05,8.97,20.5,795.0,9.78,0.367
3,5.5,-2.8,8.3,1.47,433.5,429.6,1.3,53.0,0.4455,0.1985,14.7,2317.8,0.7606,908.0,0.53,0.5,240.7,0.1387,4.6,14.0,4.0,11.05943632554297,7.91,7.7,15.8,795.0,8.16,0.404
11,6.6,-2.8,9.4,1.41,280.7,278.5,0.7,21.0,0.1734,0.0301,6.9,584.1,0.6039,783.0,0.4113,0.5,207.41,0.0966,6.42,14.0,4.0,17.402031575864314,11.05,12.33,14.5,795.0,8.08,0.288
11,7.3,-6.3,13.5,0.83,244.1,228.7,1.0,43.0,0.3613,0.1305,15.7,1058.3,0.811,949.0,0.5345,0.5,188.99,0.0713,6.09,13.0,4.0,10.887042339880463,10.48,7.61,18.7,795.0,7.21,0.478
1,-4.2,-13.2,9.1,1.02,274.2,273.3,2.1,58.0,0.4868,0.237,-12.1,1602.2,0.7252,880.0,0.4806,0.5,632.92,0.0064,4.62,8.7,3.0,24.748875844833982,7.95,18.54,15.1,795.0,9.36,0.484
11,6.7,-4.6,11.4,1.19,314.5,315.7,0.9,36.0,0.302,0.0912,12.2,1139.9,0.5521,742.0,0.342,0.5,203.34,0.009,3.7,13.0,3.0,15.789618261863431,6.37,11.68,17.1,795.0,6.78,0.354
11,12.1,1.7,10.5,2.21,407.6,398.6,2.3,26.0,0.3117,0.0972,15.9,1069.9,0.5053,704.0,0.4409,0.5,78.74,1.2223,4.4,10.5,3.0,8.063178896213403,7.57,5.85,15.3,1047.1,8.42,0.346
4,13.6,-0.1,13.7,1.59,535.8,522.9,2.0,61.0,0.871,0.7586,41.3,3245.2,0.8758,1001.0,0.7216,0.5,54.35,0.24,5.14,12.5,1.0,13.116349928686908,8.84,11.14,21.3,3040.7,11.46,0.519
12,2.4,-8.4,10.7,1.25,271.4,262.6,3.2,41.0,0.3418,0.1168,4.9,1113.0,0.4666,673.0,0.4436,0.5,346.2,0.0224,4.6,15.1,2.0,11.218438512910451,7.91,8.79,15.8,795.0,8.95,0.505
3,5.1,-8.8,13.9,1.58,430.4,434.4,3.5,37.0,0.3059,0.0936,9.4,1579.9,0.6014,781.0,0.4391,0.5,251.34,0.2273,6.0,12.5,3.0,13.825395599085196,10.32,10.25,20.0,795.0,7.49,0.468
2,4.7,-3.9,8.6,0.92,371.5,368.4,3.2,61.0,0.5078,0.2579,14.4,2263.6,0.8161,953.0,0.5164,0.5,265.27,0.0332,3.8,12.7,2.0,16.10812780130383,6.54,12.73,16.5,795.0,9.29,0.539
12,0.5,-12.3,12.8,0.99,325.9,317.0,3.9,43.0,0.3553,0.1262,1.0,1389.4,0.7753,920.0,0.4173,0.5,421.87,0.0113,4.2,7.8,3.0,16.79199467873833,7.23,12.61,18.9,795.0,8.0,0.379
11,8.9,-1.1,10.0,1.83,232.9,241.2,3.2,49.0,0.4042,0.1634,21.6,1129.5,0.4667,673.0,0.613,0.5,146.55,0.5359,6.17,11.0,2.0,14.254481130108516,10.62,11.06,13.2,795.0,9.5,0.416
3,5.8,-5.1,10.9,0.93,360.8,393.4,2.6,43.0,0.3585,0.1285,12.4,1552.2,0.5799,764.0,0.6141,0.5,231.63,0.0302,5.19,12.5,3.0,11.660641803052737,8.93,8.61,18.1,795.0,8.29,0.36
12,5.0,-6.7,11.8,1.71,222.1,240.3,3.8,25.0,0.2107,0.0444,6.3,561.5,0.7763,921.0,0.386,0.5,255.36,0.3697,6.85,8.0,1.0,14.842048260721905,11.79,12.35,14.8,795.0,7.84,0.353
1,-7.1,-17.2,10.1,0.45,265.7,285.5,3.0,20.0,0.1669,0.0279,-7.2,532.3,0.6233,799.0,0.367,0.5,791.79,0.4284,4.5,8.5,3.0,9.338364454119105,7.74,6.9,17.2,795.0,9.63,0.43
1,-0.1,-9.2,9.0,1.24,281.7,282.1,2.8,11.0,0.0894,0.008,-0.1,302.2,1.0,1117.0,0.3122,0.5,446.36,0.0188,3.95,8.4,2.0,14.585283203714559,6.8,11.74,14.7,795.0,7.52,0.387
1,0.3,-8.5,8.9,1.62,245.3,250.7,1.2,40.0,0.3371,0.1136,0.7,992.1,0.3936,615.0,0.4673,0.5,427.29,0.266,5.6,12.2,1.0,12.785748310806365,9.64,10.5,13.0,795.0,6.67,0.351
3,8.0,-0.0,8.0,1.14,344.2,321.6,3.2,15.0,0.1253,0.0157,6.0,517.7,0.5002,700.0,0.3751,0.5,168.63,0.0018,4.9,13.0,1.0,10.320483700571653,8.43,8.74,15.0,795.0,6.61,0.415
4,15.8,6.1,9.7,0.3,584.7,592.7,1.2,50.0,0.905,0.819,39.7,2942.8,0.9327,1046.0,0.6605,0.5,27.16,0.64,5.13,10.0,2.0,15.206271947014097,8.83,12.15,22.0,3035.0,10.45,0.486
11,6.6,-2.8,9.4,1.71,331.0,334.9,2.6,11.0,0.0881,0.0078,3.5,350.0,0.4959,697.0,0.3867,0.5,208.01,0.3705,4.8,13.0,2.0,10.234033692260779,8.26,8.07,14.5,795.0,6.08,0.463
2,-0.8,-11.2,10.3,0.94,517.9,512.4,1.3,14.0,0.1206,0.0146,-0.6,749.8,0.6139,791.0,0.3425,0.5,475.87,0.0257,4.98,10.0,3.0,9.288851192728863,8.57,6.86,20.0,795.0,6.88,0.515
1,-1.5,-14.9,13.4,1.0,205.8,194.5,2.7,43.0,0.3593,0.1291,-3.1,887.6,0.5661,753.0,0.4787,0.5,504.49,0.0102,3.3,11.0,3.0,20.16462158090273,5.68,14.98,17.6,795.0,8.07,0.516
4,12.0,1.8,10.1,0.8,446.4,438.1,1.1,17.0,0.1927,0.0371,9.9,739.9,0.5083,707.0,0.3761,0.5,81.42,0.0891,4.4,8.5,2.0,13.822477600797475,7.57,10.77,19.1,795.0,7.11,0.348
3,3.3,-10.3,13.5,1.12,407.1,410.0,0.2,48.0,0.4016,0.1613,7.8,1961.9,0.536,729.0,0.5385,0.5,314.95,0.0006,3.31,10.0,1.0,13.664682569239744,5.7,11.28,20.4,795.0,7.9,0.435
3,10.7,-0.8,11.5,1.75,442.3,448.3,0.6,17.0,0.1603,0.0257,9.0,740.7,0.7016,861.0,0.3442,0.5,105.17,0.4234,5.9,10.0,1.0,16.403169918505085,10.15,13.46,17.8,795.0,6.24,0.414
4,17.2,4.5,12.6,1.26,567.9,558.6,3.1,35.0,0.7175,0.5148,30.4,2010.0,0.4993,699.0,0.6654,0.5,14.72,0.0263,5.4,9.0,3.0,14.122312055026311,9.29,10.39,21.8,3292.1,10.42,0.473
1,-1.9,-14.5,12.5,1.17,237.8,246.4,1.9,52.0,0.4307,0.1855,-5.0,1229.0,0.3113,549.0,0.5936,0.5,526.6,0.005,4.9,11.0,4.0,20.383105745015325,8.43,14.34,16.9,795.0,8.59,0.438
12,0.9,-8.1,9.0,1.19,250.1,239.8,2.1,11.0,0.0954,0.0091,0.5,286.2,0.5504,740.0,0.3622,0.5,405.08,0.0088,5.91,14.1,3.0,10.69596611875474,10.17,7.86,14.2,795.0,7.1,0.428
3,8.4,-5.4,13.9,1.08,431.8,431.2,2.7,21.0,0.1776,0.0315,9.0,920.0,0.5408,733.0,0.3433,0.5,158.14,0.0006,5.9,11.0,1.0,12.820435474290147,10.15,10.65,21.2,795.0,8.02,0.402
4,14.5,4.2,10.3,0.71,552.8,534.8,1.9,42.0,0.6622,0.4384,30.3,2315.8,0.4701,676.0,0.6363,0.5,42.47,0.1486,11.48,15.0,2.0,15.180663112917488,19.75,11.76,21.0,1466.9,10.08,0.492
2,5.0,-4.0,9.0,1.61,357.3,353.7,3.9,22.0,0.18,0.0324,5.4,771.6,0.5034,703.0,0.3942,0.5,256.01,0.2622,4.55,13.0,1.0,9.290128801721586,7.83,7.97,14.8,795.0,7.19,0.565
1,0.3,-11.6,11.9,0.57,391.4,382.6,2.5,16.0,0.1302,0.017,0.2,611.5,0.6933,855.0,0.3782,0.5,430.53,0.2842,6.07,8.7,3.0,11.616035470808146,10.44,8.67,20.2,795.0,6.4,0.437
3,5.0,-8.1,13.1,1.77,433.3,426.9,3.2,15.0,0.1254,0.0157,3.8,652.1,0.4983,699.0,0.3563,0.5,255.36,0.4478,5.7,10.0,2.0,19.69140443612147,9.81,15.17,18.9,795.0,6.8,0.344
2,0.6,-9.0,9.6,1.21,360.9,363.0,1.7,35.0,0.2921,0.0853,1.0,1265.4,0.5602,748.0,0.4218,0.5,417.2,0.0128,4.26,8.0,3.0,16.48833263614914,7.33,12.21,16.3,795.0,6.64,0.354
11,6.8,-3.8,10.6,1.83,374.3,379.4,2.8,26.0,0.2136,0.0456,8.7,959.5,0.5476,738.0,0.3632,0.5,202.61,0.5296,5.28,15.0,2.0,7.8773191561379265,9.09,6.35,15.8,795.0,9.38,0.415
4,15.5,3.6,11.9,1.75,538.5,555.1,3.5,23.0,0.3963,0.1571,17.5,1218.9,0.4106,629.0,0.4406,0.5,30.19,0.4214,5.7,12.0,3.0,14.741118231647995,9.81,10.78,19.6,1631.6,9.44,0.297
11,7.2,-3.7,10.9,1.27,300.7,332.7,3.3,12.0,0.1015,0.0103,4.4,366.2,0.7797,924.0,0.3574,0.5,189.31,0.0274,5.2,15.5,2.0,14.19101043671228,8.95,11.27,16.4,795.0,6.9,0.448
2,5.6,-6.3,11.9,1.42,399.6,416.4,0.8,49.0,0.4111,0.169,13.9,1971.3,0.4497,660.0,0.4292,0.5,235.77,0.105,5.0,10.0,3.0,19.05489565025884,8.6,14.05,18.3,795.0,7.0,0.507
11,8.0,-2.1,10.1,0.89,367.1,365.5,1.6,40.0,0.3297,0.1087,15.8,1452.5,0.6078,786.0,0.4228,0.5,168.72,0.0451,5.81,15.5,3.0,13.697649150964088,10.0,10.16,17.7,795.0,7.51,0.445
2,3.7,-4.5,8.2,0.95,461.3,470.4,1.5,17.0,0.1442,0.0208,3.2,798.3,0.3683,595.0,0.2181,0.5,298.01,0.0226,3.7,10.5,2.0,13.252539070096521,6.37,10.23,17.4,795.0,7.2,0.313
2,0.5,-12.5,13.0,0.94,432.4,444.7,3.6,23.0,0.1892,0.0358,0.6,981.7,0.5596,748.0,0.2842,0.5,420.28,0.0271,5.8,13.2,3.0,17.122043100879914,9.98,12.69,20.9,795.0,8.06,0.339
11,8.4,-3.0,11.4,1.67,341.2,358.4,3.2,54.0,0.4518,0.2042,22.7,1849.8,0.9642,1071.0,0.5057,0.5,159.18,0.3215,5.2,12.2,3.0,11.259615499931993,8.95,8.62,16.4,795.0,8.83,0.478
11,5.3,-5.8,11.0,0.94,294.3,311.1,0.2,48.0,0.3973,0.1579,12.6,1403.0,0.6528,822.0,0.4963,0.5,247.19,0.0248,5.12,12.0,2.0,10.970913536607862,8.81,8.75,17.2,795.0,7.58,0.517
11,6.5,-7.4,13.8,0.9,303.8,312.4,1.3,15.0,0.1277,0.0163,5.0,465.4,0.748,898.0,0.2697,0.5,210.85,0.0382,4.6,10.0,3.0,11.950775607608126,7.91,8.96,19.7,795.0,5.03,0.278
12,1.6,-8.5,10.0,0.69,253.7,258.2,2.5,26.0,0.2179,0.0475,2.0,663.2,0.4496,660.0,0.2802,0.5,377.67,0.1678,3.8,12.0,3.0,18.05270628503246,6.54,13.3,16.4,795.0,7.8,0.428
1,4.7,-8.5,13.2,0.67,238.4,235.7,1.6,51.0,0.4267,0.1821,12.0,1221.1,0.4166,633.0,0.5539,0.5,265.74,0.1812,4.7,12.5,4.0,16.978280315884604,8.09,11.87,18.7,795.0,8.47,0.478
11,6.9,-1.1,8.0,1.0,364.7,367.7,2.5,37.0,0.3108,0.0966,12.9,1360.2,0.4989,699.0,0.4754,0.5,198.76,0.0104,6.26,13.5,3.0,14.413596314886814,10.77,10.61,15.7,795.0,8.57,0.485
3,4.3,-4.4,8.8,1.82,536.0,534.0,2.6,65.0,0.5405,0.2921,14.1,3476.7,0.8122,950.0,0.5066,0.5,277.57,0.5243,5.1,15.5,2.0,10.701515183060375,8.78,8.68,16.8,795.0,8.02,0.383
1,1.7,-10.8,12.5,1.43,314.6,304.6,2.2,12.0,0.0973,0.0095,1.0,367.5,0.6025,782.0,0.2019,0.5,371.66,0.1057,5.76,13.0,4.0,12.584458843209253,9.91,8.72,17.5,795.0,6.55,0.446
4,12.3,3.5,8.9,0.3,571.1,565.6,1.9,17.0,0.2077,0.0431,10.5,969.9,0.6368,809.0,0.3254,0.5,75.02,0.64,3.1,12.3,1.0,21.185695794884932,5.33,17.0,21.2,795.0,6.9,0.428
1,-0.9,-12.8,11.9,0.65,210.5,217.7,2.6,32.0,0.2691,0.0724,-1.4,679.5,0.5822,766.0,0.2527,0.5,478.33,0.2008,11.78,10.0,4.0,19.144890561201656,20.27,13.62,17.4,795.0,7.12,0.387
2,4.3,-8.4,12.7,0.34,412.7,409.1,2.3,43.0,0.3574,0.1277,9.3,1770.2,0.3615,589.0,0.5245,0.5,278.01,0.5824,5.6,14.3,2.0,17.426186634733114,9.64,13.36,21.8,795.0,8.26,0.393
1,1.5,-9.2,10.7,1.59,304.9,301.3,0.6,13.0,0.1059,0.0112,1.0,387.6,0.7894,932.0,0.3194,0.5,379.03,0.2432,3.96,16.1,4.0,14.399412875608366,6.81,10.23,15.5,795.0,6.47,0.461
2,-1.4,-13.8,12.4,1.28,316.3,325.8,0.9,21.0,0.1783,0.0318,-1.5,676.8,0.3563,585.0,0.4058,0.5,501.32,0.034,5.2,10.5,2.0,18.565287703064243,8.95,14.21,17.7,795.0,6.99,0.359
3,9.1,-4.0,13.1,0.96,372.3,379.1,1.0,30.0,0.2529,0.064,13.8,1130.0,0.5314,725.0,0.4145,0.5,141.4,0.0206,5.9,13.0,3.0,17.052883472172553,10.15,12.61,20.0,795.0,7.18,0.431
1,-0.6,-13.0,12.4,1.3,313.1,312.8,3.1,55.0,0.4542,0.2063,-1.7,1706.4,0.5747,760.0,0.4767,0.5,467.1,0.0411,5.0,11.0,2.0,18.816061060962546,8.6,14.57,17.6,795.0,7.84,0.43
11,8.1,-3.8,11.9,1.27,347.1,337.4,0.4,51.0,0.4249,0.1805,20.7,1769.5,0.5783,763.0,0.3422,0.5,165.96,0.0293,3.32,9.8,1.0,13.346233192426963,5.71,11.07,17.9,795.0,7.41,0.382
11,11.2,0.8,10.5,1.09,222.5,208.0,2.4,21.0,0.2158,0.0466,11.7,461.4,0.4643,671.0,0.3962,0.5,95.2,0.0001,4.7,13.0,4.0,14.856203777739657,8.09,10.31,15.3,795.0,8.43,0.449
4,12.7,2.3,10.4,0.73,447.3,439.5,0.5,34.0,0.4373,0.1912,21.6,1518.6,0.6347,808.0,0.5041,0.5,68.41,0.1382,4.4,9.0,4.0,11.453143482365789,7.57,7.9,19.5,795.0,8.79,0.451
1,-2.1,-14.9,12.8,0.54,219.5,225.7,2.1,57.0,0.4789,0.2294,-5.9,1261.5,0.6755,840.0,0.5608,0.5,531.61,0.3148,4.0,10.1,3.0,15.487491815935641,6.88,11.56,18.5,795.0,9.58,0.485
4,12.7,3.1,9.6,1.3,509.5,503.7,2.2,31.0,0.3953,0.1563,19.5,1566.1,0.3734,599.0,0.4352,0.5,68.62,0.0413,4.2,10.0,3.0,13.098606991094156,7.23,9.52,18.4,1219.5,10.19,0.471
4,14.4,3.5,10.8,1.33,493.2,510.2,0.5,16.0,0.2495,0.0623,11.5,789.4,0.7337,887.0,0.358,0.5,44.18,0.0524,5.36,11.0,1.0,13.656048999360578,9.22,11.43,19.0,1265.4,6.86,0.288
4,15.7,6.9,8.8,0.61,553.2,546.0,2.2,44.0,0.7783,0.6057,34.3,2419.7,0.819,955.0,0.666,0.5,28.35,0.2431,4.9,12.1,1.0,13.004560789496324,8.43,11.01,20.1,1046.3,10.25,0.495
3,6.6,-1.8,8.4,1.75,459.6,453.2,2.6,18.0,0.148,0.0219,5.9,816.1,0.6613,829.0,0.365,0.5,207.18,0.4283,4.2,11.0,1.0,11.471020864054958,7.23,9.73,15.5,795.0,8.02,0.382
3,6.5,-2.6,9.0,0.57,348.3,354.6,1.3,35.0,0.2883,0.0831,11.2,1205.0,0.4372,650.0,0.3666,0.5,211.57,0.2783,5.3,9.5,3.0,17.605356371963786,9.12,12.95,17.3,795.0,7.8,0.547
4,14.5,2.3,12.2,0.61,505.4,495.4,2.4,30.0,0.4828,0.2331,22.1,1538.7,0.678,842.0,0.5427,0.5,42.07,0.2354,5.5,14.7,1.0,9.700307824475171,9.46,8.42,22.1,1782.7,8.62,0.357
4,12.6,3.6,9.0,0.81,618.0,616.8,1.5,50.0,0.6268,0.3929,31.2,3068.5,0.6595,828.0,0.5999,0.5,71.0,0.0843,4.8,9.3,1.0,11.269580144053322,8.26,9.58,20.7,2578.0,9.34,0.488
1,1.3,-11.1,12.4,0.49,251.5,232.8,1.3,56.0,0.4684,0.2194,3.6,1413.9,0.7652,912.0,0.5123,0.5,388.32,0.3678,4.1,15.8,1.0,6.958232717923433,7.05,6.43,18.8,795.0,8.23,0.522
3,7.3,-3.6,10.9,1.49,329.3,340.3,3.9,14.0,0.1131,0.0128,5.0,446.8,0.76,908.0,0.358,0.5,187.79,0.1488,6.9,10.5,1.0,14.646476272699392,11.87,12.19,16.3,795.0,6.28,0.42
12,0.0,-8.5,8.6,0.64,227.1,235.4,3.2,45.0,0.376,0.1414,0.0,1024.8,0.6681,835.0,0.4654,0.5,440.55,0.2126,5.7,12.0,2.0,13.11052258849974,9.81,10.37,15.0,795.0,8.62,0.465
11,10.5,-0.3,10.7,0.81,333.2,339.6,3.6,64.0,0.5871,0.3447,33.7,2141.5,0.8418,973.0,0.6157,0.5,110.66,0.0838,4.8,9.0,3.0,16.22895518445029,8.26,12.25,17.9,977.4,9.59,0.306
2,1.0,-11.8,12.8,0.92,333.5,316.5,1.6,37.0,0.3106,0.0965,1.9,1243.1,0.6254,800.0,0.275,0.5,399.72,0.0337,5.66,8.5,2.0,12.920020033560743,9.74,10.19,19.2,795.0,7.02,0.495
11,10.0,-0.4,10.4,0.44,280.3,282.5,4.0,41.0,0.3424,0.1173,20.5,1151.7,0.3565,585.0,0.4789,0.5,121.12,0.4343,5.19,12.0,4.0,18.270919176506926,8.93,12.79,17.7,795.0,10.14,0.454
2,3.5,-10.1,13.6,0.61,279.7,271.4,3.0,27.0,0.2268,0.0515,4.8,761.3,0.711,869.0,0.4806,0.5,306.09,0.2421,3.7,11.2,2.0,12.975394171016037,6.37,10.3,19.9,795.0,10.3,0.433
4,14.0,4.3,9.8,1.32,572.2,574.2,3.7,34.0,0.5167,0.267,24.1,1962.5,0.5865,769.0,0.5057,0.5,48.45,0.0495,6.0,13.0,2.0,12.085665137120483,10.32,9.53,19.4,1963.3,9.13,0.399
12,3.2,-9.5,12.7,1.2,235.5,226.0,1.2,37.0,0.3096,0.0959,5.9,875.2,0.4643,671.0,0.3614,0.5,318.16,0.0107,5.94,11.0,2.0,7.228947735178094,10.22,5.79,17.0,795.0,7.98,0.363
12,-2.4,-11.6,9.2,0.41,273.9,297.7,4.0,46.0,0.381,0.1452,-5.6,1252.4,0.7917,933.0,0.5925,0.5,549.1,0.4761,6.6,11.0,2.0,13.991042718941616,11.36,11.13,16.7,795.0,9.65,0.484
11,7.5,-3.8,11.3,1.1,290.0,288.7,1.2,17.0,0.1419,0.0201,6.4,493.8,0.5064,705.0,0.2079,0.5,182.92,0.0,4.15,13.9,4.0,14.682737382422548,7.14,10.22,16.9,795.0,7.3,0.435
11,10.8,-1.3,12.2,0.75,358.4,379.8,0.3,37.0,0.3632,0.1319,20.2,1337.6,0.63,804.0,0.4134,0.5,103.27,0.1205,4.5,12.0,2.0,15.320487496371085,7.74,11.99,19.5,795.0,7.66,0.501
4,13.5,2.2,11.3,1.1,502.2,500.4,1.3,33.0,0.4729,0.2236,22.5,1675.1,0.8227,958.0,0.5948,0.5,56.14,0.0,4.7,10.0,3.0,9.843759183733129,8.09,7.44,20.1,1781.2,9.13,0.528
1,-3.7,-15.7,12.1,0.49,230.4,227.7,1.8,42.0,0.3463,0.1199,-7.6,957.6,0.7695,916.0,0.4297,0.5,607.66,0.3704,4.4,9.0,1.0,10.312188194102573,7.57,8.95,18.2,795.0,8.36,0.365
12,-1.9,-11.0,9.2,1.17,146.9,139.9,3.6,49.0,0.4107,0.1687,-4.6,723.8,0.7131,870.0,0.3708,0.5,522.46,0.0051,5.35,8.5,3.0,13.312165305816986,9.21,9.95,12.9,795.0,8.52,0.457
11,8.5,-1.7,10.2,1.25,272.3,273.9,1.4,43.0,0.3591,0.129,18.3,1173.6,0.5504,740.0,0.2767,0.5,156.42,0.0217,5.6,11.2,3.0,11.568448074726728,9.64,8.52,15.4,795.0,8.24,0.482
12,1.4,-10.8,12.2,1.39,131.3,144.6,2.8,42.0,0.3461,0.1198,2.9,545.4,0.5559,745.0,0.424,0.5,384.04,0.0817,3.9,8.0,3.0,8.702520865216064,6.71,6.37,14.6,795.0,8.36,0.397
1,-1.2,-10.0,8.8,1.8,313.9,325.3,3.7,60.0,0.4991,0.2491,-3.5,1879.8,0.6656,832.0,0.5074,0.5,492.12,0.4842,3.8,14.3,2.0,12.952991496588115,6.54,10.25,13.6,795.0,8.36,0.402
1,-1.2,-13.8,12.6,0.47,271.5,255.8,0.2,31.0,0.2601,0.0677,-1.9,847.5,0.4304,644.0,0.4007,0.5,492.37,0.4022,5.9,8.3,2.0,13.454304751238897,10.15,10.44,19.3,795.0,7.72,0.433
12,1.1,-10.4,11.4,1.69,277.7,293.4,0.9,38.0,0.318,0.1011,2.1,1059.5,0.7575,906.0,0.3692,0.5,396.41,0.3444,4.18,14.0,4.0,14.495953893371869,7.19,10.28,15.4,795.0,8.77,0.306
1,-4.4,-12.8,8.5,1.01,253.6,250.2,3.4,44.0,0.3659,0.1339,-9.6,1113.5,0.7166,873.0,0.4557,0.5,642.65,0.0075,6.2,11.5,3.0,11.116048609511777,10.67,8.31,14.3,795.0,8.34,0.475
11,7.2,-1.9,9.1,1.35,262.6,265.5,1.6,55.0,0.4598,0.2114,20.0,1448.8,0.7014,861.0,0.4694,0.5,189.39,0.0628,4.2,14.5,1.0,11.800802888493212,7.23,10.01,14.2,795.0,9.99,0.434
12,-0.8,-10.2,9.5,1.12,320.8,315.4,3.0,41.0,0.3377,0.1141,-1.5,1299.9,0.8531,983.0,0.4125,0.5,473.11,0.0006,4.6,17.0,3.0,14.440364087735528,7.91,10.91,15.9,795.0,9.35,0.491
4,7.2,-3.7,10.8,1.4,458.3,462.8,3.4,60.0,0.5,0.25,21.5,2749.8,0.2988,539.0,0.4966,0.5,191.4,0.0886,6.0,8.0,1.0,17.64199336216802,10.32,14.07,18.3,795.0,10.24,0.482
3,3.8,-8.8,12.7,1.39,400.6,400.7,3.5,54.0,0.4512,0.2035,10.4,2168.8,0.877,1002.0,0.4165,0.5,294.43,0.0858,3.6,13.2,2.0,11.61532207947456,6.19,9.41,19.0,795.0,9.02,0.356
12,2.0,-11.2,13.2,1.19,347.7,349.3,3.0,36.0,0.3011,0.0907,3.6,1256.6,0.9712,1077.0,0.4262,0.5,360.39,0.0081,3.7,10.0,2.0,16.322227702928288,6.37,13.02,19.1,795.0,7.32,0.325
3,5.1,-4.2,9.3,0.81,447.5,445.2,1.0,18.0,0.149,0.0222,4.6,800.2,0.401,621.0,0.3445,0.5,251.24,0.0833,3.8,9.0,2.0,8.39430301138674,6.54,6.62,18.4,795.0,6.28,0.406
2,1.3,-6.9,8.2,1.41,329.8,350.8,0.5,32.0,0.2632,0.0693,2.0,1041.7,0.5902,772.0,0.4124,0.5,389.52,0.0943,2.6,13.8,1.0,13.324314424033306,4.47,11.07,14.3,795.0,6.41,0.446
2,3.9,-8.9,12.8,0.96,341.9,331.9,2.5,21.0,0.179,0.0321,4.2,734.4,0.7374,890.0,0.3219,0.5,292.58,0.0189,7.11,13.0,1.0,11.360030721104533,12.23,9.71,19.3,795.0,5.59,0.396
11,9.1,-4.9,13.9,0.84,334.9,331.9,0.9,50.0,0.4125,0.1702,22.5,1657.5,0.7041,863.0,0.6056,0.5,142.01,0.0681,5.0,11.0,3.0,15.94890840515561,8.6,11.92,20.4,795.0,8.39,0.497
2,1.2,-12.1,13.3,0.94,401.4,404.0,0.7,45.0,0.3718,0.1383,2.6,1791.0,0.563,750.0,0.2605,0.5,393.0,0.0244,5.86,6.7,1.0,10.566379225174511,10.08,8.98,20.6,795.0,7.74,0.44
1,1.8,-11.3,13.1,1.25,301.4,306.9,3.0,39.0,0.3288,0.1081,3.6,1189.2,0.7911,933.0,0.434,0.5,368.36,0.0218,5.7,17.0,3.0,6.745233904139084,9.81,5.09,18.2,795.0,9.73,0.457
2,1.9,-9.5,11.4,1.24,242.9,238.0,4.0,48.0,0.4004,0.1603,4.6,1166.9,0.6745,840.0,0.4189,0.5,364.03,0.0198,4.7,13.0,2.0,25.0,8.09,19.29,15.9,795.0,9.51,0.472
12,4.5,-6.5,11.0,1.32,197.1,198.2,1.4,54.0,0.4537,0.2059,12.2,1073.0,0.6653,832.0,0.4925,0.5,273.42,0.0469,6.66,13.0,1.0,17.643340974568602,11.46,14.36,14.7,795.0,8.5,0.418
1,1.5,-7.0,8.5,0.3,205.1,210.2,2.2,51.0,0.4258,0.1813,3.9,1047.7,0.551,741.0,0.5284,0.5,379.76,0.64,3.6,6.0,2.0,11.006979908363089,6.19,8.7,15.4,795.0,8.26,0.397
3,8.7,-4.0,12.7,0.42,491.0,508.9,2.4,27.0,0.2271,0.0516,11.8,1337.9,0.7242,879.0,0.4054,0.5,151.46,0.4604,4.4,12.4,2.0,14.914543735906179,7.57,11.77,22.8,795.0,8.18,0.537
3,5.2,-3.7,8.9,0.53,493.5,505.0,3.6,62.0,0.5176,0.2679,16.2,3065.1,0.5441,735.0,0.5461,0.5,248.75,0.3236,3.31,13.0,2.0,17.03127802987341,5.7,13.21,19.5,795.0,9.47,0.397
12,1.2,-11.1,12.3,1.07,249.2,254.1,3.8,29.0,0.241,0.0581,1.7,720.5,0.4383,651.0,0.4231,0.5,392.7,0.0009,4.2,13.0,3.0,17.655648969329288,7.23,12.99,17.2,795.0,7.34,0.421
3,5.7,-4.8,10.5,1.34,330.9,352.6,2.9,59.0,0.4953,0.2453,16.9,1966.7,0.5784,763.0,0.4481,0.5,234.74,0.0573,5.0,12.0,3.0,12.715570553448218,8.6,9.4,16.3,795.0,8.87,0.488
11,5.3,-6.5,11.7,1.43,196.4,200.5,0.3,47.0,0.3926,0.1542,12.5,925.3,0.9573,1066.0,0.4124,0.5,246.88,0.1087,6.43,12.0,1.0,16.758817182546977,11.06,13.93,15.1,795.0,8.36,0.382
1,-3.9,-13.7,9.8,0.88,265.9,275.0,2.3,31.0,0.2587,0.0669,-6.0,825.4,0.5382,731.0,0.473,0.5,619.85,0.0472,5.14,15.0,3.0,13.139307103157066,8.84,9.69,15.9,795.0,8.29,0.436
12,3.9,-9.6,13.5,1.66,297.6,298.4,1.5,61.0,0.5113,0.2614,11.9,1825.9,0.6614,829.0,0.5489,0.5,293.41,0.3155,4.65,15.0,4.0,14.110086422703848,8.0,9.91,17.4,795.0,8.37,0.416
12,6.9,-2.4,9.3,1.24,271.3,281.7,2.5,14.0,0.1155,0.0133,4.7,375.9,0.6693,835.0,0.3214,0.5,200.22,0.0203,4.05,11.6,1.0,14.915068430046817,6.97,12.32,14.7,795.0,7.03,0.385
1,1.6,-12.4,13.9,1.98,212.7,215.2,2.8,18.0,0.1528,0.0233,1.5,390.1,0.6876,850.0,0.3342,0.5,376.62,0.7723,3.6,17.6,2.0,11.498548072363548,6.19,9.17,15.7,795.0,6.86,0.356
2,7.5,-6.4,13.9,1.39,395.4,388.8,1.6,10.0,0.0837,0.007,3.8,397.0,0.4134,631.0,0.2159,0.5,182.58,0.0848,5.4,11.0,2.0,16.291787768372618,9.29,12.55,19.9,795.0,7.06,0.248
1,0.7,-12.4,13.0,0.93,300.2,303.6,3.6,56.0,0.4672,0.2182,1.9,1682.9,0.5987,779.0,0.4084,0.5,412.66,0.0285,4.2,13.0,2.0,18.61252972267407,7.23,14.44,18.9,795.0,9.2,0.427
4,13.7,2.8,10.9,1.43,492.4,468.3,3.6,39.0,0.5694,0.3242,26.9,1934.6,0.723,878.0,0.5572,0.5,53.37,0.106,5.8,11.3,3.0,14.869197534912214,9.98,11.13,18.8,1936.7,10.39,0.607
2,2.8,-7.4,10.2,0.74,353.6,349.4,0.5,21.0,0.1709,0.0292,2.8,725.2,0.4684,675.0,0.2068,0.5,332.74,0.1272,3.4,11.0,4.0,13.685739497718519,5.85,9.44,17.9,795.0,6.58,0.372
11,5.9,-2.1,8.1,0.3,319.7,306.7,0.9,50.0,0.4134,0.1709,14.7,1585.9,0.7189,875.0,0.4495,0.5,226.67,0.64,5.06,12.5,2.0,16.56108132182896,8.71,13.0,16.8,795.0,8.63,0.417
2,-0.5,-12.6,12.1,1.21,319.8,319.9,1.5,54.0,0.4477,0.2005,-1.5,1718.0,0.3513,581.0,0.5336,0.5,463.96,0.0118,5.2,9.0,1.0,17.861052326557882,8.95,14.28,17.7,795.0,7.59,0.379
3,9.4,-3.2,12.6,0.88,438.2,452.4,0.2,39.0,0.3282,0.1077,18.5,1725.8,0.7904,932.0,0.4072,0.5,134.36,0.0487,5.36,13.0,1.0,16.938326897034074,9.22,13.94,20.7,795.0,7.38,0.33
3,6.8,-6.6,13.4,0.81,468.8,474.3,3.9,11.0,0.0954,0.0091,3.9,536.9,0.8663,993.0,0.29,0.5,201.49,0.085,5.12,18.5,3.0,16.28002192694215,8.81,12.3,22.0,795.0,7.17,0.421
12,2.5,-9.8,12.3,1.7,194.3,172.5,4.0,11.0,0.0915,0.0084,1.4,213.2,0.9104,1028.0,0.3023,0.5,343.29,0.3644,3.65,10.4,3.0,11.125101264947215,6.28,8.47,14.8,795.0,7.51,0.432
1,2.0,-10.4,12.5,1.15,165.9,169.0,0.5,31.0,0.2575,0.0663,3.1,512.6,0.6066,785.0,0.4646,0.5,360.79,0.003,6.53,10.0,3.0,9.532325343997947,11.24,7.03,15.9,795.0,7.71,0.341
2,5.7,-4.9,10.6,0.81,309.1,303.0,2.9,60.0,0.5005,0.2505,17.2,1856.6,0.5369,730.0,0.5526,0.5,233.65,0.0819,4.3,7.5,1.0,14.83916225658307,7.4,12.16,17.4,795.0,9.59,0.521
12,0.6,-7.7,8.2,1.3,232.9,237.6,1.7,64.0,0.5375,0.2889,1.9,1502.4,0.8241,959.0,0.4516,0.5,416.56,0.0407,4.7,10.0,1.0,19.15076815217064,8.09,15.62,13.1,795.0,10.14,0.525
11,6.8,-6.5,13.2,1.25,317.0,322.1,3.0,22.0,0.1803,0.0325,7.3,685.8,0.835,968.0,0.3893,0.5,202.3,0.0216,4.76,13.0,1.0,15.48791582926798,8.19,12.88,18.5,795.0,9.02,0.453
4,11.4,-1.6,12.9,1.42,535.0,530.4,1.2,55.0,0.5867,0.3442,31.4,2952.3,0.6752,840.0,0.6047,0.5,92.56,0.1017,5.17,10.0,1.0,19.465957955287358,8.9,15.74,21.1,795.0,9.94,0.398
4,16.5,3.6,12.8,0.73,547.8,543.2,2.6,26.0,0.5048,0.2548,21.7,1446.7,0.6754,840.0,0.5712,0.5,20.53,0.1373,5.2,12.0,2.0,12.873370954036062,8.95,10.2,22.9,2137.3,9.95,0.471
3,13.5,4.1,9.4,0.58,440.8,440.1,2.1,16.0,0.2236,0.05,10.7,695.1,0.4115,629.0,0.5114,0.5,56.14,0.2739,5.58,12.0,1.0,13.803526995408706,9.6,11.28,19.0,795.0,9.04,0.36
12,3.1,-6.5,9.7,0.76,284.9,295.4,1.9,42.0,0.3495,0.1221,6.5,1194.6,0.6095,788.0,0.4212,0.5,320.21,0.1174,5.7,9.3,2.0,10.95745909426467,9.81,8.71,16.4,795.0,8.38,0.463
12,1.8,-8.6,10.4,1.02,348.9,339.2,3.0,36.0,0.2963,0.0878,3.2,1240.6,0.7,860.0,0.3957,0.5,367.67,0.0068,4.3,11.0,1.0,10.685948302827832,7.4,9.17,17.3,795.0,8.1,0.302
2,-0.8,-10.4,9.6,1.31,353.0,355.7,2.5,27.0,0.2274,0.0517,-1.1,963.4,0.5379,730.0,0.3719,0.5,475.31,0.0454,5.9,13.0,2.0,13.573052337820837,10.15,10.61,16.0,795.0,7.22,0.399
4,16.8,3.3,13.5,1.44,571.7,573.0,3.7,57.0,1.0,1.0,48.1,3273.7,0.7214,877.0,0.8947,0.5,17.71,0.1177,4.25,11.8,1.0,16.63392875047252,7.31,13.65,22.1,3987.1,11.92,0.6
2,0.4,-12.6,13.0,1.04,407.9,402.4,3.9,14.0,0.117,0.0137,0.3,572.5,0.6692,835.0,0.4198,0.5,426.16,0.0042,4.3,11.5,1.0,7.127361663840906,7.4,6.48,20.2,795.0,7.31,0.343
3,12.0,3.3,8.7,1.07,374.6,395.8,1.1,32.0,0.379,0.1437,19.4,1209.9,0.7217,877.0,0.5357,0.5,80.25,0.001,6.2,13.0,2.0,12.763237270283742,10.67,10.15,16.2,795.0,5.97,0.39
2,-2.1,-12.9,10.8,1.41,294.0,288.0,0.4,60.0,0.4966,0.2466,-6.3,1751.8,0.4338,647.0,0.5402,0.5,533.71,0.0934,4.4,9.5,1.0,16.76765101563852,7.57,13.52,15.8,795.0,6.36,0.474
11,3.5,-7.8,11.3,0.79,363.7,362.1,0.5,50.0,0.4131,0.1706,8.6,1802.9,0.8666,993.0,0.4528,0.5,307.78,0.0989,4.98,12.0,1.0,13.691700533424573,8.57,11.56,18.8,795.0,7.32,0.49
1,-4.9,-18.2,13.3,1.23,255.7,246.6,3.3,13.0,0.1097,0.012,-3.2,336.7,0.557,746.0,0.3325,0.5,671.83,0.018,3.54,12.0,1.0,7.5474156837239965,6.09,6.71,17.7,795.0,5.93,0.287
3,6.6,-4.2,10.8,0.95,555.2,541.1,0.1,62.0,0.5178,0.2681,20.4,3450.0,0.7361,889.0,0.5792,0.5,208.64,0.022,3.36,9.7,2.0,14.580685594855272,5.78,11.52,20.9,795.0,8.27,0.516
1,-1.4,-12.9,11.6,1.27,340.2,350.5,1.7,24.0,0.2027,0.0411,-1.7,827.7,0.2612,509.0,0.4547,0.5,501.42,0.0286,5.39,14.8,2.0,12.62214649412779,9.27,9.68,17.5,795.0,7.96,0.312
4,11.9,3.6,8.3,1.47,495.1,498.1,2.9,63.0,0.7168,0.5138,37.2,3101.4,0.3977,618.0,0.7175,0.5,83.42,0.1341,4.95,13.0,3.0,13.908274669586298,8.52,10.15,16.7,795.0,11.26,0.448
3,8.2,-3.1,11.3,0.93,413.3,408.7,3.7,21.0,0.1759,0.031,8.6,872.6,0.4565,665.0,0.3637,0.5,164.43,0.0277,6.58,14.1,2.0,11.668760205500151,11.32,9.12,19.2,795.0,7.51,0.447
2,1.2,-8.6,9.8,1.43,278.1,267.0,3.4,23.0,0.1921,0.0369,1.4,641.2,0.704,863.0,0.4759,0.5,392.35,0.106,4.2,8.7,2.0,17.20867032469097,7.23,13.47,14.8,795.0,6.73,0.471
3,7.8,-5.4,13.2,1.2,388.6,385.9,0.4,17.0,0.1378,0.019,6.5,642.4,0.4678,674.0,0.3304,0.5,174.16,0.0103,4.95,15.0,4.0,18.27175258627728,8.52,12.88,19.7,795.0,5.56,0.292
3,10.6,2.5,8.1,1.16,400.9,399.5,1.1,35.0,0.3279,0.1075,18.6,1403.2,0.5369,730.0,0.5107,0.5,107.72,0.0034,3.7,8.5,2.0,11.55417836205204,6.37,9.1,15.9,795.0,10.02,0.365
3,8.9,0.8,8.1,0.36,395.6,400.1,1.1,51.0,0.4224,0.1784,22.5,2005.4,0.6332,807.0,0.4721,0.5,146.81,0.5516,5.1,13.7,4.0,13.340462629243289,8.78,9.31,17.8,795.0,7.7,0.449
1,1.8,-10.3,12.1,1.19,363.2,379.7,3.3,60.0,0.4976,0.2476,5.3,2168.4,0.7807,925.0,0.4514,0.5,369.03,0.0084,5.6,10.0,1.0,13.069609739665223,9.64,11.03,18.4,795.0,10.63,0.579
11,7.7,-6.1,13.8,1.29,370.9,371.0,1.3,54.0,0.4516,0.2039,20.9,2009.7,0.3649,592.0,0.4746,0.5,176.7,0.0373,4.71,9.8,3.0,15.732252236550318,8.1,11.49,19.7,795.0,8.76,0.439
11,8.2,-1.9,10.0,1.41,323.5,321.6,1.2,22.0,0.1862,0.0347,9.1,722.6,0.8542,983.0,0.2317,0.5,165.0,0.0979,4.0,10.0,1.0,21.894100707945025,6.88,17.7,15.6,795.0,6.43,0.303
4,14.9,2.4,12.5,1.96,564.9,563.3,0.0,21.0,0.3471,0.1205,15.7,1185.3,0.5356,729.0,0.4353,0.5,36.9,0.7473,5.21,9.1,1.0,17.732560333582782,8.96,14.33,19.9,795.0,7.81,0.519
4,11.2,-2.5,13.8,1.55,525.1,524.7,3.3,22.0,0.2324,0.054,12.6,1173.2,0.375,600.0,0.364,0.5,95.27,0.2063,4.2,10.5,3.0,16.703094077650054,7.23,12.23,21.3,795.0,7.82,0.334
12,-0.2,-12.4,12.2,1.62,284.7,276.2,1.4,48.0,0.3985,0.1588,-0.5,1361.1,0.679,843.0,0.4144,0.5,450.04,0.2736,4.5,9.5,4.0,10.367519058397942,7.74,7.12,16.3,795.0,9.46,0.4
2,-1.2,-9.8,8.5,1.03,347.2,350.8,1.8,40.0,0.3358,0.1128,-2.5,1399.2,0.745,896.0,0.4426,0.5,494.71,0.0048,4.26,8.4,1.0,15.470382734534253,7.33,12.8,15.8,795.0,8.03,0.392
1,-1.9,-13.1,11.2,1.36,187.3,203.6,1.1,64.0,0.5336,0.2848,-6.0,1199.6,0.6527,822.0,0.4422,0.5,523.83,0.0674,6.2,7.2,2.0,15.600383637506335,10.67,12.22,14.7,795.0,9.35,0.453
4,13.7,5.4,8.3,0.93,402.0,410.4,1.4,58.0,0.8453,0.7145,39.9,2334.1,0.8265,961.0,0.6596,0.5,52.79,0.0278,3.9,7.5,1.0,17.291240008820616,6.71,14.23,16.7,2756.9,10.51,0.475
4,14.7,6.0,8.7,0.99,577.7,560.3,0.7,47.0,0.7542,0.5688,34.3,2688.2,0.7041,863.0,0.6416,0.5,39.37,0.0129,5.1,14.0,1.0,20.73473779253635,8.78,16.71,19.5,3056.1,9.29,0.425
3,8.2,-4.1,12.3,0.83,337.9,342.1,0.4,56.0,0.4706,0.2215,23.1,1908.1,0.6408,813.0,0.4733,0.5,164.11,0.0754,5.87,11.0,3.0,16.06000524720525,10.1,11.96,19.1,795.0,8.32,0.346
2,1.9,-7.0,8.9,1.02,402.9,404.1,1.7,32.0,0.2635,0.0694,3.0,1273.7,0.7491,899.0,0.3222,0.5,365.84,0.0071,4.4,8.5,3.0,10.85257044584376,7.57,8.14,16.9,795.0,7.14,0.44
11,4.3,-4.5,8.8,0.97,414.8,429.1,1.5,30.0,0.2485,0.0617,6.4,1237.0,0.6721,838.0,0.4473,0.5,278.04,0.0179,6.0,11.0,4.0,12.948267011963045,10.32,9.05,17.2,795.0,7.53,0.376
11,5.7,-7.1,12.8,0.54,355.6,334.1,2.9,51.0,0.4211,0.1773,14.4,1796.6,0.6252,800.0,0.5217,0.5,234.01,0.3184,6.8,16.5,1.0,8.049109467007662,11.7,7.14,20.5,795.0,8.91,0.43
12,-0.4,-13.2,12.9,1.61,283.5,283.4,3.2,58.0,0.4835,0.2337,-1.0,1644.6,0.4375,650.0,0.5815,0.5,455.93,0.2603,5.3,13.5,2.0,9.43826447123259,9.12,7.43,16.8,795.0,9.04,0.356
4,9.3,-0.4,9.7,0.6,419.5,435.7,0.9,26.0,0.217,0.0471,12.1,1092.5,0.5216,717.0,0.1896,0.5,137.13,0.2451,3.8,10.9,2.0,12.766446146903206,6.54,9.99,18.8,795.0,6.96,0.449
1,2.7,-11.3,14.0,1.64,337.4,337.7,0.5,19.0,0.16,0.0256,2.6,647.9,0.7877,930.0,0.3301,0.5,333.78,0.2886,4.0,9.0,2.0,14.597489494226169,6.88,11.58,18.5,795.0,6.43,0.385
11,8.2,0.2,8.0,1.46,315.1,316.4,2.2,51.0,0.427,0.1823,21.0,1614.6,0.4201,636.0,0.6016,0.5,163.94,0.1319,4.4,13.0,1.0,17.213059906432807,7.57,13.85,13.8,795.0,8.44,0.446
12,4.5,-4.6,9.1,1.02,393.6,387.0,2.1,35.0,0.2897,0.084,7.8,1368.4,0.6795,844.0,0.3468,0.5,272.46,0.0059,5.17,12.5,4.0,14.864348086187881,8.9,10.49,16.9,795.0,7.43,0.408
2,-1.1,-9.5,8.4,0.98,356.2,371.9,0.6,60.0,0.5002,0.2502,-3.2,2138.4,0.7005,860.0,0.4974,0.5,486.32,0.0141,4.1,8.8,2.0,13.962508256155143,7.05,11.03,15.9,795.0,8.85,0.524
3,7.7,-1.7,9.4,1.17,509.5,506.9,0.6,64.0,0.5358,0.2871,24.8,3275.8,0.4619,670.0,0.5488,0.5,176.92,0.0051,4.82,14.0,3.0,19.418050503833438,8.29,14.33,18.5,795.0,9.71,0.394
1,-6.8,-16.6,9.8,0.8,296.7,292.1,1.9,10.0,0.0854,0.0073,-3.5,303.9,0.7846,928.0,0.315,0.5,774.54,0.0876,3.6,12.5,2.0,17.721540441114875,6.19,13.92,16.6,795.0,6.48,0.47
3,6.8,-5.4,12.2,0.68,413.9,427.9,2.5,52.0,0.4359,0.19,17.8,2164.8,0.3281,562.0,0.5799,0.5,201.76,0.1732,5.5,9.0,3.0,12.39266497190043,9.46,8.96,20.6,795.0,8.93,0.436
3,10.4,-0.9,11.3,1.48,345.1,350.0,0.0,32.0,0.2849,0.0812,16.4,1090.9,0.6454,816.0,0.5249,0.5,112.19,0.1428,4.9,12.6,2.0,14.617883533759581,8.43,11.48,16.8,795.0,8.04,0.363
1,1.1,-8.2,9.3,1.12,131.6,127.3,2.1,10.0,0.0856,0.0073,0.6,135.2,0.8994,1020.0,0.3815,0.5,396.06,0.0003,4.9,11.0,2.0,16.05257273632488,8.43,12.76,12.9,795.0,6.45,0.432
12,-1.4,-13.8,12.4,0.52,236.9,236.8,0.6,47.0,0.395,0.1561,-3.3,1123.2,0.718,874.0,0.4713,0.5,501.79,0.3375,5.48,18.6,3.0,13.724097687317103,9.43,10.27,18.5,795.0,7.56,0.427
4,13.8,4.8,9.0,0.92,607.6,612.8,3.9,27.0,0.3969,0.1575,18.6,1638.8,0.5209,717.0,0.3743,0.5,51.42,0.0326,4.3,9.0,3.0,15.883271106237354,7.4,11.73,20.4,1048.5,9.29,0.396
4,13.6,5.4,8.2,0.78,512.3,527.9,1.7,10.0,0.145,0.021,6.9,520.6,0.7867,929.0,0.2618,0.5,55.34,0.0998,6.2,8.0,2.0,11.333486936996849,10.67,9.13,18.6,795.0,7.28,0.388
11,3.7,-9.0,12.7,0.76,376.0,374.5,1.4,17.0,0.1377,0.019,3.1,621.3,0.7414,893.0,0.3563,0.5,297.63,0.1175,4.2,13.0,2.0,14.427989537273435,7.23,11.41,20.2,795.0,5.64,0.334
12,1.1,-12.3,13.4,1.32,320.6,307.0,1.3,26.0,0.216,0.0467,1.4,831.0,0.4171,634.0,0.3114,0.5,397.33,0.0495,4.51,13.0,3.0,13.618489915404691,7.76,9.95,18.5,795.0,7.57,0.384
1,-1.1,-15.1,14.0,1.64,345.9,352.5,1.2,53.0,0.4411,0.1945,-2.8,1830.8,0.588,770.0,0.4073,0.5,487.31,0.2913,5.44,12.0,2.0,19.43173029583481,9.36,15.04,18.6,795.0,9.05,0.418
12,5.0,-7.4,12.4,0.91,338.7,344.7,3.3,60.0,0.4994,0.2494,15.0,2029.7,0.7158,873.0,0.4975,0.5,255.94,0.036,5.0,10.5,1.0,15.314854760955606,8.6,12.66,19.0,795.0,9.78,0.358
3,9.3,1.2,8.1,1.36,455.6,464.9,0.9,64.0,0.5329,0.284,29.7,2913.7,0.9001,1020.0,0.524,0.5,137.0,0.0677,6.19,11.0,2.0,15.744258876688512,10.65,12.53,16.2,795.0,7.81,0.448
11,6.8,-2.0,8.8,1.67,247.8,238.6,2.3,34.0,0.2827,0.0799,11.5,840.6,0.7425,894.0,0.3139,0.5,202.76,0.3202,4.4,13.0,2.0,21.244829399562356,7.57,16.53,12.9,795.0,9.26,0.362
2,0.8,-10.3,11.1,1.99,363.3,360.4,3.0,41.0,0.3406,0.116,1.7,1484.8,0.5625,750.0,0.4127,0.5,406.11,0.7898,4.8,13.0,2.0,16.965292109273022,8.26,13.17,15.7,795.0,8.24,0.438
3,3.7,-6.8,10.5,1.25,453.6,466.0,1.0,37.0,0.3051,0.0931,6.8,1660.9,0.6119,790.0,0.4265,0.5,299.27,0.0211,5.08,9.0,4.0,12.209495131567028,8.74,8.45,18.4,795.0,6.49,0.497
2,2.3,-8.6,10.9,1.21,352.1,358.7,2.5,60.0,0.4962,0.2462,6.8,2096.2,0.5147,712.0,0.6238,0.5,350.11,0.0116,4.76,12.0,2.0,12.926896020844254,8.19,10.11,17.3,795.0,8.9,0.455
12,4.5,-4.7,9.2,1.02,347.7,354.4,1.6,25.0,0.2049,0.042,5.6,855.1,0.6774,842.0,0.3729,0.5,270.95,0.0064,4.06,10.3,2.0,19.490001159291594,6.99,15.16,16.3,795.0,8.76,0.254
12,-2.2,-12.9,10.8,0.94,369.5,389.1,3.1,50.0,0.4137,0.1712,-5.4,1834.3,0.5944,776.0,0.4227,0.5,537.45,0.0269,4.3,9.0,1.0,12.480942722713653,7.4,10.44,18.1,795.0,7.58,0.398
11,8.9,-2.7,11.6,0.89,237.6,235.1,0.9,27.0,0.2236,0.05,11.9,637.5,0.9134,1031.0,0.3209,0.5,146.75,0.0456,6.16,13.2,1.0,18.903494550977392,10.6,15.51,16.9,795.0,6.48,0.474
12,1.0,-9.7,10.7,0.56,232.2,232.8,2.3,28.0,0.2369,0.0561,1.5,660.2,0.6958,857.0,0.3609,0.5,399.11,0.2941,5.2,11.0,2.0,9.395070981264965,8.95,7.6,16.9,795.0,8.21,0.505
3,9.3,-3.1,12.5,0.81,477.8,482.6,0.4,36.0,0.3013,0.0908,16.9,1727.3,0.9269,1042.0,0.4285,0.5,135.99,0.082,3.48,15.7,1.0,16.015288144534697,5.99,13.35,21.4,795.0,7.07,0.444
11,3.0,-8.2,11.1,0.3,407.2,426.4,2.7,33.0,0.2753,0.0758,4.9,1345.4,0.6633,831.0,0.5579,0.5,325.7,0.64,4.1,6.4,1.0,15.337948831905779,7.05,12.63,20.5,795.0,8.91,0.435
12,2.4,-9.3,11.8,1.13,242.2,240.5,1.0,51.0,0.4214,0.1776,6.2,1224.5,0.4586,667.0,0.5397,0.5,344.28,0.0012,4.92,12.0,4.0,14.82855445502302,8.47,10.29,16.5,795.0,9.36,0.348
12,4.9,-5.1,10.1,0.68,175.2,171.7,0.6,32.0,0.2692,0.0725,8.0,565.9,0.6199,796.0,0.2799,0.5,257.89,0.1738,3.95,11.0,3.0,21.4364510209761,6.8,15.97,15.3,795.0,7.81,0.44
2,4.0,-9.2,13.2,1.22,302.1,305.9,3.2,32.0,0.2663,0.0709,6.4,965.4,0.2224,478.0,0.3689,0.5,289.06,0.0143,5.27,13.0,3.0,14.61770939224136,9.07,10.54,18.3,795.0,9.5,0.333
11,4.0,-9.9,14.0,0.54,279.4,283.0,3.4,27.0,0.2234,0.0499,5.4,749.1,0.7251,880.0,0.3042,0.5,287.53,0.314,5.8,11.5,4.0,6.41238646775696,9.98,4.19,20.3,795.0,9.02,0.479
3,10.7,1.0,9.7,1.82,428.3,430.8,3.7,48.0,0.4605,0.2121,25.9,2076.2,0.8825,1006.0,0.5233,0.5,106.09,0.514,4.8,9.0,4.0,12.844147112410107,8.26,9.14,15.9,795.0,8.17,0.413
1,-2.4,-15.3,12.9,1.17,257.0,255.1,2.4,60.0,0.5035,0.2535,-7.3,1553.0,0.5535,743.0,0.5913,0.5,547.75,0.0056,5.2,9.5,3.0,14.572326237943688,8.95,10.77,17.6,795.0,8.47,0.474
4,10.7,2.1,8.6,1.52,551.8,546.8,0.9,27.0,0.2571,0.0661,14.5,1500.7,0.8528,982.0,0.2685,0.5,106.68,0.1753,5.01,12.4,2.0,18.414037469505782,8.62,14.49,17.6,795.0,6.83,0.405
12,1.2,-11.4,12.6,1.54,254.5,253.4,3.7,54.0,0.4517,0.204,3.3,1379.2,0.5611,749.0,0.517,0.5,391.21,0.1956,4.58,9.0,1.0,18.170917810396293,7.88,14.68,16.4,795.0,9.02,0.403
4,12.9,3.6,9.3,1.03,523.7,509.2,0.5,59.0,0.7754,0.6013,38.0,3085.2,0.2457,497.0,0.7904,0.5,65.64,0.0044,7.1,5.0,3.0,10.776817307113172,12.22,7.68,19.0,1619.4,10.18,0.44
4,11.6,3.4,8.2,1.59,404.5,403.5,0.8,43.0,0.474,0.2247,25.0,1746.4,0.701,861.0,0.5481,0.5,88.6,0.2361,5.2,15.5,1.0,13.675049987384396,8.95,11.42,14.9,1699.5,8.71,0.468
12,-2.0,-10.4,8.3,1.02,173.7,180.4,0.8,25.0,0.2045,0.0418,-2.5,426.1,0.6849,848.0,0.3432,0.5,530.91,0.0069,4.22,11.7,1.0,14.98473109177802,7.26,12.39,13.0,795.0,5.64,0.371
1,0.9,-9.8,10.6,0.79,408.1,406.3,3.4,15.0,0.1234,0.0152,0.6,604.4,0.7123,870.0,0.2775,0.5,405.89,0.0988,4.62,13.0,2.0,8.501946895913061,7.95,6.95,19.0,795.0,6.64,0.372
12,-0.5,-12.4,11.9,0.73,206.4,206.2,1.9,62.0,0.5194,0.2698,-1.6,1286.6,0.5925,774.0,0.531,0.5,462.67,0.134,6.03,9.6,2.0,15.858712861828142,10.38,12.37,17.1,795.0,8.65,0.463
3,9.5,-2.0,11.5,0.82,272.3,275.6,1.6,58.0,0.4798,0.2302,27.3,1567.7,0.7524,902.0,0.4129,0.5,132.62,0.0773,5.12,10.5,1.0,16.392182412095394,8.81,13.5,17.5,795.0,8.31,0.488
11,10.4,-2.1,12.5,1.77,234.2,239.2,1.5,31.0,0.2789,0.0778,16.0,719.8,0.715,872.0,0.301,0.5,111.4,0.4489,4.87,12.5,3.0,19.10680841175185,8.38,14.3,15.4,795.0,7.13,0.493
12,5.5,-5.5,10.9,0.86,253.7,230.3,0.4,22.0,0.1843,0.034,6.0,561.2,0.7542,903.0,0.106,0.5,241.5,0.0574,3.5,9.5,3.0,16.555616617107134,6.02,12.42,16.7,795.0,5.07,0.373
12,-0.6,-14.1,13.5,0.64,246.2,239.9,2.2,16.0,0.1365,0.0186,-0.5,403.3,0.7226,878.0,0.2487,0.5,466.76,0.2138,5.3,9.4,1.0,12.000608494558872,9.12,10.18,19.2,795.0,7.48,0.461
3,3.9,-5.3,9.2,1.12,403.3,413.2,0.6,32.0,0.269,0.0724,6.3,1301.9,0.7773,922.0,0.3628,0.5,293.06,0.0003,4.3,17.6,2.0,9.316927525306546,7.4,7.61,16.9,795.0,7.14,0.452
1,1.6,-10.4,12.0,1.25,333.3,315.1,1.2,17.0,0.1405,0.0197,1.4,561.9,1.0,1163.0,0.305,0.5,376.19,0.0227,4.75,9.0,2.0,11.328430830912916,8.17,9.3,17.7,795.0,7.3,0.448
12,-0.5,-12.7,12.2,1.01,260.1,276.0,1.5,37.0,0.3081,0.0949,-0.9,961.6,0.6144,792.0,0.3679,0.5,462.75,0.0076,4.8,13.0,4.0,24.284981116821726,8.26,17.51,17.4,795.0,8.32,0.371
11,8.1,-3.7,11.8,1.18,347.7,357.7,1.5,17.0,0.144,0.0207,7.0,600.7,0.4885,691.0,0.3206,0.5,166.45,0.0071,6.04,9.0,1.0,13.284805312366839,10.39,10.95,18.0,795.0,5.76,0.362
4,13.2,3.2,10.0,1.41,459.6,443.5,3.6,36.0,0.4887,0.2388,23.6,1649.5,0.4301,644.0,0.4992,0.5,61.33,0.0943,4.0,13.0,3.0,12.260351081956022,6.88,8.94,17.7,1196.6,8.67,0.516
2,3.5,-7.0,10.5,2.17,230.3,225.9,2.4,44.0,0.3657,0.1337,7.7,1010.5,0.5273,722.0,0.3454,0.5,305.35,1.1476,4.6,14.5,1.0,9.861153983871457,7.91,8.42,12.7,795.0,8.83,0.384
1,-0.6,-10.8,10.2,1.45,268.5,285.4,0.2,45.0,0.3716,0.1381,-1.3,1197.2,0.8814,1005.0,0.386,0.5,465.06,0.1219,6.23,12.0,2.0,14.99597441610212,10.72,11.95,14.9,795.0,6.99,0.47
1,-4.5,-16.0,11.6,1.4,299.2,290.3,3.0,32.0,0.2672,0.0714,-7.2,959.2,0.7678,914.0,0.3644,0.5,648.82,0.0895,4.7,10.0,4.0,18.73509500039677,8.09,13.47,16.5,795.0,7.42,0.36
2,5.1,-4.0,9.1,0.4,403.8,390.8,0.5,37.0,0.3112,0.0968,9.5,1507.8,0.4886,691.0,0.3757,0.5,252.66,0.4907,3.8,10.5,2.0,15.075678134515892,6.54,11.7,18.7,795.0,6.67,0.489
1,3.0,-10.5,13.5,0.73,280.4,288.7,2.4,46.0,0.3843,0.1477,6.9,1293.4,0.4151,632.0,0.5209,0.5,324.24,0.138,3.3,13.8,2.0,16.073057939960215,5.68,12.39,19.5,795.0,8.48,0.381
1,0.3,-8.2,8.5,1.35,281.8,270.4,1.4,29.0,0.2451,0.0601,0.4,828.8,0.7026,862.0,0.3099,0.5,430.52,0.0625,3.83,11.0,3.0,14.761709006302642,6.59,11.03,13.9,795.0,8.32,0.377
4,14.5,6.4,8.1,0.86,619.1,632.0,0.3,61.0,0.9708,0.9424,44.4,3781.7,0.5809,765.0,0.7778,0.5,41.8,0.0573,5.11,12.3,2.0,13.706397847132294,8.79,10.74,19.9,2723.7,10.55,0.537
4,15.5,6.6,8.9,1.2,398.2,393.2,3.5,62.0,1.0,1.0,47.9,2469.4,0.6856,848.0,0.7262,0.5,30.66,0.0097,5.4,6.5,2.0,14.980335892548753,9.29,11.78,16.4,3231.9,11.98,0.585
2,3.3,-9.2,12.5,0.94,412.3,421.1,2.6,36.0,0.2984,0.089,5.9,1476.1,0.8105,948.0,0.4612,0.5,314.14,0.027,4.6,10.9,1.0,15.363391957727654,7.91,12.77,20.2,795.0,8.16,0.427
3,5.2,-7.8,13.1,1.68,382.6,384.7,3.4,15.0,0.127,0.0161,4.0,583.1,0.814,951.0,0.3541,0.5,248.62,0.3416,5.0,13.0,1.0,13.499435579474392,8.6,11.38,18.3,795.0,6.57,0.427
11,8.1,-0.1,8.1,1.84,248.4,248.3,1.8,16.0,0.1368,0.0187,6.6,407.8,0.6,780.0,0.3415,0.5,167.38,0.5546,5.0,11.0,1.0,14.509066155611825,8.6,11.96,11.9,795.0,6.16,0.398
4,15.4,1.8,13.7,0.55,504.5,494.1,3.4,41.0,0.7177,0.515,31.9,2083.5,0.6408,813.0,0.5352,0.5,31.06,0.3053,4.0,12.5,1.0,18.226271373047382,6.88,14.78,23.4,2211.2,11.63,0.538
11,3.2,-8.8,12.0,0.9,364.7,352.2,1.1,58.0,0.487,0.2372,9.3,2131.5,0.5147,712.0,0.4976,0.5,317.25,0.0388,3.8,9.0,3.0,16.05692380083286,6.54,11.85,19.1,795.0,6.67,0.39
11,8.3,0.0,8.3,1.02,318.5,329.0,3.7,48.0,0.3999,0.1599,20.0,1528.3,0.6514,821.0,0.5639,0.5,160.27,0.0058,4.91,8.9,3.0,14.212864227169414,8.45,10.58,15.2,795.0,7.98,0.337
2,0.1,-11.2,11.3,1.3,354.0,353.4,2.3,53.0,0.4429,0.1961,0.3,1881.5,0.6841,847.0,0.5531,0.5,435.68,0.0395,6.07,10.8,2.0,7.893095655785897,10.44,6.47,17.4,795.0,8.19,0.486
12,-1.5,-15.0,13.5,0.88,326.9,306.1,2.9,46.0,0.385,0.1482,-3.5,1510.4,0.7092,867.0,0.4228,0.5,507.39,0.048,4.15,13.2,1.0,15.797235391802925,7.14,13.02,19.8,795.0,9.24,0.542
1,0.9,-10.6,11.5,1.25,272.6,273.8,2.5,31.0,0.257,0.066,1.4,840.7,0.5318,725.0,0.3647,0.5,404.84,0.0214,4.5,15.6,2.0,14.240588250299048,7.74,11.11,16.4,795.0,6.69,0.312
12,-2.0,-15.4,13.4,0.75,278.8,275.7,0.8,51.0,0.4228,0.1788,-5.2,1414.5,0.7039,863.0,0.6045,0.5,530.42,0.1228,5.2,13.0,3.0,16.726841837284603,8.95,12.51,19.3,795.0,8.09,0.478
1,-3.1,-14.3,11.2,1.84,281.6,288.2,1.4,33.0,0.2725,0.0743,-5.1,921.0,0.7923,934.0,0.3924,0.5,581.6,0.5459,4.9,12.0,3.0,19.45841395973635,8.43,14.63,14.9,795.0,6.45,0.363
4,14.2,2.5,11.8,0.71,512.8,500.4,3.2,29.0,0.4517,0.204,20.9,1504.5,0.5394,732.0,0.5296,0.5,45.73,0.1522,5.3,10.5,2.0,17.98049565498711,9.12,13.92,21.6,2281.3,8.8,0.485
1,-1.0,-12.4,11.4,1.23,302.7,301.5,0.4,50.0,0.4201,0.1765,-2.4,1526.0,0.5922,774.0,0.3921,0.5,481.88,0.018,4.8,16.0,3.0,12.260085807841126,8.26,9.07,16.9,795.0,8.53,0.416
1,-0.5,-13.7,13.1,0.97,364.7,364.1,0.5,18.0,0.1505,0.0226,-0.5,658.5,0.7869,930.0,0.2292,0.5,463.83,0.018,4.87,12.4,2.0,11.809927243851444,8.38,9.49,19.9,795.0,7.56,0.354
4,12.7,2.9,9.8,0.72,570.4,574.9,0.6,25.0,0.3218,0.1036,15.9,1429.1,0.6409,813.0,0.5022,0.5,68.79,0.1468,5.0,17.3,3.0,16.10403831084458,8.6,11.99,20.9,795.0,6.96,0.423
12,-0.1,-9.2,9.1,0.69,362.0,362.2,3.6,53.0,0.4453,0.1983,-0.2,1934.6,0.5222,718.0,0.5747,0.5,443.94,0.1647,3.91,9.0,1.0,13.36818886728766,6.73,11.04,17.3,795.0,8.96,0.477
12,0.2,-10.0,10.2,0.42,259.8,277.8,2.5,44.0,0.3665,0.1343,0.5,1142.5,0.7146,872.0,0.4708,0.5,431.43,0.4665,3.74,7.0,2.0,16.599105466868906,6.44,13.02,17.3,795.0,8.28,0.443
11,5.2,-7.9,13.1,1.18,339.5,321.4,1.5,35.0,0.2887,0.0833,9.0,1176.0,0.5843,767.0,0.4107,0.5,249.85,0.0067,5.39,10.0,2.0,13.462433699955044,9.27,10.56,18.9,795.0,7.03,0.41
3,7.5,-2.3,9.8,1.09,420.6,438.5,1.9,61.0,0.5061,0.2561,22.9,2554.4,0.6774,842.0,0.5832,0.5,181.21,0.0002,3.35,10.0,3.0,23.194108379699294,5.76,17.34,17.7,795.0,8.66,0.403
2,2.9,-9.7,12.7,1.5,364.5,373.3,3.2,37.0,0.3076,0.0946,5.4,1345.4,0.4937,695.0,0.5065,0.5,326.89,0.1566,5.21,11.4,4.0,14.482232695164331,8.96,10.06,18.2,795.0,7.53,0.513
4,11.1,-2.3,13.4,1.46,542.6,540.6,0.8,26.0,0.2679,0.0718,14.6,1429.2,0.5255,720.0,0.4465,0.5,97.96,0.1294,4.7,10.0,2.0,16.498750626606512,8.09,12.79,21.5,795.0,7.49,0.442
4,8.3,-5.5,13.7,1.34,464.7,470.3,1.8,56.0,0.4664,0.2176,23.1,2601.1,0.5676,754.0,0.54,0.5,162.26,0.0573,3.8,9.0,2.0,11.806097407514004,6.54,9.31,20.9,795.0,8.26,0.494
1,-1.5,-10.3,8.8,0.3,226.4,222.5,0.1,57.0,0.4733,0.224,-4.1,1285.8,0.5957,777.0,0.5412,0.5,504.03,0.64,5.4,10.0,1.0,10.159815984901371,9.29,8.7,16.0,795.0,6.7,0.44
11,9.3,-0.9,10.2,1.29,306.2,306.7,2.7,26.0,0.2184,0.0477,12.2,802.4,0.8931,1015.0,0.3895,0.5,136.69,0.0367,5.1,10.5,4.0,17.194402213038156,8.78,12.41,15.8,795.0,6.96,0.462
12,1.4,-9.2,10.6,1.72,384.1,365.0,2.0,17.0,0.1375,0.0189,1.2,633.8,0.9241,1039.0,0.3591,0.5,383.08,0.3833,7.1,10.6,3.0,12.667531161952336,12.22,9.64,16.3,795.0,5.73,0.413
4,9.4,-2.0,11.4,0.46,505.3,502.6,2.4,58.0,0.4827,0.233,27.1,2927.1,0.3114,549.0,0.5486,0.5,135.39,0.406,2.54,11.0,4.0,12.202376376749928,4.37,8.2,21.8,795.0,8.83,0.457
2,-3.0,-12.3,9.3,0.5,345.4,350.2,0.5,19.0,0.1586,0.0251,-2.8,657.3,0.5048,704.0,0.2786,0.5,575.56,0.3568,5.0,13.0,2.0,12.236950082727175,8.6,9.58,17.7,795.0,7.15,0.36
1,-5.5,-17.8,12.4,0.88,363.8,345.8,1.4,41.0,0.3393,0.1151,-11.1,1481.2,0.9009,1021.0,0.4439,0.5,700.29,0.0474,4.0,16.5,1.0,10.163380820584255,6.88,8.94,19.4,795.0,9.47,0.488
2,5.3,-7.3,12.7,1.89,323.9,323.1,3.5,39.0,0.3239,0.1049,10.4,1258.8,0.7106,869.0,0.4126,0.5,244.94,0.6299,4.7,10.0,3.0,14.455267727059645,8.09,10.81,16.6,795.0,8.23,0.378
3,7.9,-0.6,8.5,0.82,518.0,527.7,3.8,51.0,0.4209,0.1772,20.0,2616.6,0.6426,814.0,0.4679,0.5,171.39,0.0799,4.1,11.1,3.0,11.787608628250979,7.05,8.75,18.8,795.0,8.79,0.438
12,-3.8,-13.0,9.2,0.3,302.9,304.6,1.2,12.0,0.0972,0.0095,-2.2,353.4,0.745,896.0,0.3769,0.5,612.94,0.64,4.0,8.5,1.0,22.149516884194647,6.88,17.81,17.5,795.0,7.72,0.366
2,1.6,-9.6,11.2,1.5,321.0,328.7,1.4,57.0,0.4728,0.2236,4.5,1821.2,0.8311,965.0,0.5983,0.5,377.24,0.1562,4.33,15.1,2.0,8.940678522701036,7.45,7.37,16.3,795.0,8.41,0.466
11,13.6,3.7,9.9,0.97,361.6,376.4,2.7,53.0,0.7626,0.5816,36.3,1934.2,0.8279,962.0,0.8144,0.5,55.43,0.0157,5.1,10.5,1.0,20.07110443550364,8.78,16.32,17.2,1316.8,10.51,0.563
4,13.0,2.0,11.0,1.84,588.3,590.9,2.7,14.0,0.1806,0.0326,8.8,801.9,0.5876,770.0,0.3822,0.5,64.79,0.5444,3.67,10.0,4.0,18.62901669608135,6.31,13.24,19.3,795.0,8.11,0.397
2,2.8,-5.5,8.3,1.32,333.3,328.1,3.0,42.0,0.35,0.1225,5.9,1399.7,0.711,869.0,0.405,0.5,330.2,0.0494,4.92,17.0,2.0,19.11292670260681,8.47,14.9,14.6,795.0,8.04,0.385
1,-0.0,-10.5,10.5,0.85,368.6,377.0,1.8,33.0,0.2769,0.0767,-0.0,1224.9,0.4703,676.0,0.5212,0.5,441.95,0.0644,3.1,14.4,2.0,20.672137605777134,5.33,15.88,18.1,795.0,7.59,0.447
4,12.9,-0.8,13.7,0.74,486.6,478.7,1.5,40.0,0.5308,0.2817,26.0,1958.4,0.5516,741.0,0.4771,0.5,65.39,0.1319,4.0,8.0,2.0,16.834033630254,6.88,13.07,22.7,1522.6,9.21,0.375
12,1.0,-8.9,9.9,1.1,261.0,282.8,3.7,37.0,0.3112,0.0969,1.8,974.7,0.842,974.0,0.3696,0.5,401.83,0.0,4.8,11.0,3.0,20.005238930760946,8.26,15.08,15.4,795.0,8.54,0.527
3,5.2,-4.6,9.8,1.31,471.0,466.7,1.5,56.0,0.4644,0.2156,14.5,2624.8,0.5998,780.0,0.4479,0.5,249.34,0.0421,4.2,14.5,1.0,18.493031176344296,7.23,14.95,17.9,795.0,9.14,0.46
1,-1.2,-11.6,10.4,0.37,302.7,309.6,4.0,14.0,0.1126,0.0127,-0.8,408.9,0.499,699.0,0.3193,0.5,493.18,0.5359,5.3,12.0,2.0,16.19293866195712,9.12,12.54,18.3,795.0,6.65,0.411
1,-4.7,-13.8,9.1,1.29,257.8,260.6,1.3,35.0,0.2883,0.0831,-8.1,891.8,0.6686,835.0,0.473,0.5,658.48,0.0361,6.0,12.0,1.0,13.433345405294947,10.32,11.21,14.3,795.0,5.96,0.44
1,-1.9,-11.2,9.4,1.14,246.9,238.2,0.2,63.0,0.5211,0.2716,-5.8,1543.9,0.9012,1021.0,0.5938,0.5,522.59,0.0013,4.5,13.0,3.0,16.61196515933388,7.74,12.58,14.7,795.0,7.74,0.454
3,2.8,-8.9,11.8,0.91,441.1,421.0,1.8,24.0,0.1986,0.0395,3.4,1051.4,0.4641,671.0,0.3878,0.5,329.98,0.0344,6.4,8.8,3.0,19.400012357644172,11.01,14.32,20.1,795.0,7.33,0.487
2,-1.9,-13.4,11.5,0.79,381.2,395.7,0.1,49.0,0.4076,0.1661,-4.5,1864.3,0.5305,724.0,0.5235,0.5,522.35,0.0934,5.7,11.5,4.0,12.249294227834302,9.81,8.41,19.2,795.0,6.66,0.454
12,-0.5,-10.8,10.3,1.2,191.8,200.1,3.9,54.0,0.4475,0.2003,-1.2,1029.8,0.6705,836.0,0.5648,0.5,460.58,0.01,3.9,12.0,4.0,16.008199059437413,6.71,11.34,14.5,795.0,10.01,0.33
4,15.5,3.9,11.6,0.65,531.2,534.0,0.3,33.0,0.5753,0.331,25.5,1752.3,0.6329,806.0,0.624,0.5,30.65,0.2048,4.1,13.0,1.0,18.488431975710835,7.05,14.97,21.9,1690.3,9.52,0.432
11,8.0,-3.9,11.9,1.4,311.1,301.9,0.6,21.0,0.1783,0.0318,8.5,665.6,0.609,787.0,0.3937,0.5,169.64,0.0894,4.84,10.0,3.0,16.782060807394455,8.33,12.47,17.0,795.0,7.13,0.488
2,-3.0,-16.7,13.7,0.66,326.0,331.1,3.6,39.0,0.326,0.1063,-5.9,1275.1,0.7573,906.0,0.4457,0.5,576.55,0.1917,4.9,17.2,2.0,12.411609983201805,8.43,9.91,20.5,795.0,8.13,0.495
1,-1.9,-10.9,8.9,1.17,407.0,408.2,0.6,30.0,0.2483,0.0616,-2.9,1212.6,0.7472,898.0,0.3754,0.5,526.46,0.0045,4.2,11.5,2.0,6.903792174315539,7.23,5.78,16.6,795.0,8.56,0.412
11,8.1,-2.0,10.1,1.93,215.1,220.9,2.6,57.0,0.4731,0.2238,23.0,1221.5,1.0,1367.0,0.6273,0.5,166.43,0.6951,4.6,9.5,2.0,11.517650220776552,7.91,9.44,12.8,795.0,8.77,0.442
2,4.9,-4.7,9.6,1.44,400.3,371.3,3.1,19.0,0.1573,0.0247,4.6,755.6,0.4238,639.0,0.2712,0.5,259.42,0.1185,4.3,10.0,2.0,25.0,7.4,19.09,16.4,795.0,6.87,0.327
3,6.8,-1.5,8.3,1.15,356.9,359.3,3.8,50.0,0.4208,0.177,17.1,1801.8,0.6139,791.0,0.5386,0.5,201.85,0.0027,5.6,10.5,2.0,17.180694014632824,9.64,13.38,15.4,795.0,9.45,0.447
1,-1.8,-11.9,10.1,1.65,360.8,364.5,3.1,48.0,0.3998,0.1598,-4.2,1730.9,0.8876,1010.0,0.5704,0.5,517.94,0.3025,5.2,10.0,3.0,13.517615114029278,8.95,10.25,15.7,795.0,9.4,0.429
3,5.8,-6.9,12.7,0.89,379.9,388.9,2.5,54.0,0.4513,0.2037,15.7,2057.5,0.8303,964.0,0.4206,0.5,230.78,0.0436,4.6,10.8,4.0,15.234080780262303,7.91,10.89,19.9,795.0,8.57,0.373
2,8.3,-0.5,8.9,0.91,310.7,297.9,3.8,52.0,0.4374,0.1913,21.9,1630.6,0.6763,841.0,0.403,0.5,160.12,0.0358,5.0,13.3,2.0,17.29614075287859,8.6,13.51,15.8,795.0,8.93,0.53
2,-2.0,-14.2,12.3,0.59,249.7,262.9,1.5,60.0,0.4977,0.2477,-5.8,1491.3,0.5977,778.0,0.4739,0.5,526.82,0.2642,5.6,15.0,3.0,15.549010496506959,9.64,11.54,18.4,795.0,8.09,0.487
1,-5.6,-18.8,13.2,0.37,249.9,252.1,2.8,13.0,0.1102,0.0121,-3.7,330.4,0.831,965.0,0.3195,0.5,708.85,0.5339,5.57,7.4,2.0,8.810731988773021,9.58,7.27,19.7,795.0,6.27,0.357
1,1.7,-7.7,9.4,0.64,270.3,265.6,2.3,39.0,0.3243,0.1052,3.3,1051.7,0.5834,767.0,0.3616,0.5,372.84,0.2142,5.23,8.0,2.0,7.332834523336716,9.0,5.97,16.3,795.0,7.8,0.454
2,1.5,-6.6,8.1,1.42,352.2,344.2,0.9,19.0,0.1565,0.0245,1.4,661.3,0.7614,909.0,0.3595,0.5,380.41,0.1004,4.47,10.6,2.0,13.801186228199713,7.69,10.96,14.6,795.0,6.07,0.358
4,18.1,9.5,8.5,1.55,500.8,485.3,1.9,38.0,0.8222,0.6761,34.1,1893.0,0.6365,809.0,0.6232,0.5,8.69,0.2065,5.94,11.0,3.0,11.944340300426447,10.22,8.87,16.7,3020.1,11.59,0.493
3,5.8,-2.9,8.8,1.11,447.4,431.7,0.7,65.0,0.5414,0.2931,19.0,2906.2,0.9124,1030.0,0.5506,0.5,229.87,0.0002,3.9,9.1,2.0,17.105874845802713,6.71,13.56,17.2,795.0,8.27,0.328
1,-0.6,-14.2,13.5,1.57,342.1,345.5,1.6,34.0,0.2852,0.0813,-1.1,1170.8,0.7179,874.0,0.4138,0.5,468.56,0.2225,5.0,13.0,1.0,16.088313442404893,8.6,13.24,18.3,795.0,6.8,0.392
3,6.5,-4.3,10.8,1.35,424.8,438.4,1.0,23.0,0.1879,0.0353,7.3,957.9,0.866,993.0,0.3953,0.5,210.43,0.0628,3.7,13.0,1.0,12.013804855028628,6.37,10.3,17.9,795.0,8.1,0.435
3,4.7,-6.8,11.5,1.17,447.3,447.1,1.2,55.0,0.4603,0.2118,13.1,2470.5,0.6407,813.0,0.3856,0.5,264.61,0.0055,5.6,12.0,3.0,14.450003494558837,9.64,10.75,19.3,795.0,7.56,0.482
1,-2.6,-13.2,10.6,1.89,159.6,163.5,0.6,55.0,0.4588,0.2105,-7.3,878.7,0.7052,864.0,0.5555,0.5,559.04,0.6276,4.2,16.4,4.0,15.268823011276858,7.23,10.82,12.4,795.0,8.48,0.452
12,6.1,-3.7,9.8,0.74,176.6,182.2,2.6,11.0,0.089,0.0079,3.3,188.6,1.0,1114.0,0.3022,0.5,220.53,0.1326,6.77,13.2,2.0,12.175483052176396,11.65,9.93,15.0,795.0,7.65,0.351
3,10.0,0.6,9.4,1.28,366.9,369.3,0.7,43.0,0.3571,0.1275,21.4,1569.2,0.5195,716.0,0.4227,0.5,120.78,0.0315,3.9,11.5,2.0,13.632321295331387,6.71,10.64,16.2,795.0,7.96,0.319
2,3.6,-5.1,8.7,1.0,323.8,322.4,2.2,56.0,0.4704,0.2213,10.2,1828.0,0.7682,915.0,0.4867,0.5,302.17,0.0103,4.6,13.0,2.0,15.089366172224807,7.91,11.93,15.7,795.0,8.67,0.433
4,14.7,5.1,9.6,1.27,547.3,547.3,3.9,39.0,0.6291,0.3958,28.7,2140.3,0.5341,727.0,0.6368,0.5,40.3,0.0281,4.14,13.0,1.0,15.382316539087384,7.12,12.56,19.0,1092.8,10.31,0.5
4,18.4,8.2,10.2,0.66,582.4,588.2,0.7,53.0,1.0,1.0,49.0,3104.1,0.4642,671.0,0.8362,0.5,6.87,0.1956,3.5,9.0,1.0,17.30091797176563,6.02,13.95,21.5,3163.9,12.27,0.484
12,-2.2,-14.9,12.7,1.43,233.7,227.6,3.0,30.0,0.2473,0.0612,-3.2,693.7,0.5519,742.0,0.4129,0.5,536.13,0.1118,5.7,11.0,2.0,15.705422714343541,9.81,12.22,16.4,795.0,8.02,0.481
4,16.0,2.3,13.6,0.73,508.9,511.3,2.7,37.0,0.682,0.4652,29.8,1899.3,0.7058,865.0,0.6554,0.5,25.35,0.1386,3.6,15.1,1.0,15.154430825200226,6.19,12.53,23.0,2998.6,9.6,0.523
2,4.2,-8.8,13.0,1.47,381.8,366.7,0.6,25.0,0.2073,0.043,5.2,949.7,0.7999,940.0,0.3489,0.5,282.35,0.1345,2.5,14.6,3.0,18.540079830145256,4.3,13.94,18.8,795.0,7.19,0.431
12,-1.7,-15.7,14.0,1.23,276.0,266.6,2.2,36.0,0.2976,0.0885,-3.0,985.5,0.3525,582.0,0.4067,0.5,515.15,0.0169,4.84,11.0,1.0,12.751778116827694,8.33,10.45,18.5,795.0,7.45,0.468
3,9.1,-1.8,10.9,0.89,375.9,375.6,0.0,61.0,0.5109,0.261,27.9,2304.8,0.6015,781.0,0.5902,0.5,141.5,0.0439,3.7,13.0,3.0,11.348686096886988,6.37,8.39,18.4,795.0,7.86,0.358
12,1.3,-12.4,13.7,1.41,352.1,343.6,2.3,58.0,0.4835,0.2338,3.9,2043.0,0.7303,884.0,0.4477,0.5,386.23,0.0938,3.5,12.7,1.0,17.44283139182967,6.02,14.27,19.0,795.0,8.46,0.382
11,6.0,-5.5,11.5,0.82,241.5,237.1,2.6,15.0,0.1235,0.0153,4.4,358.0,0.7608,909.0,0.288,0.5,225.26,0.0808,5.1,13.5,1.0,12.5676170564989,8.78,10.63,17.1,795.0,6.82,0.301
12,-3.5,-11.9,8.4,1.21,232.2,252.6,1.0,33.0,0.2715,0.0737,-5.7,756.6,0.6959,857.0,0.4043,0.5,600.13,0.0127,5.63,13.0,3.0,18.453820206275413,9.69,13.8,13.5,795.0,5.55,0.42
3,9.7,-2.8,12.5,0.61,490.0,495.4,1.5,60.0,0.5013,0.2513,29.1,2947.4,0.626,801.0,0.6409,0.5,128.61,0.2361,3.7,12.0,2.0,14.544044868101118,6.37,11.41,22.1,795.0,8.92,0.412
3,10.0,-3.9,13.9,0.62,427.6,427.6,2.2,56.0,0.4656,0.2168,27.9,2383.4,0.7505,900.0,0.6143,0.5,120.74,0.2267,5.8,10.0,2.0,10.186016615017678,9.98,8.24,22.3,795.0,8.67,0.365
4,15.9,6.7,9.2,1.5,497.3,479.4,2.8,21.0,0.3789,0.1436,16.6,1035.8,0.9489,1059.0,0.3883,0.5,25.85,0.1589,5.13,10.5,1.0,11.90387549248372,8.83,10.29,17.4,1471.2,7.69,0.522
2,3.6,-4.4,8.0,0.69,264.2,272.1,2.2,64.0,0.5361,0.2874,11.7,1699.9,0.5154,712.0,0.5645,0.5,301.59,0.1676,4.8,16.0,3.0,9.226980836124794,8.26,6.73,15.0,795.0,8.8,0.443
11,8.0,-4.1,12.1,0.84,332.4,342.8,3.4,12.0,0.1011,0.0102,4.9,403.4,0.4937,695.0,0.2701,0.5,168.08,0.0671,5.7,11.0,2.0,6.935949987797636,9.81,5.6,18.9,795.0,7.76,0.456
11,6.8,-2.4,9.2,1.13,330.4,348.8,0.1,46.0,0.3799,0.1443,15.5,1506.3,1.0,1143.0,0.4823,0.5,202.11,0.0009,5.5,12.3,2.0,13.852866723537753,9.46,11.19,15.8,795.0,6.86,0.476
12,4.7,-7.4,12.0,0.9,232.2,218.4,3.3,64.0,0.5375,0.2889,15.0,1497.8,0.3709,597.0,0.5442,0.5,266.85,0.0387,3.7,13.0,2.0,13.536837626702896,6.37,10.45,17.2,795.0,9.88,0.516
11,7.6,-2.0,9.5,1.9,230.1,222.1,2.5,36.0,0.297,0.0882,13.5,820.1,0.5215,717.0,0.3777,0.5,180.12,0.6461,7.31,11.3,2.0,11.70867029846508,12.58,9.2,12.6,795.0,6.28,0.365
3,11.3,-1.6,12.9,0.69,431.4,438.2,2.3,16.0,0.1651,0.0273,8.9,680.7,0.7139,871.0,0.2522,0.5,94.49,0.1662,3.86,9.5,1.0,19.4614366441688,6.64,15.77,21.4,795.0,6.88,0.473
11,8.8,-2.0,10.9,0.71,365.6,372.9,2.1,59.0,0.495,0.245,26.2,2171.7,0.4278,642.0,0.3788,0.5,148.14,0.1544,4.24,8.4,4.0,17.43901381173309,7.3,12.22,18.7,795.0,6.8,0.433
3,3.8,-6.3,10.1,1.08,430.0,421.8,1.3,54.0,0.4516,0.2039,10.4,2330.1,0.9006,1020.0,0.4792,0.5,294.22,0.0003,4.8,17.2,3.0,16.24590744014547,8.26,12.3,18.1,795.0,8.67,0.454
1,0.4,-11.2,11.6,1.14,251.3,222.1,3.7,38.0,0.3176,0.1009,0.8,957.7,0.4895,692.0,0.4064,0.5,424.38,0.0013,4.29,10.0,2.0,11.454061014073833,7.38,8.98,16.5,795.0,9.1,0.365
2,-2.2,-10.8,8.6,0.86,341.3,333.8,3.8,24.0,0.197,0.0388,-2.6,807.0,0.6337,807.0,0.3437,0.5,537.41,0.0566,3.4,15.5,1.0,19.215865271297027,5.85,15.52,16.2,795.0,7.93,0.37
3,6.8,-2.2,9.0,0.88,457.3,442.7,3.3,44.0,0.3633,0.132,14.8,1993.6,0.6361,809.0,0.3936,0.5,202.3,0.0487,4.97,11.5,1.0,12.167427391262287,8.55,10.23,18.2,795.0,9.52,0.441
4,13.6,3.3,10.3,0.81,571.2,562.3,4.0,20.0,0.2896,0.0839,13.7,1155.5,0.7132,871.0,0.3972,0.5,54.9,0.086,3.75,7.4,4.0,11.645794161638642,6.45,8.1,21.1,1624.1,7.4,0.415
12,6.1,-7.6,13.7,0.61,357.8,355.8,0.2,31.0,0.2551,0.0651,9.3,1095.3,0.5459,737.0,0.565,0.5,222.06,0.2399,5.71,9.5,2.0,13.42735776247958,9.82,10.51,21.1,795.0,7.19,0.359
3,10.7,-0.4,11.2,0.49,487.4,484.7,0.2,58.0,0.5559,0.309,31.3,2846.2,0.6524,822.0,0.4734,0.5,105.85,0.372,4.2,12.3,2.0,17.750968739070434,7.23,13.84,21.3,1123.4,7.16,0.316
12,1.6,-9.0,10.6,2.06,225.1,205.9,0.6,61.0,0.5051,0.2551,4.9,1364.4,0.7227,878.0,0.5808,0.5,375.45,0.9303,5.36,8.0,1.0,18.52555951371644,9.22,15.07,13.0,795.0,7.88,0.434
1,-1.3,-14.9,13.6,1.65,340.7,346.0,1.7,59.0,0.4923,0.2424,-4.0,2012.6,0.3041,543.0,0.4816,0.5,498.97,0.3042,5.02,15.0,1.0,19.203161624558287,8.64,15.25,18.1,795.0,8.88,0.426
3,4.5,-3.8,8.2,1.27,407.9,411.6,0.4,58.0,0.4857,0.2359,13.1,2377.3,1.0,1118.0,0.6083,0.5,272.8,0.0277,4.61,10.0,3.0,9.403119506755404,7.93,7.25,15.8,795.0,8.66,0.418
3,6.2,-7.4,13.6,0.78,541.1,549.6,0.8,34.0,0.2866,0.0821,10.7,1860.8,0.5496,740.0,0.5212,0.5,218.2,0.1023,6.5,11.0,1.0,22.880121880294872,11.18,18.2,23.4,795.0,8.02,0.524
3,7.5,-2.2,9.8,0.91,351.7,343.6,3.7,43.0,0.3568,0.1273,16.1,1505.7,0.8874,1010.0,0.5153,0.5,181.49,0.0371,4.14,17.0,4.0,14.085586068758651,7.12,10.07,17.1,795.0,8.39,0.391
12,4.2,-6.9,11.1,1.39,153.6,143.1,0.3,62.0,0.5142,0.2644,13.0,947.5,0.7759,921.0,0.5213,0.5,282.08,0.082,6.0,7.5,1.0,18.837517155322004,10.32,15.35,14.0,795.0,7.23,0.402
12,3.3,-9.4,12.7,1.18,266.2,286.2,3.0,11.0,0.0945,0.0089,1.9,301.7,0.565,752.0,0.2386,0.5,313.4,0.0059,5.4,12.5,2.0,16.488565023442085,9.29,12.82,17.5,795.0,7.36,0.413
1,1.1,-12.4,13.5,1.12,291.7,312.2,0.1,19.0,0.1591,0.0253,1.0,556.9,0.6679,834.0,0.3207,0.5,396.69,0.0002,5.9,17.0,2.0,18.392540005258383,10.15,14.33,18.7,795.0,7.2,0.405
1,0.1,-11.4,11.5,1.36,201.7,196.4,2.0,47.0,0.3956,0.1565,0.3,957.4,0.774,919.0,0.5161,0.5,435.51,0.0696,4.8,14.7,2.0,16.100666520614077,8.26,12.69,15.1,795.0,6.38,0.361
11,7.0,-6.5,13.5,1.26,377.6,381.7,3.5,57.0,0.4743,0.2249,20.1,2148.9,0.8094,948.0,0.4463,0.5,194.63,0.024,4.2,12.3,2.0,13.111563907548557,7.23,10.48,19.7,795.0,7.29,0.456
4,11.6,-1.4,13.0,0.8,464.4,485.8,0.7,31.0,0.3389,0.1149,17.9,1429.6,0.7669,914.0,0.4837,0.5,88.26,0.0927,4.0,13.0,2.0,10.578798389917313,6.88,8.55,21.7,857.0,7.16,0.47
12,-0.5,-10.3,9.8,1.43,265.8,268.0,1.2,36.0,0.2959,0.0876,-0.9,943.9,0.9228,1038.0,0.4425,0.5,463.13,0.109,5.75,10.0,4.0,11.553359453047573,9.89,8.2,14.6,795.0,6.59,0.428
1,-1.7,-12.3,10.6,0.88,232.1,243.5,2.9,29.0,0.2454,0.0602,-2.5,683.3,0.6035,783.0,0.4343,0.5,515.67,0.0497,4.8,9.0,3.0,15.371283323532454,8.26,11.41,16.0,795.0,7.11,0.451
3,7.6,-5.3,12.8,1.61,468.9,483.7,2.4,22.0,0.186,0.0346,8.4,1046.3,0.5514,741.0,0.2798,0.5,180.38,0.2638,5.46,10.5,4.0,16.239310771856754,9.39,11.42,19.6,795.0,6.49,0.405
4,18.3,9.3,9.0,0.53,296.6,289.7,0.5,41.0,0.914,0.8354,37.7,1224.7,0.9456,1056.0,0.7695,0.5,7.39,0.3218,5.89,14.0,2.0,15.732241994677963,10.13,12.56,16.6,4712.9,10.02,0.485
3,8.4,-0.9,9.4,0.88,418.0,434.7,3.1,57.0,0.4732,0.224,23.9,2373.6,0.6266,801.0,0.4472,0.5,158.59,0.047,4.9,16.9,2.0,12.568863711359494,8.43,9.93,17.8,795.0,8.93,0.386
2,2.3,-5.8,8.0,1.84,410.0,400.2,2.1,36.0,0.2985,0.0891,4.1,1468.3,0.5817,765.0,0.4909,0.5,351.02,0.5469,5.0,12.0,2.0,15.11879646856795,8.6,11.8,14.3,795.0,6.58,0.403
11,8.7,-3.7,12.4,1.31,295.4,288.4,2.9,48.0,0.3959,0.1567,20.7,1403.5,0.556,745.0,0.3985,0.5,150.95,0.0427,4.84,13.0,2.0,13.108306507169877,8.33,10.28,17.4,795.0,9.63,0.356
1,4.1,-9.2,13.3,1.18,151.0,166.2,0.7,14.0,0.1161,0.0135,2.9,210.3,0.7545,904.0,0.3847,0.5,284.52,0.006,6.07,17.0,1.0,13.306058551431057,10.44,11.18,16.3,795.0,4.86,0.409
2,0.8,-13.0,13.8,0.97,290.7,280.8,1.7,40.0,0.3334,0.1112,1.6,1163.0,0.7042,863.0,0.4492,0.5,408.25,0.0163,10.52,12.5,2.0,7.697209622356238,18.1,6.34,19.3,795.0,7.68,0.362
1,2.1,-9.3,11.3,0.58,276.4,282.3,2.5,52.0,0.437,0.191,5.4,1449.6,0.2984,539.0,0.6338,0.5,358.33,0.2717,4.91,16.0,2.0,14.971608505541571,8.45,11.47,18.1,795.0,9.43,0.315
1,1.7,-6.6,8.3,0.9,221.7,239.8,1.4,40.0,0.3366,0.1133,3.4,895.7,0.635,808.0,0.4141,0.5,373.78,0.0394,6.0,12.5,1.0,13.223469515010667,10.32,11.03,14.0,795.0,8.5,0.409
3,4.5,-6.9,11.4,0.75,524.0,513.9,1.5,42.0,0.3506,0.1229,9.5,2204.8,0.981,1085.0,0.3832,0.5,272.24,0.123,5.81,8.0,2.0,12.586093094762647,10.0,10.22,21.4,795.0,8.66,0.407
2,1.1,-8.7,9.8,1.43,346.7,346.7,3.5,46.0,0.383,0.1467,2.6,1593.3,0.4777,682.0,0.4979,0.5,395.5,0.1114,3.75,9.5,4.0,20.915528694635125,6.45,14.87,15.8,795.0,8.28,0.407
2,-0.6,-10.4,9.8,1.11,503.4,504.7,2.8,63.0,0.5259,0.2765,-2.0,3176.9,0.6592,827.0,0.589,0.5,467.48,0.0001,6.5,14.0,3.0,15.878112912195869,11.18,11.84,18.9,795.0,8.68,0.522
1,0.4,-8.6,9.0,0.7,261.7,265.3,1.1,29.0,0.2412,0.0582,0.6,757.3,0.4513,661.0,0.4131,0.5,423.8,0.1576,5.02,12.0,1.0,16.142699842982562,8.64,13.07,15.7,795.0,6.95,0.367
11,2.4,-8.9,11.3,1.52,279.9,301.8,2.9,22.0,0.1807,0.0327,2.6,606.9,0.7783,923.0,0.3586,0.5,345.61,0.1797,5.03,12.0,2.0,13.051211796058501,8.65,10.41,15.8,795.0,7.31,0.31
12,2.8,-6.8,9.6,0.92,209.4,212.2,0.1,19.0,0.155,0.024,2.6,389.6,0.3446,576.0,0.362,0.5,329.91,0.0331,4.72,13.0,3.0,13.771462657479017,8.12,10.0,14.9,795.0,7.37,0.411
2,5.1,-6.7,11.8,1.28,429.2,449.3,2.5,53.0,0.4442,0.1973,13.5,2288.0,0.6745,840.0,0.5224,0.5,254.07,0.0336,4.8,13.0,2.0,12.298587343029284,8.26,9.76,19.0,795.0,7.55,0.489
2,1.5,-8.6,10.1,1.2,366.4,375.8,3.7,33.0,0.2746,0.0754,2.5,1207.3,0.6896,852.0,0.3937,0.5,380.73,0.0092,4.2,8.0,1.0,14.249474901891412,7.23,11.84,16.9,795.0,8.3,0.403
11,9.9,1.5,8.4,1.11,340.1,338.2,1.6,16.0,0.1313,0.0172,7.8,536.0,0.674,839.0,0.2587,0.5,123.81,0.0002,5.2,13.0,1.0,10.134540346895795,8.95,8.74,15.3,795.0,8.02,0.367
2,4.8,-7.8,12.6,1.07,317.1,325.9,1.3,42.0,0.346,0.1197,10.0,1316.4,0.6708,837.0,0.4206,0.5,261.39,0.0007,3.8,8.4,3.0,14.228526398272887,6.54,10.61,18.5,795.0,7.23,0.391
3,6.3,-3.1,9.5,0.73,460.6,460.8,3.9,11.0,0.0916,0.0084,3.5,506.1,0.5223,718.0,0.2132,0.5,214.87,0.1353,6.1,11.1,4.0,10.274024449524706,10.5,6.92,19.0,795.0,7.56,0.405
11,6.9,-3.6,10.4,2.33,313.3,309.4,3.0,24.0,0.197,0.0388,8.1,740.6,0.7858,929.0,0.3024,0.5,199.4,1.519,5.96,13.0,2.0,12.499747968108807,10.26,10.0,13.5,795.0,8.34,0.287
3,9.4,-0.9,10.3,1.59,383.4,385.0,2.2,56.0,0.4651,0.2163,26.2,2140.0,0.6334,807.0,0.4644,0.5,134.96,0.2395,4.57,11.9,3.0,13.256041540343231,7.86,9.85,16.3,795.0,7.98,0.356
2,2.9,-9.5,12.3,1.01,365.4,361.6,0.3,63.0,0.5277,0.2784,9.0,2313.8,1.0,1127.0,0.4474,0.5,329.37,0.0089,5.7,11.0,3.0,12.93035592315162,9.81,9.9,19.1,795.0,8.88,0.512
12,-2.7,-15.0,12.3,2.23,212.8,202.5,2.2,21.0,0.1776,0.0316,-2.8,453.7,0.3492,579.0,0.3772,0.5,560.0,1.267,5.64,9.0,1.0,18.413040973200765,9.7,14.69,13.8,795.0,6.67,0.45
3,10.2,1.1,9.1,0.58,472.5,471.8,0.1,20.0,0.1724,0.0297,10.1,934.4,0.6188,795.0,0.4158,0.5,115.97,0.2722,4.0,8.0,1.0,10.340845959211126,6.88,8.85,19.2,795.0,6.98,0.443
11,8.1,-3.1,11.2,1.34,371.0,364.7,0.9,37.0,0.3124,0.0976,15.1,1391.0,0.5066,705.0,0.3025,0.5,167.55,0.0555,3.54,8.0,2.0,14.141953939426998,6.09,11.01,17.5,795.0,7.6,0.408
11,11.0,-1.1,12.1,1.5,235.5,236.8,1.4,65.0,0.6456,0.4168,35.6,1526.6,0.5827,766.0,0.6449,0.5,100.48,0.1584,5.11,15.5,1.0,9.748796691204074,8.79,8.38,15.7,1001.8,10.56,0.435
12,1.2,-12.2,13.3,1.59,276.6,264.0,2.8,47.0,0.3952,0.1562,2.8,1311.5,0.6184,795.0,0.364,0.5,392.81,0.2396,4.4,9.0,2.0,14.227650661194737,7.57,11.17,17.1,795.0,8.49,0.459
12,3.8,-9.4,13.2,0.97,213.5,202.8,1.2,46.0,0.3869,0.1497,8.9,991.1,0.555,744.0,0.5129,0.5,294.71,0.0177,5.8,16.3,1.0,14.4928672583434,9.98,11.91,17.6,795.0,9.12,0.395
11,8.2,-1.8,10.0,0.89,349.3,346.0,1.3,35.0,0.2884,0.0832,14.2,1208.8,0.5196,716.0,0.4102,0.5,164.37,0.0429,5.74,10.5,2.0,14.112511713909086,9.88,11.0,17.3,795.0,6.44,0.31
4,15.4,6.2,9.2,1.23,640.1,626.8,1.3,24.0,0.4245,0.1802,18.9,1567.6,0.5985,779.0,0.288,0.5,31.36,0.0157,4.6,8.5,2.0,9.721578220539026,7.91,7.77,20.2,2405.1,9.19,0.332
2,1.7,-6.9,8.6,1.5,355.8,351.2,1.9,40.0,0.3303,0.1091,3.3,1410.0,0.6907,853.0,0.4217,0.5,374.0,0.1573,3.9,10.6,3.0,16.362314261326148,6.71,12.22,14.8,795.0,8.48,0.482
1,0.0,-11.4,11.4,0.92,297.8,287.7,0.6,47.0,0.3952,0.1562,0.1,1412.3,0.6247,800.0,0.485,0.5,439.23,0.0337,5.42,14.2,3.0,14.382515121420733,9.33,10.69,17.6,795.0,8.24,0.429
2,-2.3,-16.1,13.8,1.39,335.2,341.3,2.2,23.0,0.1908,0.0364,-2.7,767.2,0.8601,988.0,0.3678,0.5,543.74,0.085,4.5,14.1,2.0,20.343788966724965,7.74,15.95,18.9,795.0,7.26,0.433
1,0.4,-11.9,12.3,0.91,348.8,346.5,3.7,53.0,0.441,0.1945,1.1,1845.9,1.0,1176.0,0.4928,0.5,423.5,0.0352,4.7,8.0,2.0,16.645413546688918,8.09,13.28,19.1,795.0,8.93,0.462
11,10.5,-2.9,13.5,1.52,212.2,196.9,1.2,65.0,0.5987,0.3585,34.2,1374.0,0.5048,704.0,0.6164,0.5,109.26,0.1744,5.5,8.0,2.0,14.754730315368697,9.46,11.47,16.5,1127.0,8.15,0.382
3,4.7,-8.0,12.7,1.54,366.9,380.8,1.0,28.0,0.2351,0.0553,6.6,1035.1,0.6905,852.0,0.5011,0.5,265.87,0.195,5.7,10.0,1.0,20.69705976918183,9.81,16.68,18.1,795.0,6.32,0.456
4,14.2,2.6,11.5,1.21,467.9,471.9,0.6,22.0,0.3381,0.1143,15.7,1034.4,1.0,1134.0,0.5514,0.5,46.58,0.0121,4.8,13.4,2.0,15.403974842305244,8.26,12.35,19.5,1865.4,8.11,0.373
2,5.1,-6.0,11.0,1.53,344.2,330.0,3.5,10.0,0.0871,0.0076,2.7,359.6,0.533,726.0,0.2222,0.5,253.02,0.1886,4.17,8.5,2.0,15.803414396799205,7.18,12.28,16.5,795.0,7.19,0.442
1,0.9,-12.7,13.7,0.86,424.4,434.8,2.6,42.0,0.3516,0.1236,2.0,1790.4,0.7189,875.0,0.5554,0.5,402.46,0.0567,3.0,10.0,2.0,12.99854928639475,5.16,10.32,21.5,795.0,8.26,0.464
3,1.4,-10.7,12.1,1.37,437.3,443.7,0.9,40.0,0.3294,0.1085,2.8,1728.8,0.6056,784.0,0.4224,0.5,383.85,0.0726,4.3,13.0,3.0,15.548874992918917,7.4,11.55,19.1,795.0,8.08,0.486
11,6.1,-7.3,13.3,1.06,390.3,398.6,2.5,44.0,0.3684,0.1357,13.4,1725.6,0.6992,859.0,0.3628,0.5,222.93,0.0013,6.8,12.0,3.0,17.540067468369326,11.7,13.11,20.2,795.0,8.47,0.421
12,5.3,-8.2,13.5,1.22,289.4,297.6,3.8,38.0,0.3145,0.0989,10.1,1092.3,0.5308,725.0,0.5145,0.5,245.5,0.0139,4.1,13.0,1.0,19.525395533930777,7.05,15.67,18.4,795.0,8.8,0.495
4,12.3,0.1,12.2,1.0,547.7,537.0,2.5,21.0,0.2494,0.0622,12.6,1124.6,0.4353,648.0,0.3728,0.5,75.91,0.0105,5.52,13.0,3.0,12.585661799334924,9.5,9.19,21.8,795.0,6.82,0.411
2,0.7,-9.4,10.1,1.67,377.5,369.5,1.5,53.0,0.4443,0.1974,1.9,2012.8,0.4403,652.0,0.4952,0.5,411.82,0.3295,3.8,12.5,1.0,11.22714141528297,6.54,9.37,15.9,795.0,8.2,0.476
12,-0.5,-13.8,13.3,1.1,87.3,89.8,1.6,29.0,0.2402,0.0577,-0.7,251.7,0.664,831.0,0.3228,0.5,460.35,0.0,5.1,13.2,1.0,13.98682711744665,8.78,11.62,15.5,795.0,7.04,0.391
12,-0.8,-11.4,10.6,1.59,303.6,313.3,0.7,31.0,0.2589,0.067,-1.3,943.2,0.5391,731.0,0.3697,0.5,476.31,0.2386,4.2,10.0,1.0,15.988537693283305,7.23,13.02,15.4,795.0,7.59,0.363
12,2.4,-11.3,13.7,1.7,211.0,207.4,0.8,39.0,0.324,0.105,4.7,820.5,0.4503,660.0,0.4201,0.5,345.19,0.3542,6.5,11.0,2.0,14.095247474260768,11.18,10.93,16.2,795.0,8.04,0.467
11,7.4,-1.1,8.4,0.99,257.1,257.8,1.3,48.0,0.3991,0.1593,17.7,1231.4,0.6347,808.0,0.3693,0.5,185.43,0.0127,5.62,7.2,1.0,10.981268154650854,9.67,9.34,14.4,795.0,7.71,0.351
3,12.2,1.6,10.6,1.84,357.1,341.7,1.6,11.0,0.1333,0.0178,6.8,395.5,0.6204,796.0,0.2803,0.5,77.11,0.5404,4.6,12.0,1.0,19.411296260876497,7.91,15.65,15.6,856.4,6.59,0.329
4,16.8,5.1,11.7,0.96,499.0,501.3,4.0,40.0,0.7866,0.6187,33.6,2002.6,0.5228,718.0,0.7577,0.5,17.97,0.0204,5.31,10.0,2.0,16.134670269667428,9.14,12.52,20.7,1727.8,10.58,0.485
12,1.5,-7.6,9.1,0.98,282.5,273.3,1.8,11.0,0.0909,0.0083,0.8,308.0,0.1882,451.0,0.3246,0.5,379.92,0.015,4.03,12.5,1.0,16.69768751000251,6.93,13.27,15.4,795.0,4.85,0.464
4,15.4,7.3,8.1,2.03,509.6,514.7,2.3,38.0,0.6519,0.425,29.0,1920.7,0.4736,679.0,0.5631,0.5,31.61,0.8569,4.38,10.0,2.0,20.50313645527488,7.54,15.76,15.3,1654.0,8.93,0.449
1,-0.1,-14.0,13.9,1.14,237.5,236.0,0.6,48.0,0.3992,0.1593,-0.2,1137.9,0.6452,816.0,0.464,0.5,443.69,0.002,6.6,18.0,1.0,14.203882238013131,11.36,11.77,18.1,795.0,6.98,0.415
1,0.7,-9.9,10.6,1.18,324.8,323.4,3.1,40.0,0.3344,0.1118,1.4,1303.7,0.5142,711.0,0.3892,0.5,412.83,0.0066,5.24,9.5,3.0,10.185769373418216,9.02,7.45,16.7,795.0,8.43,0.351
4,18.6,8.4,10.2,0.96,378.3,360.2,3.2,48.0,1.0,1.0,45.0,1826.8,0.4332,647.0,0.6777,0.5,5.55,0.0193,3.98,10.0,1.0,11.406208211275976,6.85,9.5,17.8,3378.8,11.79,0.503
11,6.4,-4.9,11.3,1.56,354.7,347.3,2.0,37.0,0.3059,0.0935,11.8,1302.0,0.976,1081.0,0.4815,0.5,212.68,0.2112,3.2,11.0,3.0,11.192805448809077,5.51,8.58,16.8,795.0,8.86,0.475
12,4.1,-8.1,12.1,1.34,290.2,298.7,0.8,50.0,0.415,0.1722,10.1,1445.1,0.486,689.0,0.4834,0.5,287.22,0.0588,3.48,13.0,3.0,17.6944619138978,5.99,13.06,17.0,795.0,7.11,0.472
1,1.1,-12.7,13.8,1.48,258.8,259.5,3.8,12.0,0.0964,0.0093,0.6,299.4,0.557,746.0,0.2351,0.5,395.73,0.1431,6.2,14.0,1.0,13.432436568704146,10.67,11.12,17.6,795.0,6.91,0.376
11,8.6,-2.7,11.2,0.55,255.1,249.7,0.2,29.0,0.2413,0.0582,12.4,738.7,0.4298,644.0,0.341,0.5,154.48,0.303,4.0,11.0,2.0,15.727260100370609,6.88,12.14,17.7,795.0,6.06,0.406
11,9.4,0.2,9.2,1.65,263.5,263.9,0.4,36.0,0.3012,0.0907,16.9,952.7,0.6348,808.0,0.3804,0.5,135.58,0.3066,4.6,15.0,3.0,18.50743816803039,7.91,13.79,13.5,795.0,7.13,0.407
2,5.2,-7.5,12.7,0.61,349.6,341.8,0.5,62.0,0.5174,0.2678,16.1,2170.6,0.5254,720.0,0.5321,0.5,250.33,0.2418,5.74,14.1,2.0,12.689641625946338,9.88,9.94,20.2,795.0,8.62,0.587
4,17.6,7.6,10.1,1.26,453.4,444.1,1.6,52.0,1.0,1.0,45.7,2349.9,0.5974,778.0,0.7041,0.5,11.45,0.0261,2.9,17.5,3.0,20.20451486908657,4.99,15.03,18.0,2829.5,11.17,0.407
2,8.5,-0.7,9.3,1.65,270.3,268.1,1.7,26.0,0.2138,0.0457,11.0,693.6,0.6337,807.0,0.3546,0.5,155.03,0.3072,5.4,9.0,3.0,12.283305020098966,9.29,9.12,13.7,795.0,7.18,0.371
3,6.3,-6.1,12.5,1.96,416.7,414.8,2.3,18.0,0.153,0.0234,5.8,765.0,0.7405,892.0,0.4218,0.5,214.8,0.7332,5.5,14.4,4.0,10.413115686790094,9.46,7.2,17.6,795.0,6.65,0.408
11,2.0,-7.0,9.0,1.39,246.5,240.8,1.9,42.0,0.3512,0.1233,4.3,1038.9,0.2229,478.0,0.4409,0.5,360.19,0.0832,5.11,14.0,3.0,13.712029451644154,8.79,9.86,13.7,795.0,7.45,0.403
12,0.7,-8.1,8.8,0.45,257.9,250.6,0.3,62.0,0.5144,0.2646,2.3,1592.0,0.4625,670.0,0.5989,0.5,410.34,0.4219,4.38,7.5,2.0,13.92531957788999,7.54,10.81,16.1,795.0,7.84,0.428
11,11.1,0.4,10.7,1.32,197.3,205.2,1.5,24.0,0.2397,0.0574,13.1,465.9,0.7118,869.0,0.4275,0.5,98.2,0.047,4.17,11.5,1.0,12.53726198340838,7.18,10.57,14.5,871.9,7.62,0.409
4,12.6,0.7,11.9,0.8,456.6,445.5,3.6,23.0,0.2873,0.0825,14.3,1037.0,0.6356,808.0,0.3544,0.5,70.76,0.092,4.93,11.5,3.0,10.256643051982698,8.48,7.6,20.7,795.0,8.82,0.42
2,1.5,-12.3,13.8,1.17,306.0,303.6,1.7,13.0,0.1073,0.0115,1.0,394.1,0.7471,898.0,0.2275,0.5,379.83,0.0054,6.26,10.4,4.0,14.850430110328123,10.77,10.54,19.0,795.0,7.07,0.469
2,1.8,-8.9,10.7,1.19,310.9,315.9,0.3,12.0,0.1012,0.0102,1.1,377.6,0.6418,813.0,0.1374,0.5,367.74,0.0084,3.0,8.8,3.0,10.498012391847183,5.16,7.79,16.6,795.0,5.84,0.304
4,16.6,8.5,8.0,1.22,491.0,480.6,0.2,17.0,0.3259,0.1062,14.0,831.3,0.4167,633.0,0.4042,0.5,19.79,0.0136,3.7,13.0,1.0,16.238073603715968,6.37,13.11,17.0,1151.7,6.99,0.435
1,5.7,-3.0,8.6,1.54,239.6,229.0,3.7,14.0,0.1193,0.0142,4.0,343.1,0.92,1036.0,0.155,0.5,235.49,0.1928,5.9,12.0,1.0,15.385431412165909,10.15,12.88,12.9,795.0,7.73,0.356
4,15.7,2.5,13.2,0.92,635.9,621.0,2.8,19.0,0.3417,0.1167,15.0,1213.8,0.6285,803.0,0.4382,0.5,27.67,0.0331,7.1,13.5,1.0,15.696458808710346,12.22,12.88,24.1,1031.8,8.6,0.472
2,6.5,-6.7,13.2,1.55,255.4,245.1,0.5,26.0,0.2147,0.0461,8.4,658.1,0.7541,903.0,0.3516,0.5,210.79,0.1987,5.64,13.5,1.0,11.409234502163011,9.7,9.76,16.8,795.0,5.61,0.315
1,3.8,-9.8,13.5,1.12,169.5,173.0,2.3,54.0,0.4525,0.2047,10.2,920.1,0.8374,970.0,0.5438,0.5,297.41,0.0004,6.58,14.7,4.0,16.235844768046825,11.32,11.65,16.8,795.0,6.89,0.436
1,1.5,-10.4,11.9,0.5,269.8,259.5,3.1,48.0,0.4005,0.1604,3.6,1296.6,0.7375,890.0,0.5381,0.5,380.98,0.356,5.18,10.0,2.0,15.161011681928144,8.91,11.96,18.6,795.0,8.46,0.394
11,9.2,-4.4,13.6,1.79,364.6,354.3,2.1,54.0,0.4506,0.203,24.9,1971.6,0.3223,558.0,0.4942,0.5,138.81,0.4719,4.83,11.0,2.0,13.630557928607672,8.31,10.48,18.2,795.0,9.32,0.535
12,1.5,-9.8,11.3,1.48,336.5,320.7,3.4,33.0,0.2729,0.0745,2.5,1102.0,0.7053,864.0,0.3418,0.5,378.76,0.1459,3.8,14.2,1.0,15.887207444276857,6.54,13.08,16.7,795.0,7.79,0.535
4,11.0,2.6,8.4,1.87,616.4,618.5,1.5,63.0,0.6255,0.3912,34.4,3859.3,0.4573,666.0,0.628,0.5,100.12,0.5933,5.11,7.3,1.0,17.656872005574197,8.79,14.21,17.6,795.0,10.78,0.499
1,-0.8,-10.1,9.3,0.84,210.4,229.8,3.5,50.0,0.4173,0.1742,-1.9,1053.8,0.6622,830.0,0.4983,0.5,473.53,0.0655,4.6,9.6,2.0,19.68444110182781,7.91,15.29,14.8,795.0,9.16,0.512
1,1.0,-7.3,8.3,1.75,304.3,293.1,0.8,25.0,0.2047,0.0419,1.2,747.6,0.6985,859.0,0.4573,0.5,399.77,0.4168,5.18,12.0,2.0,11.908429043589566,8.91,9.49,13.2,795.0,7.0,0.302
11,8.0,-4.0,12.0,1.15,307.2,312.6,3.6,13.0,0.1073,0.0115,5.2,395.4,0.5374,730.0,0.2705,0.5,168.36,0.0022,4.6,15.5,4.0,20.092064119166118,7.91,14.3,17.6,795.0,5.81,0.483
1,-2.7,-12.5,9.8,0.98,214.6,216.9,3.3,61.0,0.5049,0.2549,-8.3,1300.2,0.7005,860.0,0.495,0.5,562.94,0.0145,5.75,8.1,3.0,10.509179520830195,9.89,7.84,14.9,795.0,9.6,0.347
11,10.2,0.8,9.4,0.99,327.3,317.5,0.0,38.0,0.3295,0.1086,19.4,1247.9,0.5368,729.0,0.3919,0.5,116.96,0.0121,4.3,10.2,1.0,15.008971400201885,7.4,12.29,16.3,795.0,8.09,0.498
2,0.0,-12.4,12.4,1.46,402.2,397.8,3.4,12.0,0.0998,0.01,0.0,481.8,0.5498,740.0,0.2987,0.5,439.38,0.1302,4.6,8.0,3.0,15.941439281112743,7.91,11.8,18.6,795.0,7.8,0.376
12,-0.0,-10.0,9.9,1.38,300.4,296.5,4.0,19.0,0.1563,0.0244,-0.0,563.4,0.3859,609.0,0.4201,0.5,442.51,0.0784,4.65,14.8,3.0,10.350657132085233,8.0,7.47,15.3,795.0,7.83,0.446
11,7.5,-2.0,9.5,1.27,290.0,297.9,3.5,40.0,0.3366,0.1133,15.1,1171.3,0.516,713.0,0.4705,0.5,182.43,0.029,5.42,18.0,3.0,15.4905819066706,9.33,11.43,15.1,795.0,9.19,0.381
2,-0.6,-11.6,11.0,1.34,387.6,383.0,2.6,27.0,0.2213,0.049,-0.8,1029.5,0.9753,1080.0,0.4064,0.5,466.05,0.06,4.96,11.0,4.0,18.094480705197476,8.53,13.15,17.6,795.0,8.38,0.399
12,-4.2,-12.6,8.5,1.2,281.5,285.6,3.0,13.0,0.1054,0.0111,-2.6,355.9,0.874,999.0,0.4237,0.5,633.7,0.0096,6.0,16.0,1.0,18.066021513583205,10.32,14.85,14.3,795.0,6.53,0.379
11,9.5,0.3,9.2,1.06,373.7,388.0,2.7,32.0,0.2682,0.0719,15.2,1202.7,0.3914,613.0,0.5382,0.5,133.05,0.0013,4.3,9.4,3.0,13.68973998882402,7.4,9.98,16.6,795.0,7.14,0.445
2,5.5,-8.4,14.0,0.82,443.1,436.3,0.0,20.0,0.1658,0.0275,5.5,881.3,1.0,1182.0,0.1499,0.5,239.33,0.0797,4.8,13.5,1.0,15.847127107165507,8.26,13.29,22.1,795.0,6.5,0.423
11,8.9,-1.4,10.3,1.84,338.5,344.8,0.9,30.0,0.2472,0.0611,13.3,1004.3,0.6975,858.0,0.4168,0.5,145.24,0.5544,3.8,12.2,3.0,10.778728229930927,6.54,8.04,15.0,795.0,6.91,0.526
12,0.3,-13.1,13.4,1.71,292.8,289.0,2.0,13.0,0.1102,0.0122,0.2,387.3,0.5952,776.0,0.131,0.5,427.36,0.3752,4.1,13.4,1.0,15.964823697669814,7.05,13.05,17.2,795.0,6.81,0.45
2,2.7,-11.0,13.7,1.28,404.1,413.9,1.2,57.0,0.4779,0.2284,7.7,2317.6,0.6148,792.0,0.5663,0.5,335.57,0.0312,4.8,11.5,3.0,16.59009929074912,8.26,12.33,20.1,795.0,9.36,0.486
3,0.3,-9.7,10.0,0.98,373.9,391.0,2.7,55.0,0.4588,0.2105,0.8,2058.6,1.0,1105.0,0.5209,0.5,428.41,0.0142,5.37,9.3,2.0,20.71712710121819,9.24,16.34,17.4,795.0,9.94,0.492
1,0.8,-8.8,9.5,1.07,253.0,237.2,1.1,27.0,0.2279,0.0519,1.0,691.7,0.5623,750.0,0.2103,0.5,409.98,0.0011,4.53,8.5,3.0,16.13284038818128,7.79,11.95,15.1,795.0,7.7,0.445
11,9.1,-1.9,11.0,0.85,237.3,228.4,2.6,50.0,0.4163,0.1733,22.7,1185.6,0.7825,926.0,0.5206,0.5,142.25,0.0635,5.11,8.2,3.0,11.993179580370466,8.79,9.02,16.5,795.0,8.63,0.49
1,-0.3,-11.1,10.7,0.74,214.4,209.1,2.4,59.0,0.4888,0.2389,-1.0,1257.8,0.714,871.0,0.5842,0.5,455.44,0.1292,3.95,10.7,1.0,22.523992360598932,6.8,18.06,16.3,795.0,8.86,0.549
4,13.8,0.5,13.3,1.37,580.2,575.6,2.4,22.0,0.3171,0.1005,14.9,1251.0,0.7527,902.0,0.4791,0.5,51.5,0.0733,4.46,10.0,2.0,14.217102938164556,7.67,11.26,22.2,1886.7,6.93,0.442
1,-0.2,-13.0,12.8,1.0,339.5,344.2,1.1,40.0,0.3361,0.113,-0.3,1369.3,0.8104,948.0,0.4418,0.5,447.35,0.0102,5.7,8.6,1.0,10.606843036751318,9.81,9.2,19.1,795.0,7.96,0.434
12,2.5,-9.1,11.6,1.47,279.7,265.7,2.1,51.0,0.4219,0.178,6.4,1416.0,0.3747,600.0,0.4591,0.5,340.79,0.1367,6.7,12.0,4.0,17.526449211011442,11.53,12.24,16.1,795.0,8.98,0.445
3,6.1,-6.4,12.5,0.66,438.8,446.9,1.7,37.0,0.3103,0.0963,11.3,1634.0,0.7099,868.0,0.3837,0.5,223.42,0.1896,3.6,8.0,2.0,12.04512358191052,6.19,9.6,21.2,795.0,8.1,0.335
4,17.1,7.4,9.7,0.59,448.1,453.6,3.7,29.0,0.5863,0.3437,24.9,1305.5,0.9978,1098.0,0.5404,0.5,15.42,0.2574,3.1,7.3,2.0,19.50640421121965,5.33,15.43,19.3,3178.9,11.05,0.52
1,-0.3,-11.5,11.2,1.56,231.8,236.1,2.6,50.0,0.4139,0.1713,-0.8,1151.1,0.476,681.0,0.5336,0.5,455.27,0.2108,4.6,17.4,1.0,14.979315082287396,7.91,12.22,14.8,795.0,9.72,0.457
4,12.4,-0.2,12.6,1.42,456.8,468.0,3.0,59.0,0.724,0.5242,36.5,2698.6,0.5004,700.0,0.5454,0.5,74.76,0.1037,4.65,14.0,1.0,14.61971997250289,8.0,11.97,19.7,1297.7,10.67,0.579
2,-0.2,-9.8,9.6,0.84,352.6,375.8,1.7,19.0,0.1597,0.0255,-0.2,675.8,0.503,702.0,0.2203,0.5,448.17,0.069,4.98,12.5,4.0,10.096303984799407,8.57,6.77,17.2,795.0,6.73,0.215
4,12.7,1.3,11.4,1.28,496.4,483.5,1.0,26.0,0.3358,0.1128,16.6,1295.2,0.609,787.0,0.4957,0.5,68.54,0.0335,5.2,12.0,4.0,13.378542511536285,8.95,9.32,19.6,1147.8,7.26,0.549
11,10.2,-3.3,13.5,1.25,296.9,296.9,3.9,12.0,0.1043,0.0109,6.1,357.1,0.6811,845.0,0.4391,0.5,116.53,0.0222,4.5,9.7,3.0,15.669107516285228,7.74,11.7,18.4,795.0,8.22,0.311
4,10.8,-1.1,11.9,0.95,594.8,602.3,3.2,50.0,0.4818,0.2321,26.9,2959.3,0.8974,1018.0,0.5615,0.5,103.83,0.0215,6.6,13.0,1.0,14.58154493640301,11.36,12.25,22.3,795.0,9.19,0.448
11,7.4,-4.9,12.3,1.36,226.3,218.9,0.8,49.0,0.4108,0.1687,18.2,1115.6,0.8803,1004.0,0.5427,0.5,185.58,0.0651,3.86,11.0,3.0,13.952326457470004,6.64,10.57,16.2,795.0,7.88,0.421
3,4.5,-7.9,12.3,1.25,410.9,418.4,1.1,46.0,0.3801,0.1445,10.2,1874.4,0.4821,686.0,0.4702,0.5,272.75,0.0217,4.7,15.6,1.0,11.717663139685865,8.09,9.77,19.2,795.0,7.85,0.432
12,-1.7,-10.5,8.7,1.11,211.0,220.8,1.7,37.0,0.3104,0.0964,-3.3,785.9,0.618,794.0,0.3735,0.5,517.48,0.0001,4.9,12.0,1.0,5.788772187032398,8.43,5.44,13.7,795.0,8.13,0.41
12,-2.5,-11.2,8.7,0.81,333.4,336.8,3.4,29.0,0.2381,0.0567,-3.6,952.7,0.5666,753.0,0.3586,0.5,553.01,0.0824,4.9,10.5,1.0,14.037075166494441,8.43,11.58,16.2,795.0,7.07,0.398
11,9.8,-1.1,10.9,1.25,299.1,304.7,3.7,55.0,0.4589,0.2106,27.1,1647.0,0.5297,724.0,0.4322,0.5,124.85,0.0236,4.3,6.5,3.0,15.424225442144719,7.4,11.39,16.4,795.0,9.32,0.411
2,4.2,-4.4,8.7,0.93,350.6,350.0,0.0,41.0,0.3447,0.1188,8.8,1450.6,0.5296,724.0,0.3683,0.5,280.86,0.03,6.8,15.6,1.0,20.201740742772948,11.7,16.17,16.2,795.0,7.72,0.405
4,10.1,-0.8,10.9,0.37,479.0,486.6,2.6,63.0,0.5361,0.2874,31.9,3035.5,0.6466,817.0,0.5543,0.5,119.34,0.5392,4.1,8.4,2.0,18.068408426087704,7.05,14.07,21.3,795.0,8.66,0.499
2,-0.6,-11.1,10.5,0.81,380.6,369.9,2.3,29.0,0.2431,0.0591,-0.9,1110.2,0.6556,824.0,0.3197,0.5,466.96,0.0868,5.2,10.0,2.0,17.203819523437595,8.95,13.43,18.4,795.0,6.7,0.286
1,1.2,-10.4,11.6,0.76,273.6,247.0,3.5,51.0,0.4238,0.1796,3.1,1391.3,0.6928,854.0,0.4885,0.5,391.52,0.1181,5.67,10.0,3.0,16.585020129089898,9.76,12.39,17.8,795.0,9.58,0.507
11,7.0,-6.5,13.5,1.14,147.3,157.9,1.1,41.0,0.3444,0.1186,14.5,608.9,0.8885,1011.0,0.4041,0.5,195.74,0.0018,5.5,11.5,2.0,20.04634972305814,9.46,15.75,16.4,795.0,7.91,0.357
2,2.5,-10.4,12.9,0.4,383.0,367.7,2.2,62.0,0.5205,0.2709,7.8,2391.9,0.8043,943.0,0.6202,0.5,341.82,0.4903,5.8,6.9,2.0,13.729654021804798,9.98,10.94,21.4,795.0,8.4,0.385
4,10.1,-2.7,12.8,0.91,478.6,476.1,3.8,44.0,0.3786,0.1434,22.5,2124.4,0.7807,925.0,0.5056,0.5,118.42,0.0362,3.45,10.5,3.0,13.290331388165777,5.94,9.99,21.5,795.0,8.83,0.481
3,7.3,-2.6,10.0,1.25,518.4,514.6,2.6,26.0,0.2197,0.0483,9.7,1366.6,0.5171,714.0,0.3596,0.5,187.05,0.0239,4.7,17.8,1.0,9.978135617106929,8.09,8.5,18.9,795.0,8.08,0.484
2,-0.0,-10.1,10.1,0.82,268.9,261.1,0.3,51.0,0.4281,0.1833,-0.1,1381.7,0.3814,605.0,0.4908,0.5,442.71,0.0787,4.7,12.1,4.0,14.281735232138315,8.09,9.82,16.3,795.0,7.7,0.385
12,-1.4,-13.6,12.2,1.22,246.3,235.4,3.8,45.0,0.3721,0.1385,-3.2,1100.0,0.6924,854.0,0.5043,0.5,502.6,0.0153,6.5,9.2,2.0,15.099386114530107,11.18,11.88,16.7,795.0,9.18,0.386
4,10.9,2.2,8.7,0.3,460.2,463.3,2.5,47.0,0.4617,0.2132,25.6,2166.8,0.7141,871.0,0.6342,0.5,102.35,0.64,11.55,13.0,2.0,12.640939376017826,19.87,10.05,19.4,795.0,8.53,0.5
11,12.5,4.1,8.3,1.28,289.1,287.5,0.8,25.0,0.3097,0.0959,15.5,718.3,0.8225,958.0,0.4141,0.5,72.63,0.0319,3.74,15.6,3.0,6.477325134899981,6.44,4.92,14.1,941.1,8.47,0.495
3,7.8,-4.2,12.0,0.45,450.1,434.8,2.6,34.0,0.2792,0.0779,13.1,1507.8,0.6127,790.0,0.4221,0.5,173.39,0.4264,5.2,15.8,2.0,17.031111120598883,8.95,13.26,21.6,795.0,9.46,0.385
3,5.4,-2.7,8.0,1.6,416.4,426.0,1.4,16.0,0.136,0.0185,4.4,679.3,0.5541,743.0,0.2356,0.5,243.67,0.2461,4.2,11.5,3.0,11.558424052463907,7.23,8.51,15.0,795.0,6.2,0.379
3,10.6,-1.2,11.8,0.77,426.2,420.0,3.0,51.0,0.4718,0.2226,26.8,2161.1,0.781,925.0,0.5624,0.5,108.5,0.1091,6.2,16.0,4.0,10.914316794148535,10.67,7.61,20.2,1418.0,9.83,0.344
3,11.6,2.0,9.5,1.24,399.5,400.4,0.6,20.0,0.221,0.0488,11.7,808.3,0.4246,640.0,0.3492,0.5,89.21,0.0188,5.3,9.5,2.0,11.44085517677517,9.12,8.92,16.8,795.0,7.59,0.328
11,9.2,-2.0,11.2,1.37,311.8,308.6,1.6,41.0,0.3394,0.1152,18.8,1269.8,0.9824,1086.0,0.364,0.5,138.72,0.0742,4.6,6.5,1.0,19.177948986624806,7.91,15.77,16.5,795.0,7.53,0.419
1,3.4,-8.8,12.2,0.89,212.8,214.7,0.7,20.0,0.1704,0.029,3.5,434.9,0.1867,449.0,0.2843,0.5,310.35,0.0445,4.2,15.0,3.0,10.375104183227021,7.23,7.33,17.0,795.0,6.45,0.316
11,4.3,-6.5,10.8,0.92,351.7,343.8,0.8,25.0,0.2089,0.0436,5.3,881.5,0.7756,920.0,0.2905,0.5,280.29,0.0327,4.8,13.9,4.0,9.851687989328303,8.26,6.81,17.9,795.0,5.58,0.427
11,7.1,-1.2,8.3,0.89,356.9,340.1,1.9,41.0,0.3429,0.1176,14.7,1468.8,0.4866,689.0,0.4861,0.5,191.84,0.0424,6.1,13.0,4.0,16.865506395137402,10.5,11.84,16.1,795.0,7.65,0.38
1,-1.4,-11.7,10.3,1.84,163.5,167.5,0.8,27.0,0.2264,0.0513,-1.9,444.3,0.8801,1004.0,0.3816,0.5,501.37,0.5523,4.4,10.4,3.0,15.245854096005646,7.57,11.54,12.4,795.0,6.41,0.336
12,2.3,-6.9,9.2,1.31,220.9,218.2,0.0,13.0,0.1113,0.0124,1.5,295.0,0.8851,1008.0,0.3285,0.5,351.07,0.0437,3.8,13.5,4.0,16.317415755300463,6.54,11.75,13.7,795.0,6.53,0.423
1,-2.1,-15.3,13.2,1.7,263.6,272.3,1.1,28.0,0.2335,0.0545,-2.9,738.8,0.2411,493.0,0.3899,0.5,533.59,0.3591,4.5,13.0,4.0,14.223307078824888,7.74,9.66,16.5,795.0,7.72,0.473
1,-2.9,-15.0,12.1,0.76,316.7,317.6,1.6,50.0,0.4201,0.1765,-7.3,1596.7,0.7466,897.0,0.4143,0.5,570.7,0.1124,6.2,15.2,2.0,11.531025564656591,10.67,9.25,18.9,795.0,8.12,0.494
2,1.4,-7.0,8.3,0.85,264.0,253.1,2.6,39.0,0.3233,0.1045,2.7,1024.2,0.8387,971.0,0.3731,0.5,385.13,0.0617,2.9,9.0,1.0,10.937841902736727,4.99,9.47,14.8,795.0,8.69,0.472
3,8.9,-1.8,10.7,1.5,356.4,358.2,1.7,14.0,0.1195,0.0143,6.4,511.1,0.522,718.0,0.3835,0.5,145.28,0.1563,3.8,15.0,2.0,11.363447452009005,6.54,8.94,16.5,795.0,5.23,0.38
11,7.9,-1.4,9.3,1.38,231.9,239.4,2.5,64.0,0.5344,0.2856,25.4,1487.0,1.0,1155.0,0.5626,0.5,170.76,0.0783,4.54,12.0,1.0,16.351935267997323,7.81,13.66,13.8,795.0,8.32,0.503
11,10.5,2.4,8.1,0.86,327.9,336.0,3.1,20.0,0.1784,0.0318,10.2,640.0,0.4911,693.0,0.4217,0.5,110.56,0.0575,4.3,12.0,4.0,15.581516397411765,7.4,10.88,15.6,795.0,7.13,0.433
2,5.6,-4.0,9.6,1.05,441.8,447.4,1.4,61.0,0.5124,0.2626,17.1,2716.8,0.6369,810.0,0.5745,0.5,237.97,0.0021,4.94,14.8,4.0,11.4591894707767,8.5,7.9,17.9,795.0,8.81,0.429
2,0.4,-8.4,8.9,0.3,372.3,368.2,0.4,64.0,0.5358,0.2871,1.4,2393.7,0.498,698.0,0.5706,0.5,422.84,0.64,7.5,10.5,3.0,14.212984427548841,12.9,10.46,18.2,795.0,8.54,0.385
12,0.4,-12.4,12.8,1.37,367.9,371.3,2.5,55.0,0.4571,0.2089,1.1,2018.0,0.6625,830.0,0.4408,0.5,425.04,0.0729,4.27,13.0,2.0,12.89386761323144,7.35,10.2,18.6,795.0,9.93,0.484
1,4.3,-7.1,11.4,1.82,325.6,328.7,3.3,16.0,0.133,0.0177,3.4,519.7,0.8708,997.0,0.3775,0.5,279.63,0.5231,4.0,16.8,3.0,18.535769552827723,6.88,14.0,15.7,795.0,7.15,0.328
11,4.9,-7.5,12.5,0.6,414.9,409.5,2.2,32.0,0.2635,0.0694,7.8,1312.2,0.8651,992.0,0.3325,0.5,258.1,0.2477,4.4,8.9,1.0,10.682242237647428,7.57,9.3,21.0,795.0,7.46,0.388
3,9.3,-3.1,12.4,0.41,392.9,401.0,1.4,37.0,0.3079,0.0948,17.1,1451.9,0.8439,975.0,0.4809,0.5,137.68,0.4789,5.2,7.5,1.0,13.01850286685142,8.95,11.04,21.1,795.0,6.74,0.376
1,-4.2,-12.8,8.6,0.84,358.0,358.4,0.7,16.0,0.1369,0.0188,-3.4,588.4,0.8336,967.0,0.3738,0.5,633.57,0.0686,4.72,15.4,4.0,11.636926533352199,8.12,8.19,16.5,795.0,5.58,0.394
1,-3.9,-15.9,12.0,1.15,259.4,248.7,1.4,61.0,0.5043,0.2543,-11.9,1569.7,0.7895,932.0,0.4474,0.5,621.59,0.0025,5.4,11.3,4.0,15.328232097192222,9.29,10.93,16.9,795.0,8.54,0.389
2,5.2,-6.8,12.0,0.61,368.7,384.3,0.9,51.0,0.4229,0.1788,13.1,1871.1,0.5384,731.0,0.5269,0.5,250.26,0.2375,5.0,9.5,1.0,12.385129282900808,8.6,10.32,19.9,795.0,6.71,0.45
4,13.5,1.7,11.7,1.7,567.6,572.1,1.4,49.0,0.6953,0.4834,33.2,2800.8,0.8098,948.0,0.6325,0.5,56.95,0.3626,3.4,13.0,3.0,11.989597235859312,5.85,9.04,19.9,2005.9,8.81,0.546
4,12.5,-0.1,12.6,1.66,469.2,476.0,0.9,34.0,0.4316,0.1863,21.5,1614.3,0.4636,671.0,0.5133,0.5,71.8,0.3139,5.4,12.8,3.0,17.27426280003784,9.29,12.73,19.3,1085.7,8.45,0.45
4,11.3,-0.3,11.6,1.3,532.4,522.3,2.4,58.0,0.6102,0.3723,32.7,3071.2,0.3595,588.0,0.523,0.5,93.18,0.0396,4.09,10.6,2.0,11.571295165178222,7.04,8.97,20.3,795.0,9.39,0.561
11,9.0,-1.1,10.1,0.74,334.6,335.7,1.6,43.0,0.3618,0.1309,19.5,1452.7,0.4889,691.0,0.5418,0.5,144.71,0.1311,7.7,13.0,1.0,18.30014429207209,13.25,14.72,17.5,795.0,7.51,0.358
4,9.4,-4.4,13.8,1.38,481.7,491.8,2.5,52.0,0.4307,0.1855,24.3,2489.5,0.5975,778.0,0.5989,0.5,134.8,0.0767,3.6,6.7,2.0,19.36357152935217,6.19,15.0,21.1,884.4,9.32,0.503
2,5.8,-8.2,14.0,1.25,270.1,290.6,1.3,38.0,0.3143,0.0988,10.8,1018.7,0.6476,818.0,0.3692,0.5,232.46,0.0219,4.6,13.0,4.0,21.578451864248958,7.91,15.5,18.4,795.0,7.55,0.428
12,2.2,-10.8,12.9,1.52,191.1,200.4,1.3,62.0,0.5144,0.2646,6.7,1179.4,0.8086,947.0,0.6194,0.5,354.33,0.1764,4.6,13.0,1.0,10.02133079450462,7.91,8.76,15.7,795.0,9.23,0.419
12,2.1,-11.4,13.5,0.49,272.4,274.2,0.3,14.0,0.1165,0.0136,1.5,381.0,0.5137,711.0,0.3361,0.5,357.6,0.373,4.6,10.0,2.0,16.337612779890467,7.91,12.66,19.9,795.0,5.84,0.402
4,15.1,5.9,9.2,0.66,416.4,413.5,3.3,42.0,0.7117,0.5065,31.9,1760.6,0.4959,697.0,0.6086,0.5,34.83,0.1944,4.6,11.3,3.0,13.437215486716406,7.91,9.87,18.3,2494.5,10.84,0.445
2,0.6,-8.1,8.7,0.61,375.1,375.8,1.2,16.0,0.1373,0.0188,0.5,617.9,0.513,710.0,0.4127,0.5,416.18,0.2394,5.2,16.7,4.0,13.062373307664576,8.95,9.01,17.4,795.0,6.36,0.494
4,13.6,5.6,8.0,1.87,575.3,578.9,0.8,21.0,0.3072,0.0943,14.6,1234.2,0.555,744.0,0.4378,0.5,54.9,0.5948,5.89,7.8,4.0,17.434335908222586,10.13,12.32,16.7,1215.2,8.88,0.445
11,4.7,-8.5,13.1,0.66,211.6,217.7,2.8,27.0,0.2261,0.0511,6.3,574.0,0.5812,765.0,0.2783,0.5,266.58,0.1947,4.7,11.5,1.0,13.986204485568335,8.09,11.55,18.3,795.0,8.2,0.398
2,1.5,-7.0,8.6,0.62,244.1,241.9,2.7,40.0,0.3338,0.1114,3.1,977.7,0.2534,503.0,0.4496,0.5,379.14,0.2273,5.6,12.4,2.0,18.898196412328044,9.64,14.38,15.2,795.0,6.69,0.438
1,0.7,-7.9,8.6,0.3,325.1,316.5,1.4,20.0,0.1625,0.0264,0.6,634.0,0.5027,702.0,0.2871,0.5,413.6,0.64,4.5,13.7,2.0,10.938119719535843,7.74,8.61,17.3,795.0,6.54,0.409
1,-0.9,-14.8,13.9,0.3,285.1,284.8,0.3,49.0,0.4068,0.1655,-2.2,1391.5,0.4052,624.0,0.5996,0.5,479.86,0.64,3.8,13.0,2.0,13.25543406096145,6.54,10.27,20.9,795.0,8.05,0.551
3,6.2,-3.4,9.6,0.96,437.7,416.4,0.4,23.0,0.1913,0.0366,7.1,1005.0,0.5045,704.0,0.3458,0.5,218.74,0.0192,10.14,11.5,4.0,11.560721919293975,17.45,7.87,18.2,795.0,6.95,0.406
12,-1.5,-15.2,13.6,1.78,263.8,246.8,2.9,48.0,0.3981,0.1585,-3.7,1260.5,0.4018,621.0,0.4769,0.5,508.09,0.4568,5.17,10.5,2.0,15.878790788892692,8.9,12.23,16.7,795.0,7.9,0.45
1,1.1,-9.1,10.2,0.99,244.5,228.7,1.5,43.0,0.3586,0.1286,2.4,1052.4,0.7366,889.0,0.4661,0.5,395.98,0.0129,4.33,9.0,2.0,15.79645286633976,7.45,12.44,15.6,795.0,8.78,0.417
2,-0.7,-13.8,13.2,0.95,337.2,353.3,0.6,29.0,0.2394,0.0573,-0.9,968.5,0.8545,984.0,0.319,0.5,468.88,0.0231,7.4,11.0,3.0,10.528600964571227,12.73,7.98,19.5,795.0,6.0,0.483
3,9.3,-1.2,10.6,0.76,522.4,513.0,2.5,25.0,0.2101,0.0442,11.8,1317.2,0.6115,789.0,0.3727,0.5,136.41,0.1172,3.52,10.5,2.0,20.158119185845344,6.06,15.61,20.7,795.0,8.73,0.349
11,5.7,-5.5,11.2,0.65,390.7,388.0,2.7,50.0,0.4133,0.1708,14.2,1937.5,0.6686,835.0,0.4077,0.5,233.59,0.1986,5.7,13.0,2.0,14.043356153527299,9.81,11.07,19.5,795.0,9.2,0.377
2,-1.6,-13.3,11.8,0.3,438.7,427.7,3.9,21.0,0.1747,0.0305,-1.7,919.9,0.6227,798.0,0.2252,0.5,509.81,0.64,5.81,15.4,2.0,13.42566866420034,10.0,10.57,21.5,795.0,6.9,0.415
12,3.6,-8.1,11.7,0.98,250.2,260.3,2.7,40.0,0.3305,0.1092,7.1,992.2,0.3519,581.0,0.3296,0.5,303.59,0.0146,4.92,18.5,2.0,13.557308841940817,8.47,10.45,17.0,795.0,8.32,0.427
1,-2.2,-10.8,8.7,1.59,246.8,229.4,1.9,22.0,0.185,0.0342,-2.4,547.9,0.6195,796.0,0.2787,0.5,536.19,0.2405,5.69,11.3,1.0,8.167680743727525,9.79,7.22,13.0,795.0,7.56,0.315
1,-1.7,-14.6,12.9,1.47,379.2,364.4,0.4,41.0,0.3405,0.1159,-3.5,1549.4,0.8125,950.0,0.3996,0.5,516.37,0.135,3.5,13.0,2.0,16.317567726037872,6.02,12.89,18.6,795.0,7.61,0.412
3,11.8,-1.2,13.0,1.23,508.2,508.7,0.4,13.0,0.1427,0.0204,7.4,641.6,0.5892,771.0,0.383,0.5,84.93,0.0157,4.9,10.0,1.0,15.310734278838645,8.43,12.55,21.3,795.0,5.37,0.353
1,0.8,-7.7,8.4,0.94,371.8,370.7,3.2,47.0,0.3953,0.1563,1.8,1763.9,0.7244,880.0,0.5069,0.5,410.06,0.0262,4.5,8.0,2.0,16.735783592042306,7.74,13.13,16.3,795.0,8.47,0.496
12,2.0,-7.2,9.2,1.11,277.5,261.7,2.8,38.0,0.3172,0.1006,3.8,1056.1,0.544,735.0,0.3309,0.5,361.64,0.0001,5.7,10.0,3.0,13.614056474909592,9.81,10.05,15.0,795.0,7.74,0.361
11,7.8,-3.1,10.9,1.2,331.2,325.5,0.8,59.0,0.4911,0.2412,23.1,1951.7,0.56,748.0,0.5018,0.5,173.51,0.0093,5.0,12.0,1.0,13.014136896996426,8.6,10.81,17.0,795.0,8.19,0.504
11,10.2,-1.9,12.1,0.78,241.5,248.0,2.5,51.0,0.4412,0.1947,25.9,1223.1,0.5681,754.0,0.4255,0.5,116.06,0.1027,5.3,10.0,1.0,12.758853212044203,9.12,10.62,17.7,938.6,7.24,0.367
1,-0.5,-11.3,10.8,0.98,204.5,195.9,2.5,19.0,0.1578,0.0249,-0.5,387.1,0.2915,533.0,0.2929,0.5,461.99,0.014,4.0,10.0,1.0,9.41353984004638,6.88,7.89,15.6,795.0,6.58,0.509
12,3.5,-10.3,13.8,0.3,233.5,245.2,1.7,64.0,0.5299,0.2808,11.2,1485.0,0.787,930.0,0.6167,0.5,305.03,0.64,5.07,12.0,1.0,11.163062087641878,8.72,9.6,20.1,795.0,8.74,0.425
4,14.4,1.8,12.6,0.5,410.2,395.3,3.9,20.0,0.3196,0.1021,14.7,836.9,0.7099,868.0,0.5312,0.5,43.57,0.3647,3.8,7.1,4.0,14.833002018407663,6.54,10.49,21.3,1119.5,7.29,0.416
11,10.0,1.9,8.2,0.92,414.3,413.9,1.3,43.0,0.3644,0.1328,21.8,1799.5,0.7033,863.0,0.4009,0.5,120.25,0.0309,5.9,12.6,4.0,18.693165720717083,10.15,13.38,16.7,795.0,7.93,0.402
4,7.8,-4.6,12.3,1.53,511.7,527.6,0.9,63.0,0.5281,0.2789,24.6,3242.8,0.856,985.0,0.549,0.5,175.08,0.187,6.8,8.4,2.0,14.819152222575191,11.7,11.8,20.0,795.0,8.38,0.389
12,3.9,-5.9,9.8,0.49,212.9,201.4,2.0,44.0,0.368,0.1354,8.5,940.2,0.5028,702.0,0.5109,0.5,293.96,0.3758,4.23,7.2,4.0,11.840429441755854,7.28,8.08,16.1,795.0,8.21,0.371
4,8.2,-3.4,11.5,1.49,559.8,565.0,3.6,16.0,0.132,0.0174,6.5,886.7,0.6272,802.0,0.3789,0.5,165.03,0.1509,4.7,12.5,1.0,14.713858387023176,8.09,12.14,20.2,795.0,6.46,0.424
11,9.4,-1.0,10.4,1.15,330.5,343.0,3.3,37.0,0.3109,0.0966,17.5,1232.8,0.7307,885.0,0.3166,0.5,134.42,0.0029,3.3,13.4,3.0,19.088818537416138,5.68,14.3,16.7,795.0,8.81,0.424
12,1.1,-12.5,13.6,1.07,288.6,302.8,2.3,26.0,0.216,0.0466,1.4,747.9,0.5347,728.0,0.4652,0.5,396.93,0.0009,4.6,7.0,3.0,12.644195821567447,7.91,9.31,18.8,795.0,7.3,0.263
4,11.8,0.5,11.3,0.64,379.2,382.9,0.1,60.0,0.684,0.4678,35.6,2284.4,0.791,933.0,0.6871,0.5,84.43,0.2111,3.9,14.0,4.0,9.551279636965766,6.71,6.6,19.4,1432.8,8.69,0.323
11,14.2,1.5,12.7,1.17,386.5,394.7,0.0,39.0,0.5929,0.3515,27.5,1496.3,0.8945,1016.0,0.4938,0.5,46.4,0.0055,3.77,16.2,1.0,9.124208501932115,6.49,8.16,19.3,2229.9,8.51,0.442
11,2.7,-9.4,12.2,0.94,386.2,370.7,0.9,17.0,0.1413,0.02,2.3,654.7,0.5132,711.0,0.442,0.5,333.39,0.0259,6.2,12.5,3.0,17.80014068490717,10.67,13.16,19.5,795.0,6.92,0.396
2,0.7,-11.2,11.9,1.22,441.6,439.3,0.6,48.0,0.399,0.1592,1.6,2114.0,0.7623,910.0,0.5836,0.5,413.77,0.0135,5.55,8.5,1.0,7.527323415586524,9.55,6.86,19.4,795.0,7.17,0.414
1,1.3,-9.2,10.5,1.62,363.0,356.8,0.6,18.0,0.152,0.0231,1.2,662.4,0.4471,658.0,0.4293,0.5,386.89,0.2677,4.81,11.1,4.0,8.725771810928943,8.28,5.7,16.1,795.0,6.95,0.365
11,0.6,-8.8,9.4,0.3,432.5,439.9,1.4,42.0,0.348,0.1211,1.2,1805.7,0.6853,848.0,0.3497,0.5,416.38,0.64,4.3,14.8,2.0,17.55290369834651,7.4,13.71,19.6,795.0,7.5,0.38
11,7.4,-3.2,10.7,0.9,300.7,302.8,3.2,17.0,0.1402,0.0197,6.3,506.1,0.6865,849.0,0.3167,0.5,184.16,0.0404,4.1,13.0,1.0,10.303688625821959,7.05,8.88,17.1,795.0,7.14,0.355
1,2.8,-7.6,10.4,1.62,257.1,259.9,1.4,38.0,0.3189,0.1017,5.4,983.9,0.749,899.0,0.4198,0.5,330.53,0.2673,4.2,9.5,3.0,18.255602883923682,7.23,13.69,14.5,795.0,7.38,0.392
12,6.2,-6.8,13.0,1.7,342.1,339.2,0.5,45.0,0.3786,0.1434,14.1,1554.5,0.6656,832.0,0.544,0.5,219.03,0.3632,3.9,11.0,3.0,20.413567834392133,6.71,15.24,17.6,795.0,8.06,0.259
1,-0.7,-10.2,9.5,1.21,307.0,310.2,2.1,56.0,0.4675,0.2185,-1.9,1722.4,0.4081,626.0,0.4141,0.5,470.32,0.0129,3.5,9.2,4.0,16.865490523237337,6.02,11.78,15.5,795.0,8.45,0.39
1,-1.4,-11.5,10.0,0.65,183.8,174.0,1.8,46.0,0.3873,0.15,-3.4,854.4,0.7633,911.0,0.3816,0.5,503.98,0.2063,3.9,18.0,2.0,11.251876112494323,6.71,9.05,15.5,795.0,7.76,0.514
1,0.7,-9.0,9.6,0.65,209.2,202.1,1.8,52.0,0.4362,0.1902,1.7,1095.1,0.7077,866.0,0.4137,0.5,413.62,0.2048,3.77,10.0,3.0,19.519785261380548,6.49,14.61,15.5,795.0,7.21,0.414
2,0.8,-8.8,9.6,0.59,272.6,270.4,3.2,36.0,0.3011,0.0906,1.5,984.9,0.5434,735.0,0.4564,0.5,407.27,0.2606,4.97,14.6,1.0,11.07093433687339,8.55,9.34,16.6,795.0,9.65,0.401
3,8.4,-2.7,11.1,0.92,379.8,368.6,1.6,35.0,0.2924,0.0855,14.7,1332.7,0.8189,955.0,0.3412,0.5,158.62,0.0319,4.0,10.0,1.0,12.50198245108781,6.88,10.63,18.6,795.0,6.57,0.418
1,-0.4,-11.3,10.9,1.61,246.0,245.1,0.7,42.0,0.348,0.1211,-0.8,1027.4,0.8326,966.0,0.3915,0.5,457.77,0.2649,2.9,12.0,3.0,14.641813931972143,4.99,11.05,14.7,795.0,9.16,0.364
12,3.7,-8.6,12.3,0.89,187.0,204.5,0.7,13.0,0.1051,0.0111,2.4,235.9,0.8596,988.0,0.299,0.5,298.27,0.0462,3.85,9.0,3.0,12.334084177085746,6.62,9.34,16.7,795.0,5.47,0.464
11,7.4,-5.8,13.2,0.78,387.3,382.0,2.0,28.0,0.2311,0.0534,10.3,1074.0,0.7628,910.0,0.3514,0.5,183.87,0.1027,5.1,9.0,2.0,17.79288349168401,8.78,13.95,20.8,795.0,7.65,0.47
3,7.1,-1.9,9.0,1.2,415.0,412.1,0.8,23.0,0.1877,0.0352,8.0,934.8,0.7147,872.0,0.4075,0.5,192.12,0.0103,5.5,12.4,2.0,17.89363284465587,9.46,13.99,16.7,795.0,7.74,0.382
1,-0.1,-8.1,8.0,1.49,195.5,184.9,2.3,53.0,0.4439,0.1971,-0.2,1041.4,0.4616,669.0,0.5111,0.5,444.15,0.154,5.16,12.0,4.0,13.626989826476654,8.88,9.39,11.9,795.0,7.3,0.436
11,6.4,-5.8,12.2,0.85,309.0,308.7,0.7,33.0,0.2786,0.0776,10.7,1032.8,0.5683,755.0,0.3459,0.5,212.61,0.0619,6.0,8.6,2.0,12.630365037051115,10.32,9.93,18.5,795.0,6.64,0.396
11,5.2,-4.5,9.7,0.82,334.7,320.5,2.8,42.0,0.3499,0.1224,10.9,1405.2,0.6222,798.0,0.4397,0.5,249.27,0.0785,5.53,7.5,4.0,12.57188310819724,9.52,8.73,17.0,795.0,7.52,0.383
1,-0.8,-12.9,12.1,1.11,205.1,197.3,2.1,24.0,0.2014,0.0406,-0.9,495.8,0.8157,953.0,0.4433,0.5,474.22,0.0001,3.7,9.5,3.0,18.35895128396124,6.37,13.82,16.3,795.0,6.94,0.373
1,-3.0,-12.0,9.0,1.27,320.5,319.3,1.4,54.0,0.4475,0.2002,-8.0,1720.8,0.4911,693.0,0.5447,0.5,575.79,0.0275,4.2,12.6,1.0,12.762074347622352,7.23,10.56,15.1,795.0,9.05,0.406
2,5.3,-3.2,8.5,0.35,304.5,311.3,3.4,44.0,0.3701,0.137,11.8,1352.6,0.7782,923.0,0.4445,0.5,246.56,0.5675,4.5,12.5,2.0,14.504742510961844,7.74,11.5,16.8,795.0,7.74,0.524
2,1.0,-7.8,8.8,0.67,322.5,343.6,1.9,34.0,0.2799,0.0784,1.7,1083.3,0.8274,962.0,0.5647,0.5,400.56,0.1829,5.5,13.0,2.0,14.84475360890898,9.46,11.8,16.5,795.0,8.3,0.372
1,-0.1,-11.7,11.6,1.76,364.6,361.9,3.7,28.0,0.2354,0.0554,-0.2,1029.6,0.2055,464.0,0.4573,0.5,446.57,0.4399,5.1,13.5,3.0,20.693014565475277,8.78,15.08,16.6,795.0,7.54,0.338
3,9.5,-0.9,10.5,1.53,410.2,407.9,0.7,57.0,0.4716,0.2224,27.0,2321.5,0.4877,690.0,0.5745,0.5,131.2,0.1888,5.12,8.5,2.0,15.446097255293672,8.81,11.97,17.0,795.0,7.55,0.524
2,5.0,-8.2,13.2,1.17,304.3,300.6,0.5,12.0,0.096,0.0092,2.9,350.4,0.8044,944.0,0.3315,0.5,256.28,0.0043,3.4,11.5,2.0,16.067925820955953,5.85,12.69,18.5,795.0,6.81,0.367
12,5.4,-7.8,13.3,0.71,338.1,346.4,0.1,55.0,0.4621,0.2136,15.1,1875.0,0.2505,500.0,0.6397,0.5,242.21,0.1534,5.26,10.0,1.0,14.660207545528795,9.05,11.8,20.2,795.0,8.04,0.435
3,3.8,-5.2,9.0,1.31,382.3,366.2,0.7,41.0,0.3446,0.1187,7.8,1580.7,0.7805,924.0,0.4259,0.5,296.82,0.0435,4.25,12.0,1.0,17.276734763490886,7.31,14.18,16.0,795.0,7.63,0.441
11,12.0,1.3,10.7,0.3,266.0,291.1,1.6,58.0,0.6816,0.4645,35.1,1555.6,0.7391,891.0,0.582,0.5,81.13,0.64,4.7,10.5,4.0,20.09731328501213,8.09,14.46,18.1,1804.9,9.15,0.523
4,16.1,2.5,13.7,0.95,587.9,594.8,0.2,65.0,1.0,1.0,52.2,3803.0,0.7416,893.0,0.8361,0.5,23.74,0.0232,5.2,12.5,3.0,15.966571373681429,8.95,11.97,23.7,3888.7,10.74,0.537
3,10.7,1.4,9.3,1.6,410.5,416.0,3.6,64.0,0.6072,0.3687,34.3,2634.8,0.5371,730.0,0.5137,0.5,106.59,0.2465,4.81,11.8,1.0,15.96768399357365,8.28,13.01,15.9,795.0,11.07,0.513
2,6.5,-3.0,9.6,1.72,303.9,292.2,2.8,14.0,0.1179,0.0139,4.6,430.0,0.6934,855.0,0.276,0.5,208.87,0.3902,3.6,14.0,1.0,11.347672552534418,6.19,9.67,14.2,795.0,7.63,0.437
2,-0.9,-14.6,13.7,1.43,348.7,335.8,3.2,30.0,0.2524,0.0637,-1.4,1056.1,0.4239,639.0,0.5106,0.5,480.44,0.1105,5.18,6.0,2.0,15.065434817650338,8.91,11.64,18.9,795.0,6.95,0.502
3,1.8,-8.8,10.6,1.24,455.8,447.5,1.4,51.0,0.4209,0.1772,4.5,2302.2,0.5832,767.0,0.4861,0.5,368.87,0.0183,5.69,12.5,4.0,14.223637708753534,9.79,9.93,18.5,795.0,8.36,0.377
2,5.4,-3.8,9.2,0.85,317.5,321.3,3.3,30.0,0.2475,0.0613,8.0,943.0,0.799,939.0,0.3451,0.5,242.92,0.0645,5.6,10.0,1.0,21.531642208284303,9.64,17.39,16.3,795.0,7.67,0.367
12,0.7,-9.2,9.8,2.17,93.6,93.9,1.5,19.0,0.158,0.025,0.6,177.5,0.6508,821.0,0.4014,0.5,413.19,1.1412,3.9,12.0,2.0,19.278432867630837,6.71,14.98,10.2,795.0,5.87,0.339
3,5.4,-7.5,12.9,0.7,278.6,282.0,2.6,51.0,0.4262,0.1817,13.9,1425.2,0.6692,835.0,0.4443,0.5,242.65,0.163,4.1,11.0,3.0,15.631871162777863,7.05,11.66,19.1,795.0,8.82,0.437
4,17.0,3.7,13.3,1.28,661.8,656.1,2.6,34.0,0.6744,0.4548,28.7,2234.4,0.5922,774.0,0.6076,0.5,16.13,0.0314,6.31,9.5,1.0,13.82265974682974,10.86,11.44,23.7,3907.1,10.44,0.611
12,-0.4,-12.3,11.8,1.03,209.6,207.7,1.0,25.0,0.205,0.042,-0.5,515.7,0.6033,783.0,0.4449,0.5,459.5,0.0045,6.1,12.0,1.0,13.894622744859802,10.5,11.5,16.3,795.0,7.11,0.423
12,-1.7,-12.4,10.7,1.76,199.7,191.6,3.7,16.0,0.1367,0.0187,-1.4,327.5,0.878,1002.0,0.3763,0.5,514.03,0.429,4.8,10.0,1.0,15.843416562659272,8.26,13.18,13.5,795.0,8.4,0.419
1,6.8,-6.6,13.4,1.35,213.7,210.8,3.4,34.0,0.2866,0.0821,11.7,735.0,0.4196,636.0,0.3473,0.5,201.21,0.0634,3.6,9.2,4.0,17.638394561557167,6.19,12.36,16.9,795.0,8.23,0.442
4,15.6,2.1,13.5,0.77,440.0,446.4,1.7,32.0,0.5696,0.3245,25.2,1418.8,0.6039,783.0,0.5175,0.5,29.17,0.1093,4.9,12.5,2.0,15.49012369647088,8.43,12.1,21.8,3336.1,8.07,0.466
4,15.8,2.2,13.6,1.0,573.4,550.0,0.4,20.0,0.3643,0.1327,16.0,1157.8,0.5426,734.0,0.4527,0.5,26.79,0.0098,4.32,12.5,3.0,20.90852179083341,7.43,15.52,23.3,811.0,8.55,0.452
12,2.7,-7.9,10.7,1.78,179.3,186.3,2.4,11.0,0.0934,0.0087,1.5,201.0,0.4342,647.0,0.2355,0.5,333.4,0.4611,4.4,13.0,4.0,11.429913558071902,7.57,7.72,13.1,795.0,6.96,0.415
12,2.4,-6.6,9.0,0.84,296.9,296.4,2.4,35.0,0.2939,0.0864,4.2,1047.3,0.7633,911.0,0.367,0.5,345.83,0.0665,4.28,11.8,1.0,13.793688125669089,7.36,11.56,15.9,795.0,7.6,0.265
12,0.1,-11.5,11.6,1.24,291.4,293.7,1.4,38.0,0.3155,0.0996,0.3,1103.3,0.6708,837.0,0.4637,0.5,435.24,0.0205,5.54,8.0,1.0,11.317900830128838,9.53,9.63,16.9,795.0,7.67,0.455
12,-7.5,-18.1,10.5,1.34,205.4,214.8,2.5,27.0,0.2249,0.0506,-10.2,554.2,0.4643,671.0,0.407,0.5,814.61,0.0567,3.7,11.5,3.0,11.555151515465647,6.37,8.44,14.5,795.0,7.92,0.389
12,5.8,-7.7,13.5,1.34,330.8,327.4,1.7,56.0,0.4644,0.2157,16.2,1843.5,0.5887,771.0,0.5415,0.5,230.99,0.0556,3.87,16.5,2.0,10.278124160811235,6.66,8.18,18.8,795.0,7.75,0.388
1,-1.6,-14.9,13.3,0.47,293.4,283.7,2.6,16.0,0.1349,0.0182,-1.3,474.9,0.6624,830.0,0.3287,0.5,509.69,0.3918,4.0,13.0,4.0,15.599153326416644,6.88,11.03,20.2,795.0,8.17,0.37
12,0.0,-8.2,8.2,0.8,279.4,284.0,0.4,34.0,0.283,0.0801,0.0,949.0,0.4255,640.0,0.3544,0.5,440.89,0.0881,4.04,10.0,4.0,14.61365040755766,6.95,10.1,15.1,795.0,7.9,0.395
12,2.0,-11.2,13.2,1.11,281.2,285.2,3.3,53.0,0.4394,0.1931,5.3,1482.8,0.7557,905.0,0.4255,0.5,361.0,0.0001,7.7,18.0,3.0,13.957576369809553,13.25,10.47,18.3,795.0,8.73,0.335
3,6.0,-7.6,13.6,0.64,439.3,444.2,2.3,19.0,0.157,0.0247,5.6,827.7,0.839,971.0,0.3393,0.5,225.62,0.208,4.6,13.0,2.0,12.259630564724153,7.91,9.87,22.2,795.0,7.87,0.433
3,4.1,-6.7,10.8,1.14,377.6,389.3,0.9,22.0,0.1867,0.0349,4.6,846.2,0.7847,928.0,0.3962,0.5,284.71,0.0013,5.15,13.0,4.0,15.899155019762777,8.86,11.35,17.7,795.0,6.99,0.436
2,5.7,-2.9,8.6,2.21,346.1,364.9,3.3,64.0,0.5357,0.287,18.2,2224.8,0.7425,894.0,0.5056,0.5,235.18,1.2367,5.4,13.2,1.0,12.60536611660892,9.29,10.65,12.8,795.0,8.26,0.421
12,-4.5,-18.0,13.5,1.07,247.7,246.3,2.4,17.0,0.1441,0.0208,-3.9,428.4,0.9005,1020.0,0.3889,0.5,648.14,0.0008,4.3,18.0,2.0,11.443760954238892,7.4,9.3,18.2,795.0,7.24,0.39
4,8.6,-1.3,9.9,1.1,434.4,429.5,3.6,62.0,0.5155,0.2657,26.6,2687.4,0.6875,850.0,0.591,0.5,153.38,0.0,3.2,14.2,1.0,12.160252400079411,5.51,10.27,17.9,795.0,10.15,0.476
12,6.2,-7.0,13.2,1.32,156.7,153.8,3.4,44.0,0.3707,0.1375,13.8,697.1,0.5883,771.0,0.4871,0.5,219.12,0.0493,4.4,7.6,4.0,14.336185437318543,7.57,10.02,15.9,795.0,7.67,0.341
1,-3.5,-15.9,12.4,1.57,236.9,249.0,1.8,17.0,0.1388,0.0193,-2.9,394.7,0.6653,832.0,0.2674,0.5,600.45,0.2222,3.4,11.4,2.0,14.616555108667995,5.85,11.49,15.8,795.0,6.53,0.351
3,7.5,-2.8,10.3,0.39,404.7,396.2,1.1,19.0,0.1596,0.0255,7.1,774.9,0.6789,843.0,0.3603,0.5,183.25,0.5057,4.6,10.0,2.0,10.597440168128786,7.91,8.49,19.6,795.0,7.07,0.386
4,11.7,3.3,8.5,0.82,581.9,579.7,3.7,38.0,0.4293,0.1843,22.5,2230.7,0.5629,750.0,0.5171,0.5,86.12,0.0791,5.3,12.5,1.0,19.197645320772136,9.12,15.45,19.7,1045.8,9.39,0.444
4,12.2,2.2,10.0,1.33,520.9,514.9,2.3,36.0,0.4279,0.1831,21.7,1855.3,0.6096,788.0,0.5746,0.5,77.29,0.0506,5.7,13.0,3.0,6.822339391915186,9.81,5.0,18.8,1325.8,7.61,0.399
11,7.4,-4.7,12.1,0.86,314.2,316.1,3.2,37.0,0.3108,0.0966,13.7,1172.0,0.8175,954.0,0.4507,0.5,185.92,0.0596,3.7,10.0,2.0,8.851658334557126,6.37,7.29,18.5,795.0,8.14,0.323
2,2.5,-11.4,13.8,1.88,376.0,391.4,2.5,38.0,0.3191,0.1018,4.7,1440.0,0.9044,1023.0,0.3707,0.5,343.97,0.6081,5.27,10.6,2.0,18.51247538613762,9.07,14.61,18.3,795.0,7.5,0.455
3,4.2,-9.0,13.3,1.3,493.6,518.5,0.2,12.0,0.1014,0.0103,2.6,600.5,0.4908,693.0,0.2103,0.5,280.76,0.0411,3.7,12.0,3.0,14.644105697850728,6.37,10.78,21.1,795.0,6.18,0.386
1,0.6,-10.8,11.3,1.26,241.3,231.0,3.3,14.0,0.1147,0.0131,0.4,332.1,0.6116,789.0,0.3091,0.5,417.7,0.0264,4.7,13.5,1.0,14.689405928362774,8.09,12.11,15.8,795.0,7.7,0.425
4,8.6,-4.2,12.8,1.82,439.1,438.9,2.5,51.0,0.4228,0.1788,21.8,2228.2,0.8425,974.0,0.4659,0.5,153.73,0.523,3.5,12.5,2.0,22.798645318637426,6.02,17.77,18.6,795.0,8.51,0.475
12,-4.1,-14.0,9.9,1.3,297.6,295.2,2.6,48.0,0.3968,0.1575,-9.8,1417.2,0.4714,677.0,0.294,0.5,630.77,0.0389,4.99,7.0,2.0,10.819683455895046,8.59,8.49,15.5,795.0,6.69,0.355
1,-0.8,-10.3,9.5,0.95,368.6,354.5,3.6,27.0,0.2285,0.0522,-1.1,1010.4,0.6532,823.0,0.5019,0.5,474.01,0.0237,4.0,4.5,2.0,14.901173730648956,6.88,11.7,17.1,795.0,6.93,0.427
11,4.6,-7.5,12.1,0.51,342.0,338.4,2.1,51.0,0.4271,0.1824,11.7,1752.5,0.3985,619.0,0.469,0.5,270.45,0.3532,9.34,15.6,2.0,13.495494720095527,16.07,10.44,19.8,795.0,7.78,0.469
11,9.8,-2.0,11.7,0.82,303.3,282.5,0.9,39.0,0.3248,0.1055,19.0,1182.2,0.7249,880.0,0.4293,0.5,126.45,0.0771,5.7,10.0,1.0,15.91608407581564,9.81,13.12,18.2,795.0,7.03,0.352
1,-0.2,-10.8,10.6,0.85,290.8,296.1,1.4,59.0,0.4945,0.2445,-0.7,1725.5,0.8714,997.0,0.4216,0.5,450.73,0.0631,9.64,10.0,1.0,19.11085832552036,16.59,15.63,17.0,795.0,8.34,0.447
12,1.2,-8.2,9.4,1.91,287.4,288.7,3.3,41.0,0.3379,0.1142,2.5,1165.2,0.3628,590.0,0.4927,0.5,390.94,0.6543,4.11,12.1,1.0,13.836762638979579,7.07,11.27,13.4,795.0,8.42,0.414
1,-0.4,-13.9,13.5,1.52,352.9,360.7,0.6,23.0,0.1951,0.0381,-0.5,826.3,0.3912,613.0,0.3947,0.5,459.08,0.176,5.5,8.4,4.0,6.902115693110926,9.46,4.29,18.6,795.0,5.91,0.31
2,4.9,-6.3,11.2,1.8,398.8,389.9,0.3,58.0,0.4867,0.2369,14.3,2329.2,0.3563,585.0,0.5509,0.5,259.27,0.489,4.5,13.0,2.0,15.356884742049298,7.74,11.8,16.7,795.0,7.29,0.345
12,0.4,-9.1,9.5,0.98,222.2,198.9,2.7,11.0,0.0941,0.0089,0.2,251.1,0.9269,1042.0,0.2955,0.5,423.71,0.0152,4.58,9.5,3.0,20.303236548132798,7.88,15.37,14.8,795.0,6.94,0.311
1,-3.4,-16.1,12.7,1.37,276.7,274.7,1.2,64.0,0.5342,0.2854,-10.9,1773.8,0.5703,756.0,0.4111,0.5,595.26,0.071,4.0,13.5,2.0,15.161968900364862,6.88,11.83,17.2,795.0,8.92,0.556
12,1.5,-8.3,9.8,0.89,288.6,293.5,2.6,65.0,0.5378,0.2892,4.9,1862.2,0.9171,1034.0,0.6254,0.5,378.94,0.0456,4.9,11.7,3.0,11.26561829393713,8.43,8.58,16.3,795.0,9.46,0.505
4,14.4,1.3,13.0,1.91,481.2,468.5,0.9,55.0,0.8568,0.7342,39.4,2631.8,0.7442,895.0,0.7446,0.5,43.57,0.6588,4.64,13.9,3.0,14.107227249671764,7.98,10.58,19.2,2702.0,11.39,0.503
1,-0.7,-12.0,11.3,1.15,221.5,218.2,3.3,46.0,0.387,0.1498,-1.6,1028.9,0.5349,728.0,0.425,0.5,470.49,0.0021,5.2,11.0,3.0,17.87508469018151,8.95,13.23,15.8,795.0,9.08,0.472
11,5.9,-6.6,12.5,0.88,290.7,282.4,2.4,50.0,0.42,0.1764,14.8,1465.2,1.0,1170.0,0.3116,0.5,228.79,0.0501,4.1,7.5,1.0,15.009063706919225,7.05,12.66,18.5,795.0,10.26,0.459
1,-3.8,-15.4,11.6,0.3,243.3,243.2,3.2,37.0,0.3078,0.0947,-7.1,898.7,0.7964,937.0,0.506,0.5,615.92,0.64,6.4,14.8,1.0,13.122920993513674,11.01,11.08,18.5,795.0,7.8,0.427
1,1.4,-7.0,8.4,1.07,231.5,234.6,0.4,38.0,0.3179,0.101,2.6,883.0,0.4104,628.0,0.4775,0.5,385.61,0.0009,5.6,9.5,2.0,15.524108444909675,9.64,11.97,13.8,795.0,7.42,0.279
12,-0.6,-9.1,8.5,0.81,231.5,229.2,2.4,64.0,0.5357,0.287,-1.8,1488.4,0.7498,900.0,0.563,0.5,465.03,0.0828,5.55,12.0,3.0,11.518463660507326,9.55,8.64,14.6,795.0,9.59,0.441
12,4.6,-7.2,11.8,0.95,297.6,308.6,2.1,18.0,0.1466,0.0215,4.0,523.6,0.7767,921.0,0.4462,0.5,269.58,0.0221,5.22,9.0,3.0,21.273352247024473,8.98,15.98,17.8,795.0,7.63,0.328
4,18.9,7.7,11.2,1.53,501.2,494.0,3.9,11.0,0.2485,0.0618,10.1,537.7,0.9502,1060.0,0.3755,0.5,4.4,0.1845,5.03,13.3,2.0,15.629042517900729,8.65,12.48,19.0,1784.3,7.37,0.413
11,8.4,-3.9,12.4,1.16,193.2,200.8,0.4,47.0,0.392,0.1536,19.9,908.9,0.8425,974.0,0.552,0.5,157.75,0.0037,6.24,9.0,1.0,13.597299811605783,10.74,11.47,16.2,795.0,8.19,0.443
12,-1.9,-14.5,12.6,0.64,192.7,191.2,3.9,30.0,0.253,0.064,-2.8,585.0,0.8321,966.0,0.4183,0.5,523.33,0.2076,4.3,11.0,3.0,14.495392517431979,7.4,10.94,17.6,795.0,9.08,0.344
3,3.8,-10.1,14.0,0.98,474.1,491.0,3.8,57.0,0.4749,0.2255,10.9,2701.6,0.5077,706.0,0.6235,0.5,294.79,0.0151,5.76,9.0,2.0,14.658578232379483,9.91,11.4,22.1,795.0,9.43,0.464
2,0.7,-8.3,9.1,0.72,288.1,269.5,1.3,27.0,0.2288,0.0523,1.0,790.9,0.5112,709.0,0.3935,0.5,410.29,0.1453,4.6,11.5,1.0,8.724952907634332,7.91,7.55,16.1,795.0,7.23,0.374
4,14.0,3.6,10.3,1.43,540.0,539.3,3.6,12.0,0.1725,0.0298,8.1,623.5,0.6796,844.0,0.48,0.5,49.47,0.1098,4.3,14.2,3.0,14.71024195109653,7.4,10.98,19.1,795.0,6.79,0.339
1,-1.0,-13.9,12.9,1.43,295.3,292.4,1.0,12.0,0.1007,0.0101,-0.6,356.7,0.3869,610.0,0.2606,0.5,486.11,0.1091,6.32,7.7,2.0,12.704395783551735,10.87,9.84,17.4,795.0,4.97,0.453
12,-2.1,-11.0,8.9,0.71,120.8,110.1,4.0,56.0,0.4678,0.2188,-5.8,678.0,0.5965,777.0,0.3727,0.5,532.49,0.151,4.2,13.5,1.0,11.08989510995119,7.23,9.39,13.5,795.0,9.21,0.423
2,3.7,-9.8,13.4,1.19,261.7,277.7,0.8,49.0,0.4113,0.1692,9.0,1291.8,0.6227,798.0,0.4852,0.5,300.99,0.0075,4.8,11.5,4.0,15.238324509091841,8.26,10.73,18.0,795.0,7.73,0.369
1,-1.4,-11.8,10.4,0.93,155.0,154.5,3.3,47.0,0.388,0.1505,-3.3,721.4,0.7703,916.0,0.3904,0.5,503.07,0.0274,5.1,14.4,1.0,15.444445152582883,8.78,12.8,14.6,795.0,8.12,0.455
1,-0.5,-8.8,8.4,0.98,382.5,392.3,2.3,25.0,0.209,0.0437,-0.6,959.4,0.5126,710.0,0.3617,0.5,460.18,0.015,5.59,17.4,2.0,11.712976834813364,9.62,9.19,16.3,795.0,9.04,0.401
12,0.1,-10.9,11.0,0.99,258.1,283.1,1.0,11.0,0.0898,0.0081,0.0,278.3,0.72,876.0,0.357,0.5,437.13,0.0113,4.17,10.5,3.0,11.576679244009132,7.18,8.66,16.4,795.0,5.04,0.346
1,-1.0,-13.5,12.5,1.31,228.9,226.1,1.9,54.0,0.452,0.2043,-2.8,1241.6,0.7951,936.0,0.7218,0.5,485.52,0.0447,4.3,14.0,2.0,14.760089235907273,7.4,11.71,16.4,795.0,7.75,0.482
3,7.7,-3.5,11.2,1.15,398.6,384.9,0.5,34.0,0.2837,0.0805,13.1,1356.9,0.4737,679.0,0.5418,0.5,177.77,0.0026,5.63,12.0,4.0,12.462567173135302,9.69,8.53,18.4,795.0,6.77,0.466
12,4.1,-9.1,13.2,1.18,327.1,332.3,2.2,26.0,0.2133,0.0455,5.3,837.2,0.716,873.0,0.4857,0.5,285.2,0.006,4.7,12.0,2.0,14.252925752621662,8.09,11.26,18.9,795.0,6.34,0.399
4,9.6,-2.0,11.6,0.91,457.6,463.4,1.5,48.0,0.398,0.1584,22.9,2185.6,0.6106,789.0,0.4496,0.5,130.35,0.0375,5.32,13.2,2.0,16.54203090066433,9.15,12.9,20.2,795.0,7.47,0.327
11,10.1,0.1,10.0,1.19,342.4,341.9,1.5,53.0,0.4509,0.2033,26.9,1829.7,0.7829,926.0,0.3545,0.5,119.63,0.0078,4.98,11.0,1.0,18.538338612199677,8.57,15.13,16.4,795.0,8.51,0.442
12,-0.2,-9.1,8.9,0.77,319.6,330.7,2.7,33.0,0.2718,0.0739,-0.3,1042.4,0.6797,844.0,0.4752,0.5,448.24,0.112,5.5,8.6,2.0,14.676636813322014,9.46,11.55,16.3,795.0,9.16,0.434
11,9.1,0.5,8.6,0.85,294.5,292.4,3.7,23.0,0.1922,0.0369,10.6,679.3,0.4569,666.0,0.2711,0.5,140.44,0.0617,4.58,8.6,2.0,10.258701833935994,7.88,8.06,15.5,795.0,7.23,0.396
4,15.5,4.9,10.6,2.19,512.7,517.6,0.9,47.0,0.8167,0.667,36.2,2388.9,0.5007,701.0,0.7659,0.5,30.07,1.1969,5.3,14.2,1.0,12.095918785828909,9.12,10.07,17.0,1957.4,10.26,0.523
11,9.8,-3.6,13.5,0.79,237.2,249.1,1.0,25.0,0.2053,0.0422,12.1,584.4,0.6499,820.0,0.4858,0.5,124.73,0.094,3.9,8.3,2.0,14.45903075492386,6.71,11.36,18.7,795.0,7.94,0.341
12,4.7,-5.8,10.6,1.25,251.5,251.5,2.4,62.0,0.5189,0.2693,14.7,1565.9,0.7941,935.0,0.6323,0.5,264.49,0.0225,4.9,10.0,2.0,14.430859884571587,8.43,11.46,15.4,795.0,8.57,0.437
2,3.8,-5.5,9.2,0.95,318.1,335.1,0.8,23.0,0.1934,0.0374,4.4,738.3,0.6666,833.0,0.3877,0.5,296.32,0.0231,5.36,8.9,3.0,14.726214504220097,9.22,10.98,16.1,795.0,8.6,0.465
3,10.6,-2.0,12.5,0.54,364.3,356.8,3.6,16.0,0.1525,0.0233,8.7,600.1,0.2792,523.0,0.3085,0.5,109.08,0.3143,4.1,12.5,2.0,12.953440031342438,7.05,9.94,20.4,795.0,6.64,0.363
4,14.7,1.3,13.5,1.37,469.2,456.7,1.4,17.0,0.2725,0.0742,12.4,787.8,0.7267,881.0,0.3774,0.5,39.22,0.0703,3.75,10.0,2.0,12.614058865359402,6.45,10.04,20.7,1392.6,6.49,0.533
3,6.7,-5.2,11.9,0.75,344.8,344.5,1.4,48.0,0.4016,0.1613,16.2,1661.7,0.8701,996.0,0.427,0.5,204.23,0.1221,4.4,10.5,2.0,14.258348818755023,7.57,11.39,19.1,795.0,7.91,0.386
4,13.1,0.1,13.0,1.16,605.4,607.1,0.7,28.0,0.3841,0.1475,18.6,1722.7,0.7412,893.0,0.4475,0.5,62.44,0.0035,4.91,9.0,2.0,16.195404040953452,8.45,12.74,22.9,832.5,8.0,0.322
2,-0.2,-10.5,10.3,1.19,371.1,380.1,0.5,46.0,0.3843,0.1477,-0.4,1711.0,0.7737,919.0,0.5528,0.5,448.7,0.0076,4.9,7.5,3.0,12.114636114854981,8.43,9.1,17.1,795.0,7.11,0.329
11,5.4,-3.8,9.2,1.7,217.9,224.5,0.8,63.0,0.5255,0.2761,17.1,1374.2,0.6808,845.0,0.5321,0.5,242.16,0.3654,4.8,9.0,4.0,15.050056387726267,8.26,10.63,12.7,795.0,9.08,0.469
3,7.1,-1.6,8.7,1.18,415.6,412.6,1.0,59.0,0.4951,0.2451,21.0,2469.0,0.7907,933.0,0.5717,0.5,194.15,0.0069,4.12,9.0,2.0,16.1330795531089,7.09,12.73,16.5,795.0,9.92,0.444
1,0.2,-10.4,10.5,0.61,439.1,423.4,2.1,47.0,0.3895,0.1517,0.4,2052.4,0.5015,701.0,0.4627,0.5,433.78,0.239,4.5,9.3,1.0,14.980059914776767,7.74,12.24,19.8,795.0,7.69,0.462
12,0.8,-12.7,13.5,1.12,341.5,354.8,0.6,23.0,0.1892,0.0358,0.9,775.3,0.9364,1049.0,0.3512,0.5,409.43,0.0002,5.41,15.0,3.0,13.91372975993802,9.31,10.58,19.4,795.0,5.96,0.381
11,10.5,-1.1,11.5,0.87,396.6,402.8,3.5,14.0,0.1244,0.0155,7.2,542.4,0.7468,897.0,0.3718,0.5,111.16,0.0542,4.49,9.5,2.0,13.530693458780883,7.73,10.75,19.3,795.0,8.01,0.391
1,-0.2,-9.1,9.0,1.1,216.2,225.3,3.7,57.0,0.477,0.2275,-0.4,1237.7,0.7354,888.0,0.4918,0.5,447.45,0.0,5.1,12.0,3.0,15.534352843152163,8.78,11.64,14.0,795.0,10.36,0.502
1,-1.4,-11.5,10.1,1.23,361.5,354.3,0.3,24.0,0.2002,0.0401,-1.7,868.6,0.6367,809.0,0.4178,0.5,503.5,0.0163,5.15,13.1,2.0,17.2594761111675,8.86,13.45,16.7,795.0,6.56,0.434
1,-0.8,-10.9,10.1,1.03,270.7,268.7,3.9,43.0,0.3587,0.1287,-1.8,1165.4,0.3724,598.0,0.4417,0.5,476.56,0.005,3.8,13.2,2.0,12.754924444236922,6.54,9.86,15.8,795.0,9.48,0.319
2,-0.0,-12.2,12.2,0.56,345.4,347.4,0.8,18.0,0.1538,0.0237,-0.0,637.5,0.5817,765.0,0.3349,0.5,442.83,0.2957,4.7,12.0,1.0,13.259323448346514,8.09,11.01,19.8,795.0,6.74,0.364
12,3.6,-8.5,12.0,0.71,357.7,351.6,2.9,59.0,0.4886,0.2388,10.4,2097.3,0.1203,396.0,0.6368,0.5,304.05,0.1501,5.24,10.0,2.0,10.544144054690696,9.02,8.0,19.5,795.0,8.28,0.386
4,11.5,-2.1,13.6,1.53,454.3,480.3,0.3,33.0,0.3634,0.132,19.3,1519.1,0.5193,715.0,0.4639,0.5,89.88,0.1849,6.72,17.0,1.0,14.386824206914163,11.56,11.81,20.2,795.0,7.69,0.45
1,0.5,-8.7,9.1,1.18,260.0,245.3,1.5,42.0,0.3475,0.1208,1.0,1084.0,0.4433,655.0,0.4175,0.5,421.48,0.0057,6.9,11.8,3.0,12.993958435657971,11.87,9.5,14.6,795.0,7.47,0.402
12,-0.5,-9.0,8.6,0.86,151.2,154.7,2.3,47.0,0.395,0.156,-1.1,716.5,0.3964,617.0,0.5134,0.5,460.44,0.0585,4.82,11.3,4.0,15.703964720015575,8.29,10.9,13.3,795.0,9.06,0.481
1,0.2,-13.1,13.3,0.87,232.3,214.0,1.7,36.0,0.2963,0.0878,0.3,825.9,0.4681,675.0,0.4461,0.5,433.08,0.054,3.3,14.0,2.0,19.535352391285574,5.68,15.03,18.2,795.0,7.71,0.387
1,-0.3,-11.0,10.6,0.68,182.6,187.4,3.8,39.0,0.3247,0.1054,-0.7,711.4,0.8203,956.0,0.5773,0.5,455.6,0.1798,4.63,10.2,4.0,19.577200104312745,7.97,14.14,15.9,795.0,9.12,0.424
3,8.2,-5.4,13.6,1.4,469.2,466.7,1.8,15.0,0.1227,0.0151,6.0,690.7,0.4405,652.0,0.3189,0.5,164.06,0.0925,3.85,15.0,1.0,17.164363736058426,6.62,13.83,20.7,795.0,6.55,0.373
1,-1.6,-13.9,12.3,1.27,260.1,256.3,3.9,58.0,0.4821,0.2324,-4.7,1505.0,0.3301,564.0,0.5284,0.5,512.03,0.0279,4.81,13.0,1.0,12.084085824326433,8.28,9.93,16.9,795.0,10.87,0.409
12,-2.4,-15.4,13.0,1.11,264.7,266.2,2.1,34.0,0.2813,0.0791,-4.1,893.3,0.6911,853.0,0.4904,0.5,549.32,0.0002,5.32,15.0,3.0,14.255030969282677,9.15,10.64,17.9,795.0,7.73,0.452
4,13.9,0.4,13.6,0.74,458.9,448.0,3.3,20.0,0.2961,0.0877,13.9,914.8,0.6912,853.0,0.4083,0.5,50.22,0.1305,4.2,13.0,1.0,13.436881699556901,7.23,11.23,22.2,1450.1,8.99,0.526
2,0.4,-10.6,11.0,1.34,202.8,201.5,3.8,30.0,0.2523,0.0637,0.6,613.9,0.5631,751.0,0.2636,0.5,424.97,0.0553,5.3,8.7,1.0,13.24821085391389,9.12,10.99,14.8,795.0,8.44,0.382
11,8.2,-3.2,11.4,1.42,353.2,341.0,2.9,61.0,0.5057,0.2558,24.9,2143.2,0.4875,690.0,0.5367,0.5,163.5,0.1033,5.85,12.8,2.0,13.844975598948777,10.07,10.77,17.2,795.0,8.04,0.477
11,7.7,-3.0,10.7,1.19,251.3,240.5,0.6,23.0,0.1928,0.0372,8.9,581.5,0.6363,809.0,0.4081,0.5,176.84,0.0083,7.7,11.0,4.0,14.3972431788348,13.25,10.11,15.6,795.0,8.26,0.374
2,1.4,-10.8,12.2,1.12,331.3,335.8,0.2,42.0,0.3461,0.1198,2.9,1375.8,0.6748,840.0,0.4687,0.5,383.77,0.0005,4.44,8.0,3.0,10.65744242945449,7.64,7.93,18.2,795.0,7.6,0.47
3,8.9,-0.4,9.3,0.68,481.1,471.1,3.1,46.0,0.3844,0.1477,20.6,2218.9,0.8633,991.0,0.4847,0.5,145.36,0.1802,3.33,10.9,3.0,14.104356037015629,5.73,10.67,19.3,795.0,7.99,0.468
3,10.2,-0.7,10.9,0.69,353.9,371.6,3.3,53.0,0.4612,0.2127,27.2,1892.4,0.6196,796.0,0.4146,0.5,117.21,0.1699,4.3,16.0,4.0,12.563700420721549,7.4,8.72,18.6,795.0,9.36,0.46
4,18.3,4.8,13.5,0.7,539.1,546.8,1.6,63.0,1.0,1.0,58.1,3422.4,0.5636,751.0,0.7921,0.5,7.27,0.1587,4.5,11.0,1.0,18.177498060145975,7.74,14.68,23.4,4188.7,11.06,0.532
12,-4.4,-13.5,9.1,1.08,304.7,305.0,0.9,52.0,0.43,0.1849,-11.4,1572.2,0.1979,458.0,0.5629,0.5,645.35,0.0003,3.7,14.2,1.0,15.212275861952401,6.37,12.17,15.4,795.0,6.8,0.498
11,9.1,-2.1,11.3,0.65,408.0,422.3,0.3,35.0,0.294,0.0865,16.1,1439.7,0.3572,586.0,0.3589,0.5,140.77,0.2049,4.5,9.4,3.0,15.95296359113696,7.74,11.65,19.8,795.0,6.89,0.409
11,7.1,-1.2,8.3,0.78,352.5,336.3,3.3,62.0,0.516,0.2662,22.0,2182.5,0.7989,939.0,0.5073,0.5,193.48,0.1016,6.06,10.3,1.0,11.6156141775122,10.43,9.95,16.3,795.0,9.57,0.484
4,13.8,5.0,8.8,1.15,378.0,365.1,3.2,44.0,0.6392,0.4086,30.1,1652.5,0.9171,1034.0,0.5093,0.5,52.23,0.0023,5.35,11.5,1.0,11.088894168019007,9.21,9.65,16.1,1846.4,11.6,0.456
4,15.0,1.7,13.3,0.9,464.4,462.8,0.1,63.0,1.0,1.0,47.1,2919.9,0.9105,1028.0,0.7928,0.5,36.06,0.0384,4.4,17.9,3.0,17.876832713670073,7.57,13.54,21.6,2448.8,10.12,0.579
2,2.8,-6.7,9.5,1.25,301.7,268.0,3.1,42.0,0.3471,0.1205,5.8,1256.9,0.557,746.0,0.4698,0.5,331.67,0.0225,5.33,8.5,1.0,20.238182895852816,9.17,16.22,15.3,795.0,8.13,0.473
11,9.0,-3.8,12.9,0.88,260.0,259.9,1.0,40.0,0.3351,0.1123,18.1,1045.4,0.4535,663.0,0.3349,0.5,143.66,0.0482,5.2,17.4,3.0,12.369203365162528,8.95,9.04,18.3,795.0,8.05,0.418
12,-3.5,-15.2,11.6,0.61,304.8,299.6,1.1,25.0,0.2104,0.0443,-4.5,769.7,0.9109,1029.0,0.2555,0.5,602.31,0.2437,3.8,9.0,3.0,14.450773754028981,6.54,10.97,18.7,795.0,5.53,0.346
12,-0.3,-12.2,11.8,1.69,324.0,324.2,1.2,42.0,0.3502,0.1226,-0.7,1361.6,0.799,939.0,0.3683,0.5,454.99,0.3452,4.9,10.5,2.0,18.19337024474325,8.43,14.28,16.4,795.0,5.9,0.37
1,-7.8,-20.1,12.3,0.58,240.1,230.5,3.8,45.0,0.3772,0.1423,-17.6,1086.7,0.6612,829.0,0.4009,0.5,829.29,0.2715,4.1,13.5,3.0,11.66726335366313,7.05,8.68,18.3,795.0,9.38,0.399
2,1.2,-12.2,13.5,0.83,299.4,294.9,0.8,16.0,0.1336,0.0179,1.0,480.2,0.9333,1047.0,0.3228,0.5,390.48,0.0712,4.6,13.0,3.0,12.425020144347569,7.91,9.47,19.5,795.0,7.5,0.351
11,10.3,-3.4,13.7,0.91,330.0,337.1,0.1,16.0,0.1458,0.0213,8.5,544.4,0.852,982.0,0.3182,0.5,114.43,0.0366,4.5,10.0,3.0,12.054962644558442,7.74,9.12,19.9,795.0,5.89,0.275
4,20.5,9.6,10.9,1.18,491.9,492.6,2.1,33.0,0.8595,0.7388,34.1,1641.8,0.5397,732.0,0.5944,0.5,0.3,0.0071,5.29,12.0,2.0,8.24296104356938,9.1,6.61,19.4,3878.7,10.04,0.389
11,12.0,-0.7,12.7,1.06,380.1,358.8,0.5,49.0,0.5682,0.3228,29.2,1850.8,0.5599,748.0,0.4628,0.5,80.98,0.0014,5.0,12.2,3.0,10.792644392142499,8.6,7.94,19.5,1615.5,7.09,0.426
2,2.7,-9.6,12.3,1.4,319.6,327.2,1.8,18.0,0.1488,0.0221,2.4,570.6,0.6691,835.0,0.3503,0.5,335.49,0.0905,3.5,11.0,1.0,13.882675784276424,6.02,11.55,17.4,795.0,7.05,0.395
2,4.8,-5.7,10.5,0.3,339.3,350.1,0.3,16.0,0.1314,0.0173,3.8,534.9,0.6459,817.0,0.303,0.5,262.09,0.64,3.7,12.0,2.0,9.166128362231403,6.37,7.39,19.1,795.0,6.45,0.377
3,6.9,-6.0,12.9,1.09,447.5,450.1,0.0,14.0,0.1164,0.0135,4.8,624.8,0.4702,676.0,0.3673,0.5,199.17,0.0001,6.22,10.6,4.0,16.182107084595007,10.7,11.31,20.6,795.0,6.67,0.452
3,6.9,-6.5,13.5,1.65,394.5,396.3,0.2,15.0,0.1236,0.0153,5.1,585.3,0.8387,971.0,0.305,0.5,198.55,0.3064,12.0,10.5,3.0,14.087787527022718,20.65,10.64,18.8,795.0,6.3,0.3
11,6.7,-3.7,10.4,0.52,267.7,268.1,0.9,53.0,0.4413,0.1948,17.8,1417.6,0.6739,839.0,0.5747,0.5,203.45,0.3386,5.82,15.0,2.0,11.833790097091427,10.01,9.41,17.3,795.0,8.2,0.459
4,13.2,4.9,8.3,0.99,475.8,477.4,1.0,44.0,0.5966,0.356,28.9,2086.1,0.5618,749.0,0.577,0.5,61.4,0.0111,4.65,11.0,4.0,15.661143299062813,8.0,11.0,17.6,1954.7,9.75,0.467
2,-0.9,-9.1,8.2,2.03,318.5,309.6,0.5,29.0,0.2434,0.0593,-1.3,930.6,0.5646,752.0,0.5209,0.5,478.48,0.8709,6.2,11.0,2.0,12.26492054514014,10.67,9.65,12.6,795.0,7.55,0.4
2,4.6,-4.7,9.3,0.32,320.2,320.0,2.1,40.0,0.3361,0.113,9.3,1291.4,0.5567,745.0,0.3768,0.5,269.13,0.6038,5.11,11.0,2.0,15.01594877381555,8.79,11.71,17.7,795.0,8.87,0.438
3,2.4,-9.2,11.6,0.97,462.2,441.1,0.4,57.0,0.4717,0.2225,6.9,2616.5,0.7711,917.0,0.5659,0.5,345.08,0.0175,5.9,17.2,2.0,18.163354081495683,10.15,14.24,20.1,795.0,7.49,0.524
11,6.2,-5.3,11.5,0.99,375.5,377.8,1.8,56.0,0.4636,0.2149,17.3,2088.9,0.6981,858.0,0.4558,0.5,218.23,0.0121,3.73,13.0,2.0,8.381083757753139,6.42,6.84,18.6,795.0,8.36,0.509
1,-1.3,-14.3,13.0,2.38,266.9,284.4,2.8,40.0,0.3349,0.1121,-2.7,1072.4,0.5686,755.0,0.4079,0.5,498.58,1.6275,5.2,5.6,3.0,15.02181643749306,8.95,11.12,14.8,795.0,6.99,0.407
1,4.5,-9.3,13.8,0.61,260.8,272.1,1.9,52.0,0.4292,0.1842,11.5,1343.2,0.4971,698.0,0.4172,0.5,273.21,0.2358,3.9,15.2,4.0,12.191568906552002,6.71,8.34,19.7,795.0,8.29,0.372
4,15.0,2.8,12.2,1.02,465.5,475.0,3.6,63.0,1.0,1.0,47.2,2928.6,0.7118,869.0,0.8546,0.5,35.75,0.0061,3.99,7.0,1.0,9.3155893838807,6.87,8.16,20.5,3212.7,12.69,0.497
2,4.0,-10.0,14.0,0.53,356.7,374.0,2.4,53.0,0.4438,0.197,10.6,1899.5,0.7862,929.0,0.5256,0.5,289.72,0.329,4.57,13.5,4.0,14.586131271331652,7.86,10.37,21.5,795.0,8.62,0.47
11,7.4,-5.3,12.6,1.43,350.1,361.5,0.2,12.0,0.0987,0.0097,4.4,414.4,1.0,1138.0,0.1808,0.5,185.55,0.108,4.3,8.0,2.0,12.71307536009092,7.4,10.33,18.1,795.0,6.01,0.313
4,19.7,6.1,13.6,1.93,519.8,515.0,2.7,52.0,1.0,1.0,51.6,2723.7,0.479,683.0,0.8941,0.5,1.74,0.6915,5.8,13.0,4.0,21.191835821855445,9.98,15.08,20.2,2596.3,12.58,0.494
4,12.6,1.8,10.8,1.32,418.0,409.5,1.1,15.0,0.1956,0.0383,9.7,646.6,0.6836,847.0,0.3508,0.5,70.75,0.0473,5.59,9.0,2.0,14.649888898122805,9.62,11.53,17.9,795.0,6.85,0.426
2,3.2,-6.3,9.4,0.61,292.4,296.6,0.1,27.0,0.2291,0.0525,4.3,803.8,0.8112,949.0,0.3765,0.5,318.37,0.2356,5.47,15.5,1.0,8.334467154843686,9.41,7.5,16.7,795.0,7.3,0.413
1,-5.6,-17.7,12.1,1.52,397.2,400.6,2.8,26.0,0.2178,0.0474,-7.4,1038.4,0.8231,958.0,0.5161,0.5,708.84,0.176,5.3,13.0,2.0,17.10902221651661,9.12,13.49,18.1,795.0,6.79,0.361
11,7.7,-2.1,9.9,0.58,277.9,261.8,0.3,38.0,0.3207,0.1028,14.9,1069.5,0.7625,910.0,0.4163,0.5,176.19,0.2756,6.0,16.4,2.0,17.023440485750648,10.32,13.38,16.9,795.0,7.17,0.346
11,8.8,-1.0,9.8,1.16,343.9,344.4,3.6,13.0,0.1124,0.0126,5.9,464.0,0.7236,879.0,0.3257,0.5,149.38,0.0037,4.4,14.0,1.0,13.143306294603697,7.57,11.04,16.4,795.0,8.17,0.377
4,15.6,5.2,10.4,1.46,344.9,351.7,1.0,48.0,0.8477,0.7186,37.4,1657.7,0.7388,891.0,0.7171,0.5,29.33,0.1303,6.44,12.8,2.0,13.001185738421215,11.08,10.34,16.1,2266.5,11.61,0.434
12,6.7,-6.1,12.8,1.28,306.0,306.5,3.5,25.0,0.2085,0.0435,8.4,765.6,0.6723,838.0,0.4046,0.5,204.94,0.0317,5.51,9.3,2.0,13.386750632755698,9.48,10.58,18.0,795.0,8.1,0.433
3,3.7,-7.7,11.5,1.68,465.5,460.9,0.6,33.0,0.2765,0.0765,6.2,1544.5,0.7431,894.0,0.3408,0.5,297.73,0.3349,4.3,10.9,1.0,13.768059656623235,7.4,11.52,18.2,795.0,8.15,0.386
11,11.9,0.5,11.4,1.21,316.9,307.2,4.0,25.0,0.2852,0.0813,14.8,788.8,0.6313,805.0,0.4567,0.5,83.26,0.0125,4.3,14.0,4.0,17.002998406686103,7.4,12.06,17.1,795.0,7.8,0.394
1,1.6,-11.8,13.4,0.89,257.6,247.9,0.9,48.0,0.4024,0.1619,3.7,1243.8,0.8147,952.0,0.5345,0.5,378.29,0.0462,5.1,11.5,1.0,15.445497215458325,8.78,12.84,18.6,795.0,9.49,0.467
2,1.7,-10.1,11.8,0.92,413.2,415.7,0.8,35.0,0.294,0.0864,3.0,1457.5,0.5535,743.0,0.3526,0.5,372.52,0.0335,3.8,11.3,1.0,12.470134914667607,6.54,10.4,19.6,795.0,6.51,0.448
3,8.2,-4.2,12.4,0.38,427.0,436.8,0.2,12.0,0.1016,0.0103,5.0,520.8,0.5708,757.0,0.2707,0.5,162.78,0.5206,5.0,10.1,2.0,11.089711617590808,8.6,8.77,21.7,795.0,6.69,0.403
2,1.5,-6.8,8.3,0.35,318.7,307.5,3.3,29.0,0.2439,0.0595,2.2,932.6,0.7171,874.0,0.4161,0.5,380.8,0.5611,5.3,11.3,3.0,5.400494385399709,9.12,4.02,16.8,795.0,6.71,0.369
12,-0.3,-9.7,9.4,1.33,194.9,200.2,2.1,59.0,0.4955,0.2455,-0.9,1159.1,0.6865,849.0,0.5525,0.5,453.42,0.0526,4.7,15.7,2.0,23.955517676030816,8.09,18.52,13.4,795.0,9.21,0.473
3,7.8,-1.6,9.5,1.29,425.5,416.8,2.5,54.0,0.4493,0.2019,21.1,2294.1,0.9114,1029.0,0.5526,0.5,173.39,0.0349,5.4,8.6,2.0,15.169822645985654,9.29,12.11,17.0,795.0,10.57,0.41
12,4.9,-5.9,10.7,0.96,217.0,228.1,3.5,46.0,0.3841,0.1475,11.2,1000.1,0.2781,522.0,0.5966,0.5,260.75,0.019,4.5,14.7,1.0,13.061483404732165,7.74,10.62,15.7,795.0,8.34,0.327
3,9.1,-1.2,10.4,1.4,345.0,355.9,1.7,31.0,0.2544,0.0647,13.9,1053.1,0.6801,844.0,0.3473,0.5,141.34,0.0923,3.95,14.5,3.0,16.20272342266714,6.8,12.1,16.2,795.0,7.03,0.39
4,14.1,5.1,9.1,2.0,471.5,485.1,0.3,16.0,0.2441,0.0596,11.3,755.6,0.5947,776.0,0.2978,0.5,47.06,0.8088,4.0,16.0,1.0,16.531727018588366,6.88,13.47,15.6,1058.3,7.19,0.377
3,7.1,-3.0,10.1,1.12,295.1,282.1,2.3,18.0,0.1479,0.0219,6.3,523.9,0.7619,910.0,0.3493,0.5,192.65,0.0003,3.6,12.5,4.0,11.676384683826523,6.19,8.17,16.1,795.0,7.76,0.394
12,0.2,-10.4,10.6,0.95,219.4,235.7,1.3,64.0,0.5346,0.2858,0.6,1407.3,0.6085,787.0,0.5477,0.5,433.63,0.0237,4.2,14.7,2.0,11.912266974946252,7.23,9.42,15.7,795.0,9.02,0.387
11,8.4,-1.7,10.1,1.28,214.9,224.2,3.9,29.0,0.2457,0.0604,12.3,633.8,0.6783,843.0,0.393,0.5,160.0,0.0326,4.41,11.0,3.0,10.365291543154108,7.59,7.72,14.4,795.0,6.19,0.451
11,10.9,2.9,8.0,0.99,358.1,358.0,0.1,25.0,0.2422,0.0586,13.4,884.3,0.7383,891.0,0.3491,0.5,102.34,0.012,4.6,8.3,2.0,13.04193109575407,7.91,10.37,15.6,795.0,7.38,0.457
4,14.5,3.3,11.2,0.71,521.6,511.4,0.5,53.0,0.8356,0.6983,38.3,2762.3,0.6969,858.0,0.7603,0.5,42.69,0.1544,4.4,9.0,1.0,14.65106399221404,7.57,12.15,21.3,2369.1,10.31,0.522
11,5.8,-5.1,10.9,1.49,378.8,370.5,0.5,17.0,0.14,0.0196,4.8,636.3,0.3902,612.0,0.3229,0.5,232.11,0.1548,4.0,8.6,4.0,9.924104711188587,6.88,6.56,17.0,795.0,5.42,0.37
2,1.2,-11.5,12.7,1.15,305.6,304.2,1.9,44.0,0.3662,0.1341,2.6,1343.1,0.384,607.0,0.4332,0.5,392.46,0.0029,4.7,9.3,2.0,11.592064109933048,8.09,9.0,18.2,795.0,7.79,0.294
4,13.9,3.1,10.8,0.56,568.8,566.4,3.5,37.0,0.5438,0.2957,25.5,2089.7,0.76,908.0,0.6115,0.5,50.67,0.2926,11.84,16.0,1.0,8.636293567998319,20.37,7.69,22.1,933.0,11.24,0.455
1,0.1,-13.7,13.8,1.5,258.4,254.9,3.8,39.0,0.324,0.1049,0.2,1004.3,0.6845,848.0,0.4713,0.5,436.12,0.1566,4.29,12.5,4.0,16.860995955671257,7.38,11.99,17.5,795.0,8.37,0.359
11,7.1,-3.9,11.1,0.69,291.7,296.2,0.7,12.0,0.0994,0.0099,4.3,348.0,0.5253,720.0,0.4128,0.5,192.03,0.1675,5.17,10.0,3.0,14.222319458260316,8.9,10.49,17.8,795.0,4.87,0.341
2,-1.0,-14.4,13.4,0.7,528.5,522.4,2.6,32.0,0.2683,0.072,-1.6,1701.4,0.8946,1016.0,0.466,0.5,485.1,0.1584,3.5,11.6,2.0,15.479742799470742,6.02,12.33,23.2,795.0,6.39,0.452
4,14.5,5.1,9.5,1.66,499.6,500.9,0.4,28.0,0.4484,0.2011,20.5,1407.8,0.8614,989.0,0.5117,0.5,41.63,0.312,4.8,10.1,3.0,16.194340631585902,8.26,12.23,17.2,1101.9,7.98,0.415
3,6.1,-5.6,11.7,1.15,289.8,298.5,1.6,34.0,0.2804,0.0786,10.3,975.0,0.451,661.0,0.3898,0.5,221.42,0.0021,5.17,12.0,2.0,12.815287342211535,8.9,9.97,17.2,795.0,5.98,0.455
2,2.3,-6.9,9.3,1.01,271.5,259.1,1.3,42.0,0.3496,0.1223,4.9,1139.2,0.6308,805.0,0.4608,0.5,348.53,0.0076,6.3,8.6,1.0,16.001168156550783,10.84,13.11,15.2,795.0,8.26,0.39
2,-0.3,-13.4,13.1,1.35,496.4,499.8,0.3,41.0,0.3376,0.114,-0.7,2011.1,0.7458,897.0,0.3545,0.5,454.59,0.0647,5.5,17.0,1.0,10.120490943100013,9.46,8.79,20.8,795.0,8.02,0.461
4,11.6,0.8,10.8,1.22,516.2,516.6,2.6,20.0,0.224,0.0502,11.8,1053.4,0.6786,843.0,0.4741,0.5,88.63,0.0142,5.78,13.0,4.0,16.59326521644666,9.95,11.79,19.6,795.0,7.7,0.337
2,1.1,-7.6,8.8,0.77,248.9,255.4,1.0,29.0,0.2386,0.0569,1.6,712.7,0.3374,570.0,0.3992,0.5,394.62,0.106,4.8,12.6,3.0,14.403249399659295,8.26,10.47,15.1,795.0,7.71,0.355
12,4.6,-6.1,10.8,0.87,310.9,317.8,1.7,43.0,0.3609,0.1303,10.0,1346.4,1.0,1145.0,0.5944,0.5,268.68,0.0516,5.64,17.0,1.0,8.677174110332894,9.7,7.91,17.4,795.0,8.59,0.471
2,-0.5,-12.1,11.6,1.17,359.4,359.7,3.0,35.0,0.2937,0.0862,-0.9,1266.5,0.3333,567.0,0.546,0.5,462.29,0.0048,5.6,7.7,3.0,13.951696083828548,9.64,10.13,18.0,795.0,7.74,0.495
12,1.6,-12.1,13.7,1.47,235.6,230.8,1.5,28.0,0.2334,0.0545,2.3,660.0,0.5054,704.0,0.331,0.5,375.91,0.1335,3.1,12.0,4.0,18.66691786671562,5.33,13.2,17.2,795.0,7.69,0.41
1,-1.0,-14.4,13.4,0.55,248.0,254.7,0.5,31.0,0.256,0.0655,-1.5,761.9,0.7476,898.0,0.3237,0.5,483.7,0.3045,6.3,10.0,2.0,16.478444856292285,10.84,12.96,19.4,795.0,6.9,0.365
11,6.2,-2.1,8.4,1.31,213.9,196.4,1.3,35.0,0.2926,0.0856,11.0,750.9,0.9065,1025.0,0.4089,0.5,217.69,0.0428,4.1,13.0,2.0,12.640395512545718,7.05,10.21,12.9,795.0,5.89,0.443
1,-2.9,-15.5,12.7,0.63,239.8,247.0,3.4,18.0,0.1482,0.022,-2.5,426.5,0.8069,946.0,0.3054,0.5,569.33,0.2226,4.24,11.5,2.0,15.301293262717344,7.3,12.12,18.5,795.0,7.36,0.331
3,7.6,-2.9,10.5,0.93,374.1,394.2,1.7,37.0,0.3058,0.0935,13.9,1373.0,0.6761,841.0,0.4627,0.5,180.32,0.0278,5.5,13.0,2.0,18.984779685262275,9.46,14.78,18.0,795.0,7.93,0.436
4,17.1,4.9,12.2,1.75,554.2,546.8,3.3,15.0,0.2937,0.0863,12.5,807.6,0.697,858.0,0.3765,0.5,15.27,0.417,5.8,12.5,4.0,15.874733697217739,9.98,11.26,20.0,1518.3,7.71,0.49
3,9.7,-4.0,13.7,1.41,377.3,368.9,1.3,16.0,0.1317,0.0173,7.7,596.2,0.7365,889.0,0.2679,0.5,126.79,0.0939,4.8,13.0,2.0,17.795384269778857,8.26,13.94,19.4,795.0,5.95,0.46
3,10.7,-2.8,13.5,1.07,433.6,438.0,2.8,61.0,0.5815,0.3382,32.6,2636.5,0.6557,825.0,0.5619,0.5,105.29,0.0008,5.47,14.0,4.0,16.795596754387883,9.41,11.92,20.9,795.0,10.11,0.56
3,7.7,-5.4,13.2,1.59,461.3,448.4,2.1,56.0,0.4679,0.2189,21.7,2590.2,0.7873,930.0,0.4537,0.5,175.64,0.241,5.46,11.2,1.0,5.01698510014983,9.39,4.99,19.8,795.0,9.84,0.457
12,0.4,-9.7,10.1,1.36,335.0,320.0,1.0,18.0,0.1505,0.0227,0.4,604.9,0.3657,593.0,0.3022,0.5,422.92,0.0696,5.67,15.5,1.0,9.371787505154963,9.76,7.92,16.0,795.0,5.65,0.418
12,2.6,-8.0,10.6,1.0,231.4,243.2,3.0,49.0,0.4084,0.1668,6.3,1134.1,0.8814,1005.0,0.4391,0.5,339.12,0.0103,4.4,10.2,3.0,14.262582726748716,7.57,10.8,15.7,795.0,8.49,0.432
3,4.5,-7.3,11.8,0.3,442.4,424.7,0.3,59.0,0.4898,0.2399,13.2,2600.1,0.6687,835.0,0.471,0.5,272.61,0.64,4.31,10.2,4.0,15.370091859263626,7.42,10.86,21.6,795.0,7.78,0.444
4,12.6,0.3,12.3,1.34,554.1,548.8,2.7,52.0,0.6627,0.4392,33.0,2903.1,0.8376,970.0,0.6526,0.5,70.74,0.0566,2.0,9.7,3.0,7.7516412089706055,3.44,5.88,21.1,1927.6,10.08,0.542
12,3.8,-6.0,9.8,1.69,206.9,211.9,0.4,18.0,0.1478,0.0219,3.4,367.0,0.7509,901.0,0.2927,0.5,295.49,0.3481,4.03,10.5,3.0,16.282556499632047,6.93,12.21,13.0,795.0,6.78,0.408
2,-0.3,-11.5,11.2,1.15,328.0,341.1,2.3,18.0,0.1482,0.022,-0.3,583.3,0.7701,916.0,0.3035,0.5,455.59,0.0029,5.38,10.0,2.0,7.835002871293821,9.26,6.49,17.3,795.0,7.11,0.494
12,4.5,-9.3,13.7,0.93,306.8,324.1,0.8,39.0,0.3272,0.1071,8.8,1204.8,0.6808,845.0,0.3935,0.5,273.55,0.0304,3.6,16.9,1.0,21.869301429036884,6.19,17.55,19.6,795.0,6.69,0.395
12,-0.3,-8.4,8.1,1.19,225.0,241.3,3.7,25.0,0.208,0.0433,-0.4,561.7,0.6511,821.0,0.3235,0.5,453.42,0.0084,4.68,14.2,3.0,20.743849373224435,8.05,15.48,13.2,795.0,9.31,0.446
11,4.9,-4.0,8.9,0.91,263.7,277.2,2.2,50.0,0.4181,0.1748,12.4,1323.0,0.4132,631.0,0.425,0.5,258.41,0.0346,5.87,12.0,2.0,7.811759726140486,10.1,6.19,15.1,795.0,9.13,0.456
12,5.5,-7.8,13.3,0.53,226.9,227.8,3.6,12.0,0.1035,0.0107,3.4,281.7,0.6634,831.0,0.3485,0.5,238.82,0.3267,3.7,15.0,4.0,7.251279443131825,6.37,4.77,19.0,795.0,6.72,0.38
12,2.6,-10.0,12.6,1.31,367.7,381.2,2.5,56.0,0.4657,0.2168,7.4,2054.8,0.8644,991.0,0.4265,0.5,337.07,0.0427,10.19,9.6,2.0,16.000142055513283,17.53,12.69,18.6,795.0,9.53,0.512
3,2.5,-10.6,13.1,0.64,400.5,408.2,0.4,51.0,0.4239,0.1797,6.4,2037.3,0.5339,727.0,0.3394,0.5,342.08,0.2153,4.7,15.0,3.0,14.288865214503838,8.09,10.54,21.2,795.0,7.84,0.395
1,-1.6,-11.1,9.5,0.98,280.6,280.5,1.5,21.0,0.1769,0.0313,-1.7,595.5,0.8608,989.0,0.306,0.5,509.52,0.0147,4.4,9.9,3.0,12.99186882233792,7.57,9.83,15.7,795.0,6.35,0.439
1,-0.4,-12.8,12.4,1.36,290.7,252.0,1.2,37.0,0.3071,0.0943,-0.8,1071.2,0.3344,568.0,0.4523,0.5,458.61,0.0668,3.79,11.0,1.0,12.916578819480325,6.52,10.55,17.2,795.0,7.28,0.334
4,13.3,3.8,9.4,1.04,537.6,543.3,0.8,37.0,0.5072,0.2573,24.4,1982.9,0.7999,940.0,0.5589,0.5,60.05,0.0036,3.6,11.0,2.0,6.106992005278956,6.19,5.22,19.3,795.0,8.24,0.43
2,1.5,-12.3,13.7,0.87,237.0,226.2,2.5,51.0,0.4212,0.1774,3.7,1198.1,0.7932,935.0,0.566,0.5,381.46,0.0518,6.1,12.6,3.0,14.560681280772553,10.5,10.96,18.7,795.0,9.41,0.405
3,4.7,-8.3,13.0,0.87,369.6,385.9,1.1,15.0,0.1253,0.0157,3.6,555.6,0.3984,619.0,0.3206,0.5,264.24,0.0529,4.4,17.0,1.0,12.320812549986112,7.57,10.16,20.1,795.0,5.81,0.449
4,11.9,-0.7,12.6,0.7,440.6,440.3,3.4,23.0,0.2652,0.0703,13.7,1012.7,0.7116,869.0,0.3991,0.5,82.4,0.163,5.2,12.8,2.0,17.299626018641213,8.95,13.54,21.2,795.0,7.55,0.478
2,5.1,-3.1,8.1,1.28,304.5,317.6,2.8,42.0,0.3533,0.1249,10.7,1291.2,0.4383,651.0,0.3422,0.5,254.17,0.0319,6.54,9.5,1.0,17.065657780631984,11.25,13.75,14.2,795.0,7.79,0.514
4,12.7,-0.8,13.5,1.24,462.4,471.9,1.9,63.0,0.8034,0.6455,39.8,2899.1,0.8881,1010.0,0.6604,0.5,69.07,0.0185,5.8,17.2,3.0,10.369922153627082,9.98,7.89,20.9,3368.8,8.87,0.508
2,-3.9,-17.2,13.3,1.25,256.5,248.6,0.8,31.0,0.2572,0.0662,-6.0,791.7,0.5764,761.0,0.3191,0.5,618.75,0.0218,4.85,13.0,3.0,19.474275047351796,8.35,14.47,17.7,795.0,7.53,0.375
3,5.2,-6.3,11.6,0.52,451.6,443.4,1.1,19.0,0.1548,0.024,4.9,839.1,0.3206,556.0,0.4756,0.5,248.29,0.3415,5.14,15.0,3.0,16.431762037732007,8.84,11.98,21.0,795.0,7.69,0.422
2,3.3,-5.7,8.9,0.98,414.5,416.3,0.1,10.0,0.0855,0.0073,1.7,425.5,0.7167,873.0,0.3144,0.5,314.78,0.0144,3.6,12.0,2.0,11.315731173198387,6.19,9.06,17.2,795.0,5.97,0.412
1,3.2,-9.8,13.0,1.07,354.3,350.7,2.5,40.0,0.3331,0.111,6.4,1416.6,0.7199,876.0,0.4769,0.5,316.98,0.0009,5.36,13.1,1.0,15.475933010785834,9.22,12.78,19.3,795.0,8.28,0.447
12,1.4,-8.0,9.4,1.05,277.6,289.0,0.5,47.0,0.3897,0.1519,3.4,1298.1,0.7877,930.0,0.5556,0.5,382.49,0.0027,4.56,13.0,1.0,18.265665014871047,7.85,14.93,15.4,795.0,7.96,0.423
11,3.8,-8.0,11.9,1.53,291.3,306.6,1.9,63.0,0.5234,0.2739,12.0,1829.2,0.6518,821.0,0.313,0.5,294.74,0.1815,3.84,14.0,4.0,10.378937768327868,6.61,7.11,16.4,795.0,11.04,0.434
4,17.0,4.3,12.7,0.97,579.8,570.7,1.9,41.0,0.8145,0.6634,34.6,2366.2,0.8608,989.0,0.7315,0.5,16.2,0.0171,4.8,16.9,1.0,19.329379107776482,8.26,15.79,22.7,1859.2,10.4,0.496
2,4.2,-5.7,9.9,1.06,321.1,311.4,2.8,64.0,0.5312,0.2822,13.4,2046.7,0.6408,813.0,0.6967,0.5,281.89,0.0019,3.9,12.8,2.0,13.54597416345484,6.71,10.67,16.4,795.0,8.96,0.512
12,0.9,-7.4,8.2,0.5,224.4,214.9,2.1,49.0,0.4044,0.1635,2.1,1089.1,0.8077,946.0,0.5238,0.5,405.63,0.3579,4.74,11.3,1.0,16.39056081824218,8.16,13.54,15.0,795.0,8.09,0.439
12,0.7,-8.7,9.4,1.62,289.6,275.8,3.1,53.0,0.4436,0.1968,1.8,1541.7,0.8393,971.0,0.4972,0.5,413.47,0.2723,5.22,13.3,2.0,16.671913490998413,8.98,13.18,14.1,795.0,8.34,0.55
1,-3.1,-14.4,11.3,0.91,318.7,332.0,2.1,64.0,0.5367,0.288,-10.1,2052.7,0.9001,1020.0,0.5583,0.5,582.75,0.0353,10.86,7.7,4.0,6.633900242646492,18.69,4.5,17.8,795.0,10.24,0.434
12,2.1,-10.8,13.0,1.79,271.8,273.0,2.3,56.0,0.4687,0.2197,6.0,1528.9,0.6669,833.0,0.5941,0.5,355.41,0.4721,4.1,12.5,3.0,11.120202856270769,7.05,8.27,16.3,795.0,8.57,0.528
12,-0.8,-10.5,9.7,1.38,279.1,289.5,3.0,22.0,0.1845,0.034,-0.9,617.9,0.4593,667.0,0.3713,0.5,475.25,0.076,6.7,8.0,2.0,13.811776642331985,11.53,10.73,14.8,795.0,8.83,0.413
12,1.2,-10.2,11.4,0.79,268.0,252.6,0.1,25.0,0.2083,0.0434,1.5,669.8,0.9029,1022.0,0.3918,0.5,391.52,0.0945,5.0,7.8,2.0,14.018628625204338,8.6,11.24,17.4,795.0,5.01,0.364
3,1.9,-6.4,8.3,1.7,399.6,381.5,0.6,58.0,0.48,0.2304,5.4,2301.8,0.7594,908.0,0.459,0.5,366.14,0.359,5.5,12.2,3.0,13.836881402076777,9.46,10.39,14.7,795.0,7.81,0.383
3,7.2,-3.8,11.0,0.91,454.5,458.1,2.0,39.0,0.3265,0.1066,14.1,1780.3,0.5348,728.0,0.435,0.5,191.17,0.0368,6.0,10.2,4.0,13.348333383530491,10.32,9.24,19.6,795.0,9.06,0.409
2,0.1,-9.4,9.5,1.72,381.9,374.4,1.9,18.0,0.151,0.0228,0.1,692.1,0.6066,785.0,0.2922,0.5,437.57,0.3864,3.57,13.0,3.0,18.337877643231636,6.14,13.64,15.3,795.0,6.96,0.393
2,3.3,-5.2,8.5,0.58,321.2,306.6,0.3,36.0,0.3003,0.0902,6.0,1157.3,0.6081,786.0,0.3217,0.5,313.08,0.2756,5.9,15.0,2.0,12.579192693812038,10.15,9.92,16.5,795.0,6.28,0.46
2,-1.0,-10.8,9.8,1.23,318.5,332.8,2.3,16.0,0.1297,0.0168,-0.7,495.8,0.6322,806.0,0.1863,0.5,482.13,0.017,4.9,12.0,1.0,16.874413594955918,8.43,13.76,15.9,795.0,5.49,0.25
11,8.5,-3.8,12.3,1.09,336.3,329.3,2.7,40.0,0.3321,0.1103,17.0,1340.2,0.4853,688.0,0.3823,0.5,155.65,0.0,5.6,14.0,3.0,16.247385601033272,9.64,11.97,18.5,795.0,8.03,0.429
12,2.0,-10.9,13.0,1.44,230.6,218.8,1.7,55.0,0.4575,0.2093,5.5,1265.7,0.6228,798.0,0.4071,0.5,360.39,0.1187,4.98,10.0,3.0,10.042988099524697,8.57,7.43,16.5,795.0,9.33,0.521
1,-0.5,-12.5,12.0,1.36,228.4,209.1,2.2,57.0,0.4781,0.2286,-1.6,1310.1,0.5345,728.0,0.5603,0.5,464.03,0.0685,5.95,13.6,4.0,14.994977183125812,10.24,10.47,15.9,795.0,11.18,0.33
1,-4.6,-15.3,10.7,1.37,237.0,234.5,1.1,28.0,0.2293,0.0526,-6.3,652.2,0.5832,767.0,0.3528,0.5,653.6,0.0737,5.34,9.5,4.0,9.396750857107959,9.19,6.31,15.0,795.0,8.46,0.409
1,3.2,-10.8,14.0,1.29,228.6,227.4,0.5,62.0,0.5155,0.2658,10.0,1414.0,0.3592,587.0,0.5165,0.5,315.78,0.0354,5.9,13.5,2.0,9.391312544860494,10.15,7.33,17.7,795.0,8.3,0.469
4,16.9,3.8,13.1,0.73,526.7,528.3,3.6,39.0,0.7718,0.5956,32.9,2054.7,0.6592,827.0,0.7375,0.5,17.05,0.134,6.12,12.0,2.0,14.291559211558438,10.53,11.25,22.8,3250.9,9.81,0.54
2,3.6,-6.4,10.1,0.92,314.4,297.4,3.2,61.0,0.5086,0.2587,11.1,1918.7,0.4626,670.0,0.5517,0.5,301.27,0.034,5.7,11.5,1.0,15.26372862285257,9.81,12.42,16.8,795.0,8.27,0.333
12,0.2,-8.9,9.1,0.3,285.3,285.2,3.7,42.0,0.3531,0.1247,0.4,1209.0,0.5565,745.0,0.4104,0.5,432.93,0.64,4.0,11.2,3.0,13.358488538596546,6.88,9.86,17.1,795.0,8.49,0.397
12,3.3,-9.8,13.2,1.54,295.6,282.0,1.0,51.0,0.4232,0.1791,8.5,1501.1,0.6052,784.0,0.5104,0.5,311.83,0.1916,5.2,14.5,1.0,18.728822626647872,8.95,15.13,17.4,795.0,6.84,0.539
3,10.8,0.9,9.9,1.17,309.6,306.7,2.9,11.0,0.1104,0.0122,6.2,354.5,0.8717,997.0,0.2101,0.5,104.32,0.0048,4.7,16.1,2.0,10.686528380706106,8.09,8.71,15.9,795.0,6.98,0.392
2,0.8,-9.4,10.2,1.33,364.2,378.6,1.6,26.0,0.2143,0.0459,1.0,936.5,0.6074,786.0,0.3858,0.5,408.8,0.0518,5.8,10.5,3.0,11.458223078393287,9.98,8.48,16.6,795.0,7.45,0.44
12,3.0,-7.1,10.1,1.93,207.1,198.2,0.8,47.0,0.3876,0.1503,6.9,963.2,0.6225,798.0,0.493,0.5,324.44,0.697,5.5,13.0,1.0,13.326668552512778,9.46,11.09,12.6,795.0,8.07,0.448
3,7.6,-2.6,10.3,1.25,335.6,332.8,0.4,27.0,0.2249,0.0506,10.3,905.6,0.5732,759.0,0.348,0.5,179.49,0.0224,5.98,14.9,3.0,6.370474014879983,10.29,4.64,16.4,795.0,8.25,0.383
3,3.1,-10.3,13.4,0.87,522.2,510.2,0.9,23.0,0.1958,0.0383,3.7,1227.1,0.6677,834.0,0.4645,0.5,318.65,0.0519,4.5,10.0,3.0,15.045220557236563,7.74,11.22,22.7,795.0,6.53,0.381
4,12.8,1.1,11.7,1.24,528.2,526.9,1.0,60.0,0.7791,0.6071,38.4,3179.8,0.8208,957.0,0.6777,0.5,67.82,0.0206,7.11,11.0,3.0,20.497173469717985,12.23,15.43,20.5,1719.0,11.21,0.647
1,1.8,-11.8,13.5,1.23,269.4,275.8,3.2,18.0,0.1473,0.0217,1.6,476.2,0.8557,985.0,0.3517,0.5,369.5,0.0162,6.1,13.5,1.0,16.449574264538462,10.5,13.62,18.1,795.0,7.92,0.436
11,11.6,-2.0,13.6,0.94,358.7,354.1,2.1,26.0,0.2853,0.0814,15.0,928.4,1.0,1155.0,0.4614,0.5,88.11,0.0271,3.52,10.0,1.0,14.924312764125728,6.06,12.59,20.2,795.0,9.04,0.528
11,11.1,-0.4,11.6,0.87,319.0,315.6,1.9,45.0,0.4565,0.2084,24.9,1424.6,0.7994,940.0,0.4512,0.5,97.34,0.053,6.17,10.0,3.0,15.035636025405454,10.62,11.32,18.2,795.0,7.7,0.445
12,2.5,-6.8,9.3,0.8,282.6,307.2,1.7,10.0,0.0836,0.007,1.3,283.4,0.7609,909.0,0.1452,0.5,342.3,0.093,5.92,11.5,3.0,13.924757219349264,10.19,10.45,16.0,795.0,6.09,0.282
4,14.8,6.2,8.6,0.84,503.7,498.4,1.0,47.0,0.7708,0.5941,34.9,2378.5,0.8429,974.0,0.7487,0.5,38.51,0.0667,4.77,10.0,4.0,10.621417449804005,8.21,7.44,18.6,2219.6,11.72,0.444
4,14.7,5.7,9.1,1.49,602.7,597.4,2.9,53.0,0.8532,0.7279,38.8,3177.6,0.594,775.0,0.667,0.5,39.57,0.149,4.64,12.3,2.0,14.626155886885869,7.98,11.44,18.9,2509.5,11.99,0.434
12,0.2,-12.2,12.4,1.58,145.8,166.1,2.8,30.0,0.2496,0.0623,0.2,436.8,0.5951,776.0,0.3328,0.5,434.2,0.2332,3.7,10.0,2.0,17.38457966909713,6.37,13.51,14.4,795.0,9.59,0.366
3,7.6,-5.5,13.1,1.55,376.4,371.2,0.7,55.0,0.4588,0.2105,21.0,2072.2,0.6631,831.0,0.5353,0.5,178.57,0.2055,3.8,10.1,4.0,18.310114485005172,6.54,13.06,18.6,795.0,9.7,0.459
4,15.1,4.3,10.7,1.05,441.3,430.7,2.6,18.0,0.3058,0.0935,13.7,803.7,0.8981,1019.0,0.3472,0.5,35.12,0.0021,5.4,15.2,3.0,11.111121933442528,9.29,8.45,18.9,2575.5,6.96,0.405
1,-1.2,-9.2,8.0,0.42,310.6,292.6,3.9,17.0,0.1427,0.0204,-1.0,531.9,0.7231,878.0,0.3169,0.5,490.72,0.4571,6.2,10.7,2.0,20.134260965225454,10.67,15.68,16.3,795.0,6.86,0.474
4,13.7,5.4,8.3,0.86,493.4,485.5,1.9,48.0,0.6993,0.489,33.0,2377.6,0.5741,759.0,0.6677,0.5,53.18,0.0569,3.32,8.0,1.0,14.778949837375311,5.71,12.14,18.2,907.2,11.07,0.499
11,7.8,-0.3,8.0,1.56,362.5,375.8,0.9,59.0,0.4904,0.2405,22.9,2133.2,0.5648,752.0,0.5855,0.5,175.07,0.2099,4.5,10.0,2.0,10.93714740968605,7.74,8.65,14.3,795.0,7.69,0.427
1,-4.8,-18.3,13.5,1.83,215.8,208.7,0.3,39.0,0.3287,0.1081,-9.4,851.2,0.5348,728.0,0.4187,0.5,664.28,0.5322,2.9,10.0,2.0,17.427260927243985,4.99,13.5,15.8,795.0,7.71,0.457
1,1.8,-8.3,10.1,0.8,270.2,254.6,3.0,45.0,0.3727,0.1389,4.0,1208.6,0.7477,898.0,0.5558,0.5,368.77,0.0893,5.6,19.0,1.0,11.496887403436231,9.64,9.82,16.4,795.0,8.28,0.379
11,9.6,-0.8,10.5,1.58,291.6,281.0,1.3,11.0,0.0907,0.0082,5.2,317.3,0.8762,1001.0,0.3423,0.5,128.92,0.2288,5.23,9.4,3.0,12.962930295127146,9.0,9.82,15.1,795.0,5.5,0.45
3,11.5,-1.9,13.4,1.23,425.1,432.4,0.9,21.0,0.2332,0.0544,12.4,912.9,0.6385,811.0,0.4008,0.5,89.95,0.0165,4.6,15.0,2.0,18.390270928766945,7.91,14.3,20.3,795.0,6.68,0.371
1,1.4,-9.5,10.9,0.99,289.1,263.0,1.3,37.0,0.3115,0.097,2.7,1080.7,0.5034,703.0,0.5446,0.5,382.71,0.0126,6.2,8.5,2.0,16.042202811132373,10.67,12.43,16.9,795.0,7.07,0.271
1,-0.4,-10.8,10.4,1.85,321.2,322.6,1.2,51.0,0.4275,0.1827,-1.1,1647.9,0.7984,939.0,0.538,0.5,458.98,0.5553,4.54,12.0,3.0,14.145520472039115,7.81,10.65,14.8,795.0,7.7,0.395
12,-1.5,-15.0,13.5,1.36,247.1,265.5,3.6,38.0,0.3125,0.0977,-2.9,926.8,0.8119,950.0,0.4247,0.5,508.28,0.0682,5.6,10.0,1.0,5.45294381311154,9.64,5.34,17.4,795.0,8.63,0.412
3,6.7,-3.5,10.2,0.4,412.5,421.0,2.8,40.0,0.3333,0.1111,13.4,1649.6,0.8179,954.0,0.3899,0.5,205.15,0.493,6.04,12.5,2.0,16.1969538251051,10.39,12.8,19.6,795.0,6.17,0.415
1,0.2,-10.7,10.9,0.88,219.2,225.9,3.8,12.0,0.098,0.0096,0.1,257.7,0.675,840.0,0.3542,0.5,434.51,0.047,5.0,10.0,2.0,13.117895335266615,8.6,10.38,16.1,795.0,7.69,0.376
2,1.5,-6.8,8.3,1.6,233.8,230.4,2.6,61.0,0.5097,0.2598,4.5,1429.9,0.5318,725.0,0.5062,0.5,380.91,0.2478,4.6,14.0,3.0,15.504004244535274,7.91,11.45,12.4,795.0,8.02,0.551
11,7.9,-2.0,9.9,1.14,270.8,275.7,2.9,23.0,0.1914,0.0367,9.1,622.2,0.7323,886.0,0.385,0.5,171.79,0.0013,5.9,11.5,1.0,18.47874498838876,10.15,15.04,15.4,795.0,8.46,0.413
3,12.1,3.7,8.4,0.76,505.2,498.7,3.7,48.0,0.5743,0.3298,29.3,2449.3,0.7871,930.0,0.6568,0.5,79.06,0.1158,5.4,12.0,1.0,13.78048223446365,9.29,11.57,18.7,1662.7,10.62,0.561
3,3.6,-6.5,10.0,1.42,498.9,489.5,3.5,24.0,0.1963,0.0385,4.2,1175.4,0.7919,933.0,0.3322,0.5,304.49,0.0996,5.9,17.2,3.0,12.251640095745957,10.15,9.22,18.3,795.0,7.81,0.387
3,9.9,-1.0,10.9,1.43,379.9,357.6,3.4,47.0,0.3949,0.1559,23.4,1800.4,0.4945,696.0,0.3951,0.5,123.88,0.107,3.9,13.5,4.0,14.438189745302731,6.71,10.02,17.2,795.0,7.82,0.37
4,13.2,2.9,10.3,0.78,517.6,522.5,1.2,11.0,0.1511,0.0228,7.3,574.3,0.5256,720.0,0.373,0.5,61.33,0.1007,4.8,10.4,4.0,13.336097661848406,8.26,9.22,20.3,795.0,7.71,0.344
4,16.6,3.4,13.2,1.36,529.6,541.4,0.8,43.0,0.8412,0.7077,36.1,2298.4,0.3425,574.0,0.6985,0.5,19.09,0.0691,4.2,13.0,2.0,16.03797940924964,7.23,12.3,21.4,2202.7,9.08,0.587
3,4.8,-7.3,12.1,0.55,420.2,424.3,2.9,42.0,0.3508,0.1231,10.1,1768.9,0.5529,742.0,0.4481,0.5,262.46,0.299,3.9,9.3,2.0,14.25332136272867,6.71,11.13,20.9,795.0,9.89,0.415
12,3.4,-10.3,13.8,1.03,227.3,238.2,3.2,31.0,0.256,0.0655,5.3,698.4,0.6103,788.0,0.3957,0.5,308.52,0.0045,4.8,12.5,2.0,13.222164825745896,8.26,10.4,18.1,795.0,8.41,0.412
12,3.5,-7.2,10.7,1.42,346.6,351.8,0.5,45.0,0.3724,0.1387,7.8,1549.2,0.7144,871.0,0.4099,0.5,306.45,0.1025,5.06,10.8,1.0,17.470903603330388,8.71,14.27,16.5,795.0,5.66,0.413
11,11.4,-0.7,12.0,0.96,252.4,257.5,0.8,33.0,0.3505,0.1229,18.8,832.7,0.6304,804.0,0.488,0.5,92.63,0.0191,4.29,15.2,1.0,9.80084758673837,7.38,8.45,17.3,795.0,7.75,0.353
11,2.9,-5.8,8.6,0.8,274.7,266.6,0.0,29.0,0.2426,0.0589,4.2,799.8,0.5602,748.0,0.463,0.5,329.29,0.0876,4.2,9.6,2.0,13.508652119861184,7.23,10.58,15.3,795.0,7.62,0.459
12,-0.1,-13.4,13.3,0.82,190.4,186.2,0.5,14.0,0.116,0.0135,-0.0,265.2,0.5477,738.0,0.2471,0.5,443.84,0.0793,3.5,8.5,1.0,14.840084100388617,6.02,12.17,17.8,795.0,6.41,0.355
2,2.3,-10.8,13.0,1.1,280.2,288.7,0.9,30.0,0.2507,0.0629,3.4,843.1,0.4529,662.0,0.4018,0.5,350.5,0.0,4.4,11.5,4.0,19.657466917640647,7.57,13.91,18.2,795.0,7.73,0.416
2,-0.1,-8.2,8.1,1.49,367.0,362.3,2.1,31.0,0.2598,0.0675,-0.1,1144.0,0.5972,778.0,0.4384,0.5,443.17,0.1539,3.95,9.0,2.0,11.207343444165224,6.8,8.88,14.6,795.0,8.83,0.443
1,0.4,-11.7,12.1,1.21,161.8,186.8,3.3,43.0,0.3591,0.129,0.8,697.2,0.9471,1058.0,0.4216,0.5,424.77,0.0121,5.77,14.0,3.0,14.038543880557125,9.93,10.69,15.3,795.0,9.67,0.414
4,16.5,3.3,13.2,0.69,551.8,551.1,0.3,20.0,0.3771,0.1422,16.2,1088.7,0.8095,948.0,0.4887,0.5,20.53,0.1642,4.4,10.0,4.0,17.01687670228625,7.57,12.21,23.4,1413.6,7.87,0.41
11,11.1,2.2,8.9,1.02,261.5,259.1,0.2,33.0,0.3338,0.1114,18.2,854.9,0.572,758.0,0.3636,0.5,97.48,0.0068,3.9,17.9,2.0,12.056006170088574,6.71,9.5,14.8,795.0,5.75,0.411
12,2.8,-9.5,12.3,1.02,252.1,260.0,1.8,24.0,0.2015,0.0406,3.4,609.4,0.3091,547.0,0.3988,0.5,331.15,0.0064,5.0,7.1,2.0,14.285026201935697,8.6,10.96,17.4,795.0,6.77,0.546
11,9.5,-0.8,10.3,1.19,286.8,284.5,1.9,62.0,0.5164,0.2666,29.5,1777.2,0.7326,886.0,0.5534,0.5,131.92,0.0073,3.8,16.0,3.0,14.15040923516965,6.54,10.6,15.9,795.0,7.56,0.414
2,4.2,-5.4,9.6,0.43,297.1,293.0,1.2,61.0,0.5098,0.2599,12.7,1817.8,0.6839,847.0,0.4301,0.5,283.89,0.447,5.81,12.0,3.0,19.689675231376633,10.0,14.71,17.3,795.0,9.04,0.526
2,-0.4,-11.4,10.9,1.25,296.2,299.8,1.5,25.0,0.2113,0.0446,-0.5,750.9,0.7221,878.0,0.3404,0.5,458.31,0.0213,6.23,16.1,2.0,13.50952938862631,10.72,10.71,16.4,795.0,7.67,0.483
3,7.9,-3.6,11.5,1.04,462.8,468.9,2.8,25.0,0.2062,0.0425,9.8,1145.0,0.6768,841.0,0.3975,0.5,171.42,0.0035,4.5,13.5,3.0,11.188738204477545,7.74,8.33,19.9,795.0,6.25,0.471
2,4.7,-6.4,11.2,0.76,408.0,408.7,2.9,64.0,0.5373,0.2887,15.3,2630.8,0.6516,821.0,0.4154,0.5,264.47,0.1158,5.2,12.7,3.0,15.611493941149936,8.95,11.63,19.5,795.0,9.44,0.472
2,4.9,-8.6,13.5,1.15,230.7,222.5,3.0,42.0,0.3488,0.1217,10.2,965.8,0.5229,718.0,0.506,0.5,259.67,0.0024,4.9,8.9,2.0,7.083690759048006,8.43,5.73,17.7,795.0,7.22,0.444
4,14.3,5.5,8.8,0.68,471.9,475.9,2.7,15.0,0.2361,0.0558,10.9,719.9,0.697,858.0,0.3743,0.5,45.07,0.1732,3.97,11.6,2.0,7.173315968631753,6.83,5.94,18.7,795.0,7.1,0.475
3,8.3,-2.4,10.8,0.86,427.7,433.8,1.1,38.0,0.3201,0.1025,16.0,1643.0,0.6352,808.0,0.4281,0.5,160.31,0.0589,3.4,10.5,2.0,9.715047703294609,5.85,7.79,19.2,795.0,7.21,0.412
4,13.5,0.3,13.2,0.96,463.0,470.4,0.3,23.0,0.3225,0.104,15.4,1056.9,0.8399,972.0,0.467,0.5,56.61,0.0195,3.8,11.0,1.0,11.979902721371392,6.54,10.26,21.4,798.0,7.98,0.41
4,15.3,4.2,11.1,0.82,535.3,536.9,2.1,53.0,0.9105,0.8289,40.6,2833.9,0.4926,694.0,0.658,0.5,32.29,0.0806,4.07,9.5,2.0,20.800375421158197,7.0,15.99,21.2,2683.0,11.36,0.44
1,0.6,-8.7,9.3,0.85,248.1,250.1,1.6,38.0,0.3206,0.1028,1.1,954.6,0.7542,903.0,0.5158,0.5,416.68,0.0629,5.4,11.4,2.0,17.35786003574278,9.29,13.62,15.3,795.0,7.67,0.408
11,13.1,-0.6,13.6,1.53,235.4,241.8,2.0,30.0,0.4015,0.1612,19.5,704.1,0.652,822.0,0.5043,0.5,63.13,0.187,3.7,16.0,1.0,14.649488125051894,6.37,12.11,16.9,1265.6,8.78,0.442
1,0.1,-11.1,11.2,0.63,276.6,280.3,2.7,36.0,0.2986,0.0892,0.1,990.9,0.3122,550.0,0.4765,0.5,438.16,0.2255,3.5,8.5,1.0,12.249606820877656,6.02,10.04,17.8,795.0,8.99,0.289
4,12.0,-1.0,12.9,1.13,464.7,470.2,2.2,22.0,0.2499,0.0625,12.9,1001.6,0.5874,770.0,0.2799,0.5,81.78,0.001,4.5,11.3,1.0,15.285124069533744,7.74,12.53,20.8,1109.9,7.08,0.374
4,15.6,2.3,13.2,1.51,446.1,426.0,3.8,64.0,1.0,1.0,49.9,2857.8,0.4208,637.0,0.8262,0.5,29.41,0.1706,5.99,13.0,3.0,16.919296271492822,10.31,12.43,19.8,3190.7,12.29,0.52
3,2.3,-7.5,9.8,1.14,421.3,434.3,1.9,41.0,0.3452,0.1191,4.7,1744.9,0.7678,914.0,0.5011,0.5,350.46,0.0018,4.83,12.0,3.0,10.780521749847932,8.31,8.1,17.6,795.0,7.43,0.485
12,1.2,-9.9,11.1,1.12,282.0,277.7,2.9,31.0,0.2596,0.0674,1.9,878.3,0.4663,673.0,0.2919,0.5,391.43,0.0003,4.6,12.0,3.0,17.234339073795436,7.91,12.7,16.6,795.0,8.2,0.426
11,10.8,1.7,9.1,1.61,321.6,321.9,2.1,24.0,0.2331,0.0543,13.1,781.6,0.6915,853.0,0.219,0.5,104.97,0.257,5.5,13.2,4.0,15.161908450378531,9.46,10.72,14.4,795.0,7.39,0.395
11,11.5,0.6,10.9,0.84,350.8,351.8,4.0,32.0,0.345,0.119,18.3,1111.5,0.776,921.0,0.4192,0.5,89.62,0.0676,4.31,9.5,3.0,18.229671453664796,7.42,13.69,18.2,795.0,8.4,0.424
4,11.5,-0.1,11.6,1.53,504.3,492.8,1.0,52.0,0.5633,0.3173,29.9,2630.2,0.4677,674.0,0.6069,0.5,90.61,0.1809,4.97,12.9,2.0,9.456244371340656,8.55,7.47,19.3,1181.9,9.53,0.419
2,-2.0,-10.1,8.1,0.68,395.5,393.6,2.0,21.0,0.1754,0.0308,-2.1,832.6,0.6577,826.0,0.3308,0.5,529.65,0.1798,6.51,15.5,2.0,13.519639573157791,11.2,10.67,17.0,795.0,7.81,0.402
4,16.6,3.8,12.8,1.41,596.0,601.4,2.2,20.0,0.3831,0.1468,16.4,1180.0,0.9316,1045.0,0.4534,0.5,19.27,0.099,6.1,14.0,2.0,14.090749767999432,10.5,11.31,21.9,1806.1,8.37,0.501
2,-1.2,-11.5,10.3,1.47,226.7,235.7,3.8,25.0,0.2072,0.0429,-1.5,563.7,0.4496,660.0,0.4477,0.5,493.09,0.1367,3.94,11.9,1.0,10.431825243111927,6.78,8.78,14.2,795.0,7.48,0.424
4,12.6,-0.9,13.4,1.29,540.4,535.3,3.5,23.0,0.2896,0.0839,14.4,1242.9,0.8078,946.0,0.351,0.5,71.3,0.0367,6.35,8.0,1.0,13.727770475941602,10.93,11.54,21.9,1278.3,7.83,0.399
2,-2.0,-14.9,12.9,0.77,398.1,410.2,2.6,48.0,0.4036,0.1629,-4.9,1927.8,0.5988,779.0,0.5264,0.5,529.31,0.111,5.6,10.9,3.0,13.78581405102656,9.64,10.22,20.6,795.0,9.57,0.446
4,15.4,5.0,10.4,0.99,495.9,493.5,2.9,65.0,1.0,1.0,50.0,3211.0,0.4788,683.0,0.9,0.5,30.87,0.0121,4.9,9.5,2.0,13.380904083757471,8.43,10.42,19.6,3440.6,12.56,0.511
12,1.9,-9.6,11.4,1.48,215.5,208.5,2.4,28.0,0.2331,0.0544,2.6,603.0,0.6036,783.0,0.2564,0.5,366.43,0.1474,6.2,14.0,2.0,16.755965059712665,10.67,13.05,15.0,795.0,9.06,0.467
1,-8.2,-18.9,10.7,1.19,255.4,264.6,2.1,45.0,0.3742,0.14,-18.5,1146.7,0.7107,869.0,0.4076,0.5,855.03,0.0088,4.9,14.1,1.0,12.399141237379796,8.43,10.47,15.7,795.0,8.34,0.352
2,0.8,-13.0,13.8,1.02,409.9,411.9,1.5,60.0,0.5029,0.2529,2.6,2473.7,0.6033,783.0,0.3739,0.5,406.03,0.0064,6.24,16.3,1.0,15.590020539262046,10.74,12.78,21.0,795.0,9.01,0.479
11,2.2,-10.7,12.9,1.53,244.4,241.0,3.0,63.0,0.5229,0.2734,7.0,1533.7,0.5651,752.0,0.4241,0.5,352.33,0.1814,4.2,12.0,2.0,11.031226990636235,7.23,8.73,16.5,795.0,9.7,0.482
2,-1.5,-11.8,10.3,1.35,349.4,362.6,3.1,18.0,0.1467,0.0215,-1.3,615.1,0.7599,908.0,0.3285,0.5,506.23,0.0643,4.62,9.0,2.0,13.919955885091966,7.95,11.05,16.4,795.0,7.27,0.395
2,3.0,-7.1,10.1,0.99,334.2,326.5,3.9,46.0,0.3843,0.1477,7.0,1541.2,0.7757,921.0,0.519,0.5,323.39,0.0118,4.0,8.6,2.0,12.247829096027335,6.88,9.81,16.9,795.0,8.92,0.329
1,-3.9,-12.3,8.4,1.55,304.8,290.3,2.8,63.0,0.5243,0.2749,-12.4,1917.7,0.7275,882.0,0.5593,0.5,622.29,0.2063,5.42,14.8,4.0,14.406422783342808,9.33,10.19,13.7,795.0,9.73,0.394
2,0.2,-11.7,12.0,1.38,309.9,311.9,3.7,39.0,0.3284,0.1079,0.5,1221.2,0.4369,650.0,0.3181,0.5,430.86,0.079,6.6,10.0,2.0,19.750260221725252,11.36,15.16,17.1,795.0,8.93,0.372
2,-1.1,-12.4,11.4,0.68,430.0,436.5,2.2,44.0,0.3626,0.1315,-2.3,1870.9,0.603,782.0,0.3594,0.5,487.14,0.1751,4.3,13.0,4.0,10.418555923449142,7.4,7.1,20.1,795.0,8.47,0.402
12,-0.8,-14.6,13.8,0.59,159.5,166.3,3.2,13.0,0.1051,0.011,-0.5,201.2,1.0,1103.0,0.2688,0.5,474.12,0.2579,4.7,12.0,4.0,13.506885901525111,8.09,9.73,18.3,795.0,7.31,0.366
3,3.6,-8.9,12.5,1.38,426.1,422.5,0.5,13.0,0.105,0.011,2.3,536.9,0.7079,866.0,0.2334,0.5,303.32,0.0795,8.57,13.5,4.0,16.738929362117883,14.75,11.92,19.3,795.0,4.28,0.392
2,-1.2,-9.4,8.3,0.96,436.1,431.7,2.4,59.0,0.4898,0.2399,-3.4,2563.0,0.5383,731.0,0.4941,0.5,491.32,0.0193,5.91,11.0,2.0,11.68557120138706,10.17,9.19,17.1,795.0,7.56,0.447
4,15.9,2.7,13.2,0.84,470.4,466.0,2.6,33.0,0.6006,0.3607,26.3,1561.9,0.4875,690.0,0.4931,0.5,26.5,0.0666,10.45,12.7,3.0,9.510937937886244,17.98,6.92,21.8,2441.3,8.33,0.404
2,2.9,-8.2,11.2,0.52,340.2,316.1,0.2,22.0,0.1795,0.0322,3.2,732.7,0.7861,929.0,0.2613,0.5,326.24,0.3307,5.0,12.0,1.0,14.809657241282354,8.6,12.34,19.0,795.0,7.21,0.433
2,5.6,-8.2,13.8,0.68,362.6,375.3,1.1,27.0,0.227,0.0515,7.6,987.5,0.5372,730.0,0.4361,0.5,238.1,0.1797,3.6,13.0,1.0,17.957958954381112,6.19,14.5,21.1,795.0,5.8,0.392
2,3.4,-6.7,10.1,1.1,255.5,252.3,2.9,21.0,0.1736,0.0301,3.5,532.2,0.7318,885.0,0.3022,0.5,310.52,0.0,3.8,17.1,3.0,16.63056709628206,6.54,12.46,15.5,795.0,6.2,0.281
1,1.6,-12.3,13.8,1.07,359.6,374.2,2.6,49.0,0.4119,0.1696,3.9,1777.2,0.7389,891.0,0.5611,0.5,377.22,0.0007,6.0,10.9,4.0,14.234230671476302,10.32,10.07,20.1,795.0,8.52,0.429
3,3.2,-8.2,11.4,1.25,366.5,365.9,3.5,34.0,0.2818,0.0794,5.4,1239.2,0.9807,1085.0,0.3542,0.5,316.86,0.0211,10.19,13.1,4.0,15.872879487861667,17.53,11.49,17.8,795.0,8.16,0.435
12,0.1,-11.7,11.7,0.92,282.9,269.6,2.0,25.0,0.2111,0.0446,0.1,716.6,1.0,1106.0,0.4172,0.5,438.5,0.0331,5.74,11.0,2.0,13.62744028312586,9.88,11.02,17.6,795.0,7.06,0.482
2,5.2,-8.0,13.3,0.59,382.3,384.6,0.9,19.0,0.1588,0.0252,5.0,728.6,0.3477,578.0,0.3326,0.5,249.35,0.2552,5.33,11.9,4.0,18.897042612907043,9.17,13.25,21.1,795.0,7.14,0.347
3,7.1,-3.6,10.7,0.3,486.3,477.3,3.3,27.0,0.227,0.0515,9.7,1324.6,0.4844,688.0,0.3913,0.5,191.97,0.64,4.3,9.5,3.0,11.51396687124047,7.4,8.42,21.4,795.0,8.01,0.403
4,16.9,5.2,11.7,1.45,499.3,504.7,3.9,17.0,0.3437,0.1181,14.7,866.8,0.5827,766.0,0.4489,0.5,16.99,0.1229,5.0,9.0,2.0,12.793180497852244,8.6,10.06,19.5,2283.5,7.51,0.43
4,16.1,6.1,9.9,1.18,545.1,550.0,1.4,54.0,1.0,1.0,43.8,2969.9,0.2325,486.0,0.7029,0.5,24.17,0.0061,4.14,13.5,1.0,16.862468573957962,7.12,13.43,19.5,4176.1,10.9,0.409
4,14.2,5.9,8.4,0.33,363.8,371.9,0.8,40.0,0.6189,0.383,28.6,1466.1,0.6265,801.0,0.5234,0.5,46.04,0.5969,2.8,9.0,2.0,6.789622235678171,4.82,5.59,17.6,1752.2,9.55,0.408
1,-3.8,-13.4,9.6,1.11,275.4,279.6,1.8,51.0,0.4285,0.1836,-9.8,1415.9,0.7846,928.0,0.4583,0.5,615.09,0.0001,4.0,13.7,2.0,13.4319568710778,6.88,10.7,15.4,795.0,9.2,0.371
11,6.9,-5.8,12.7,1.05,364.8,364.1,2.2,11.0,0.0934,0.0087,3.9,409.0,0.599,779.0,0.283,0.5,197.55,0.003,5.43,15.0,1.0,14.09688823145666,9.34,11.65,19.4,795.0,6.27,0.468
1,-3.7,-14.2,10.5,1.61,337.1,328.4,2.0,10.0,0.084,0.007,-1.9,339.7,0.6294,804.0,0.268,0.5,611.66,0.2643,3.58,8.5,3.0,16.897859474543644,6.16,12.58,15.7,795.0,6.52,0.405
12,1.2,-8.6,9.8,1.47,214.8,211.1,1.0,24.0,0.2018,0.0407,1.4,520.2,0.7802,924.0,0.3613,0.5,393.77,0.1377,4.7,12.0,2.0,16.77039978056463,8.09,13.2,13.7,795.0,6.43,0.415
4,16.3,5.5,10.8,0.41,521.7,502.5,3.8,60.0,1.0,1.0,48.5,3107.1,0.7095,868.0,0.8298,0.5,22.15,0.4802,5.1,8.3,2.0,7.047871515055456,8.78,5.85,21.8,2913.7,12.95,0.615
1,-1.1,-11.1,10.0,0.71,275.7,281.9,0.2,42.0,0.3495,0.1221,-2.3,1156.4,0.5162,713.0,0.466,0.5,488.75,0.1552,6.1,10.0,1.0,19.24321500572365,10.5,15.45,16.7,795.0,9.12,0.433
4,13.7,1.2,12.5,0.94,550.2,547.0,0.2,54.0,0.7811,0.6101,36.9,2959.2,0.4469,658.0,0.5758,0.5,53.09,0.0258,5.56,8.0,1.0,11.535293802501966,9.57,9.61,22.2,1881.4,10.77,0.608
1,0.9,-8.8,9.7,0.87,226.4,236.3,1.6,65.0,0.5394,0.291,2.9,1465.4,0.4421,654.0,0.495,0.5,404.26,0.0536,4.3,11.5,2.0,14.296210819615883,7.4,11.08,15.3,795.0,8.7,0.455
3,5.6,-5.2,10.8,0.63,396.3,395.6,2.7,42.0,0.3517,0.1237,11.9,1672.5,0.4871,690.0,0.4344,0.5,236.53,0.2253,5.1,9.5,2.0,14.425540479125289,8.78,11.21,19.3,795.0,7.8,0.389
3,6.5,-1.7,8.2,1.35,492.4,498.9,3.7,35.0,0.293,0.0859,11.4,1731.4,0.5523,742.0,0.3464,0.5,211.02,0.0627,4.9,16.6,2.0,14.19905481677056,8.43,11.09,16.8,795.0,6.3,0.312
11,2.1,-11.5,13.5,1.79,242.8,241.7,3.9,22.0,0.1803,0.0325,2.2,525.3,0.4084,627.0,0.3793,0.5,358.06,0.4769,5.1,12.5,4.0,7.515747546423681,8.78,4.76,16.3,795.0,8.04,0.405
11,8.2,-3.4,11.7,1.32,379.9,381.3,3.8,65.0,0.5397,0.2913,26.7,2460.5,0.626,801.0,0.4973,0.5,162.81,0.0474,3.6,5.0,3.0,13.519077821989582,6.19,10.04,18.0,795.0,9.36,0.362
2,4.8,-8.9,13.7,0.85,307.7,309.1,2.7,16.0,0.1331,0.0177,3.8,491.6,0.6033,783.0,0.381,0.5,263.72,0.0616,4.8,14.8,1.0,12.007553432164128,8.26,10.09,19.7,795.0,7.86,0.425
11,9.2,0.9,8.3,1.55,226.0,239.3,0.0,57.0,0.4757,0.2263,26.2,1290.0,0.6216,797.0,0.622,0.5,140.06,0.2008,3.75,9.0,1.0,18.28024693752267,6.45,14.81,12.4,795.0,7.45,0.339
2,-1.5,-13.6,12.2,1.2,324.7,324.9,2.0,57.0,0.4727,0.2234,-4.1,1842.0,0.8632,991.0,0.4234,0.5,504.16,0.0096,4.1,13.0,1.0,11.096423572196358,7.05,9.61,17.9,795.0,8.93,0.379
11,2.1,-6.1,8.2,1.32,379.2,377.3,3.9,42.0,0.3534,0.1249,4.5,1608.0,0.6727,838.0,0.4468,0.5,356.5,0.0504,4.18,10.0,2.0,15.581283067631666,7.19,12.22,15.2,795.0,10.24,0.506
2,1.7,-9.0,10.8,1.43,323.1,325.2,2.0,17.0,0.1426,0.0203,1.5,552.7,0.7269,882.0,0.3163,0.5,370.89,0.1102,4.1,11.5,2.0,12.461236202022477,7.05,9.93,16.2,795.0,7.17,0.303
2,-0.1,-10.0,9.9,1.45,331.4,333.3,2.3,31.0,0.2624,0.0689,-0.1,1043.5,1.0,1224.0,0.421,0.5,444.95,0.1253,4.1,9.0,2.0,17.584661384016812,7.05,13.99,15.6,795.0,7.68,0.408
3,5.2,-8.5,13.6,0.98,454.4,456.7,2.2,40.0,0.3324,0.1105,10.3,1812.1,0.8579,986.0,0.5047,0.5,250.94,0.0134,4.18,11.5,2.0,15.995163939709066,7.19,12.68,21.5,795.0,8.01,0.359
2,0.5,-10.9,11.4,0.66,261.5,272.4,0.6,27.0,0.2218,0.0492,0.6,696.0,0.633,806.0,0.441,0.5,421.11,0.1932,6.35,11.0,3.0,10.624518973923731,10.93,7.87,17.7,795.0,7.72,0.392
4,12.9,-0.5,13.5,1.55,508.7,513.7,0.9,34.0,0.4449,0.198,21.7,1708.4,0.709,867.0,0.5351,0.5,64.81,0.2007,4.3,13.7,2.0,13.914654412729712,7.4,11.0,20.8,2041.3,7.44,0.461
11,8.2,-4.3,12.5,0.75,263.5,254.1,3.5,24.0,0.2002,0.0401,9.9,632.9,0.5703,756.0,0.3681,0.5,163.37,0.122,4.9,12.0,2.0,23.05480297717661,8.43,17.75,18.4,795.0,7.38,0.261
1,0.9,-10.7,11.7,0.66,278.0,264.6,1.5,31.0,0.2546,0.0648,1.4,849.3,0.7261,881.0,0.4558,0.5,402.96,0.1946,4.3,10.5,2.0,14.63629291487626,7.4,11.56,18.2,795.0,6.59,0.423
11,6.4,-5.6,12.1,1.8,370.3,389.8,3.9,24.0,0.2016,0.0406,7.8,895.8,0.7259,881.0,0.3882,0.5,211.88,0.4837,4.71,10.0,3.0,15.245990550136618,8.1,11.42,17.0,795.0,7.51,0.324
1,1.3,-10.2,11.4,0.73,342.0,347.8,1.5,28.0,0.2372,0.0563,1.8,973.5,0.5641,751.0,0.2946,0.5,389.31,0.1394,3.41,13.0,2.0,12.155110119360987,5.87,9.57,18.8,795.0,6.16,0.462
1,-4.7,-18.0,13.3,1.38,224.8,246.4,0.9,30.0,0.2531,0.0641,-7.1,682.6,0.7074,866.0,0.3006,0.5,659.18,0.0785,3.1,12.0,1.0,13.602913977702407,5.33,11.37,16.9,795.0,7.25,0.497
1,-2.5,-11.2,8.7,0.76,271.0,294.0,3.0,21.0,0.1778,0.0316,-2.7,578.2,0.6924,854.0,0.3388,0.5,552.62,0.1163,3.0,16.0,1.0,11.40433368398152,5.16,9.71,15.4,795.0,6.69,0.383
12,0.8,-12.2,13.0,0.69,312.7,289.9,3.0,30.0,0.2512,0.0631,1.2,942.7,0.4416,653.0,0.4042,0.5,408.23,0.1654,5.1,13.8,1.0,15.904184023712975,8.78,12.88,19.7,795.0,7.63,0.403
4,17.0,8.4,8.6,1.89,517.9,505.4,3.6,25.0,0.4919,0.242,20.9,1272.8,0.5991,779.0,0.4952,0.5,15.92,0.618,6.53,8.5,2.0,13.470438151137776,11.24,10.58,16.3,2115.7,8.07,0.399
4,11.9,-0.2,12.1,1.11,589.0,580.4,1.4,38.0,0.4368,0.1908,22.6,2238.3,0.9302,1044.0,0.3861,0.5,82.9,0.0002,4.9,10.5,2.0,15.209253935975577,8.43,12.15,22.0,795.0,6.79,0.358
2,-3.2,-11.4,8.2,0.77,388.2,385.3,2.7,39.0,0.3233,0.1045,-6.1,1506.4,0.8175,954.0,0.5574,0.5,583.95,0.1061,4.0,16.0,1.0,16.79725022279521,6.88,13.85,16.7,795.0,9.05,0.424
11,4.4,-7.9,12.3,1.12,195.5,185.8,0.4,24.0,0.1994,0.0397,5.2,467.7,0.289,531.0,0.2022,0.5,277.17,0.0005,4.7,10.0,2.0,12.252801090030678,8.09,9.42,16.3,795.0,8.21,0.448
3,4.1,-7.7,11.8,0.3,475.6,464.3,0.8,45.0,0.3758,0.1412,9.2,2144.6,0.5182,715.0,0.4065,0.5,286.08,0.64,5.93,12.0,2.0,12.716135275999726,10.2,9.95,22.1,795.0,8.2,0.435
11,6.9,-5.1,12.0,1.52,317.2,340.4,3.0,19.0,0.1551,0.0241,6.4,590.6,0.5232,719.0,0.1859,0.5,198.67,0.174,5.28,10.0,3.0,17.245902487805154,9.09,12.75,16.9,795.0,7.37,0.326
12,2.0,-9.6,11.5,0.82,325.7,323.7,3.4,10.0,0.0843,0.0071,1.0,329.4,0.6755,840.0,0.2431,0.5,362.81,0.081,4.91,15.5,3.0,14.546627009682675,8.45,10.85,18.4,795.0,7.69,0.418
3,9.0,-4.9,13.9,0.87,296.4,286.1,0.7,20.0,0.1698,0.0288,9.1,603.8,0.7247,880.0,0.3394,0.5,145.02,0.0531,4.14,12.0,4.0,13.724270647316365,7.12,9.67,19.7,795.0,5.51,0.396
3,9.1,-1.3,10.4,0.88,361.9,345.2,1.5,24.0,0.1983,0.0393,10.8,861.3,0.6245,800.0,0.2793,0.5,141.37,0.0497,5.8,13.0,2.0,8.889984752369848,9.98,7.17,17.9,795.0,7.69,0.504
2,3.8,-7.4,11.1,1.21,356.8,366.2,3.2,49.0,0.4111,0.169,9.3,1760.0,0.3653,592.0,0.4156,0.5,297.02,0.0131,5.55,14.3,2.0,10.387947634799726,9.55,8.08,17.5,795.0,8.7,0.383
3,7.7,-3.7,11.4,1.41,439.5,454.0,3.4,57.0,0.4765,0.2271,22.1,2513.5,0.4173,634.0,0.5011,0.5,176.29,0.0964,4.1,10.0,2.0,17.012121761492125,7.05,13.09,18.5,795.0,7.61,0.35
12,1.4,-10.0,11.4,1.24,236.4,237.3,0.6,39.0,0.3235,0.1046,2.8,917.5,0.3161,553.0,0.3052,0.5,383.02,0.0202,4.82,10.0,3.0,14.537278085402477,8.29,10.56,15.9,795.0,7.42,0.398
3,3.8,-6.3,10.1,1.56,439.5,423.0,0.2,18.0,0.1486,0.0221,3.4,783.9,0.696,857.0,0.3881,0.5,296.34,0.2086,5.7,6.9,2.0,19.56921774936522,9.81,15.23,17.1,795.0,7.23,0.361
1,-2.5,-10.8,8.4,0.89,380.2,356.6,2.3,45.0,0.3758,0.1412,-5.5,1714.2,0.5403,732.0,0.485,0.5,550.22,0.0446,5.9,14.0,2.0,15.809131106796654,10.15,12.29,16.5,795.0,8.24,0.451
2,1.3,-10.8,12.1,0.76,378.2,380.1,2.3,34.0,0.2833,0.0802,2.2,1285.7,0.6272,802.0,0.3349,0.5,388.55,0.1168,5.4,11.7,1.0,14.905654851538118,9.29,12.28,19.7,795.0,8.81,0.417
2,3.6,-5.1,8.7,1.63,359.7,364.6,0.0,40.0,0.3367,0.1133,7.2,1453.3,0.7242,879.0,0.2682,0.5,304.33,0.2788,4.2,13.5,3.0,11.333450879017887,7.23,8.48,14.6,795.0,8.05,0.478
4,16.1,3.8,12.3,0.88,515.2,522.3,0.3,55.0,1.0,1.0,44.3,2839.8,0.6229,798.0,0.7679,0.5,24.3,0.0478,5.02,13.0,3.0,9.954699691362903,8.64,7.36,21.7,4121.5,11.46,0.577
11,10.2,-0.5,10.8,0.93,188.7,174.8,0.9,30.0,0.2579,0.0665,15.1,559.2,0.4676,674.0,0.3168,0.5,116.2,0.0298,3.14,11.0,2.0,12.969854593637104,5.4,10.1,15.4,795.0,7.55,0.517
1,-2.6,-11.9,9.3,1.71,340.2,330.6,1.0,63.0,0.5258,0.2764,-8.1,2146.7,0.4345,648.0,0.4896,0.5,555.06,0.3707,5.42,13.2,4.0,15.388748033648511,9.33,10.69,14.6,795.0,9.98,0.687
3,6.8,-2.3,9.0,0.71,426.8,421.5,3.6,40.0,0.3365,0.1132,13.7,1723.3,0.7186,875.0,0.38,0.5,202.39,0.1492,4.3,12.5,1.0,7.027459756667493,7.4,6.45,18.1,795.0,8.92,0.429
1,-1.3,-10.2,8.9,1.25,283.3,292.2,3.8,17.0,0.1423,0.0203,-1.1,483.9,0.5027,702.0,0.259,0.5,498.57,0.0225,3.96,15.2,4.0,13.387999150448438,6.81,9.24,14.5,795.0,8.86,0.34
4,17.0,6.2,10.8,0.93,556.3,560.3,2.8,14.0,0.2758,0.076,11.7,767.2,0.6391,811.0,0.4299,0.5,16.03,0.0285,4.91,10.0,2.0,12.925805040627028,8.45,10.21,20.9,2209.9,8.77,0.399
1,-2.1,-13.4,11.3,0.85,281.3,292.0,2.4,46.0,0.386,0.149,-4.8,1302.8,0.5706,756.0,0.5646,0.5,532.85,0.0613,5.23,14.0,2.0,16.857014605146762,9.0,13.1,17.4,795.0,8.37,0.465
3,5.2,-4.9,10.1,1.62,377.5,386.0,2.8,19.0,0.1608,0.0258,5.0,728.2,0.6631,830.0,0.2659,0.5,250.65,0.2745,5.4,12.0,1.0,14.80761405270212,9.29,12.24,16.0,795.0,6.13,0.279
11,4.4,-5.1,9.5,1.28,319.6,323.7,1.9,16.0,0.1369,0.0187,3.6,524.9,0.6098,788.0,0.2961,0.5,275.75,0.0307,5.6,15.5,1.0,9.90934106861824,9.64,8.52,15.5,795.0,7.82,0.433
12,1.0,-10.4,11.5,1.7,141.4,147.9,1.6,42.0,0.3522,0.1241,2.2,597.8,0.7586,907.0,0.4783,0.5,398.94,0.3597,4.3,10.0,1.0,7.251160212657563,7.4,6.65,13.3,795.0,8.73,0.298
2,1.3,-6.9,8.2,0.54,248.8,237.1,0.4,54.0,0.4476,0.2003,3.4,1336.2,0.7503,900.0,0.5133,0.5,390.0,0.3166,4.4,14.0,1.0,11.754789287808642,7.57,10.02,15.2,795.0,7.9,0.351
3,6.0,-3.1,9.1,1.23,396.5,393.7,2.0,64.0,0.5364,0.2877,19.3,2552.4,0.5427,734.0,0.5368,0.5,224.8,0.0163,4.45,16.2,2.0,9.991029450782968,7.66,7.93,16.5,795.0,9.87,0.439
3,7.6,-1.0,8.6,1.25,302.5,298.7,2.1,54.0,0.4532,0.2054,20.8,1645.0,0.4924,694.0,0.4873,0.5,178.65,0.0227,5.13,11.0,1.0,16.34665663841842,8.83,13.25,14.6,795.0,8.07,0.388
11,9.7,-3.2,12.9,0.3,250.2,239.9,0.6,17.0,0.1425,0.0203,8.3,427.9,0.6469,818.0,0.29,0.5,127.8,0.64,3.5,8.6,1.0,16.75807624043679,6.02,13.69,19.6,795.0,7.42,0.486
3,12.3,0.4,11.9,0.48,365.0,367.5,1.1,24.0,0.297,0.0882,15.0,892.1,0.692,854.0,0.4564,0.5,75.83,0.3783,6.08,5.1,1.0,21.036643550372695,10.46,16.93,20.1,849.8,8.54,0.425
12,2.1,-7.3,9.4,0.73,199.6,214.1,2.7,57.0,0.4776,0.2281,6.1,1144.1,0.6254,800.0,0.6152,0.5,356.49,0.1398,4.0,15.6,1.0,18.467005712792158,6.88,14.95,15.0,795.0,10.08,0.391
2,3.9,-7.9,11.9,0.77,349.8,350.3,1.1,42.0,0.3484,0.1214,8.2,1462.2,0.7217,877.0,0.4553,0.5,291.69,0.1114,4.67,14.0,2.0,20.365035082346772,8.04,15.85,19.1,795.0,7.02,0.3
4,14.3,3.6,10.7,1.13,486.6,504.8,3.0,62.0,0.9579,0.9175,44.3,3020.8,0.9176,1034.0,0.7543,0.5,45.45,0.0008,3.87,10.1,1.0,16.8885615392809,6.66,14.0,19.3,2162.2,11.18,0.421
3,12.4,4.0,8.4,0.72,508.2,506.4,2.6,12.0,0.147,0.0216,7.4,603.8,0.717,874.0,0.3762,0.5,73.52,0.1408,5.06,13.2,4.0,10.145979855950419,8.71,6.98,18.8,795.0,6.32,0.422
12,3.2,-7.1,10.3,0.76,409.2,397.4,1.9,24.0,0.1961,0.0385,3.7,963.0,0.4502,660.0,0.4339,0.5,317.6,0.1165,5.8,10.5,2.0,13.938642922371432,9.98,10.81,18.8,795.0,7.66,0.489
4,15.7,5.6,10.1,1.28,424.1,417.7,2.6,51.0,0.9124,0.8324,40.2,2168.4,0.4521,662.0,0.633,0.5,28.02,0.0331,3.79,13.0,1.0,13.118251492552739,6.52,10.8,17.5,2608.5,11.38,0.493
4,14.8,6.5,8.3,1.43,483.6,499.0,3.7,18.0,0.2877,0.0828,13.0,851.4,0.866,993.0,0.3304,0.5,38.39,0.112,5.44,13.0,4.0,9.931996531984513,9.36,6.94,16.6,2150.3,8.05,0.503
11,11.0,-0.4,11.4,1.0,308.7,305.1,3.8,64.0,0.6426,0.413,35.3,1981.6,0.929,1043.0,0.6013,0.5,99.87,0.0095,4.5,12.0,1.0,14.606449048605365,7.74,12.3,17.5,1199.5,10.17,0.46
3,8.8,-2.9,11.7,0.99,335.9,323.3,3.4,46.0,0.3846,0.148,20.2,1550.6,0.634,807.0,0.3489,0.5,149.89,0.0114,3.4,13.5,2.0,12.52536877519041,5.85,9.9,18.2,795.0,7.74,0.478
2,1.6,-9.7,11.3,1.88,238.9,238.5,3.4,45.0,0.3746,0.1404,3.5,1074.1,0.6413,813.0,0.3439,0.5,377.3,0.6149,5.1,14.4,3.0,11.940683429399163,8.78,8.87,14.2,795.0,8.97,0.417
11,5.4,-3.7,9.2,1.58,363.1,372.7,2.1,37.0,0.3093,0.0957,10.1,1347.6,0.4555,664.0,0.4663,0.5,242.35,0.2303,5.62,12.0,2.0,15.444919697481009,9.67,11.95,15.1,795.0,7.82,0.49
12,0.8,-11.1,11.9,0.31,240.1,238.6,3.7,59.0,0.4902,0.2403,2.3,1412.6,0.8814,1005.0,0.5086,0.5,409.07,0.6173,5.1,17.2,2.0,15.666830382868461,8.78,12.46,18.6,795.0,9.6,0.419
12,2.9,-7.0,9.9,1.11,372.2,369.1,2.7,16.0,0.1334,0.0178,2.3,595.6,0.7082,867.0,0.3318,0.5,326.64,0.0002,5.5,11.0,4.0,14.492986820758315,9.46,10.24,17.1,795.0,6.47,0.464
1,1.4,-8.9,10.3,1.3,375.4,373.8,0.8,27.0,0.2247,0.0505,1.9,1012.1,0.3248,560.0,0.3139,0.5,384.77,0.0382,5.7,16.0,1.0,14.959845592780939,9.81,12.08,16.9,795.0,7.3,0.413
2,2.0,-11.7,13.8,1.68,263.7,248.9,3.7,27.0,0.2272,0.0516,2.8,719.1,0.5921,774.0,0.431,0.5,359.41,0.3308,4.4,11.0,3.0,13.476700894239043,7.57,9.98,17.1,795.0,6.23,0.394
4,17.2,6.7,10.5,1.15,568.9,580.4,1.5,53.0,1.0,1.0,45.5,3010.1,0.6483,819.0,0.9,0.5,14.39,0.0025,6.25,10.5,1.0,19.945934540446245,10.75,16.08,20.4,3348.4,11.69,0.472
12,-2.1,-10.7,8.6,0.78,286.4,283.6,0.0,33.0,0.271,0.0734,-3.4,931.1,0.5041,703.0,0.3321,0.5,532.55,0.1053,4.31,12.0,2.0,13.515593107410604,7.42,10.54,15.6,795.0,8.23,0.319
12,2.6,-10.6,13.2,1.19,196.5,189.7,2.2,19.0,0.1581,0.025,2.5,372.9,0.5449,736.0,0.2777,0.5,337.72,0.0077,4.36,13.6,2.0,18.786879657903032,7.5,14.53,16.9,795.0,6.49,0.322
11,5.9,-6.2,12.0,1.6,233.2,237.7,2.2,21.0,0.1717,0.0295,6.0,480.5,0.4708,677.0,0.4738,0.5,229.45,0.2498,6.34,17.9,3.0,17.683026736152428,10.91,13.04,15.4,795.0,7.31,0.536
11,4.4,-8.2,12.6,0.46,328.7,310.5,2.5,19.0,0.159,0.0253,4.2,627.2,0.5872,770.0,0.3008,0.5,274.77,0.4042,4.6,17.0,2.0,10.132852560685665,7.91,8.07,20.1,795.0,6.5,0.466
3,7.2,-6.0,13.2,1.03,442.5,442.8,3.8,25.0,0.2124,0.0451,9.2,1127.8,0.6733,839.0,0.3422,0.5,190.37,0.0043,3.7,8.5,2.0,16.809046581447358,6.37,13.15,20.9,795.0,7.05,0.397
2,5.3,-8.0,13.4,0.86,346.3,346.6,2.0,25.0,0.2098,0.044,6.7,871.8,0.5323,726.0,0.4237,0.5,245.26,0.0556,5.1,13.5,3.0,9.835530898364496,8.78,7.2,20.0,795.0,7.6,0.464
11,7.2,-1.6,8.7,1.86,332.4,343.6,4.0,47.0,0.3952,0.1562,17.0,1576.3,0.7133,871.0,0.4991,0.5,191.22,0.5802,4.85,13.4,1.0,20.414654637466402,8.35,16.48,13.6,795.0,9.87,0.357
3,7.1,-2.1,9.2,1.15,526.2,536.5,0.1,59.0,0.493,0.243,21.0,3113.0,0.7904,932.0,0.4209,0.5,192.92,0.0023,5.2,12.0,2.0,15.573888859475879,8.95,12.31,18.7,795.0,7.03,0.419
2,-2.0,-11.6,9.6,1.74,255.2,236.8,0.8,59.0,0.492,0.242,-5.8,1506.8,0.5589,747.0,0.494,0.5,527.01,0.4081,3.4,11.2,1.0,17.154330956742214,5.85,13.91,13.5,795.0,9.32,0.501
3,7.3,-6.6,13.9,1.38,363.9,369.1,0.9,61.0,0.51,0.2601,22.3,2227.3,0.3039,543.0,0.4209,0.5,187.81,0.0795,5.55,16.1,2.0,7.761271548786837,9.55,6.06,19.4,795.0,8.37,0.359
11,5.4,-2.7,8.1,1.2,368.3,368.0,0.8,44.0,0.3696,0.1366,12.0,1633.4,0.6499,820.0,0.4228,0.5,242.73,0.0108,4.4,14.7,2.0,16.30958058221136,7.57,12.75,15.3,795.0,8.27,0.476
11,4.4,-6.6,11.1,0.8,288.8,286.5,0.2,47.0,0.3946,0.1557,10.5,1367.5,0.5894,771.0,0.4612,0.5,274.32,0.0884,6.3,7.2,2.0,14.415519788860466,10.84,11.28,17.5,795.0,7.33,0.361
4,10.4,-1.2,11.6,1.41,523.4,529.8,1.8,62.0,0.5527,0.3055,32.0,3229.6,0.2372,490.0,0.5216,0.5,112.9,0.0967,5.6,9.0,3.0,12.601042715128902,9.64,9.04,19.9,795.0,8.07,0.309
2,5.2,-6.7,11.9,1.31,347.7,337.9,4.0,27.0,0.2236,0.05,6.9,932.8,0.7584,907.0,0.3986,0.5,250.97,0.0442,3.8,11.0,3.0,14.138202768494603,6.54,10.61,17.8,795.0,7.66,0.374
1,-3.5,-14.5,10.9,0.62,251.8,242.6,3.2,51.0,0.4291,0.1842,-9.1,1296.9,0.5954,776.0,0.4536,0.5,602.63,0.2282,4.2,12.0,3.0,17.516174308371816,7.23,13.01,17.2,795.0,9.16,0.422
11,9.1,-4.0,13.1,1.29,344.6,336.6,1.5,31.0,0.26,0.0676,14.1,1075.1,0.8155,952.0,0.4363,0.5,142.61,0.0367,3.8,10.0,3.0,13.87781298700753,6.54,10.46,18.7,795.0,9.78,0.419
3,6.9,-4.4,11.3,0.69,524.3,533.2,3.8,43.0,0.3603,0.1298,15.0,2266.6,0.7692,915.0,0.4891,0.5,197.95,0.1714,4.0,9.5,1.0,14.850131628023453,6.88,12.35,21.5,795.0,8.37,0.429
4,14.4,3.7,10.7,0.71,554.9,564.6,2.1,29.0,0.4507,0.2031,20.7,1594.6,1.0,1191.0,0.4761,0.5,43.43,0.1493,4.1,13.0,1.0,14.24520486998903,7.05,12.08,21.4,2463.1,10.15,0.54
3,5.8,-5.4,11.2,1.21,452.9,463.6,1.8,14.0,0.1181,0.014,4.1,641.9,0.9511,1061.0,0.3384,0.5,231.79,0.0131,5.9,11.0,1.0,8.128184333452626,10.15,7.46,19.0,795.0,8.16,0.396
11,11.1,-2.9,13.9,1.28,219.5,223.1,2.8,29.0,0.2973,0.0884,16.3,646.4,0.565,752.0,0.4147,0.5,98.87,0.0309,4.1,10.5,2.0,12.799616568137296,7.05,10.05,17.6,795.0,8.48,0.411
12,0.8,-9.7,10.5,1.1,186.0,174.0,2.5,24.0,0.202,0.0408,0.9,450.9,0.9196,1036.0,0.3261,0.5,409.38,0.0,3.9,12.0,3.0,13.925603540250346,6.71,10.58,14.7,795.0,7.38,0.426
1,3.3,-7.2,10.4,0.81,368.0,365.2,0.1,12.0,0.0981,0.0096,1.9,433.3,0.6237,799.0,0.3148,0.5,314.5,0.0823,6.3,13.0,3.0,18.13308567370783,10.84,13.5,18.1,795.0,5.86,0.438
12,2.5,-10.8,13.3,0.53,366.2,374.7,0.6,34.0,0.2805,0.0787,4.2,1232.5,0.4869,690.0,0.3301,0.5,341.42,0.3226,4.5,12.6,2.0,10.779467273245528,7.74,8.47,21.1,795.0,6.87,0.366
1,-0.7,-11.9,11.2,0.86,246.7,248.7,2.6,51.0,0.425,0.1806,-1.8,1258.2,0.6781,843.0,0.3785,0.5,470.88,0.0573,5.7,13.0,1.0,21.16271694862096,9.81,17.01,16.8,795.0,9.07,0.415
12,3.3,-8.0,11.3,1.12,294.2,310.3,1.7,23.0,0.1899,0.0361,3.7,670.4,0.7384,891.0,0.4299,0.5,314.73,0.0003,5.5,11.5,2.0,15.47165581882386,9.46,12.19,17.0,795.0,7.65,0.398
4,14.7,3.4,11.3,1.36,577.7,572.5,2.6,63.0,1.0,1.0,46.3,3629.8,0.8072,946.0,0.771,0.5,39.29,0.0679,5.63,12.0,1.0,12.183995190432793,9.69,10.38,20.6,3172.6,11.56,0.546
4,13.1,1.5,11.6,0.37,434.8,449.3,0.1,34.0,0.4604,0.212,22.3,1477.2,0.4772,682.0,0.5302,0.5,61.92,0.5335,5.3,9.5,2.0,12.965305396768825,9.12,10.11,21.2,1864.1,7.19,0.392
11,11.0,2.3,8.6,1.45,405.2,403.5,3.7,54.0,0.5406,0.2923,29.8,2203.2,0.7042,863.0,0.5635,0.5,100.69,0.1248,3.3,8.0,2.0,8.555824540266507,5.68,6.98,15.7,821.7,10.23,0.484
12,1.6,-10.9,12.4,1.44,292.5,289.6,3.6,38.0,0.3196,0.1022,3.0,1121.9,0.5516,741.0,0.3407,0.5,378.2,0.1147,4.1,10.5,2.0,12.654287817402997,7.05,9.93,17.0,795.0,8.94,0.451
1,-3.1,-11.7,8.6,1.33,222.4,218.3,3.5,36.0,0.3008,0.0905,-5.6,802.6,0.5544,744.0,0.3808,0.5,580.18,0.0541,5.63,13.2,2.0,13.866893589091994,9.69,10.84,13.2,795.0,7.99,0.351
3,0.2,-13.4,13.6,1.23,535.6,532.3,0.2,26.0,0.2144,0.046,0.3,1377.8,0.69,852.0,0.5078,0.5,432.07,0.0169,3.93,9.0,3.0,16.688905206625012,6.76,12.47,22.1,795.0,5.75,0.42
12,-2.6,-11.4,8.8,1.29,285.4,263.6,2.1,47.0,0.3884,0.1509,-6.1,1330.0,0.666,833.0,0.5359,0.5,557.09,0.0379,4.43,10.0,1.0,10.7405927968145,7.62,9.19,14.4,795.0,8.39,0.409
11,12.3,1.7,10.6,0.57,291.5,311.4,0.7,13.0,0.1608,0.0259,8.1,386.1,0.6837,847.0,0.3566,0.5,75.9,0.2802,4.8,8.6,4.0,15.9655491639631,8.26,11.32,17.7,1814.6,5.65,0.433
3,6.9,-2.9,9.8,0.86,381.7,378.2,3.5,61.0,0.5089,0.259,20.9,2330.8,0.7512,901.0,0.5735,0.5,199.96,0.0555,5.11,17.9,4.0,8.815954179697894,8.79,6.01,17.7,795.0,7.59,0.355
3,11.0,-1.2,12.2,1.08,331.4,332.1,1.0,16.0,0.16,0.0256,8.8,528.9,0.636,809.0,0.413,0.5,99.68,0.0005,4.4,18.6,2.0,17.430648674167053,7.57,13.58,18.3,795.0,6.57,0.33
12,2.2,-8.6,10.8,1.52,326.2,326.2,3.3,19.0,0.1546,0.0239,2.0,605.3,0.6454,816.0,0.1727,0.5,354.1,0.1803,5.03,8.5,3.0,13.041444442902328,8.65,9.7,16.0,795.0,6.95,0.359
4,11.0,0.9,10.1,1.69,583.7,577.0,3.5,28.0,0.2768,0.0766,15.2,1608.6,0.4026,622.0,0.3408,0.5,99.47,0.3537,5.2,10.0,3.0,12.523075048466243,8.95,9.11,18.9,795.0,8.36,0.479
12,2.7,-5.9,8.5,1.17,292.6,286.6,3.5,49.0,0.4117,0.1695,6.6,1445.3,0.7118,869.0,0.502,0.5,336.4,0.0054,4.52,10.0,2.0,18.035045031107195,7.78,14.1,14.6,795.0,9.36,0.394
11,8.2,0.1,8.0,1.34,283.1,277.7,2.7,47.0,0.3902,0.1522,19.1,1325.3,0.7156,872.0,0.4931,0.5,164.96,0.0562,4.18,10.0,4.0,15.971118329058713,7.19,11.35,13.6,795.0,7.54,0.415
4,15.7,2.9,12.8,1.12,503.9,500.2,2.9,19.0,0.3332,0.111,14.7,941.9,0.7332,887.0,0.6111,0.5,28.13,0.0004,3.9,12.8,1.0,22.198139995176746,6.71,17.84,21.3,1264.5,8.56,0.547
4,13.0,3.3,9.7,1.22,460.7,455.6,0.3,18.0,0.2409,0.0581,11.8,833.7,1.0,1112.0,0.3906,0.5,64.18,0.0137,5.4,11.5,2.0,14.79866102293828,9.29,11.9,18.0,795.0,7.91,0.356
2,-2.0,-11.9,9.9,1.22,374.3,371.9,3.5,28.0,0.2355,0.0555,-2.9,1058.0,0.8084,947.0,0.2832,0.5,531.3,0.015,6.2,12.2,1.0,15.38394368710203,10.67,12.78,16.8,795.0,9.33,0.359
12,3.0,-6.3,9.2,0.52,154.7,145.3,3.1,62.0,0.5194,0.2698,9.3,964.1,0.5409,733.0,0.4303,0.5,325.03,0.3421,6.0,9.0,3.0,17.768044630007704,10.32,13.16,14.7,795.0,10.1,0.469
4,13.2,3.2,10.0,0.91,484.2,474.7,3.9,25.0,0.3364,0.1131,16.3,1197.5,0.773,918.0,0.4206,0.5,61.47,0.0379,3.3,13.0,4.0,12.960729659335495,5.68,9.14,19.3,1357.7,7.53,0.493
1,1.1,-10.7,11.8,1.12,339.4,325.6,0.6,56.0,0.4663,0.2174,3.1,1899.2,1.0,1227.0,0.5661,0.5,396.0,0.0004,5.74,10.0,2.0,18.642420882247507,9.88,14.78,18.1,795.0,8.92,0.336
1,-1.9,-13.1,11.3,0.44,307.9,301.9,2.1,21.0,0.1723,0.0297,-1.9,636.5,0.8202,956.0,0.4396,0.5,523.17,0.4356,4.2,11.5,2.0,14.552990573996695,7.23,11.57,18.8,795.0,7.18,0.424
3,6.4,-7.1,13.5,0.88,361.8,350.4,1.3,33.0,0.2769,0.0767,10.6,1202.3,0.8404,972.0,0.4069,0.5,214.08,0.0499,5.36,9.5,4.0,19.91149911110942,9.22,14.41,20.3,795.0,8.11,0.411
2,-1.3,-12.4,11.0,0.83,334.1,330.5,0.4,64.0,0.5358,0.2871,-4.3,2148.1,0.6745,840.0,0.4648,0.5,498.89,0.0718,5.54,12.0,2.0,18.24153074127909,9.53,14.22,18.1,795.0,9.68,0.487
1,2.1,-11.4,13.5,1.61,272.8,270.0,1.0,13.0,0.1056,0.0111,1.3,345.6,0.7131,871.0,0.3557,0.5,357.31,0.263,5.29,7.5,2.0,12.516228643182062,9.1,9.96,17.1,795.0,7.5,0.382
1,-4.5,-15.1,10.6,1.25,189.9,190.1,2.1,41.0,0.3454,0.1193,-9.3,786.9,0.5633,751.0,0.4523,0.5,649.36,0.023,7.4,10.0,3.0,13.215790538711765,12.73,9.76,14.5,795.0,7.19,0.472
4,13.5,2.0,11.6,1.12,478.1,476.3,0.3,17.0,0.2464,0.0607,11.7,828.3,0.8098,948.0,0.3594,0.5,55.74,0.0004,3.28,15.3,3.0,16.579911711223556,5.64,12.48,19.9,2770.1,7.47,0.501
3,7.1,-3.1,10.2,1.33,455.5,456.7,3.5,48.0,0.4016,0.1613,17.1,2195.1,0.6975,858.0,0.496,0.5,192.89,0.0549,5.4,13.6,1.0,14.912669144075563,9.29,12.34,18.0,795.0,9.32,0.483
3,4.3,-5.6,9.9,1.67,397.8,390.1,1.3,19.0,0.1572,0.0247,4.0,750.5,0.5983,779.0,0.1931,0.5,279.44,0.3235,4.27,9.6,1.0,21.58697504753308,7.35,17.27,16.0,795.0,7.57,0.358
1,2.1,-7.2,9.3,1.24,159.2,152.1,1.8,59.0,0.493,0.243,6.1,942.1,0.8112,949.0,0.6227,0.5,358.4,0.0186,4.06,9.2,1.0,18.63474143395757,6.99,15.22,13.0,795.0,8.49,0.396
1,-3.4,-16.6,13.2,0.9,175.1,189.6,1.9,65.0,0.5398,0.2913,-11.0,1134.5,0.4976,698.0,0.5569,0.5,595.35,0.0387,5.45,16.3,3.0,15.856690377931017,9.38,11.69,17.2,795.0,9.43,0.43
2,6.0,-3.9,9.9,1.18,420.7,407.0,2.1,23.0,0.1892,0.0358,6.8,955.0,0.5397,732.0,0.4132,0.5,225.67,0.007,5.1,15.4,1.0,13.894231659178196,8.78,11.45,17.5,795.0,7.31,0.344
2,0.7,-11.8,12.5,1.54,349.8,358.7,3.0,39.0,0.3291,0.1083,1.3,1381.3,0.8994,1020.0,0.329,0.5,413.4,0.1915,5.97,13.5,3.0,15.088900127797753,10.27,11.44,17.7,795.0,8.04,0.388
3,7.4,-5.5,12.9,0.9,507.6,512.5,0.3,44.0,0.3666,0.1344,16.3,2233.2,0.691,853.0,0.4382,0.5,184.74,0.0412,6.36,13.0,1.0,9.53462632216432,10.94,8.3,22.0,795.0,7.76,0.472
4,11.2,1.2,10.0,1.28,546.0,543.2,3.2,44.0,0.4533,0.2054,24.5,2379.0,0.5601,748.0,0.4347,0.5,95.24,0.0316,5.9,7.7,3.0,13.13874512428393,10.15,9.7,19.3,821.5,9.88,0.438
4,14.7,4.8,9.9,1.86,437.4,440.0,0.6,52.0,0.8443,0.7128,38.4,2293.9,0.5827,766.0,0.6739,0.5,40.2,0.5794,5.0,10.1,2.0,11.19278596098386,8.6,8.86,16.1,2537.7,11.21,0.517
4,15.0,5.7,9.3,0.75,544.9,527.1,0.2,41.0,0.6862,0.4709,30.8,2232.1,0.7282,883.0,0.6106,0.5,35.4,0.1201,5.09,11.0,1.0,14.213922271233319,8.76,11.84,20.0,2045.1,9.18,0.482
11,9.1,-3.3,12.4,0.81,342.3,333.9,0.5,37.0,0.3095,0.0958,16.9,1271.3,0.5861,769.0,0.4619,0.5,142.17,0.0835,3.8,12.0,1.0,20.890175079178693,6.54,16.74,19.3,795.0,6.8,0.319
12,-2.6,-11.3,8.7,0.6,274.0,273.9,2.6,42.0,0.346,0.1197,-5.4,1137.5,0.4928,694.0,0.5791,0.5,556.06,0.2467,3.4,15.2,1.0,11.443333234744845,5.85,9.58,15.8,795.0,8.63,0.42
3,6.0,-4.0,10.1,0.3,373.0,375.6,1.6,25.0,0.2062,0.0425,7.5,923.1,0.596,777.0,0.3304,0.5,224.01,0.64,4.4,14.0,3.0,15.210894866382308,7.57,11.28,19.2,795.0,7.91,0.501
2,1.8,-6.3,8.1,0.95,348.5,340.5,1.9,15.0,0.1286,0.0165,1.4,537.7,0.6564,825.0,0.4477,0.5,368.76,0.0234,4.2,12.0,4.0,13.008746710694743,7.23,9.08,15.7,795.0,7.04,0.303
4,14.6,5.8,8.8,0.6,532.0,523.4,3.9,21.0,0.3454,0.1193,15.7,1142.9,0.6074,786.0,0.3462,0.5,40.37,0.2488,5.8,8.0,2.0,18.217241069567763,9.98,14.15,19.8,842.6,8.49,0.365
4,13.9,3.0,11.0,0.94,459.5,462.9,1.8,23.0,0.3462,0.1198,16.2,1067.3,0.5008,701.0,0.5961,0.5,49.83,0.0268,6.08,12.0,3.0,14.33195516773469,10.46,10.55,19.6,1935.7,7.11,0.459
12,-0.8,-12.6,11.9,1.41,216.8,218.2,2.0,52.0,0.4333,0.1878,-2.0,1127.5,0.5761,761.0,0.6162,0.5,473.91,0.0985,4.76,9.5,1.0,14.369584015363628,8.19,11.84,15.5,795.0,7.9,0.405
2,2.8,-10.7,13.5,1.6,284.0,275.1,2.6,28.0,0.2356,0.0555,3.9,803.1,0.5082,707.0,0.4382,0.5,331.66,0.2491,6.0,15.2,2.0,14.368264356718074,10.32,11.18,17.3,795.0,8.32,0.358
3,11.1,-0.0,11.2,1.53,463.6,450.5,0.3,21.0,0.2185,0.0477,11.9,990.2,0.7856,928.0,0.4108,0.5,97.26,0.1843,5.8,14.1,4.0,11.890377607713356,9.98,8.35,18.4,795.0,6.98,0.438
4,18.1,9.6,8.5,1.38,530.1,526.2,0.1,27.0,0.5942,0.3531,24.6,1447.1,0.6322,806.0,0.5781,0.5,8.64,0.0793,5.5,15.6,2.0,13.843791862865302,9.46,10.89,17.6,2538.6,9.23,0.604
12,2.8,-11.1,13.8,1.24,211.9,204.9,0.8,47.0,0.3908,0.1527,6.5,993.6,0.4364,649.0,0.5828,0.5,332.95,0.0191,6.0,12.5,1.0,13.629251056187599,10.32,11.17,17.4,795.0,7.86,0.483
2,7.4,-3.7,11.0,1.13,449.9,444.7,3.1,60.0,0.5007,0.2507,22.1,2703.6,0.9412,1053.0,0.6129,0.5,185.95,0.0011,4.5,7.5,3.0,20.972591276827963,7.74,15.88,19.1,795.0,9.93,0.475
2,-2.8,-11.4,8.5,1.46,211.0,214.7,2.8,21.0,0.1718,0.0295,-2.9,435.1,0.7688,915.0,0.2559,0.5,567.89,0.1295,3.8,13.0,3.0,12.273515028153042,6.54,9.22,12.6,795.0,6.67,0.338
11,8.9,-2.6,11.5,1.48,262.0,261.9,2.5,44.0,0.3701,0.137,19.7,1163.8,0.7049,864.0,0.4451,0.5,146.95,0.1413,3.78,11.0,1.0,11.790502365758762,6.5,10.01,15.7,795.0,7.6,0.473
3,6.7,-2.1,8.8,1.02,460.9,465.3,3.7,24.0,0.2038,0.0416,8.2,1127.4,0.6478,818.0,0.3151,0.5,204.85,0.0061,4.8,12.0,1.0,13.34813703865723,8.26,11.13,17.7,795.0,7.29,0.47
2,4.5,-7.7,12.2,1.0,379.1,376.7,1.8,38.0,0.3157,0.0997,8.6,1436.1,0.8729,998.0,0.5021,0.5,270.85,0.0105,4.0,12.0,4.0,13.136657029501036,6.88,9.35,19.3,795.0,9.29,0.394
1,0.3,-12.4,12.6,1.32,282.3,287.0,3.5,28.0,0.237,0.0562,0.4,802.9,0.5734,759.0,0.4586,0.5,430.31,0.0473,5.37,12.5,3.0,15.474109930093874,9.24,11.46,17.3,795.0,8.9,0.386
12,2.2,-8.4,10.6,1.27,288.6,300.7,3.5,51.0,0.4264,0.1818,5.5,1477.0,0.7152,872.0,0.5666,0.5,354.72,0.028,5.0,14.5,1.0,13.800437032741067,8.6,11.52,15.9,795.0,9.34,0.465
2,4.3,-5.2,9.4,1.27,388.8,394.8,1.5,15.0,0.1231,0.0151,3.1,574.3,0.6081,786.0,0.2666,0.5,280.38,0.0273,5.17,6.8,4.0,16.01497874310847,8.9,11.3,16.5,795.0,5.55,0.413
2,4.2,-4.9,9.1,0.54,357.7,330.8,3.9,48.0,0.3961,0.1569,10.0,1699.8,0.3374,570.0,0.437,0.5,281.81,0.3176,5.7,10.5,2.0,16.683319665188712,9.81,12.78,17.6,795.0,8.58,0.358
11,6.3,-6.9,13.2,1.78,254.5,249.0,2.9,19.0,0.1569,0.0246,5.9,479.2,0.797,938.0,0.3256,0.5,216.83,0.4691,6.6,10.0,4.0,16.650502978354773,11.36,11.93,16.2,795.0,7.44,0.359
4,17.5,6.5,11.0,1.22,621.2,621.4,1.0,50.0,1.0,1.0,43.8,3102.2,0.6556,824.0,0.8516,0.5,11.97,0.0149,6.2,12.0,4.0,15.584201451625445,10.67,11.01,21.4,2156.7,11.24,0.44
2,-1.3,-15.1,13.9,1.03,301.0,301.3,3.2,55.0,0.4587,0.2104,-3.5,1656.6,0.3675,594.0,0.5575,0.5,496.01,0.0047,3.25,11.6,4.0,17.02779472095997,5.59,11.86,19.3,795.0,8.89,0.447
4,13.9,3.1,10.8,0.66,419.7,419.6,3.9,39.0,0.5752,0.3308,26.9,1621.1,0.5844,768.0,0.6132,0.5,49.92,0.1924,3.7,13.2,2.0,13.883720720931045,6.37,10.88,19.6,1797.2,10.37,0.551
12,0.7,-8.1,8.9,1.33,299.0,303.6,2.7,12.0,0.0967,0.0094,0.4,347.2,0.8048,944.0,0.3075,0.5,410.83,0.052,5.0,10.0,2.0,16.1060545281961,8.6,12.72,14.5,795.0,6.91,0.423
3,7.1,-1.4,8.5,1.33,336.3,330.6,3.3,42.0,0.3486,0.1215,14.8,1406.8,0.5478,738.0,0.4906,0.5,194.16,0.0531,4.03,15.7,1.0,16.117481624396795,6.93,13.13,14.8,795.0,8.96,0.361
4,13.8,2.6,11.2,1.17,566.2,557.9,2.9,35.0,0.5184,0.2687,24.4,2000.2,0.5021,702.0,0.4496,0.5,51.78,0.005,3.72,8.0,4.0,14.48447912130721,6.4,10.07,20.8,1986.9,9.5,0.335
4,11.8,3.1,8.7,1.18,541.5,546.6,1.1,37.0,0.4145,0.1718,21.6,1986.7,0.6169,794.0,0.5378,0.5,85.05,0.0058,5.7,8.0,1.0,6.781715312413636,9.81,6.18,18.4,795.0,7.8,0.358
1,0.7,-7.3,8.0,0.81,246.2,242.3,2.8,61.0,0.5073,0.2574,2.2,1498.9,1.0,1107.0,0.444,0.5,411.26,0.0838,5.14,10.7,2.0,14.846208363515771,8.84,11.93,14.4,795.0,8.53,0.499
12,1.8,-11.0,12.8,0.85,203.4,209.5,0.7,49.0,0.4068,0.1655,4.4,992.7,0.8344,968.0,0.5585,0.5,368.8,0.0635,4.3,13.5,1.0,12.505701551039632,7.4,10.65,17.5,795.0,8.46,0.4
12,1.9,-8.5,10.4,0.95,297.4,313.6,0.1,19.0,0.1586,0.0252,1.8,566.0,0.8123,950.0,0.5026,0.5,364.99,0.0224,4.1,9.0,4.0,10.188321359459366,7.05,7.09,16.7,795.0,5.38,0.471
2,2.2,-9.9,12.1,0.92,342.8,337.5,0.2,41.0,0.3385,0.1146,4.5,1392.4,0.7082,867.0,0.4228,0.5,353.52,0.0321,6.0,15.5,1.0,8.190578570297728,10.32,7.31,18.8,795.0,8.0,0.351
4,13.0,4.0,9.0,1.55,528.3,533.3,0.1,38.0,0.5109,0.261,24.9,2016.9,0.8473,978.0,0.4942,0.5,63.54,0.2009,4.33,10.2,1.0,10.484207078198542,7.45,9.14,17.6,795.0,7.25,0.433
2,-0.4,-8.5,8.1,1.2,240.3,238.1,2.7,18.0,0.1475,0.0218,-0.3,425.4,0.5964,777.0,0.4453,0.5,456.28,0.01,5.0,12.0,2.0,13.56544278490384,8.6,10.65,13.4,795.0,7.08,0.385
3,6.4,-3.9,10.4,1.56,383.4,388.5,0.7,29.0,0.2443,0.0597,9.4,1123.7,1.0,1138.0,0.3432,0.5,211.98,0.2089,7.1,13.0,2.0,9.57025507371459,12.22,7.98,16.4,795.0,6.19,0.448
4,8.8,-3.6,12.4,0.99,539.7,534.8,1.6,44.0,0.3634,0.1321,19.2,2353.2,0.6845,848.0,0.4867,0.5,148.49,0.0126,4.2,10.0,3.0,12.31332223205376,7.23,9.18,21.8,795.0,9.08,0.46
12,-0.2,-8.5,8.3,0.48,235.4,228.5,0.9,30.0,0.2527,0.0639,-0.3,713.8,0.6316,805.0,0.364,0.5,448.83,0.3857,7.14,10.0,1.0,21.472458582423766,12.29,17.21,15.3,795.0,6.98,0.426
11,6.3,-2.1,8.4,1.15,341.1,350.3,2.4,29.0,0.2433,0.0592,9.3,995.8,0.6149,792.0,0.3266,0.5,214.87,0.0026,3.5,15.0,2.0,12.732117722088912,6.02,10.04,15.3,795.0,8.66,0.426
3,7.4,-6.4,13.8,0.6,476.5,476.2,2.5,17.0,0.1431,0.0205,6.4,818.6,0.5664,753.0,0.3419,0.5,183.99,0.2487,5.8,9.0,2.0,14.49062916286479,9.98,11.32,23.0,795.0,7.05,0.371
2,4.5,-6.9,11.4,0.68,305.7,328.2,1.8,49.0,0.4083,0.1667,11.0,1497.8,0.1714,437.0,0.6002,0.5,272.5,0.176,3.87,11.0,3.0,15.463618669793302,6.66,11.13,18.3,795.0,8.12,0.328
4,10.1,-3.1,13.2,1.36,495.4,494.0,0.1,31.0,0.2627,0.069,15.6,1525.9,0.6812,845.0,0.326,0.5,118.41,0.0694,3.36,9.0,3.0,7.800192753942604,5.78,5.8,20.9,795.0,7.42,0.384
1,-1.3,-11.4,10.1,1.17,204.0,216.0,3.7,44.0,0.366,0.1339,-2.8,896.1,0.6771,842.0,0.5087,0.5,497.12,0.0051,4.1,9.4,1.0,12.774399393236632,7.05,10.72,14.5,795.0,8.5,0.462
2,2.2,-10.0,12.2,0.99,408.8,421.5,0.2,20.0,0.1632,0.0266,2.2,800.8,0.4427,654.0,0.3377,0.5,352.09,0.012,3.5,9.5,2.0,10.239253118910483,6.02,8.03,19.7,795.0,6.33,0.41
1,-1.0,-14.1,13.1,1.61,287.1,284.5,3.5,53.0,0.4376,0.1915,-2.7,1507.6,0.7329,886.0,0.4847,0.5,485.13,0.2573,4.2,15.0,2.0,16.138131713315467,7.23,12.69,17.1,795.0,8.8,0.372
3,7.0,-4.9,11.9,0.95,449.4,461.4,3.0,28.0,0.2321,0.0539,9.7,1251.5,0.5435,735.0,0.4126,0.5,196.07,0.0238,5.4,7.0,1.0,13.181050373766475,9.29,10.92,20.2,795.0,8.45,0.376
1,-0.7,-14.1,13.4,1.21,374.0,365.1,1.0,57.0,0.479,0.2295,-2.1,2149.9,0.6328,806.0,0.4428,0.5,472.35,0.0129,4.3,12.0,3.0,8.364863216696495,7.4,6.18,19.6,795.0,10.67,0.405
11,2.7,-10.8,13.5,1.2,343.7,347.9,1.6,26.0,0.2157,0.0465,3.5,889.8,0.9127,1030.0,0.4362,0.5,333.65,0.0091,5.9,12.0,2.0,11.021798611241305,10.15,9.0,19.3,795.0,7.24,0.314
4,15.3,5.3,10.0,0.59,444.0,443.6,2.1,30.0,0.5184,0.2687,23.1,1346.8,0.8313,965.0,0.4222,0.5,33.01,0.2563,5.93,10.0,1.0,15.673747202282014,10.2,13.02,19.5,1870.5,8.34,0.454
1,1.2,-10.9,12.2,1.34,268.2,271.3,1.1,37.0,0.3121,0.0974,2.3,1004.5,0.527,722.0,0.499,0.5,390.24,0.0582,5.6,12.0,3.0,10.357673016323465,9.64,7.59,16.7,795.0,7.08,0.52
4,19.0,8.5,10.5,1.08,619.8,633.1,2.5,22.0,0.5164,0.2666,21.0,1371.6,1.0,1123.0,0.4642,0.5,4.0,0.0002,5.43,11.5,3.0,21.983756919380514,9.34,16.69,21.3,2224.1,9.31,0.446
12,1.4,-11.6,13.1,1.13,271.6,271.3,1.4,51.0,0.4264,0.1818,3.7,1389.9,0.8824,1006.0,0.5548,0.5,382.42,0.0011,6.4,9.2,3.0,14.857864302866943,11.01,11.25,18.0,795.0,8.47,0.543
11,-0.1,-11.1,11.0,1.32,345.8,339.1,2.6,37.0,0.3106,0.0965,-0.2,1288.8,0.6911,853.0,0.3194,0.5,444.77,0.0489,3.94,13.0,1.0,14.435691155255533,6.78,11.98,17.0,795.0,7.87,0.395
2,-1.1,-12.0,10.9,1.28,313.7,308.1,3.9,13.0,0.1068,0.0114,-0.7,402.0,0.592,774.0,0.3344,0.5,487.42,0.0312,4.3,17.0,2.0,18.12454402875336,7.4,14.07,16.6,795.0,6.69,0.451
1,2.5,-9.9,12.4,1.45,220.5,205.5,1.2,36.0,0.2984,0.089,4.4,789.3,0.5783,763.0,0.3449,0.5,342.93,0.1206,4.2,13.5,2.0,13.745819400352836,7.23,10.77,15.9,795.0,7.27,0.363
12,-0.1,-11.5,11.4,1.06,259.5,249.7,1.2,50.0,0.4171,0.174,-0.2,1298.7,0.8342,967.0,0.5,0.5,443.53,0.0013,5.12,8.6,1.0,18.179143523093547,8.81,14.9,16.7,795.0,8.51,0.442
11,6.0,-3.8,9.9,1.7,325.7,328.1,1.8,35.0,0.2903,0.0842,10.5,1134.4,0.5233,719.0,0.3753,0.5,223.84,0.3618,6.07,11.0,3.0,15.304296670007902,10.44,11.3,14.8,795.0,7.77,0.507
3,7.8,-4.6,12.5,1.39,372.4,352.7,0.2,51.0,0.4271,0.1824,20.1,1908.3,0.6707,837.0,0.4959,0.5,173.35,0.0847,6.32,6.9,2.0,17.157896777930958,10.87,13.4,18.4,795.0,7.34,0.436
12,1.2,-9.7,11.0,1.48,204.6,197.4,3.5,37.0,0.3051,0.0931,2.3,749.1,0.261,509.0,0.3331,0.5,390.38,0.1408,5.51,12.0,3.0,11.74477943479021,9.48,8.42,14.5,795.0,8.94,0.343
4,13.2,1.6,11.6,1.46,482.0,460.3,1.2,59.0,0.8061,0.6498,38.9,2836.8,0.7477,898.0,0.6897,0.5,60.56,0.1278,5.65,13.0,1.0,17.344661953393565,9.72,14.21,19.2,1210.4,10.16,0.494
2,2.3,-10.4,12.7,1.06,319.6,321.6,2.2,34.0,0.2829,0.0801,3.9,1085.2,0.7809,925.0,0.3981,0.5,350.1,0.0018,6.77,13.0,1.0,13.190286517788566,11.65,11.12,18.6,795.0,8.39,0.353
3,5.0,-6.2,11.2,1.24,425.6,430.1,1.9,50.0,0.4198,0.1763,12.5,2144.2,0.4421,654.0,0.5458,0.5,257.5,0.0207,5.44,13.0,1.0,12.152869899464426,9.36,10.07,18.5,795.0,9.0,0.513
11,5.5,-5.7,11.3,1.1,319.1,326.7,0.9,17.0,0.1384,0.0191,4.6,529.9,0.6896,852.0,0.3081,0.5,239.48,0.0,4.6,9.0,3.0,5.610863950888424,7.91,4.16,17.3,795.0,7.65,0.311
1,0.8,-9.5,10.3,0.34,261.2,254.6,2.1,13.0,0.1102,0.0121,0.5,345.4,0.9134,1031.0,0.4568,0.5,407.61,0.5766,5.56,12.1,3.0,17.026853312046356,9.57,12.9,17.6,795.0,6.68,0.283
2,-1.0,-13.3,12.3,0.74,417.6,427.5,1.5,13.0,0.1123,0.0126,-0.7,562.6,0.4584,667.0,0.2677,0.5,484.85,0.1327,4.5,12.0,3.0,13.793356243181284,7.74,10.11,20.6,795.0,6.0,0.371
11,10.0,0.8,9.2,1.05,298.4,304.1,0.5,12.0,0.0997,0.0099,6.0,356.4,0.5661,753.0,0.1603,0.5,120.85,0.0029,3.74,14.5,3.0,11.962632264430136,6.44,8.82,15.5,795.0,6.28,0.384
11,8.3,-3.1,11.4,1.04,362.2,363.5,0.5,43.0,0.3563,0.1269,17.8,1548.4,0.8605,988.0,0.3959,0.5,161.05,0.0036,4.1,11.5,2.0,16.563011146895995,7.05,13.11,18.3,795.0,7.89,0.488
2,3.3,-5.1,8.4,0.82,353.3,351.2,0.2,37.0,0.3115,0.097,6.2,1320.4,0.7958,937.0,0.4494,0.5,313.04,0.078,4.7,9.0,1.0,15.12907721151203,8.09,12.58,16.3,795.0,7.47,0.472
3,7.2,-2.7,9.9,1.05,399.9,406.7,0.2,20.0,0.1636,0.0268,7.1,784.9,0.7744,919.0,0.2381,0.5,189.61,0.003,5.2,5.4,4.0,15.684451989055875,8.95,11.18,17.6,795.0,5.23,0.4
2,6.2,-5.6,11.8,0.98,461.9,464.1,1.8,36.0,0.3017,0.091,11.2,1672.0,0.6099,788.0,0.4518,0.5,220.08,0.0149,4.98,13.0,3.0,14.78987701609393,8.57,10.98,20.2,795.0,8.56,0.297
4,12.7,3.4,9.3,1.67,490.6,490.4,1.4,17.0,0.2185,0.0478,10.8,839.0,1.0,1116.0,0.4899,0.5,69.44,0.3297,4.23,11.2,4.0,12.605168106692425,7.28,9.05,16.9,950.0,6.71,0.417
4,11.3,2.3,8.9,1.84,522.6,518.6,1.7,14.0,0.1475,0.0217,8.0,739.0,0.4798,684.0,0.216,0.5,94.94,0.5439,4.8,12.0,2.0,13.373840519419748,8.26,10.41,16.7,795.0,6.33,0.318
12,1.0,-9.7,10.8,0.81,300.4,288.3,0.8,39.0,0.3274,0.1072,2.0,1180.2,0.5568,745.0,0.5156,0.5,399.12,0.0833,4.1,8.5,1.0,17.196809876224336,7.05,13.94,17.4,795.0,7.94,0.388
12,4.2,-5.0,9.2,1.05,283.9,269.3,3.2,41.0,0.3417,0.1167,8.7,1163.9,0.5345,728.0,0.5419,0.5,281.52,0.0028,3.5,13.0,1.0,15.265216533898641,6.02,12.48,15.3,795.0,7.62,0.362
12,4.2,-9.5,13.7,1.66,290.6,294.8,3.8,64.0,0.5367,0.288,13.6,1871.7,0.5379,730.0,0.5369,0.5,281.22,0.311,4.39,12.7,3.0,11.016603705863405,7.55,8.09,17.5,795.0,7.67,0.371
12,0.3,-11.7,12.0,1.48,299.5,296.9,0.8,27.0,0.221,0.0488,0.4,794.0,0.6394,812.0,0.3723,0.5,428.06,0.1468,5.3,12.0,3.0,14.838856708295243,9.12,11.04,16.7,795.0,7.04,0.444
3,8.1,-5.8,13.9,1.49,377.8,363.0,3.9,34.0,0.2871,0.0824,13.9,1301.4,0.8005,940.0,0.3487,0.5,167.62,0.1557,4.8,14.5,2.0,17.600289890539123,8.26,13.84,19.3,795.0,8.6,0.446
1,-2.4,-15.3,12.9,0.92,240.0,257.4,0.6,64.0,0.5341,0.2853,-7.6,1538.3,0.5021,702.0,0.4229,0.5,546.6,0.0315,5.6,10.0,1.0,13.546068918874209,9.64,11.16,17.9,795.0,8.36,0.351
4,17.8,4.8,13.1,0.86,456.8,439.7,3.6,54.0,1.0,1.0,47.9,2451.5,0.865,992.0,0.6458,0.5,9.94,0.0584,11.06,17.8,2.0,15.998440988478805,19.03,12.69,21.5,3543.2,12.56,0.661
3,9.9,-2.2,12.1,0.41,361.4,371.9,2.8,33.0,0.2745,0.0753,16.4,1190.4,0.5956,776.0,0.3995,0.5,122.14,0.4742,6.3,13.0,3.0,16.130248862444436,10.84,11.97,20.4,795.0,8.07,0.383
12,0.2,-10.9,11.1,1.42,349.5,349.6,1.6,43.0,0.3572,0.1276,0.4,1498.0,0.4469,658.0,0.4087,0.5,432.64,0.1014,6.05,16.0,1.0,14.610407256347315,10.41,11.92,16.9,795.0,9.13,0.453
4,9.5,-4.2,13.7,1.07,516.9,525.4,1.1,53.0,0.4435,0.1967,25.3,2751.2,0.6987,859.0,0.4437,0.5,131.94,0.0009,6.08,14.8,3.0,22.74049975887338,10.46,17.01,22.3,951.5,9.46,0.401
2,7.6,-1.2,8.8,1.03,342.2,352.6,2.9,30.0,0.2517,0.0633,11.4,1033.6,0.7616,909.0,0.3321,0.5,180.31,0.0051,4.1,11.2,2.0,16.39255227926942,7.05,12.9,15.9,795.0,8.38,0.418
12,6.4,-6.0,12.4,1.19,287.3,291.6,1.9,50.0,0.417,0.1739,16.1,1437.5,0.666,833.0,0.528,0.5,211.8,0.0082,5.9,7.5,3.0,14.939355813830243,10.15,11.14,17.6,795.0,7.15,0.398
1,-3.6,-16.1,12.5,1.41,282.8,285.0,2.7,43.0,0.3589,0.1288,-7.8,1217.9,0.837,970.0,0.4496,0.5,605.43,0.0943,5.97,9.5,1.0,9.143634626147607,10.27,8.13,17.0,795.0,8.24,0.453
1,-2.0,-14.9,13.0,1.33,244.7,247.5,3.8,32.0,0.2703,0.073,-3.2,793.7,0.7902,932.0,0.3477,0.5,527.34,0.0523,4.4,12.5,2.0,20.901831196252058,7.57,16.31,17.0,795.0,8.84,0.371
1,0.8,-12.4,13.3,1.82,256.1,259.4,3.9,13.0,0.1085,0.0118,0.5,333.5,0.8198,956.0,0.3511,0.5,406.58,0.512,5.7,11.5,3.0,13.288622022628338,9.81,10.02,16.2,795.0,7.38,0.351
1,-0.4,-9.4,9.0,0.95,320.5,320.1,3.4,47.0,0.3935,0.1548,-1.0,1513.3,0.7018,861.0,0.3799,0.5,458.42,0.0231,3.6,10.0,4.0,21.227271792346436,6.19,15.28,15.9,795.0,8.44,0.372
1,-3.6,-16.7,13.1,1.82,214.1,207.0,1.9,13.0,0.111,0.0123,-2.4,285.3,0.5879,770.0,0.1909,0.5,604.49,0.5143,4.1,10.0,4.0,11.333309400095073,7.05,7.77,15.5,795.0,5.93,0.355
11,14.3,1.0,13.3,0.93,374.7,382.4,1.0,53.0,0.8289,0.6871,38.2,1997.3,0.7,860.0,0.6525,0.5,44.48,0.0298,3.7,12.0,2.0,15.473237447154766,6.37,12.16,20.3,3755.3,10.94,0.438
1,0.6,-10.9,11.5,1.26,195.5,204.5,0.6,40.0,0.3353,0.1124,1.2,786.5,0.7483,899.0,0.4359,0.5,415.77,0.0254,4.91,10.5,4.0,18.186302503036824,8.45,13.04,15.3,795.0,5.8,0.385
3,8.0,-1.2,9.2,0.98,391.2,397.3,2.8,31.0,0.2585,0.0668,12.4,1213.3,0.7277,882.0,0.259,0.5,169.12,0.0138,4.05,13.5,3.0,18.374803061214447,6.97,13.76,17.1,795.0,5.87,0.426
3,7.9,-1.9,9.8,1.69,440.3,449.3,2.7,29.0,0.2449,0.06,11.6,1293.9,0.6664,833.0,0.317,0.5,171.4,0.3442,5.8,16.0,2.0,10.788479054690727,9.98,8.62,16.5,795.0,7.17,0.383
1,-3.5,-14.7,11.2,0.74,282.4,287.0,3.5,45.0,0.3781,0.143,-7.9,1281.5,0.5918,773.0,0.4886,0.5,599.99,0.1304,5.9,13.5,2.0,6.896101181372798,10.15,5.65,17.7,795.0,9.63,0.397
11,8.7,-4.3,13.1,0.91,327.2,326.9,1.3,54.0,0.4527,0.2049,23.7,1777.3,0.7048,864.0,0.5925,0.5,151.02,0.0358,5.5,12.6,3.0,20.06489708524008,9.46,15.01,19.4,795.0,8.79,0.464
4,12.2,-1.0,13.2,0.8,453.5,458.9,1.5,33.0,0.4006,0.1604,20.4,1514.7,0.6818,845.0,0.4746,0.5,77.52,0.0923,4.6,17.0,1.0,12.784559615649279,7.91,10.73,21.7,1310.9,7.71,0.393
1,-4.3,-17.5,13.2,0.87,296.7,287.9,3.5,18.0,0.147,0.0216,-3.8,523.2,0.88,1004.0,0.4014,0.5,640.44,0.052,4.41,10.6,2.0,14.49827718052897,7.59,11.58,19.1,795.0,4.88,0.347
3,4.5,-7.3,11.9,1.79,506.3,515.1,0.8,21.0,0.178,0.0317,4.8,1081.5,0.5293,723.0,0.4578,0.5,271.41,0.4706,3.8,11.5,2.0,14.17864379861224,6.54,11.06,18.9,795.0,6.07,0.488
11,6.4,-5.5,11.9,1.19,223.4,239.5,1.7,59.0,0.4919,0.242,18.9,1319.0,0.5026,702.0,0.5075,0.5,213.07,0.0086,5.9,11.9,1.0,15.597573265371658,10.15,12.7,16.2,795.0,10.01,0.389
3,5.6,-3.7,9.2,1.19,495.4,471.1,3.7,39.0,0.3242,0.1051,10.8,1927.4,0.8855,1008.0,0.2572,0.5,237.91,0.0075,5.2,11.0,1.0,18.61410376792756,8.95,15.27,18.2,795.0,8.23,0.429
4,14.3,4.7,9.6,0.76,513.8,524.9,1.9,28.0,0.4256,0.1811,19.7,1418.0,0.624,799.0,0.3219,0.5,45.54,0.1161,3.6,12.8,3.0,14.374912214514337,6.19,10.68,19.8,888.4,8.65,0.494
1,-2.8,-15.6,12.8,0.91,255.6,263.9,2.7,42.0,0.3472,0.1205,-5.8,1064.7,0.8383,971.0,0.4264,0.5,566.68,0.0355,4.24,10.0,3.0,12.656462618722745,7.3,9.56,18.1,795.0,7.05,0.364
11,5.9,-7.5,13.4,1.31,333.0,312.2,1.4,33.0,0.2714,0.0737,9.6,1084.7,0.4495,660.0,0.3106,0.5,227.6,0.0432,4.08,10.2,3.0,18.22233427088949,7.02,13.43,18.7,795.0,7.68,0.35
1,-0.1,-9.9,9.8,1.42,178.1,172.2,3.8,24.0,0.2013,0.0405,-0.1,430.2,0.8809,1005.0,0.2642,0.5,444.2,0.101,4.2,13.5,2.0,11.382375160728069,7.23,9.24,13.3,795.0,8.96,0.346
12,1.0,-12.5,13.6,1.35,264.2,257.6,1.0,52.0,0.4337,0.1881,2.7,1375.1,0.8466,977.0,0.4306,0.5,399.0,0.0645,5.47,11.8,2.0,12.228696910025025,9.41,9.85,17.7,795.0,9.3,0.316
11,13.4,0.8,12.6,1.42,219.0,199.8,3.4,17.0,0.232,0.0538,11.1,362.8,0.7369,889.0,0.5129,0.5,57.72,0.1041,5.6,13.5,2.0,16.5556336252474,9.64,13.01,16.1,819.7,9.01,0.352
4,14.0,3.7,10.3,0.61,524.8,536.3,2.0,18.0,0.2678,0.0717,12.5,938.3,0.818,954.0,0.5043,0.5,49.17,0.2446,4.02,16.5,1.0,19.302974103744965,6.92,15.73,20.9,1268.4,6.73,0.375
4,14.1,1.6,12.6,0.95,573.1,580.5,1.6,17.0,0.2569,0.066,11.9,965.8,0.8445,976.0,0.4423,0.5,46.96,0.023,4.3,12.9,4.0,19.779716435335008,7.4,14.31,22.6,1576.8,8.65,0.493
2,2.1,-7.5,9.6,0.93,388.5,374.5,3.9,20.0,0.1708,0.0292,2.2,796.1,0.6319,806.0,0.2211,0.5,356.43,0.0284,4.0,11.5,4.0,14.188007365541628,6.88,9.95,17.5,795.0,8.27,0.516
3,5.5,-6.5,12.0,0.78,432.6,425.2,3.8,41.0,0.3381,0.1143,11.2,1754.8,0.6466,817.0,0.4674,0.5,240.06,0.1027,4.53,8.0,1.0,12.677590640507754,7.79,10.63,20.4,795.0,7.05,0.482
2,4.1,-7.1,11.1,1.41,321.2,312.5,0.2,56.0,0.4673,0.2184,11.4,1801.4,0.617,794.0,0.4839,0.5,286.88,0.0939,5.9,15.0,1.0,17.550745739501327,10.15,14.26,16.5,795.0,6.74,0.443
4,11.5,1.8,9.7,0.9,459.1,464.2,3.2,50.0,0.5442,0.2961,28.9,2301.9,0.7849,928.0,0.5599,0.5,90.02,0.0411,5.8,13.5,3.0,12.377027537289372,9.98,9.31,18.7,795.0,11.64,0.413
12,4.2,-9.3,13.6,0.66,360.3,365.7,0.9,47.0,0.3895,0.1517,9.9,1683.9,0.8238,959.0,0.5923,0.5,281.72,0.1937,5.53,16.3,1.0,15.085331813342009,9.52,12.57,20.9,795.0,8.82,0.466
1,2.0,-6.3,8.3,0.74,233.9,222.3,3.9,24.0,0.1965,0.0386,2.4,551.6,0.6133,791.0,0.5272,0.5,360.67,0.1314,4.54,16.9,2.0,15.274925992422672,7.81,11.95,14.6,795.0,9.12,0.388
1,-0.4,-13.1,12.8,1.35,215.7,201.6,1.0,28.0,0.2327,0.0542,-0.5,602.2,0.6741,839.0,0.3185,0.5,457.12,0.0626,4.9,10.3,3.0,9.878355003682106,8.43,7.35,16.4,795.0,6.28,0.365
11,10.9,-0.2,11.0,1.52,282.2,288.4,0.7,19.0,0.1889,0.0357,10.5,545.1,0.8128,950.0,0.3333,0.5,102.65,0.1782,5.4,11.9,2.0,13.119655077958368,9.29,10.49,15.6,795.0,6.44,0.29
1,-1.4,-9.9,8.5,0.3,243.2,262.2,1.1,32.0,0.265,0.0703,-2.2,773.5,0.5055,704.0,0.3151,0.5,500.3,0.64,4.3,13.0,1.0,19.899438494380842,7.4,15.93,16.0,795.0,7.57,0.297
12,-1.2,-13.5,12.3,1.02,227.9,235.2,0.3,13.0,0.1062,0.0113,-0.8,290.6,0.5435,735.0,0.311,0.5,493.72,0.0062,3.6,8.2,2.0,13.496272490238802,6.19,10.56,17.0,795.0,6.21,0.305
4,14.1,5.6,8.5,1.2,524.5,525.6,0.2,63.0,0.9626,0.9266,44.7,3326.3,0.6445,816.0,0.8409,0.5,47.52,0.0102,4.82,17.5,3.0,16.002647629552005,8.29,11.92,18.0,1428.7,9.2,0.551
2,-1.5,-12.8,11.3,0.57,360.7,358.1,1.2,23.0,0.1952,0.0381,-1.8,844.8,0.2544,504.0,0.3894,0.5,506.27,0.2821,5.77,7.7,1.0,14.920170016770875,9.93,11.99,19.3,795.0,9.4,0.314
2,3.6,-7.1,10.6,1.03,392.6,391.6,1.8,44.0,0.3682,0.1355,7.9,1734.3,0.4515,661.0,0.2798,0.5,303.29,0.0043,5.4,8.2,1.0,10.119786998042818,9.29,8.55,18.1,795.0,8.03,0.405
2,2.5,-9.7,12.2,1.8,441.8,440.6,0.3,33.0,0.2715,0.0737,4.1,1439.5,0.6106,788.0,0.4604,0.5,342.0,0.4962,5.4,14.3,2.0,10.558833932946683,9.29,8.41,18.2,795.0,6.68,0.426
1,-1.7,-11.6,9.9,0.54,320.6,317.3,0.7,52.0,0.431,0.1858,-4.3,1658.3,0.5912,773.0,0.4492,0.5,514.18,0.3094,5.2,10.0,2.0,10.284981934955647,8.95,8.19,17.7,795.0,7.1,0.347
12,2.7,-8.4,11.1,0.82,322.9,337.5,1.8,63.0,0.5242,0.2748,8.5,2031.1,0.4852,688.0,0.4979,0.5,335.13,0.0777,4.53,6.0,1.0,7.223643022162793,7.79,6.41,17.9,795.0,10.64,0.567
12,-3.4,-16.3,12.9,0.94,269.9,277.2,1.0,58.0,0.4793,0.2297,-9.8,1552.0,0.9057,1025.0,0.5054,0.5,595.27,0.0247,4.47,12.5,2.0,16.484076843711705,7.69,13.09,18.3,795.0,8.66,0.439
1,-2.0,-14.0,12.0,1.35,189.5,183.6,2.0,51.0,0.4278,0.183,-5.1,973.1,0.6917,853.0,0.558,0.5,528.2,0.0632,4.26,9.5,1.0,14.463032410001693,7.33,12.0,15.4,795.0,7.73,0.427
4,15.7,6.2,9.5,0.82,453.2,439.3,0.2,49.0,0.8722,0.7608,38.4,2211.7,0.7214,877.0,0.7347,0.5,27.85,0.0802,3.2,11.0,3.0,17.74266356405731,5.51,13.28,18.7,1880.3,10.72,0.52
4,16.3,3.6,12.7,1.68,499.4,493.7,2.9,34.0,0.645,0.416,27.9,1706.8,0.5874,770.0,0.5758,0.5,21.88,0.3421,4.91,11.2,2.0,16.383560489965046,8.45,12.76,19.7,2996.1,10.13,0.545
3,8.9,-3.0,11.9,0.67,250.3,255.5,0.2,43.0,0.361,0.1303,19.2,1084.2,0.625,800.0,0.5198,0.5,146.76,0.1816,4.0,10.0,3.0,11.728406564871877,6.88,8.7,17.9,795.0,8.2,0.471
1,0.5,-13.3,13.8,0.64,309.9,309.7,3.8,39.0,0.3273,0.1071,0.9,1217.3,0.53,724.0,0.4422,0.5,421.19,0.2072,4.3,10.0,2.0,14.81726347792895,7.4,11.54,20.4,795.0,9.92,0.503
11,7.1,-6.9,14.0,0.84,191.9,175.5,0.7,54.0,0.4496,0.2021,19.0,1035.4,0.5951,776.0,0.4569,0.5,194.32,0.0656,4.3,10.0,4.0,12.272212646041535,7.4,8.48,18.2,795.0,7.65,0.445
11,7.6,-1.8,9.4,0.52,234.3,226.3,0.8,21.0,0.1724,0.0297,7.9,484.5,0.4616,669.0,0.3258,0.5,179.57,0.3384,6.0,8.5,4.0,16.95469472421263,10.32,11.89,16.0,795.0,6.48,0.375
12,-0.2,-8.4,8.2,0.88,240.5,237.6,2.9,12.0,0.0968,0.0094,-0.1,279.2,0.7485,899.0,0.307,0.5,447.47,0.0497,4.99,10.0,2.0,18.44918729489097,8.59,14.44,14.3,795.0,9.33,0.404
4,15.1,3.0,12.2,0.43,546.0,560.9,2.9,53.0,0.8966,0.8039,40.2,2898.2,0.854,983.0,0.7438,0.5,34.39,0.4539,6.4,10.0,3.0,13.609801615124422,11.01,10.29,23.1,3040.1,10.75,0.542
2,-3.3,-12.3,9.0,0.3,347.3,333.8,0.1,54.0,0.4469,0.1997,-8.8,1862.5,0.8347,968.0,0.4998,0.5,590.2,0.64,6.0,17.4,4.0,15.173486773775457,10.32,10.85,18.0,795.0,7.23,0.515
3,12.1,3.8,8.2,1.24,409.8,400.4,1.0,63.0,0.7392,0.5464,37.9,2574.5,0.868,994.0,0.6543,0.5,79.94,0.0195,3.6,9.0,3.0,17.155803224439627,6.19,12.96,15.9,2353.1,9.83,0.45
2,3.2,-9.1,12.3,0.72,330.0,330.5,3.2,13.0,0.1102,0.0122,2.1,436.6,0.838,970.0,0.3631,0.5,315.24,0.1465,4.2,10.5,1.0,13.45878622714624,7.23,11.36,19.3,795.0,6.33,0.473
11,8.9,-1.5,10.3,1.46,291.4,277.6,0.5,53.0,0.4385,0.1923,23.3,1533.0,0.4858,689.0,0.5581,0.5,147.44,0.132,5.9,12.8,3.0,18.571554422268065,10.15,13.72,15.3,795.0,8.42,0.387
12,1.2,-9.6,10.8,1.2,329.2,326.1,0.4,63.0,0.5271,0.2779,3.8,2082.1,0.4761,681.0,0.4772,0.5,392.36,0.0107,8.0,8.4,4.0,11.081416939206456,13.77,7.49,16.9,795.0,9.76,0.442
4,12.9,2.1,10.7,1.19,558.1,561.7,1.7,32.0,0.4188,0.1754,20.6,1785.2,0.854,983.0,0.4742,0.5,66.31,0.0074,5.6,13.0,2.0,17.551387756197897,9.64,13.85,20.3,795.0,7.72,0.438
1,-1.3,-11.4,10.2,0.85,162.5,164.4,2.6,17.0,0.1435,0.0206,-1.1,279.9,0.6692,835.0,0.2276,0.5,495.47,0.0602,3.3,12.0,3.0,11.172092701183491,5.68,8.31,14.7,795.0,6.38,0.312
12,3.2,-6.4,9.6,0.81,209.0,208.1,1.0,53.0,0.4397,0.1934,8.5,1102.9,0.6403,812.0,0.4706,0.5,316.44,0.0851,5.4,16.0,4.0,19.15688645041821,9.29,13.68,15.1,795.0,7.66,0.419
12,0.7,-9.2,9.9,1.31,333.8,320.3,3.2,45.0,0.3782,0.1431,1.6,1514.9,0.5265,721.0,0.5212,0.5,411.63,0.0445,3.1,13.2,2.0,13.51409038666359,5.33,10.56,15.9,795.0,8.16,0.442
3,7.1,-5.1,12.2,1.32,479.0,466.9,0.4,33.0,0.271,0.0734,11.5,1557.8,0.5383,731.0,0.3972,0.5,193.53,0.0495,5.2,10.0,2.0,18.42770231764427,8.95,14.25,19.9,795.0,7.74,0.385
11,7.9,-4.7,12.6,2.16,245.6,247.5,3.3,59.0,0.4912,0.2413,23.3,1447.5,0.6881,850.0,0.5429,0.5,171.84,1.114,10.68,12.5,3.0,17.14089007744885,18.38,12.81,14.7,795.0,8.23,0.462
4,12.9,1.5,11.4,0.38,487.6,497.0,3.4,36.0,0.4731,0.2238,23.2,1762.6,0.4746,680.0,0.6226,0.5,66.38,0.5182,5.0,7.5,3.0,17.907356017368876,8.6,13.21,21.8,795.0,8.79,0.376
3,7.7,-3.8,11.5,0.91,430.2,433.3,1.9,59.0,0.4938,0.2438,22.8,2549.1,0.4682,675.0,0.4836,0.5,176.92,0.0365,3.3,16.3,2.0,18.778365080035503,5.68,14.46,19.7,795.0,9.05,0.278
1,2.2,-9.4,11.6,0.74,246.4,235.9,2.2,55.0,0.4558,0.2078,6.0,1347.9,0.5469,737.0,0.6092,0.5,353.74,0.1301,5.6,9.5,1.0,10.653384795114484,9.64,9.03,17.4,795.0,9.49,0.514
2,6.4,-7.1,13.4,1.66,393.7,384.9,0.9,50.0,0.4174,0.1742,15.9,1971.6,0.6933,855.0,0.5613,0.5,214.14,0.3145,4.68,14.9,1.0,16.296488244556038,8.05,13.38,18.8,795.0,8.03,0.32
2,0.9,-8.2,9.0,0.77,384.9,402.3,1.3,34.0,0.2869,0.0823,1.5,1324.9,0.8293,963.0,0.3747,0.5,404.67,0.1066,3.9,10.0,3.0,16.79408312803178,6.71,12.66,17.4,795.0,7.85,0.449
12,5.5,-3.4,8.9,1.7,163.7,165.4,1.6,41.0,0.3444,0.1186,11.4,676.8,1.0,1104.0,0.3697,0.5,240.12,0.3596,5.1,10.0,1.0,16.329875926502364,8.78,13.65,11.6,795.0,6.89,0.456
1,-0.4,-9.5,9.1,1.22,261.8,247.5,3.5,51.0,0.4263,0.1817,-1.0,1339.3,0.5723,758.0,0.4313,0.5,457.06,0.0156,3.5,8.0,4.0,10.18473928710181,6.02,6.9,14.4,795.0,9.19,0.435
12,-1.6,-15.1,13.5,1.46,222.2,223.7,3.2,20.0,0.1662,0.0276,-1.6,443.1,0.493,694.0,0.3903,0.5,510.33,0.1311,6.21,14.4,1.0,10.999054344758296,10.69,9.24,16.8,795.0,7.1,0.406
3,4.4,-7.2,11.6,1.15,461.3,440.8,3.7,41.0,0.338,0.1143,8.9,1871.1,0.6566,825.0,0.3743,0.5,275.76,0.0024,3.4,8.5,1.0,14.172982553073831,5.85,11.76,19.6,795.0,8.87,0.362
2,3.5,-5.4,8.8,1.51,343.3,360.4,0.7,51.0,0.422,0.1781,8.8,1738.5,0.7101,868.0,0.4969,0.5,307.68,0.1663,5.5,14.0,4.0,12.373779634407505,9.46,8.65,14.8,795.0,7.8,0.39
12,1.5,-9.5,11.0,2.15,226.3,220.4,3.8,33.0,0.2733,0.0747,2.5,742.1,0.6896,852.0,0.3766,0.5,378.93,1.094,5.4,18.3,2.0,7.375291185076583,9.29,6.08,13.2,795.0,9.03,0.35
2,5.1,-6.4,11.5,0.36,319.1,311.6,0.3,13.0,0.1087,0.0118,3.3,416.1,0.539,731.0,0.2591,0.5,253.04,0.5546,5.6,9.5,3.0,10.27502566635868,9.64,7.54,19.4,795.0,7.59,0.281
3,7.6,-1.8,9.4,1.16,400.6,403.0,0.0,45.0,0.3784,0.1432,17.3,1819.2,0.6134,791.0,0.3119,0.5,178.53,0.0038,5.2,17.0,2.0,9.252636327880204,8.95,7.43,17.0,795.0,6.25,0.472
4,12.8,1.0,11.8,0.68,498.9,494.8,2.9,30.0,0.392,0.1537,19.3,1505.5,0.9335,1047.0,0.4599,0.5,67.31,0.1786,5.28,15.0,1.0,17.370318258048545,9.09,14.37,21.5,795.0,8.06,0.512
3,7.2,-2.0,9.2,1.42,470.8,469.3,1.9,32.0,0.266,0.0708,11.6,1503.0,0.7087,867.0,0.4085,0.5,189.4,0.1023,4.81,16.0,1.0,11.937936522371093,8.28,10.12,17.2,795.0,7.56,0.416
11,10.5,1.8,8.7,0.8,335.2,341.3,1.7,49.0,0.449,0.2016,25.6,1629.0,0.7221,878.0,0.4906,0.5,109.36,0.0896,5.88,12.0,4.0,7.881256692501509,10.12,5.29,16.3,795.0,9.72,0.484
1,1.4,-8.1,9.5,1.62,291.1,266.5,1.7,20.0,0.1647,0.0271,1.4,575.4,0.5531,742.0,0.3808,0.5,385.33,0.2743,3.6,11.5,1.0,17.53438106717918,6.19,14.19,14.2,795.0,8.47,0.472
1,1.3,-8.2,9.5,1.13,372.6,376.1,2.2,56.0,0.4656,0.2168,3.7,2081.8,0.6432,815.0,0.3837,0.5,387.3,0.0008,5.93,9.0,2.0,5.98758626240638,10.2,5.01,16.7,795.0,8.72,0.395
11,9.9,-1.1,11.0,1.09,368.1,370.6,2.1,51.0,0.428,0.1832,25.5,1890.6,0.7906,932.0,0.4351,0.5,122.93,0.0,5.2,8.6,1.0,18.8319098001016,8.95,15.36,17.9,795.0,8.96,0.471
4,14.1,4.9,9.2,0.3,549.8,546.5,0.6,21.0,0.3207,0.1028,14.9,1167.1,0.7449,896.0,0.3884,0.5,48.09,0.64,5.12,16.4,2.0,12.838655617092062,8.81,10.22,21.2,953.0,8.19,0.403
12,2.6,-6.3,8.9,1.48,313.7,328.1,1.3,53.0,0.4438,0.197,6.9,1670.8,0.3116,549.0,0.5416,0.5,338.96,0.1478,5.4,17.1,3.0,13.007542092873956,9.29,9.4,14.4,795.0,8.35,0.343
4,11.3,-0.5,11.8,0.55,440.1,458.3,2.5,44.0,0.461,0.2126,24.8,1930.2,0.5068,705.0,0.52,0.5,93.97,0.2981,4.6,8.0,4.0,9.858326439828225,7.91,6.6,21.0,795.0,9.42,0.446
3,8.1,-5.2,13.3,1.98,518.2,511.7,1.3,15.0,0.1254,0.0157,6.1,780.0,0.5371,730.0,0.2825,0.5,165.97,0.7683,7.5,13.9,3.0,11.596862911651867,12.9,8.53,19.8,795.0,6.74,0.33
3,8.7,-5.1,13.7,1.04,526.3,536.1,2.5,37.0,0.3059,0.0936,15.9,1931.8,0.7563,905.0,0.2947,0.5,151.65,0.0041,3.8,11.5,2.0,10.74754413484629,6.54,8.67,22.6,795.0,8.42,0.444
12,4.8,-6.8,11.6,1.37,391.1,401.1,0.4,38.0,0.3162,0.1,9.2,1484.1,0.624,799.0,0.2603,0.5,261.36,0.0732,5.62,15.5,2.0,10.651617612871267,9.67,8.49,18.0,795.0,9.02,0.299
12,0.3,-8.8,9.1,1.2,222.3,224.6,3.5,65.0,0.5387,0.2901,0.9,1437.1,0.49,692.0,0.4622,0.5,428.77,0.0104,4.5,10.0,3.0,17.878216181631227,7.74,13.2,13.9,795.0,9.38,0.484
11,8.5,-1.0,9.5,1.31,340.4,327.3,3.9,39.0,0.3252,0.1058,16.5,1328.4,0.5599,748.0,0.3997,0.5,156.79,0.0439,4.28,10.5,2.0,14.681993180373986,7.36,11.46,15.7,795.0,8.23,0.408
3,4.6,-4.9,9.5,1.28,485.0,481.2,3.0,48.0,0.3959,0.1567,10.8,2304.1,0.8919,1013.0,0.5914,0.5,270.28,0.0332,4.7,13.0,3.0,17.484272967853048,8.09,13.23,18.0,795.0,9.73,0.476
4,13.7,1.2,12.5,1.03,448.6,463.4,0.7,13.0,0.1912,0.0365,9.0,591.9,0.5208,717.0,0.4112,0.5,53.36,0.0047,4.8,14.0,2.0,14.167736245837038,8.26,11.04,20.4,1054.0,6.94,0.272
12,-0.4,-13.7,13.3,1.29,223.4,203.6,3.1,17.0,0.1384,0.0191,-0.4,371.0,0.5543,743.0,0.4677,0.5,459.09,0.0357,4.3,13.2,3.0,6.6779724071203574,7.4,4.85,17.1,795.0,7.18,0.429
2,2.0,-8.1,10.0,0.98,228.7,217.2,0.5,22.0,0.1815,0.033,2.1,498.2,0.7381,890.0,0.3373,0.5,362.47,0.0145,5.6,10.8,2.0,11.399159793089837,9.64,9.14,15.3,795.0,6.49,0.516
12,1.4,-10.4,11.7,1.31,228.3,230.6,3.6,22.0,0.1869,0.0349,1.5,511.9,0.473,678.0,0.3378,0.5,385.27,0.046,3.8,15.4,4.0,18.940169089320225,6.54,13.38,15.8,795.0,7.32,0.391
12,-0.1,-13.5,13.3,1.21,324.7,317.8,2.9,49.0,0.4064,0.1652,-0.3,1583.6,0.6589,827.0,0.4336,0.5,446.03,0.0131,6.67,11.0,3.0,11.537693970622945,11.48,8.58,18.8,795.0,8.7,0.387
3,5.9,-6.7,12.6,1.61,511.2,508.5,1.0,18.0,0.1515,0.0229,5.4,929.1,0.7342,887.0,0.3098,0.5,227.25,0.2611,5.57,12.0,4.0,15.865992600675131,9.58,11.29,20.0,795.0,5.94,0.406
12,-1.4,-10.0,8.6,0.47,217.4,210.4,1.6,12.0,0.1037,0.0108,-0.9,270.6,0.7934,935.0,0.3792,0.5,502.64,0.4022,5.5,14.5,3.0,14.838162772868552,9.46,11.16,15.3,795.0,8.38,0.438
4,15.5,7.1,8.4,1.44,507.8,512.0,2.2,24.0,0.416,0.1731,18.4,1201.7,0.6095,788.0,0.4942,0.5,29.73,0.1184,4.87,12.8,2.0,11.632315640903613,8.38,9.21,17.1,2643.1,8.19,0.41
3,6.6,-7.3,13.9,0.47,523.8,522.7,2.2,36.0,0.2968,0.0881,11.7,1865.6,0.6684,835.0,0.429,0.5,207.66,0.3954,5.0,11.5,3.0,12.672500693286903,8.6,9.44,24.1,795.0,6.37,0.337
3,7.2,-2.6,9.8,1.04,439.2,432.3,2.8,56.0,0.4651,0.2163,20.1,2450.9,0.7749,920.0,0.4207,0.5,190.08,0.0037,6.24,6.3,2.0,11.12403841137689,10.74,8.96,18.1,795.0,7.42,0.342
2,0.2,-9.8,10.0,1.48,400.6,408.7,0.6,38.0,0.3144,0.0988,0.4,1511.2,0.6529,822.0,0.4357,0.5,432.38,0.1469,5.38,13.1,4.0,15.74943661840852,9.26,11.13,16.6,795.0,7.52,0.424
2,1.3,-10.0,11.3,1.26,414.9,396.8,2.0,32.0,0.2642,0.0698,2.1,1315.3,0.5269,722.0,0.3174,0.5,386.92,0.0242,3.54,14.0,2.0,14.708175998745878,6.09,11.45,18.5,795.0,7.33,0.479
11,9.5,-2.8,12.3,0.63,255.1,267.5,0.3,62.0,0.5203,0.2708,29.8,1593.2,0.8531,982.0,0.5015,0.5,131.14,0.2194,4.08,15.0,2.0,13.811555299629488,7.02,11.04,18.4,795.0,9.38,0.472
4,14.2,3.0,11.2,0.88,534.5,525.3,0.1,26.0,0.3989,0.1591,18.5,1392.8,0.7623,910.0,0.4272,0.5,46.46,0.0505,3.58,10.0,4.0,18.690451793784906,6.16,13.43,21.1,1491.6,7.03,0.527
4,14.3,0.8,13.5,1.3,499.8,498.2,0.6,26.0,0.3997,0.1598,18.4,1289.8,0.2796,524.0,0.5615,0.5,44.97,0.0394,6.02,16.1,4.0,19.684286049120477,10.36,13.79,21.3,1494.7,7.89,0.403
2,2.1,-7.2,9.3,0.68,287.2,279.7,2.9,56.0,0.4638,0.2151,6.0,1598.5,0.6863,849.0,0.4797,0.5,355.77,0.1738,5.0,9.0,4.0,18.154985002802498,8.6,12.97,16.4,795.0,8.56,0.388
11,9.6,0.7,8.9,1.36,248.6,252.5,2.1,60.0,0.4979,0.2479,28.6,1485.2,0.8865,1009.0,0.3543,0.5,130.62,0.0688,6.5,14.0,1.0,18.816158429746537,11.18,15.42,13.7,795.0,9.38,0.439
2,0.1,-12.2,12.3,1.4,351.3,343.9,2.3,10.0,0.0863,0.0074,0.0,363.7,0.8821,1006.0,0.2243,0.5,437.59,0.0885,5.0,11.0,1.0,19.001336290638125,8.6,15.56,17.9,795.0,6.85,0.389
1,2.7,-6.5,9.2,0.68,291.2,298.3,2.8,28.0,0.2372,0.0563,3.9,828.9,0.8353,968.0,0.4801,0.5,334.3,0.1784,5.45,8.5,1.0,11.78787805909727,9.38,10.11,16.3,795.0,7.64,0.422
1,1.4,-11.2,12.6,1.31,281.7,270.7,0.1,58.0,0.4832,0.2335,4.0,1633.2,0.5953,776.0,0.5267,0.5,384.93,0.0439,6.1,11.5,4.0,12.827657516499954,10.5,8.9,17.3,795.0,8.48,0.417
3,4.1,-7.9,12.0,1.45,435.2,429.7,0.9,14.0,0.1136,0.0129,2.8,593.3,0.4377,650.0,0.2521,0.5,285.69,0.12,5.3,14.7,1.0,17.348454656141012,9.12,13.96,18.8,795.0,5.5,0.325
2,1.3,-7.1,8.4,1.32,459.0,467.7,0.5,26.0,0.2156,0.0465,1.7,1187.6,0.8811,1005.0,0.4233,0.5,388.16,0.0468,5.37,11.0,1.0,12.98521741022775,9.24,11.04,16.6,795.0,5.97,0.401
3,7.1,-4.8,11.9,1.12,536.7,532.5,1.7,52.0,0.4316,0.1863,18.4,2779.8,0.3776,602.0,0.3686,0.5,193.16,0.0003,4.2,13.5,3.0,16.071722268030705,7.23,11.76,21.1,795.0,9.2,0.431
3,7.1,-2.8,9.9,1.24,417.7,432.0,0.4,39.0,0.3286,0.108,14.0,1647.2,0.7813,925.0,0.4051,0.5,193.55,0.0203,10.77,12.0,3.0,12.705509697464588,18.53,9.55,17.4,795.0,6.72,0.465
1,-0.0,-11.1,11.1,1.08,230.6,224.3,0.6,32.0,0.2689,0.0723,-0.1,744.1,0.5407,733.0,0.4763,0.5,442.66,0.0003,5.0,11.2,4.0,9.927906239551703,8.6,6.68,15.9,795.0,6.58,0.434
2,2.5,-6.8,9.3,1.21,309.5,327.4,1.8,25.0,0.2076,0.0431,3.1,771.0,0.6029,782.0,0.2741,0.5,341.35,0.0113,5.53,8.0,3.0,13.238059673668738,9.52,9.81,15.4,795.0,6.72,0.372
1,-1.9,-15.8,14.0,1.46,238.6,238.7,0.2,63.0,0.5263,0.277,-5.9,1506.9,0.6797,844.0,0.5747,0.5,522.98,0.1304,5.9,13.0,4.0,9.382114965378772,10.15,6.38,17.4,795.0,8.1,0.468
3,4.8,-6.3,11.1,1.38,476.7,469.6,3.2,39.0,0.328,0.1076,9.4,1876.5,0.7965,937.0,0.3369,0.5,263.11,0.0764,3.7,14.0,1.0,13.639439905369416,6.37,11.47,18.9,795.0,7.26,0.381
11,7.4,-5.2,12.7,0.86,312.0,297.9,3.6,42.0,0.349,0.1218,15.6,1307.0,0.3461,577.0,0.5348,0.5,184.18,0.0593,4.5,13.0,3.0,19.5476517179384,7.74,14.34,19.0,795.0,9.45,0.317
12,1.1,-12.1,13.2,1.27,321.4,316.2,4.0,53.0,0.443,0.1962,2.9,1708.1,0.7683,915.0,0.5542,0.5,395.88,0.0301,3.7,9.0,1.0,20.723358867811804,6.37,16.76,18.5,795.0,10.17,0.44
3,8.6,-2.4,11.0,1.04,500.6,506.4,1.0,44.0,0.3668,0.1345,18.9,2203.3,0.6744,839.0,0.4262,0.5,153.73,0.0038,3.2,13.0,1.0,14.717959571043219,5.51,12.18,20.0,795.0,7.67,0.364
2,-0.6,-9.1,8.5,1.21,268.9,282.4,0.7,50.0,0.4192,0.1758,-1.4,1352.6,0.8368,969.0,0.5128,0.5,465.15,0.0117,4.5,12.6,1.0,16.165587286832842,7.74,13.39,14.1,795.0,8.52,0.461
4,14.3,2.2,12.1,1.1,502.0,510.8,0.7,12.0,0.1806,0.0326,8.3,586.5,0.8145,952.0,0.3193,0.5,45.21,0.0,5.81,12.0,2.0,15.264557913607144,10.0,12.1,20.8,1379.0,7.76,0.351
12,4.3,-8.0,12.2,1.35,236.2,251.6,0.4,14.0,0.1153,0.0133,3.0,326.8,0.9213,1037.0,0.3981,0.5,279.6,0.0604,3.67,14.2,3.0,15.484583801163486,6.31,11.75,16.3,795.0,5.81,0.324
3,2.2,-9.1,11.3,1.31,375.0,371.6,2.5,32.0,0.2697,0.0727,3.5,1213.4,0.9464,1057.0,0.3875,0.5,355.22,0.0421,5.2,15.1,2.0,18.547938451943807,8.95,14.67,17.7,795.0,7.21,0.345
3,10.0,1.4,8.6,1.75,342.9,348.5,1.6,40.0,0.3355,0.1126,20.1,1372.5,0.6988,859.0,0.4033,0.5,120.36,0.4271,5.9,12.3,3.0,17.024078971610084,10.15,12.73,14.0,795.0,7.84,0.393
2,-1.4,-12.9,11.5,0.92,357.2,354.8,2.6,50.0,0.4151,0.1723,-3.5,1779.1,0.6248,800.0,0.572,0.5,502.33,0.0326,3.7,8.6,1.0,5.411400217515508,6.37,5.16,18.5,795.0,10.28,0.414
2,1.1,-11.0,12.1,1.1,268.3,264.5,1.7,33.0,0.2789,0.0778,1.8,898.1,0.8022,942.0,0.355,0.5,395.96,0.0,3.7,12.1,3.0,10.787918235776768,6.37,8.13,17.3,795.0,8.34,0.285
12,3.1,-9.2,12.3,1.36,330.9,311.6,0.6,33.0,0.2767,0.0766,5.1,1098.7,0.7702,916.0,0.488,0.5,320.58,0.0696,4.95,13.6,2.0,8.388388364076183,8.52,6.91,17.7,795.0,7.89,0.356
11,2.4,-7.8,10.2,0.61,281.9,296.1,0.7,28.0,0.237,0.0562,3.5,801.9,0.481,685.0,0.5117,0.5,344.78,0.2435,3.9,10.0,4.0,17.570637481101755,6.71,12.36,17.2,795.0,6.84,0.509
1,-2.3,-13.0,10.7,1.3,174.3,157.0,3.1,23.0,0.1952,0.0381,-2.7,408.1,0.5284,723.0,0.2997,0.5,542.34,0.0404,4.0,9.0,2.0,19.072149644064424,6.88,14.73,14.2,795.0,6.97,0.391
12,1.4,-7.1,8.5,0.81,302.9,310.3,1.2,13.0,0.107,0.0115,0.9,389.1,0.6527,822.0,0.2538,0.5,383.7,0.0849,3.8,12.9,1.0,4.424566764129317,6.54,4.44,15.6,795.0,6.75,0.361
4,13.7,4.2,9.5,0.82,547.7,564.9,0.7,13.0,0.1893,0.0358,9.0,717.6,0.7433,895.0,0.4191,0.5,53.77,0.0812,4.92,9.0,1.0,14.037937626393278,8.47,11.72,20.0,852.4,7.24,0.427
1,-4.9,-18.7,13.8,1.42,335.3,330.7,2.5,40.0,0.3297,0.1087,-9.6,1326.8,0.4004,620.0,0.3396,0.5,669.05,0.1006,3.4,10.0,3.0,12.666097765048706,5.85,9.22,18.8,795.0,8.35,0.48
3,7.7,-4.0,11.7,1.16,424.3,418.8,3.0,57.0,0.4737,0.2244,21.8,2411.6,0.5123,710.0,0.5867,0.5,177.66,0.0035,4.9,11.5,2.0,14.313749759324022,8.43,11.15,19.1,795.0,9.75,0.475
11,7.4,-1.1,8.5,1.75,302.0,300.2,1.0,41.0,0.3428,0.1175,15.3,1242.5,0.9252,1040.0,0.46,0.5,183.96,0.4229,4.5,11.0,3.0,14.227714403538053,7.74,10.81,13.2,795.0,7.59,0.349
4,8.2,-5.2,13.4,1.76,459.7,450.6,3.3,23.0,0.1915,0.0367,9.4,1056.4,0.5876,770.0,0.2723,0.5,163.38,0.4374,5.7,10.0,4.0,14.014791452284662,9.81,9.78,19.5,795.0,7.56,0.292
12,1.1,-12.9,14.0,0.38,420.3,418.2,3.1,21.0,0.1733,0.03,1.2,874.2,0.5041,703.0,0.3568,0.5,394.83,0.513,4.58,13.3,4.0,12.000463422688846,7.88,8.2,22.8,795.0,8.12,0.432
4,16.5,4.0,12.5,1.08,387.7,386.4,2.4,55.0,1.0,1.0,45.8,2149.1,0.7118,869.0,0.8499,0.5,19.9,0.0006,3.7,9.6,1.0,15.76597040025533,6.37,12.99,19.5,2835.0,12.91,0.505
2,0.6,-10.8,11.4,1.19,314.4,315.1,2.3,13.0,0.1062,0.0113,0.4,400.7,0.8017,941.0,0.2946,0.5,415.12,0.0079,4.0,11.2,4.0,12.392841858873043,6.88,8.74,17.2,795.0,5.75,0.408
2,2.7,-8.4,11.0,1.46,399.8,404.0,1.5,58.0,0.4867,0.2369,7.8,2335.3,0.5248,720.0,0.5815,0.5,336.25,0.1291,4.8,10.0,1.0,18.531629339192733,8.26,14.92,17.5,795.0,9.13,0.538
1,-2.8,-11.5,8.7,2.03,252.4,256.0,2.4,33.0,0.272,0.074,-4.6,823.9,0.8808,1005.0,0.4705,0.5,568.3,0.8693,4.04,10.0,3.0,13.697481717511131,6.95,10.38,12.0,795.0,7.58,0.427
4,12.4,1.1,11.3,1.68,497.5,491.0,2.4,27.0,0.3341,0.1116,16.8,1349.0,0.7029,862.0,0.5014,0.5,74.09,0.3402,6.4,13.0,3.0,12.951049334359466,11.01,9.68,18.6,1103.9,8.64,0.393
12,6.9,-4.3,11.2,0.76,275.1,268.1,2.6,42.0,0.3493,0.122,14.4,1153.2,0.6746,840.0,0.466,0.5,199.78,0.1158,4.8,11.5,3.0,23.441441106134803,8.26,17.52,17.5,795.0,7.25,0.419
3,5.6,-4.5,10.1,1.18,514.8,513.7,3.5,37.0,0.309,0.0955,10.4,1908.8,0.9501,1060.0,0.4241,0.5,236.19,0.0058,4.0,15.1,1.0,13.06921246280306,6.88,11.16,19.2,795.0,7.66,0.397
3,5.3,-8.5,13.8,1.53,471.9,499.7,3.2,36.0,0.2983,0.089,9.5,1689.3,0.7042,863.0,0.4095,0.5,246.15,0.1859,5.0,10.0,3.0,17.767324265676827,8.6,13.29,20.6,795.0,8.99,0.47
12,5.3,-7.4,12.6,1.01,304.5,294.9,3.5,42.0,0.3539,0.1253,11.2,1293.3,0.553,742.0,0.5894,0.5,247.6,0.0089,6.38,15.0,4.0,17.349141249327392,10.98,12.25,18.5,795.0,8.83,0.371
12,-0.8,-10.7,10.0,1.0,285.4,292.3,1.2,22.0,0.183,0.0335,-0.8,626.9,0.5741,759.0,0.3298,0.5,473.5,0.0108,4.8,14.1,4.0,13.096582862725704,8.26,9.08,16.1,795.0,6.37,0.349
1,-4.4,-13.9,9.5,1.51,304.2,287.9,1.0,37.0,0.3084,0.0951,-8.1,1125.7,0.4497,660.0,0.5182,0.5,644.43,0.169,4.7,11.5,3.0,8.519598428836803,8.09,6.15,14.7,795.0,7.8,0.325
1,-0.5,-10.0,9.5,0.96,303.2,318.6,1.4,27.0,0.2245,0.0504,-0.7,816.9,0.7805,924.0,0.4124,0.5,462.89,0.0188,5.3,9.5,4.0,12.917249263477304,9.12,9.11,16.1,795.0,7.93,0.473
1,1.4,-8.2,9.6,0.7,346.6,348.3,0.9,21.0,0.1752,0.0307,1.4,728.8,0.6736,839.0,0.3116,0.5,385.59,0.1586,4.4,12.3,2.0,14.921136314199392,7.57,11.73,17.4,795.0,4.9,0.286
3,7.9,-1.8,9.7,0.97,444.7,445.6,2.5,14.0,0.1184,0.014,5.6,631.7,0.7817,925.0,0.1933,0.5,170.92,0.0157,5.0,11.3,3.0,14.537150205697829,8.6,10.93,18.3,795.0,7.19,0.379
3,7.0,-6.7,13.7,1.15,382.2,380.9,0.2,47.0,0.391,0.1529,16.3,1793.2,0.5404,732.0,0.4695,0.5,197.01,0.0025,4.03,12.0,2.0,8.978264406663618,6.93,7.17,20.1,795.0,6.11,0.472
4,13.1,3.8,9.4,1.08,526.7,543.2,1.1,29.0,0.3966,0.1573,19.2,1543.3,0.5779,762.0,0.5246,0.5,62.06,0.0005,5.1,12.9,2.0,9.854479444843692,8.78,7.85,19.0,942.8,8.37,0.384
11,7.4,-4.6,12.0,0.76,369.6,359.2,0.7,28.0,0.2349,0.0552,10.4,1041.5,0.7873,930.0,0.536,0.5,186.08,0.1152,5.0,16.0,2.0,14.985656059103464,8.6,11.87,19.5,795.0,6.77,0.487
2,0.3,-10.2,10.5,1.76,356.3,354.5,1.7,50.0,0.4185,0.1751,0.7,1789.1,0.6398,812.0,0.4383,0.5,430.05,0.4397,5.5,10.5,2.0,15.189617634966801,9.46,11.9,15.6,795.0,7.78,0.367
12,0.2,-8.9,9.1,1.5,196.2,205.3,0.6,49.0,0.4092,0.1675,0.4,963.5,0.5846,768.0,0.4761,0.5,433.71,0.1608,4.2,17.4,3.0,13.182263750759786,7.23,9.75,12.8,795.0,6.94,0.463
3,10.6,0.6,10.0,0.94,410.6,410.3,0.8,39.0,0.3641,0.1326,20.7,1609.4,0.5646,752.0,0.5394,0.5,108.69,0.0265,5.2,10.3,3.0,21.524520484118867,8.95,16.0,18.1,795.0,8.01,0.489
1,-0.7,-13.0,12.3,0.7,291.3,288.3,0.6,39.0,0.3266,0.1067,-1.5,1141.9,0.6814,845.0,0.4411,0.5,473.04,0.1615,4.0,10.0,4.0,18.566055446522046,6.88,13.27,18.7,795.0,6.64,0.425
1,-1.6,-13.3,11.7,0.77,277.9,277.8,0.5,38.0,0.3206,0.1028,-3.1,1069.2,0.4176,634.0,0.4777,0.5,510.42,0.1063,5.12,16.0,3.0,14.217567502727372,8.81,10.4,17.9,795.0,8.35,0.423
3,8.1,-4.3,12.4,0.49,465.4,470.9,3.1,41.0,0.3385,0.1146,16.5,1890.1,0.9178,1034.0,0.3744,0.5,165.23,0.3661,6.24,10.3,4.0,14.52513939551189,10.74,10.43,22.0,795.0,9.54,0.362
11,8.9,-0.6,9.4,0.96,273.4,274.4,1.8,26.0,0.2159,0.0466,11.5,708.5,0.3854,608.0,0.3372,0.5,147.6,0.0192,4.81,10.4,2.0,9.807077627804881,8.28,7.66,15.5,795.0,6.86,0.455
12,3.0,-6.0,9.0,1.67,320.3,325.0,1.5,57.0,0.4727,0.2234,8.5,1816.4,0.7351,888.0,0.4902,0.5,324.54,0.3229,5.11,11.3,2.0,12.969597985747438,8.79,10.32,14.1,795.0,8.15,0.488
11,8.2,-5.1,13.2,0.99,364.8,356.1,0.5,46.0,0.3803,0.1446,18.6,1664.6,0.5549,744.0,0.4624,0.5,164.96,0.013,4.29,7.9,1.0,13.805775775522378,7.38,11.4,19.9,795.0,9.03,0.436
3,6.0,-7.9,13.9,0.94,449.1,462.7,2.0,62.0,0.5164,0.2666,18.6,2783.0,0.3875,610.0,0.5205,0.5,225.16,0.027,6.1,12.0,3.0,13.500932245712095,10.5,9.84,21.8,795.0,8.65,0.478
12,-0.5,-9.2,8.7,1.14,195.2,211.9,1.7,28.0,0.2295,0.0527,-0.6,537.6,0.7496,900.0,0.3844,0.5,460.65,0.002,5.6,12.8,1.0,16.069271496067543,9.64,13.25,13.4,795.0,7.08,0.323
2,0.7,-8.5,9.2,2.06,453.5,437.2,0.3,38.0,0.3174,0.1007,1.3,1726.9,0.5922,774.0,0.4819,0.5,411.83,0.9181,6.0,10.3,1.0,18.07958458191314,10.32,14.63,15.3,795.0,8.21,0.352
4,12.8,2.9,9.9,0.84,567.9,565.7,1.2,17.0,0.2178,0.0474,10.7,947.8,0.4642,671.0,0.4104,0.5,66.73,0.066,6.01,11.0,2.0,12.534698949251089,10.34,9.77,20.6,795.0,7.73,0.381
4,15.0,2.8,12.2,1.02,493.1,498.1,1.7,41.0,0.6892,0.475,31.0,2040.3,0.4786,683.0,0.7006,0.5,36.07,0.007,3.68,9.7,2.0,15.71012434169573,6.33,12.17,20.9,2410.2,9.78,0.53
3,7.8,-1.4,9.2,0.56,435.7,431.8,3.4,29.0,0.2426,0.0588,11.4,1268.4,0.7596,908.0,0.4462,0.5,173.7,0.2881,6.1,10.7,4.0,15.62292369620822,10.5,11.12,18.8,795.0,7.13,0.405
12,2.6,-10.8,13.4,1.29,253.1,254.7,3.3,41.0,0.3421,0.117,5.3,1038.7,0.7721,918.0,0.4729,0.5,338.43,0.0366,4.1,13.5,2.0,14.005096750515554,7.05,11.12,17.6,795.0,8.59,0.439
1,0.5,-7.7,8.3,1.96,344.0,364.3,3.8,56.0,0.4703,0.2212,1.6,1941.5,0.612,790.0,0.5334,0.5,418.21,0.734,4.0,9.9,2.0,16.87245234846222,6.88,13.14,13.2,795.0,9.37,0.457
11,3.4,-8.0,11.4,1.35,428.2,430.9,0.6,17.0,0.1428,0.0204,2.9,733.6,0.6009,781.0,0.3752,0.5,310.28,0.0624,4.22,10.0,2.0,15.1048962859517,7.26,11.81,18.5,795.0,6.48,0.466
4,12.6,1.1,11.5,0.66,515.7,508.7,1.7,18.0,0.2301,0.0529,11.4,933.2,0.5806,764.0,0.5031,0.5,70.09,0.1972,3.7,10.0,3.0,19.52189952627298,6.37,14.51,21.6,795.0,7.91,0.442
4,18.4,10.3,8.1,1.29,466.7,471.5,3.6,16.0,0.354,0.1253,14.6,739.8,0.7093,867.0,0.4967,0.5,6.76,0.0376,5.49,7.6,2.0,17.196028081943204,9.45,13.46,16.5,1145.8,8.5,0.377
1,-4.5,-13.9,9.4,0.37,365.3,361.8,2.7,46.0,0.3805,0.1447,-10.4,1667.7,0.799,939.0,0.4761,0.5,652.13,0.5294,5.1,8.2,2.0,13.400900689971806,8.78,10.69,18.3,795.0,7.88,0.529
2,0.9,-11.4,12.2,1.33,312.4,323.8,1.9,59.0,0.4916,0.2417,2.6,1843.0,0.634,807.0,0.5547,0.5,405.41,0.055,4.2,14.0,2.0,14.102815612393458,7.23,11.08,17.4,795.0,7.77,0.436
12,5.9,-2.1,8.0,1.45,221.2,198.9,2.6,47.0,0.39,0.1521,13.8,1035.1,0.3296,564.0,0.4438,0.5,228.12,0.1194,4.3,13.2,1.0,19.772212043087524,7.4,15.69,12.4,795.0,10.4,0.561
11,9.5,-3.0,12.5,1.35,209.5,209.6,2.1,33.0,0.2774,0.077,15.8,697.3,0.6529,822.0,0.4973,0.5,133.07,0.0637,4.14,9.5,1.0,16.158847659778427,7.12,13.24,16.1,795.0,8.79,0.376
1,-0.6,-13.1,12.5,0.46,369.3,363.2,1.5,28.0,0.2356,0.0555,-0.8,1044.0,0.7386,891.0,0.2894,0.5,465.71,0.4081,5.64,13.6,2.0,11.197879699725913,9.7,8.99,20.7,795.0,7.24,0.395
1,0.3,-11.3,11.5,0.99,298.7,294.0,2.3,61.0,0.5117,0.2618,0.9,1833.9,0.7722,918.0,0.5225,0.5,429.26,0.0116,4.6,10.0,2.0,10.140890214670163,7.91,8.22,17.5,795.0,8.24,0.48
3,5.3,-8.0,13.3,1.4,332.2,326.9,3.1,54.0,0.449,0.2016,14.2,1789.7,0.4569,665.0,0.3671,0.5,247.97,0.092,4.8,9.0,2.0,15.192459792754493,8.26,11.76,18.4,795.0,8.53,0.451
1,4.3,-8.7,13.0,0.34,424.6,439.0,1.5,46.0,0.3802,0.1446,9.7,1937.5,0.742,894.0,0.4778,0.5,280.33,0.5809,3.7,13.0,3.0,14.26976641941628,6.37,10.7,22.2,795.0,7.11,0.394
1,-4.4,-18.0,13.6,0.91,418.1,413.4,1.2,58.0,0.4847,0.2349,-12.7,2431.5,0.4082,627.0,0.5915,0.5,644.25,0.0371,4.4,8.5,3.0,10.041571287978329,7.57,7.26,21.2,795.0,8.19,0.465
4,11.3,1.4,9.9,1.5,489.6,487.2,3.9,22.0,0.2359,0.0557,12.7,1100.0,0.4501,660.0,0.4699,0.5,94.09,0.159,4.99,11.7,3.0,19.98582427169523,8.59,14.75,17.8,795.0,9.21,0.315
11,11.6,2.4,9.2,0.8,265.6,274.9,0.6,12.0,0.1285,0.0165,6.8,309.1,0.6185,795.0,0.4101,0.5,87.87,0.0885,5.14,11.6,2.0,5.614782593650901,8.84,4.71,15.7,795.0,7.06,0.432
12,0.0,-12.5,12.6,1.66,182.3,193.3,0.9,33.0,0.2716,0.0738,0.1,594.3,0.5336,727.0,0.4904,0.5,439.47,0.308,5.91,9.0,4.0,11.12181318489964,10.17,7.57,15.0,795.0,6.73,0.461
12,2.3,-10.5,12.8,1.85,125.6,126.4,0.1,16.0,0.1341,0.018,1.8,202.1,0.576,761.0,0.3962,0.5,350.88,0.568,4.5,9.0,1.0,21.060193677523188,7.74,16.86,13.8,795.0,6.51,0.345
11,7.3,-5.6,12.9,0.98,241.5,250.4,3.4,39.0,0.3268,0.1068,14.4,947.1,0.7434,895.0,0.5888,0.5,186.7,0.0146,10.92,11.8,2.0,13.219249367667349,18.79,10.51,17.8,795.0,8.6,0.308
12,-1.3,-11.3,10.0,1.73,309.1,306.7,1.5,43.0,0.3624,0.1313,-2.9,1344.1,0.8534,983.0,0.4144,0.5,498.41,0.4006,4.3,11.0,3.0,14.56017471007812,7.4,11.0,14.6,795.0,7.91,0.418
12,4.5,-9.4,13.9,1.06,188.6,189.6,1.9,53.0,0.4455,0.1985,12.0,1008.1,0.7796,924.0,0.4914,0.5,272.87,0.0016,5.89,11.0,2.0,16.587008834995302,10.13,13.06,17.6,795.0,9.39,0.494
11,8.9,0.5,8.4,1.28,299.3,293.6,1.6,18.0,0.1524,0.0232,8.1,547.3,0.8272,962.0,0.2869,0.5,146.85,0.0315,5.53,9.4,1.0,8.557713093632593,9.52,7.68,14.3,795.0,7.58,0.423
3,10.6,-3.1,13.7,1.51,408.8,410.6,0.7,47.0,0.437,0.191,24.8,1908.6,0.5606,748.0,0.5743,0.5,107.82,0.1683,5.9,14.0,2.0,18.14049869889391,10.15,14.05,19.6,795.0,9.03,0.561
12,-1.5,-12.8,11.3,0.71,255.6,267.7,3.8,30.0,0.2519,0.0634,-2.2,772.4,0.4294,643.0,0.3885,0.5,505.31,0.1491,6.28,13.8,4.0,14.742284287780988,10.81,10.2,17.4,795.0,9.12,0.395
1,-1.0,-14.9,13.9,1.45,182.2,169.1,2.4,36.0,0.2977,0.0886,-1.8,650.9,0.9232,1039.0,0.4505,0.5,484.23,0.1226,5.48,13.0,3.0,16.942774214370644,9.43,12.85,16.5,795.0,7.27,0.377
4,12.2,-1.8,14.0,1.6,595.4,595.6,0.8,37.0,0.4359,0.19,22.2,2177.7,0.7695,916.0,0.6369,0.5,78.32,0.2469,5.26,10.0,1.0,11.601898655256822,9.05,9.92,22.4,795.0,7.76,0.366
11,12.7,-0.0,12.8,1.29,280.7,299.1,2.8,27.0,0.345,0.1191,17.0,751.6,0.7138,871.0,0.4773,0.5,68.36,0.0352,6.0,12.5,3.0,13.493099018937858,10.32,10.09,17.5,795.0,7.55,0.467
3,7.4,-5.7,13.1,0.93,479.6,501.3,2.7,58.0,0.4874,0.2376,21.6,2805.4,0.622,798.0,0.4906,0.5,184.96,0.0295,4.75,12.7,2.0,18.540378607904927,8.17,14.4,21.7,795.0,8.12,0.433
1,-1.5,-14.1,12.6,1.19,306.6,302.7,0.1,55.0,0.4608,0.2123,-4.1,1695.2,0.6761,841.0,0.5538,0.5,505.67,0.0076,4.2,9.0,1.0,15.18741058189599,7.23,12.53,18.0,795.0,7.08,0.42
12,-0.1,-9.4,9.3,1.07,152.8,160.1,2.0,31.0,0.2616,0.0684,-0.2,479.5,0.5768,761.0,0.4848,0.5,447.0,0.0008,7.98,9.5,3.0,17.304958320789495,13.73,12.84,13.3,795.0,5.91,0.343
2,2.1,-6.4,8.5,0.84,263.0,285.3,2.7,46.0,0.3868,0.1496,4.8,1220.7,0.6417,813.0,0.3768,0.5,357.71,0.0693,4.11,12.5,1.0,13.90088470775972,7.07,11.54,14.9,795.0,8.53,0.391
12,0.6,-12.0,12.6,0.9,179.2,182.4,1.9,12.0,0.1016,0.0103,0.3,218.5,0.6507,821.0,0.3179,0.5,417.87,0.0406,3.7,10.1,1.0,17.296672318419763,6.37,14.09,16.8,795.0,5.62,0.387
3,3.5,-8.9,12.4,0.75,454.5,455.0,1.8,26.0,0.213,0.0454,4.5,1162.0,0.6215,797.0,0.3054,0.5,305.9,0.1208,4.8,10.1,2.0,13.915467756609795,8.26,10.93,21.2,795.0,6.96,0.452
4,14.0,3.4,10.5,1.48,631.2,646.3,2.5,55.0,0.8203,0.673,38.3,3463.8,0.299,539.0,0.6317,0.5,49.44,0.144,3.8,9.0,2.0,16.766656684743882,6.54,12.81,20.5,1603.3,11.37,0.419
2,-0.5,-14.0,13.5,1.02,289.9,302.2,1.0,24.0,0.198,0.0392,-0.6,688.9,0.686,849.0,0.3476,0.5,463.09,0.0057,3.8,12.5,2.0,15.064182045597176,6.54,11.85,18.9,795.0,7.99,0.419
1,-4.2,-15.1,10.9,1.77,316.1,313.3,3.0,64.0,0.5324,0.2835,-13.5,2019.6,0.7352,888.0,0.5128,0.5,636.07,0.4472,4.54,9.3,1.0,15.458754421037991,7.81,12.78,15.3,795.0,10.8,0.487
3,8.2,-0.2,8.4,1.55,324.3,306.2,2.1,58.0,0.4846,0.2349,23.8,1885.8,0.557,746.0,0.4818,0.5,164.13,0.2044,4.4,14.5,2.0,17.098632078560126,7.57,13.27,14.0,795.0,7.06,0.425
1,-0.3,-10.3,10.1,0.84,147.2,166.3,0.6,26.0,0.2193,0.0481,-0.3,387.4,0.5702,756.0,0.3811,0.5,452.12,0.0664,4.8,11.0,3.0,12.706848969525664,8.26,9.39,14.5,795.0,5.59,0.473
4,16.0,6.7,9.4,1.51,538.4,544.0,0.6,54.0,0.9882,0.9765,43.1,2895.1,0.6765,841.0,0.7772,0.5,24.73,0.1715,4.32,11.1,3.0,17.038643729142706,7.43,12.72,18.1,2780.0,10.99,0.536
2,0.5,-8.9,9.4,2.1,430.9,434.0,1.2,39.0,0.3221,0.1037,1.0,1665.2,0.7271,882.0,0.6332,0.5,419.82,0.9993,11.67,10.0,2.0,6.842870240794308,20.08,5.71,15.1,795.0,7.68,0.438
3,5.7,-7.5,13.2,0.79,449.1,441.9,0.4,38.0,0.3166,0.1002,10.9,1706.2,0.7275,882.0,0.3843,0.5,232.76,0.0951,5.3,12.0,4.0,11.227757112572293,9.12,7.8,21.6,795.0,7.49,0.424
2,2.3,-9.9,12.2,0.68,439.2,444.8,1.1,37.0,0.3059,0.0936,4.3,1612.2,0.9749,1080.0,0.363,0.5,348.39,0.1783,5.93,6.0,1.0,7.617140235547455,10.2,7.09,21.0,795.0,8.12,0.311
2,2.4,-9.0,11.4,0.65,416.5,420.0,0.8,62.0,0.5191,0.2695,7.5,2594.8,0.3403,572.0,0.433,0.5,345.38,0.2008,4.91,12.7,3.0,14.1064173253904,8.45,10.25,20.1,795.0,9.77,0.381
11,7.7,-2.2,10.0,1.35,258.7,262.0,3.2,27.0,0.2241,0.0502,10.4,695.6,0.9412,1053.0,0.3866,0.5,176.02,0.0637,5.2,17.3,3.0,16.071747106498186,8.95,12.21,14.8,795.0,7.45,0.397
2,0.1,-10.5,10.6,0.31,401.1,412.7,3.7,55.0,0.4596,0.2112,0.2,2212.1,0.4872,690.0,0.4557,0.5,438.07,0.6267,5.85,14.0,2.0,15.740998113211958,10.07,12.2,20.0,795.0,9.25,0.411
12,-0.1,-10.6,10.5,0.63,278.0,264.2,1.1,42.0,0.3531,0.1247,-0.2,1177.9,0.5815,765.0,0.302,0.5,445.48,0.2199,6.8,17.0,3.0,15.642884048435645,11.7,11.6,17.3,795.0,7.14,0.462
3,4.8,-4.0,8.8,1.51,377.9,370.4,3.8,51.0,0.4263,0.1818,12.2,1933.4,0.5244,719.0,0.5117,0.5,262.82,0.1696,3.8,9.2,2.0,15.481970677049969,6.54,12.03,15.2,795.0,9.05,0.378
11,3.9,-6.4,10.3,0.52,308.3,318.3,1.7,43.0,0.359,0.1289,8.5,1328.1,0.9679,1074.0,0.5079,0.5,290.87,0.3329,5.1,14.0,1.0,16.950289506720697,8.78,14.09,17.9,795.0,7.32,0.445
2,2.7,-10.5,13.2,1.58,294.1,296.3,1.8,47.0,0.3928,0.1543,6.3,1386.1,0.4789,683.0,0.4969,0.5,335.35,0.2339,3.71,10.2,3.0,12.306099834918623,6.38,9.01,17.3,795.0,8.42,0.319
11,3.6,-9.2,12.8,0.31,306.8,324.7,1.2,41.0,0.3386,0.1146,7.3,1246.8,0.2774,522.0,0.4809,0.5,302.77,0.6217,4.75,13.0,1.0,11.738899533803432,8.17,9.63,20.4,795.0,8.38,0.306
4,13.8,5.6,8.2,1.1,436.1,439.7,1.9,46.0,0.6752,0.4559,31.7,2004.4,0.7094,868.0,0.5958,0.5,51.62,0.0,5.1,12.5,1.0,13.923255449987849,8.78,11.61,16.7,3247.1,10.37,0.543
3,4.9,-3.6,8.5,1.01,446.7,437.0,0.3,25.0,0.2093,0.0438,6.1,1121.9,0.8897,1012.0,0.4902,0.5,260.12,0.0085,5.0,10.5,3.0,16.96900663294043,8.6,12.84,17.3,795.0,6.59,0.313
2,5.7,-6.9,12.6,1.04,304.9,314.6,2.6,47.0,0.3934,0.1548,13.4,1439.3,0.989,1091.0,0.555,0.5,234.29,0.003,4.0,9.1,2.0,13.362099076790962,6.88,10.81,18.4,795.0,9.39,0.566
3,7.5,-2.6,10.2,0.79,393.3,397.1,2.2,24.0,0.1981,0.0393,9.0,935.0,0.9716,1077.0,0.359,0.5,181.03,0.0972,3.7,12.5,2.0,12.109773142346263,6.37,9.86,18.4,795.0,7.18,0.458
11,14.2,0.9,13.3,1.21,309.0,324.9,3.5,47.0,0.7233,0.5232,33.5,1459.3,0.6554,824.0,0.4901,0.5,46.4,0.0112,3.8,9.5,3.0,18.155447703706937,6.54,13.54,18.6,2990.0,10.85,0.524
1,-0.6,-14.6,14.0,0.82,339.8,302.8,0.6,28.0,0.2355,0.0555,-0.8,960.2,0.8248,960.0,0.4378,0.5,466.54,0.0774,3.67,14.0,3.0,20.660333721973544,6.31,15.56,20.5,795.0,7.45,0.452
2,-1.2,-15.1,14.0,1.66,298.7,280.9,3.7,13.0,0.1049,0.011,-0.7,376.1,0.9734,1079.0,0.4758,0.5,490.72,0.3188,5.2,12.7,3.0,18.13058434190634,8.95,13.78,17.8,795.0,7.61,0.347
12,4.5,-6.0,10.4,0.6,263.2,252.8,1.0,20.0,0.1674,0.028,4.5,528.7,0.6998,860.0,0.452,0.5,273.38,0.2458,5.28,10.5,3.0,10.24255138589611,9.09,7.64,17.1,795.0,7.21,0.389
3,8.1,-4.5,12.6,0.76,414.0,403.0,3.5,41.0,0.3414,0.1166,16.6,1696.4,0.6259,801.0,0.5224,0.5,166.05,0.1135,3.31,8.1,2.0,16.879104088963523,5.7,13.16,20.7,795.0,8.36,0.435
4,16.2,7.4,8.7,0.86,474.0,476.4,0.2,45.0,0.8312,0.6909,36.1,2118.1,0.7036,863.0,0.6658,0.5,23.43,0.0565,4.08,7.5,1.0,12.147217283899085,7.02,10.27,18.3,2596.0,9.45,0.709
11,7.6,-3.9,11.5,1.01,214.2,213.2,1.4,30.0,0.2514,0.0632,11.4,646.1,0.5529,742.0,0.4217,0.5,180.42,0.0075,4.1,10.6,4.0,10.562756338234484,7.05,7.16,16.2,795.0,6.75,0.482
3,7.5,-4.2,11.7,1.72,443.6,457.9,3.3,58.0,0.4869,0.2371,21.9,2592.2,0.6797,844.0,0.5748,0.5,182.21,0.3847,4.1,16.0,2.0,12.917794490056794,7.05,10.23,18.0,795.0,9.01,0.465
4,14.6,1.1,13.5,1.38,520.7,538.9,1.7,13.0,0.2084,0.0434,9.5,680.0,0.6358,809.0,0.2822,0.5,41.26,0.0806,4.73,10.0,1.0,11.529219823996462,8.14,9.76,21.5,1068.5,7.33,0.477
4,14.4,6.1,8.3,1.3,411.8,402.6,0.8,60.0,0.9441,0.8914,43.3,2474.1,0.8008,941.0,0.7262,0.5,43.17,0.0408,4.8,10.8,4.0,14.021522932840107,8.26,9.96,15.9,3125.3,11.25,0.474
3,5.5,-2.8,8.3,1.12,355.4,355.5,3.4,53.0,0.4435,0.1967,14.6,1891.2,0.2457,497.0,0.4075,0.5,241.08,0.0004,6.91,13.0,1.0,16.081642537893487,11.89,12.86,15.5,795.0,6.86,0.409
1,-3.4,-14.0,10.6,0.72,321.8,324.4,2.9,45.0,0.3749,0.1405,-7.6,1447.6,0.4261,641.0,0.4442,0.5,594.08,0.1409,6.4,12.5,3.0,13.322661792670308,11.01,9.73,17.8,795.0,9.69,0.312
3,9.5,-3.7,13.2,0.31,526.2,523.2,2.4,42.0,0.347,0.1204,19.7,2190.9,0.6006,780.0,0.5059,0.5,132.58,0.63,5.36,8.5,2.0,13.2789272643838,9.22,10.44,24.0,795.0,7.87,0.354
12,0.4,-8.4,8.8,0.46,277.5,289.3,3.6,22.0,0.1792,0.0321,0.4,596.8,0.5457,737.0,0.4556,0.5,425.47,0.404,4.9,8.0,2.0,13.197140400582082,8.43,10.33,16.3,795.0,7.27,0.478
2,4.8,-7.1,11.9,0.86,417.5,418.1,1.3,39.0,0.3263,0.1065,9.4,1634.9,0.6652,832.0,0.48,0.5,261.83,0.0585,4.4,13.0,3.0,20.136076158698238,7.57,15.03,20.0,795.0,7.27,0.387
1,-3.8,-13.5,9.7,1.56,263.4,273.9,3.8,47.0,0.3907,0.1526,-8.9,1234.7,0.5887,771.0,0.3936,0.5,615.06,0.2107,6.2,11.6,2.0,9.792445487826601,10.67,7.82,14.1,795.0,8.59,0.487
3,6.3,-7.1,13.4,0.66,438.4,437.3,2.4,25.0,0.2054,0.0422,7.7,1080.8,0.4023,622.0,0.5194,0.5,217.38,0.1915,4.81,16.3,1.0,7.175504573286364,8.28,6.3,21.9,795.0,7.0,0.363
3,12.0,3.8,8.2,2.17,300.4,290.1,2.6,39.0,0.4589,0.2106,23.6,1177.2,0.6839,847.0,0.5352,0.5,80.54,1.1407,8.14,15.1,3.0,10.083793802363395,14.01,7.51,12.0,795.0,8.85,0.484
3,9.0,-4.0,13.1,0.75,431.6,438.1,3.4,38.0,0.3158,0.0997,17.1,1635.6,0.7352,888.0,0.4851,0.5,143.18,0.1229,3.7,12.2,1.0,12.034481980302802,6.37,10.21,21.4,795.0,8.18,0.38
2,3.4,-7.1,10.5,1.02,383.1,371.0,1.9,56.0,0.4694,0.2203,9.6,2157.5,0.8485,979.0,0.5353,0.5,310.01,0.0063,6.06,12.0,2.0,13.792963212132971,10.43,11.02,17.9,795.0,7.17,0.323
12,-0.8,-11.6,10.8,1.51,248.9,251.3,1.3,64.0,0.5306,0.2815,-2.5,1584.7,0.7862,929.0,0.4487,0.5,474.44,0.1704,4.3,6.0,3.0,18.45961448441747,7.4,13.87,14.9,795.0,8.23,0.436
12,4.8,-8.1,12.9,1.6,214.0,208.4,2.3,38.0,0.3178,0.101,9.2,816.2,0.4863,689.0,0.3271,0.5,262.03,0.2499,5.62,16.0,2.0,14.048673958135865,9.67,10.93,15.9,795.0,7.83,0.413
11,6.6,-3.2,9.8,1.34,296.3,290.0,1.2,16.0,0.1358,0.0184,5.4,482.7,0.8999,1020.0,0.3114,0.5,206.76,0.0599,3.94,13.9,1.0,8.757304497772914,6.78,7.89,15.2,795.0,5.97,0.418
3,9.4,0.3,9.1,1.78,355.8,354.0,1.8,65.0,0.5396,0.2912,30.3,2303.8,0.729,883.0,0.6937,0.5,135.22,0.4664,4.4,10.4,3.0,11.814745003921242,7.57,8.84,14.4,848.7,10.03,0.416
2,0.6,-13.1,13.7,1.08,233.0,217.3,0.4,25.0,0.2046,0.0419,0.7,572.0,0.4593,667.0,0.3575,0.5,417.58,0.0002,5.8,12.0,3.0,15.575494033752467,9.98,11.45,18.0,795.0,6.4,0.298
2,-1.2,-11.3,10.1,1.32,421.6,437.6,1.1,43.0,0.3587,0.1287,-2.6,1815.0,0.8159,953.0,0.5056,0.5,493.96,0.049,3.92,9.5,1.0,10.4990023771995,6.74,9.13,17.4,795.0,8.1,0.392
12,0.1,-9.3,9.4,0.74,211.1,228.7,2.7,33.0,0.2711,0.0735,0.1,686.6,0.8226,958.0,0.3377,0.5,438.41,0.1324,5.59,8.5,1.0,14.038729850939337,9.62,11.79,15.1,795.0,7.84,0.403
1,2.3,-9.7,12.0,0.92,200.7,189.4,2.5,12.0,0.0975,0.0095,1.4,234.9,0.5289,723.0,0.3245,0.5,349.07,0.034,5.6,17.1,3.0,15.853530308793548,9.64,11.71,16.6,795.0,6.08,0.399
11,4.9,-7.7,12.6,1.23,316.5,309.3,1.7,16.0,0.1322,0.0175,3.9,502.2,0.364,591.0,0.3124,0.5,260.32,0.0163,4.9,13.5,3.0,14.628209543652725,8.43,10.66,18.1,795.0,6.21,0.352
1,-0.8,-13.2,12.4,0.37,227.5,228.6,0.3,35.0,0.2939,0.0864,-1.4,802.3,0.5522,742.0,0.5075,0.5,475.83,0.5286,3.9,10.0,2.0,12.736963082254789,6.71,9.99,18.7,795.0,6.82,0.402
3,11.8,1.0,10.8,1.58,423.9,446.3,0.8,37.0,0.422,0.178,21.9,1567.6,0.8292,963.0,0.3614,0.5,83.8,0.2313,3.83,9.0,2.0,18.540044577965148,6.59,14.57,17.4,795.0,8.07,0.449
1,-1.1,-14.5,13.4,1.37,229.0,225.5,1.4,33.0,0.2786,0.0776,-1.8,765.6,0.5864,769.0,0.2568,0.5,488.13,0.0745,5.67,9.5,3.0,15.31959902267817,9.76,11.36,17.0,795.0,7.48,0.452
3,5.2,-6.8,12.0,0.43,384.7,393.6,1.3,35.0,0.2898,0.084,9.0,1338.0,0.8375,970.0,0.4804,0.5,250.14,0.4465,3.81,13.5,2.0,16.0268002370582,6.56,12.69,20.6,795.0,8.24,0.379
12,5.2,-3.9,9.0,1.54,277.2,274.2,2.4,18.0,0.1505,0.0227,4.7,500.7,0.3876,610.0,0.444,0.5,250.85,0.1969,5.73,7.1,2.0,13.062996029304202,9.86,10.11,13.8,795.0,7.51,0.298
2,5.5,-4.8,10.3,1.06,257.7,261.5,1.8,31.0,0.2621,0.0687,8.6,810.3,0.8723,998.0,0.3962,0.5,241.71,0.0018,4.66,8.0,2.0,13.010412474299356,8.02,10.46,15.7,795.0,5.38,0.404
11,11.1,-0.4,11.4,1.24,340.8,331.4,3.2,31.0,0.3107,0.0965,17.0,1049.1,0.8571,986.0,0.4723,0.5,98.87,0.0202,4.6,12.2,4.0,15.65522171430068,7.91,11.23,17.4,1433.5,9.06,0.341
2,-6.9,-18.8,11.9,1.34,316.7,314.4,2.5,59.0,0.4933,0.2434,-20.5,1875.1,0.8631,990.0,0.6011,0.5,779.28,0.0586,4.6,12.0,2.0,13.150578245017119,7.91,10.55,17.2,795.0,10.17,0.481
2,3.1,-5.1,8.2,1.27,330.3,305.1,0.7,64.0,0.5313,0.2823,10.0,2106.2,0.5995,780.0,0.4844,0.5,318.85,0.0279,4.5,7.1,1.0,17.33936114946692,7.74,14.08,14.6,795.0,8.68,0.465
4,12.6,1.7,10.8,1.43,502.4,482.0,3.1,31.0,0.3941,0.1553,19.6,1569.9,0.5041,703.0,0.4427,0.5,71.1,0.1087,4.28,13.0,2.0,11.329112524641118,7.36,8.9,18.9,795.0,8.85,0.442
4,16.6,3.8,12.7,0.9,532.9,543.5,0.5,14.0,0.27,0.0729,11.6,747.0,0.5654,752.0,0.357,0.5,19.75,0.0408,4.49,11.0,3.0,12.444102513245106,7.73,9.19,22.2,1090.9,6.73,0.392
2,1.1,-7.0,8.1,0.56,360.6,379.6,3.1,20.0,0.1661,0.0276,1.1,718.6,0.7276,882.0,0.2348,0.5,394.04,0.2949,4.58,15.3,1.0,18.190592593491925,7.88,14.82,16.8,795.0,8.24,0.402
1,-0.1,-9.5,9.4,1.83,222.4,224.6,3.7,32.0,0.2643,0.0699,-0.1,705.4,0.6379,810.0,0.5029,0.5,443.36,0.5286,4.43,11.0,1.0,17.85345782525395,7.62,14.5,12.6,795.0,7.23,0.299
1,0.4,-8.2,8.6,0.86,371.2,373.0,2.2,59.0,0.4886,0.2387,1.2,2176.2,0.4897,692.0,0.5102,0.5,424.67,0.0559,4.7,13.5,2.0,17.56602226116899,8.09,13.57,16.6,795.0,8.61,0.438
3,3.9,-6.0,9.9,1.33,421.7,425.9,0.1,15.0,0.1269,0.0161,3.0,642.0,0.7591,907.0,0.2378,0.5,292.55,0.0517,4.0,13.0,2.0,21.816876262004342,6.88,16.97,17.2,795.0,5.18,0.403
1,-3.4,-12.7,9.3,0.98,197.8,205.1,0.3,30.0,0.2495,0.0622,-5.1,592.2,0.6639,831.0,0.3142,0.5,596.68,0.0138,6.1,15.0,2.0,12.622062021297397,10.5,10.0,14.2,795.0,7.12,0.345
1,-3.8,-14.3,10.4,1.24,248.2,245.2,1.1,23.0,0.1897,0.036,-4.4,564.9,0.7222,878.0,0.3306,0.5,616.7,0.0204,5.11,12.6,1.0,15.759107720939356,8.79,13.0,15.3,795.0,8.5,0.465
2,1.5,-10.9,12.4,1.33,447.5,444.9,3.3,12.0,0.0977,0.0096,0.9,524.8,0.7515,901.0,0.3051,0.5,378.49,0.0543,5.3,11.0,3.0,10.197221051617333,9.12,7.65,19.6,795.0,7.84,0.287
12,-0.9,-11.1,10.2,1.27,174.0,184.2,1.2,15.0,0.1214,0.0147,-0.7,253.5,0.5878,770.0,0.3525,0.5,480.26,0.0296,3.97,17.6,1.0,10.027266665471515,6.83,8.59,13.9,795.0,6.22,0.359
4,11.3,2.0,9.3,1.2,450.1,448.7,0.9,36.0,0.379,0.1436,20.4,1632.8,0.654,823.0,0.4313,0.5,94.71,0.0095,4.61,7.0,1.0,15.984534291243767,7.93,13.11,17.5,795.0,7.28,0.429
4,14.8,4.9,9.8,0.97,519.5,521.3,2.6,48.0,0.7858,0.6175,35.6,2506.5,0.5817,765.0,0.6522,0.5,38.79,0.0176,5.28,14.0,2.0,16.034094492899026,9.09,12.49,19.5,2254.5,10.69,0.401
3,8.1,-5.8,13.9,1.58,389.9,382.9,3.8,24.0,0.1987,0.0395,9.6,929.8,0.6304,804.0,0.3709,0.5,167.02,0.231,7.11,14.0,3.0,16.424945203268777,12.23,12.22,19.3,795.0,7.42,0.343
4,12.2,3.0,9.3,1.22,451.1,448.0,3.3,25.0,0.3042,0.0925,15.4,1138.5,0.5014,701.0,0.4062,0.5,76.88,0.0133,3.5,11.0,1.0,14.591298586749978,6.02,11.94,17.4,1218.1,9.55,0.407
1,-1.1,-12.8,11.7,0.92,238.4,241.0,3.7,63.0,0.5259,0.2766,-3.6,1504.3,0.5878,770.0,0.5591,0.5,490.45,0.0316,4.9,14.0,4.0,10.981846800779323,8.43,7.51,16.9,795.0,10.92,0.45
1,-0.8,-9.7,8.9,0.66,236.4,236.4,0.1,62.0,0.5192,0.2696,-2.6,1472.9,0.5529,742.0,0.3859,0.5,476.39,0.1957,3.7,11.5,1.0,13.861934336726272,6.37,11.44,15.3,795.0,8.83,0.391
1,4.5,-4.2,8.7,0.3,282.0,290.8,1.8,37.0,0.3118,0.0972,8.5,1055.4,0.4753,680.0,0.3545,0.5,270.96,0.64,4.73,8.6,2.0,16.317949477531435,8.14,12.62,16.8,795.0,6.37,0.347
12,2.3,-6.5,8.8,1.27,286.6,296.0,2.3,32.0,0.2635,0.0694,3.6,906.2,1.0,1153.0,0.4494,0.5,350.87,0.0303,4.33,12.0,2.0,17.122822821150457,7.45,13.64,14.5,795.0,8.83,0.318
4,12.5,1.0,11.6,0.63,503.8,501.7,0.3,30.0,0.3722,0.1385,18.6,1496.3,0.5735,759.0,0.4924,0.5,71.93,0.2182,4.32,16.0,1.0,14.565255197746483,7.43,11.98,21.5,965.7,6.7,0.43
4,15.9,2.7,13.2,0.49,523.4,529.1,1.3,38.0,0.6864,0.4711,30.0,1978.7,0.5426,734.0,0.528,0.5,26.08,0.3766,5.45,10.0,2.0,16.680101771638675,9.38,12.94,23.5,1524.2,8.93,0.498
11,6.1,-7.3,13.4,0.73,266.3,244.6,2.0,38.0,0.3127,0.0978,11.5,999.1,0.6127,790.0,0.358,0.5,221.54,0.1373,5.0,8.8,3.0,8.71364531753246,8.6,6.43,19.2,795.0,6.87,0.476
1,2.4,-6.8,9.1,1.17,237.8,259.4,1.1,23.0,0.1897,0.036,2.7,541.2,0.5805,764.0,0.4959,0.5,347.42,0.0051,3.4,10.1,2.0,18.859252664649233,5.85,14.61,14.2,795.0,6.58,0.462
11,8.2,-4.3,12.5,1.37,335.4,328.3,2.8,60.0,0.496,0.246,24.3,1996.6,0.7752,920.0,0.5931,0.5,164.9,0.072,3.9,8.5,4.0,14.834280096613085,6.71,10.55,17.9,795.0,9.36,0.501
11,10.5,1.5,9.0,1.26,258.4,252.0,0.1,65.0,0.5953,0.3543,34.1,1676.5,0.6081,786.0,0.5773,0.5,110.15,0.0241,5.9,10.0,4.0,9.327290288416823,10.15,6.28,14.3,795.0,7.85,0.382
12,4.0,-7.7,11.7,0.3,316.5,325.0,2.5,17.0,0.1454,0.0211,3.5,552.2,0.7092,867.0,0.1824,0.5,289.99,0.64,5.4,11.0,3.0,14.430504362078757,9.29,10.79,19.6,795.0,7.77,0.39
12,-1.2,-10.4,9.2,0.8,204.4,199.3,3.1,60.0,0.5,0.25,-3.5,1226.4,0.6199,796.0,0.5016,0.5,492.09,0.0871,4.2,12.5,2.0,14.600261707307617,7.23,11.45,14.7,795.0,10.34,0.477
2,2.4,-7.1,9.5,1.37,312.1,310.5,0.5,55.0,0.4598,0.2114,6.5,1721.9,0.7826,926.0,0.6116,0.5,347.0,0.0726,5.94,14.9,2.0,11.070775406341207,10.22,8.93,15.1,795.0,9.38,0.475
11,8.7,-1.5,10.2,1.77,294.0,289.4,3.7,14.0,0.1204,0.0145,6.3,424.9,0.9451,1056.0,0.2899,0.5,150.23,0.4473,6.8,11.0,2.0,14.299831621929886,11.7,11.48,14.5,795.0,6.36,0.377
1,2.2,-11.1,13.3,1.53,209.6,213.5,0.4,62.0,0.5131,0.2633,6.9,1290.8,0.3911,613.0,0.4818,0.5,352.25,0.1883,5.74,15.5,1.0,11.13244552814854,9.88,9.26,16.2,795.0,9.72,0.462
11,7.6,-2.7,10.3,1.23,156.4,160.9,0.8,32.0,0.2653,0.0704,12.0,497.8,0.3077,546.0,0.4677,0.5,180.63,0.0168,4.5,7.5,4.0,5.393981260748667,7.74,3.09,13.8,795.0,6.29,0.458
3,5.7,-7.2,12.8,1.06,411.5,419.8,3.4,34.0,0.2854,0.0815,9.7,1409.5,0.3863,609.0,0.454,0.5,235.04,0.0013,5.6,10.0,2.0,7.212267267299771,9.64,5.72,20.1,795.0,8.52,0.408
1,1.2,-7.6,8.8,0.8,350.2,351.4,3.4,43.0,0.3588,0.1288,2.6,1507.9,0.7628,910.0,0.3884,0.5,392.2,0.0893,5.06,15.0,3.0,12.132252065644032,8.71,9.11,16.6,795.0,8.38,0.462
1,-2.6,-10.7,8.1,1.31,341.6,351.7,0.6,63.0,0.5268,0.2775,-8.1,2159.4,0.6199,796.0,0.5823,0.5,555.0,0.0424,6.0,17.0,2.0,16.984989811148026,10.32,13.23,14.7,795.0,7.94,0.359
3,6.6,-6.7,13.3,0.61,469.7,441.6,3.1,61.0,0.5119,0.262,20.3,2885.5,0.6277,802.0,0.562,0.5,207.16,0.2415,5.0,8.0,3.0,11.462155592838478,8.6,8.5,22.5,795.0,8.51,0.591
1,-4.2,-17.0,12.8,1.44,317.3,338.2,0.9,40.0,0.3362,0.1131,-8.5,1280.3,0.5541,743.0,0.4427,0.5,635.3,0.1128,5.34,13.0,1.0,9.30247810102248,9.19,8.02,17.7,795.0,7.93,0.442
3,11.5,0.1,11.5,1.23,457.2,467.8,1.6,20.0,0.2214,0.049,11.7,927.9,0.7994,940.0,0.399,0.5,89.38,0.0161,5.01,12.0,3.0,14.302316212553626,8.62,10.77,19.3,795.0,7.35,0.472
3,5.5,-4.5,10.0,0.75,458.2,449.6,2.2,63.0,0.5243,0.2749,17.3,2883.0,0.8071,946.0,0.5299,0.5,240.35,0.1202,5.23,16.0,1.0,15.147413380809502,9.0,12.61,19.3,795.0,8.42,0.407
12,1.6,-12.1,13.7,0.95,288.9,291.5,2.4,41.0,0.3409,0.1162,3.3,1181.7,0.7746,920.0,0.3793,0.5,375.35,0.0233,4.8,13.7,2.0,8.310026015566683,8.26,6.85,19.2,795.0,8.7,0.515
11,5.5,-7.7,13.2,1.57,333.7,321.0,0.2,35.0,0.2883,0.0831,9.5,1154.6,0.8739,999.0,0.3619,0.5,240.37,0.2189,3.4,9.6,2.0,7.032803769102998,5.85,5.97,17.9,795.0,7.97,0.438
11,9.8,1.4,8.4,1.48,374.0,372.7,3.7,33.0,0.2769,0.0767,16.3,1242.5,0.6795,844.0,0.5084,0.5,124.69,0.1408,4.3,18.0,3.0,9.05409994662617,7.4,6.73,15.0,795.0,7.51,0.247
1,-4.4,-14.6,10.2,0.85,323.7,314.2,2.2,42.0,0.3475,0.1208,-9.2,1349.8,0.5671,754.0,0.4296,0.5,645.09,0.0622,4.47,10.3,2.0,14.125297028748157,7.69,11.05,17.2,795.0,7.74,0.437
4,13.8,2.0,11.7,0.3,582.0,574.4,2.3,49.0,0.718,0.5155,33.8,2862.7,0.7332,887.0,0.6139,0.5,52.44,0.64,5.16,11.0,1.0,15.99785715886323,8.88,13.18,23.7,1954.1,9.12,0.548
3,9.0,0.5,8.5,1.13,540.3,514.8,3.6,53.0,0.4436,0.1968,24.0,2876.2,0.6381,810.0,0.3852,0.5,143.57,0.001,5.24,11.0,4.0,14.883580034875127,9.02,10.47,18.4,795.0,9.1,0.4
4,6.3,-5.2,11.5,0.53,436.4,439.1,2.3,49.0,0.4083,0.1667,15.4,2138.0,0.6508,821.0,0.4772,0.5,216.54,0.3283,5.8,15.5,1.0,22.710040462203864,9.98,18.15,20.7,795.0,8.37,0.442
12,0.1,-8.2,8.3,1.16,179.8,192.9,3.2,22.0,0.1834,0.0336,0.1,395.7,0.5612,749.0,0.4861,0.5,436.28,0.0034,4.4,11.5,2.0,12.738906792422611,7.57,10.0,12.8,795.0,6.17,0.444
1,-0.5,-14.1,13.6,0.89,325.8,327.0,2.7,50.0,0.4159,0.173,-1.2,1625.9,0.4904,692.0,0.5177,0.5,460.95,0.0455,5.7,12.5,1.0,12.068885926479538,9.81,10.04,19.9,795.0,7.18,0.52
1,0.1,-12.5,12.5,1.02,293.0,298.8,2.9,36.0,0.2983,0.089,0.1,1048.8,0.381,605.0,0.2827,0.5,438.34,0.0069,5.4,12.4,3.0,15.171428432359313,9.29,11.08,18.2,795.0,8.76,0.397
3,7.8,-1.9,9.7,1.07,452.5,461.5,2.1,40.0,0.3301,0.109,15.5,1792.6,0.5499,740.0,0.526,0.5,173.64,0.001,4.3,12.0,3.0,17.868098734141803,7.4,13.24,18.2,795.0,9.05,0.462
1,-2.9,-10.9,8.0,0.77,242.4,236.9,2.1,47.0,0.3892,0.1515,-6.8,1132.1,0.527,722.0,0.3482,0.5,571.05,0.1063,3.82,12.7,3.0,18.306635156384466,6.57,13.55,14.4,795.0,7.6,0.39
12,2.0,-11.5,13.5,0.66,282.5,278.8,3.5,34.0,0.2849,0.0812,3.5,965.7,0.797,938.0,0.3298,0.5,359.57,0.1971,5.09,12.5,1.0,10.800820604638483,8.76,9.34,19.7,795.0,7.51,0.398
4,13.4,2.3,11.1,1.79,534.1,521.7,3.5,34.0,0.4795,0.2299,22.9,1824.5,0.6229,798.0,0.5437,0.5,57.43,0.4811,5.16,11.8,4.0,16.481377048109124,8.88,11.66,18.7,1813.1,9.16,0.458
3,6.3,-4.3,10.6,0.82,332.9,328.4,0.7,48.0,0.4003,0.1602,15.2,1599.3,0.5394,731.0,0.3662,0.5,215.82,0.0764,3.8,13.5,1.0,16.784173572707886,6.54,13.62,17.7,795.0,8.46,0.502
3,2.7,-7.7,10.4,1.43,463.9,470.4,0.5,20.0,0.1708,0.0292,2.8,950.9,0.8754,1000.0,0.2724,0.5,333.4,0.1097,3.82,8.0,3.0,9.142983283936434,6.57,6.96,18.0,795.0,6.54,0.342
11,8.2,-4.9,13.1,0.59,295.1,303.7,1.4,42.0,0.3527,0.1244,17.4,1248.9,0.8675,994.0,0.459,0.5,162.81,0.2622,11.41,9.5,3.0,13.942258909942053,19.63,10.55,19.8,795.0,8.02,0.447
12,1.9,-11.5,13.4,0.3,275.8,278.5,3.3,54.0,0.4488,0.2014,5.1,1485.0,0.4573,666.0,0.4528,0.5,365.19,0.64,3.7,13.8,1.0,14.580280547843342,6.37,11.9,20.4,795.0,9.42,0.442
4,17.1,3.5,13.7,0.87,498.2,503.2,2.4,15.0,0.3017,0.091,12.8,742.6,0.7413,893.0,0.4407,0.5,14.86,0.0544,3.42,11.3,2.0,16.544938796804203,5.88,13.0,22.5,2469.2,7.73,0.415
1,-5.2,-14.5,9.3,0.3,298.3,300.0,3.8,28.0,0.2342,0.0549,-7.3,838.5,0.5521,742.0,0.4348,0.5,686.36,0.64,4.4,15.5,1.0,9.025420166316266,7.57,7.81,17.4,795.0,8.0,0.434
1,1.0,-9.1,10.1,1.37,129.7,127.6,1.6,54.0,0.4503,0.2028,2.8,700.6,0.89,1012.0,0.5661,0.5,399.14,0.0707,4.58,9.0,3.0,14.181827237664226,7.88,10.75,12.9,795.0,8.08,0.345
3,9.5,-4.3,13.8,1.67,499.1,498.6,1.9,60.0,0.5027,0.2527,28.7,3010.5,0.7541,903.0,0.5209,0.5,131.7,0.325,5.1,10.0,3.0,13.598139713417947,8.78,10.2,20.6,795.0,8.43,0.504
1,1.9,-11.2,13.1,1.35,337.4,329.2,3.2,19.0,0.1549,0.024,1.8,627.2,0.6792,843.0,0.3115,0.5,363.38,0.0632,5.8,15.5,1.0,15.029600459092059,9.98,12.42,18.5,795.0,6.22,0.557
11,7.6,-4.0,11.6,1.18,246.9,252.9,2.6,51.0,0.4214,0.1776,19.1,1248.4,0.4662,673.0,0.5569,0.5,180.72,0.0057,5.5,13.0,2.0,10.24762953831884,9.46,8.06,16.3,795.0,7.84,0.465
1,1.4,-6.6,8.0,0.36,276.4,280.1,3.4,16.0,0.1356,0.0184,1.1,449.8,0.5581,746.0,0.3612,0.5,384.86,0.548,6.3,11.0,3.0,16.06030500616537,10.84,11.89,16.0,795.0,7.48,0.359
12,-1.0,-11.8,10.8,1.3,216.1,227.9,2.9,29.0,0.241,0.0581,-1.5,624.7,0.474,679.0,0.2885,0.5,485.47,0.0417,6.0,11.0,2.0,9.65090943230976,10.32,7.62,14.9,795.0,6.78,0.403
11,12.3,2.2,10.0,1.84,281.1,284.5,3.1,35.0,0.4274,0.1827,21.7,993.1,0.9307,1045.0,0.3336,0.5,76.41,0.5482,3.3,12.0,2.0,18.521819861557148,5.68,14.64,13.9,1620.6,7.97,0.482
4,15.4,2.1,13.3,1.39,552.5,536.5,0.2,29.0,0.4937,0.2438,22.0,1578.0,0.8627,990.0,0.4617,0.5,31.68,0.0853,5.2,14.0,2.0,14.839693646969524,8.95,11.82,21.7,2987.6,7.83,0.457
1,-1.1,-12.9,11.8,0.82,274.6,261.1,2.3,59.0,0.4905,0.2406,-3.3,1616.4,0.8939,1015.0,0.5514,0.5,488.79,0.0806,5.24,10.0,2.0,16.213416772823344,9.02,12.88,17.8,795.0,8.88,0.434
12,0.7,-8.2,8.9,0.91,247.8,243.7,1.4,14.0,0.1191,0.0142,0.5,354.2,0.4667,673.0,0.3819,0.5,412.96,0.0346,3.7,6.4,2.0,13.049997252164404,6.37,10.16,14.9,795.0,6.45,0.437
3,3.3,-7.6,10.9,1.37,479.8,465.2,0.8,40.0,0.3367,0.1134,6.7,1938.5,0.6322,806.0,0.3842,0.5,311.87,0.0704,3.7,10.0,4.0,13.766566074792893,6.37,9.63,18.8,795.0,8.3,0.461
4,20.6,7.1,13.4,1.09,631.0,618.1,1.1,16.0,0.4064,0.1652,16.1,989.3,0.8413,973.0,0.5761,0.5,0.2,0.0001,5.63,14.5,2.0,21.109698506954977,9.69,16.51,23.8,1810.1,8.88,0.43
11,6.7,-6.7,13.4,0.73,303.1,303.8,1.0,32.0,0.2628,0.0691,10.5,955.8,0.9809,1085.0,0.591,0.5,205.61,0.1355,4.2,7.6,2.0,13.201995933336157,7.23,10.69,19.7,795.0,6.23,0.474
2,-0.3,-9.6,9.2,1.0,448.3,438.5,0.9,53.0,0.4381,0.1919,-0.9,2356.8,0.6821,846.0,0.587,0.5,455.4,0.0102,4.3,8.8,1.0,13.585624184324868,7.4,11.33,17.9,795.0,7.99,0.393
4,12.3,-0.0,12.4,1.27,618.7,604.4,3.7,18.0,0.2235,0.0499,11.3,1129.3,0.5753,760.0,0.3871,0.5,74.91,0.0279,5.7,10.0,2.0,12.007800817607677,9.81,9.47,22.3,795.0,6.97,0.371
3,6.8,-6.6,13.4,1.22,428.7,431.5,1.0,37.0,0.3046,0.0928,12.5,1567.2,0.7873,930.0,0.354,0.5,200.24,0.0154,3.5,10.5,4.0,15.12734456451901,6.02,10.78,20.4,795.0,7.6,0.431
4,12.3,1.2,11.0,1.22,571.7,566.9,3.8,14.0,0.1641,0.0269,8.3,776.4,0.5989,779.0,0.2284,0.5,76.53,0.0153,4.6,8.8,2.0,22.683898981706243,7.91,17.49,20.6,795.0,8.69,0.446
3,8.9,-3.5,12.4,0.8,405.0,399.2,2.7,47.0,0.3889,0.1512,20.8,1890.0,0.7344,887.0,0.3439,0.5,146.41,0.0874,5.3,14.1,1.0,10.545904126341911,9.12,9.1,20.3,795.0,7.61,0.4
12,3.0,-8.5,11.5,0.66,266.9,270.2,0.0,18.0,0.1516,0.023,2.8,485.4,0.4712,677.0,0.252,0.5,322.27,0.1949,4.4,12.8,4.0,12.320401690586328,7.57,8.42,17.9,795.0,5.92,0.306
11,8.5,-4.4,12.9,1.4,280.3,263.4,3.3,16.0,0.137,0.0188,7.0,461.0,0.6525,822.0,0.3017,0.5,155.86,0.0894,4.94,12.0,2.0,10.967528933794824,8.5,8.75,17.3,795.0,6.95,0.377
2,4.3,-3.8,8.1,1.52,435.7,442.8,2.5,44.0,0.3638,0.1324,9.3,1902.2,0.6326,806.0,0.3967,0.5,280.07,0.1728,5.39,12.0,1.0,17.400356324646655,9.27,14.16,15.5,795.0,9.28,0.467
4,13.5,0.5,13.0,1.31,597.7,592.8,1.9,30.0,0.4189,0.1755,20.0,1770.2,0.3839,607.0,0.5345,0.5,56.46,0.0459,5.0,11.1,4.0,17.39496480388294,8.6,12.15,22.4,824.9,7.73,0.545
11,10.3,-2.9,13.2,1.19,419.9,431.9,3.1,21.0,0.1828,0.0334,10.7,871.4,0.7549,904.0,0.396,0.5,114.85,0.0077,4.4,16.2,4.0,11.18316504809247,7.57,7.79,20.2,795.0,8.04,0.389
3,13.4,4.3,9.1,0.77,487.1,496.7,0.3,56.0,0.7872,0.6197,37.7,2741.5,0.5829,766.0,0.5852,0.5,57.89,0.1104,5.4,10.0,3.0,12.361730240772653,9.29,9.14,18.9,1968.6,10.6,0.549
12,3.4,-8.4,11.8,1.13,233.7,218.1,2.3,24.0,0.1974,0.039,4.1,553.7,0.5535,743.0,0.3527,0.5,308.47,0.0007,4.2,10.3,3.0,15.507100709153645,7.23,11.47,16.5,795.0,6.91,0.428
4,14.4,1.6,12.9,0.45,479.6,461.9,1.6,56.0,0.8796,0.7736,40.4,2682.4,0.5967,777.0,0.7312,0.5,43.09,0.4184,5.14,14.0,2.0,22.591354296038144,8.84,17.42,22.6,1777.7,10.79,0.504
3,9.1,-0.9,10.0,1.4,455.9,447.9,3.4,45.0,0.3751,0.1407,20.4,2052.2,0.9482,1059.0,0.5152,0.5,142.15,0.0929,4.45,11.2,1.0,17.06196446549632,7.66,14.16,17.6,795.0,8.86,0.421
1,2.1,-10.4,12.5,0.94,197.9,194.6,0.2,40.0,0.3318,0.1101,4.2,788.0,0.621,797.0,0.3599,0.5,357.44,0.0258,3.0,16.5,4.0,6.953653343031676,5.16,4.51,16.9,795.0,6.98,0.465
11,8.5,-2.1,10.6,0.48,351.0,354.6,2.3,25.0,0.2124,0.0451,10.8,894.6,0.9011,1021.0,0.3724,0.5,157.11,0.3812,3.2,10.0,2.0,18.142496162977302,5.51,14.33,18.8,795.0,6.46,0.324
1,-3.9,-12.3,8.4,1.13,198.5,198.7,1.6,23.0,0.1909,0.0364,-4.4,454.7,0.5991,779.0,0.3448,0.5,618.87,0.0007,3.53,13.8,2.0,12.419225620774386,6.07,9.79,13.2,795.0,5.67,0.356
11,11.0,0.9,10.1,0.87,224.0,214.8,1.7,37.0,0.3758,0.1412,20.6,835.7,0.3276,562.0,0.5503,0.5,99.14,0.053,5.17,9.9,1.0,7.46934487376244,8.9,6.46,15.6,795.0,7.71,0.587
2,-1.4,-13.8,12.4,0.75,308.5,314.2,0.9,62.0,0.5155,0.2658,-4.3,1908.6,0.526,721.0,0.5401,0.5,501.56,0.122,4.5,12.5,3.0,11.978606326527348,7.74,8.8,19.0,795.0,8.57,0.435
11,11.7,3.0,8.8,0.8,330.0,317.2,0.2,31.0,0.3438,0.1182,18.0,1008.6,0.5712,757.0,0.511,0.5,85.59,0.0917,4.84,13.5,1.0,20.371986191354658,8.33,16.34,16.3,1701.4,8.73,0.379
12,2.8,-10.5,13.2,0.53,293.3,304.0,3.1,56.0,0.4641,0.2154,7.7,1633.6,0.3799,604.0,0.5946,0.5,332.35,0.3276,4.44,11.5,2.0,15.803463251703539,7.64,12.16,20.0,795.0,8.36,0.477
2,3.8,-9.1,12.8,1.43,345.1,354.9,3.4,17.0,0.1409,0.0199,3.2,583.6,0.6081,786.0,0.4021,0.5,296.88,0.1068,5.1,15.3,3.0,20.203093205797625,8.78,15.04,18.2,795.0,7.27,0.354
3,9.4,-2.4,11.9,0.78,354.7,352.5,2.3,55.0,0.4623,0.2137,26.1,1967.6,0.7405,892.0,0.4067,0.5,134.26,0.1046,5.5,12.0,2.0,8.987484012931425,9.46,7.33,19.2,795.0,9.2,0.321
11,8.8,0.4,8.4,1.25,338.7,356.4,3.9,52.0,0.4322,0.1868,22.7,1756.6,0.288,530.0,0.495,0.5,149.58,0.022,6.4,11.0,1.0,11.597735349633048,11.01,9.53,14.9,795.0,9.54,0.504
2,-1.3,-14.9,13.6,0.68,290.3,272.3,2.3,17.0,0.1423,0.0202,-1.2,495.6,0.6982,859.0,0.2995,0.5,499.46,0.1737,4.55,8.5,2.0,10.57910050973118,7.83,8.49,19.8,795.0,7.28,0.347
3,8.2,-3.8,12.0,1.37,490.9,490.2,0.8,56.0,0.4659,0.217,22.9,2744.1,0.6686,835.0,0.5272,0.5,164.24,0.0742,6.32,7.4,2.0,11.660468111984397,10.87,9.28,19.9,795.0,9.0,0.408
2,6.7,-1.5,8.2,1.01,485.0,476.2,0.1,41.0,0.3375,0.1139,13.5,1964.3,0.5025,702.0,0.4249,0.5,205.84,0.008,5.4,13.0,3.0,9.655414726017195,9.29,7.04,17.6,795.0,6.79,0.412
12,1.5,-7.0,8.4,0.65,143.2,150.5,2.5,40.0,0.3361,0.1129,2.9,577.4,0.5642,751.0,0.4116,0.5,381.84,0.1995,3.83,8.5,4.0,14.382905571766885,6.59,10.04,13.6,795.0,7.62,0.374
4,18.2,7.3,10.9,0.4,510.1,526.8,0.5,64.0,1.0,1.0,58.4,3281.2,0.4789,683.0,0.8691,0.5,8.01,0.4865,4.05,11.4,1.0,19.375792459401147,6.97,15.51,21.6,3172.6,10.59,0.575
4,14.1,2.0,12.1,0.46,579.2,587.9,2.5,60.0,0.9082,0.8248,42.2,3457.8,0.4635,671.0,0.8275,0.5,47.23,0.4071,8.32,12.9,2.0,15.400985760341905,14.32,11.92,23.5,2255.5,11.23,0.523
1,-0.2,-9.2,9.0,1.21,227.3,223.0,3.4,20.0,0.1648,0.0272,-0.2,449.4,0.6618,829.0,0.2815,0.5,447.92,0.0118,5.48,16.5,3.0,12.07244426083614,9.43,8.98,13.9,795.0,5.97,0.342
1,1.1,-9.4,10.5,0.91,223.1,230.8,0.2,45.0,0.3768,0.142,2.4,1008.6,0.5791,763.0,0.375,0.5,397.22,0.0374,3.74,9.3,4.0,13.254530635785787,6.44,9.2,15.8,795.0,8.35,0.408
11,9.9,-0.7,10.6,0.67,267.6,272.0,3.2,14.0,0.1199,0.0144,7.1,384.9,0.979,1083.0,0.4155,0.5,123.64,0.1866,4.11,15.0,1.0,15.777750833988383,7.07,13.22,17.1,795.0,6.54,0.359
3,6.1,-4.8,10.9,0.44,439.3,442.4,1.8,43.0,0.3548,0.1259,13.0,1870.0,0.7088,867.0,0.4955,0.5,221.78,0.4415,3.5,12.0,4.0,11.874126585043372,6.02,8.27,20.5,795.0,8.4,0.388
3,10.2,0.3,9.9,0.3,487.6,487.3,1.3,38.0,0.3279,0.1075,19.3,1840.1,0.8772,1002.0,0.455,0.5,116.34,0.64,6.36,8.9,4.0,10.138973395772814,10.94,7.11,20.8,795.0,7.07,0.448
4,12.6,-0.6,13.2,1.43,355.9,352.3,2.1,27.0,0.343,0.1176,17.0,962.1,0.4728,678.0,0.5173,0.5,70.36,0.1069,4.41,14.3,2.0,14.667388345235931,7.59,11.38,18.7,1898.3,8.9,0.452
2,-4.7,-15.5,10.8,0.81,396.8,392.7,1.7,32.0,0.267,0.0713,-7.5,1271.4,0.4699,676.0,0.3513,0.5,660.43,0.0867,3.68,14.0,3.0,24.797274903173935,6.33,18.37,18.9,795.0,7.92,0.43
3,6.3,-5.5,11.8,0.62,350.7,341.1,3.2,26.0,0.2205,0.0486,8.3,927.9,0.5081,706.0,0.3379,0.5,216.12,0.2278,4.7,12.1,2.0,12.620802758827104,8.09,9.87,19.4,795.0,8.14,0.285
4,14.0,1.7,12.3,1.44,553.5,568.5,3.7,39.0,0.5927,0.3513,27.6,2182.3,0.6877,850.0,0.6524,0.5,48.72,0.1153,4.9,12.5,4.0,16.941092890571607,8.43,12.06,20.9,1521.4,11.19,0.387
4,17.9,7.6,10.3,0.59,538.2,539.5,1.6,29.0,0.6219,0.3868,25.9,1560.0,0.641,813.0,0.5565,0.5,9.77,0.2598,4.0,13.0,2.0,12.351260174321832,6.88,9.78,21.2,2170.4,9.59,0.438
2,4.6,-8.6,13.2,1.35,248.1,242.5,2.6,54.0,0.4489,0.2015,12.4,1336.4,0.736,889.0,0.7197,0.5,269.0,0.0629,3.8,10.0,2.0,10.152467276626147,6.54,8.2,17.2,795.0,8.66,0.554
1,-3.3,-13.2,9.9,1.03,345.0,346.4,3.6,41.0,0.3409,0.1162,-6.8,1411.6,0.3924,614.0,0.393,0.5,590.59,0.0047,4.9,10.2,1.0,18.596348357042274,8.43,14.86,16.8,795.0,7.36,0.483
11,8.9,-0.2,9.0,1.02,252.3,253.7,4.0,44.0,0.3679,0.1354,19.5,1113.8,0.5174,714.0,0.3841,0.5,147.59,0.0063,5.19,10.1,1.0,7.7709791262340175,8.93,6.84,14.7,795.0,8.51,0.46
1,1.3,-8.3,9.6,0.99,238.8,235.5,2.3,13.0,0.1124,0.0126,0.8,322.0,0.6914,853.0,0.2974,0.5,389.85,0.0114,4.87,12.0,3.0,12.575809370841135,8.38,9.38,15.1,795.0,6.11,0.343
1,1.9,-7.5,9.4,0.75,246.1,248.5,2.7,17.0,0.1382,0.0191,1.5,408.2,0.6414,813.0,0.3749,0.5,366.43,0.1198,3.5,8.9,2.0,16.84412838391543,6.02,13.15,15.6,795.0,7.3,0.368
2,1.8,-8.8,10.6,1.3,399.3,390.6,0.6,26.0,0.2206,0.0487,2.4,1056.8,0.5472,738.0,0.3645,0.5,368.06,0.0417,5.18,12.0,1.0,12.48003860121795,8.91,10.4,17.5,795.0,7.02,0.509
4,10.3,-1.7,11.9,1.69,509.7,489.4,2.8,12.0,0.1073,0.0115,6.3,624.2,0.6975,858.0,0.2824,0.5,115.39,0.3485,3.95,13.3,2.0,18.80505668914986,6.8,14.66,19.3,795.0,6.23,0.285
11,9.8,-0.5,10.2,0.97,231.8,220.3,2.9,14.0,0.1171,0.0137,6.9,325.7,0.5335,727.0,0.3034,0.5,126.48,0.0172,5.46,7.0,1.0,12.115506895808755,9.39,10.11,15.5,795.0,6.7,0.331
4,12.6,3.6,9.1,0.7,610.1,613.5,3.3,37.0,0.4743,0.2249,23.5,2269.9,0.6085,787.0,0.481,0.5,69.75,0.1576,6.94,10.0,2.0,7.748025242756505,11.94,6.3,20.9,1212.4,8.67,0.395
1,2.7,-9.7,12.4,0.88,274.8,282.5,1.1,46.0,0.3846,0.1479,6.1,1268.0,0.851,981.0,0.4039,0.5,336.2,0.0468,4.1,8.5,3.0,12.357426115634974,7.05,9.35,18.1,795.0,7.92,0.42
3,3.0,-8.4,11.4,1.13,403.8,408.2,0.2,57.0,0.4782,0.2286,8.7,2316.9,0.5505,740.0,0.5488,0.5,322.31,0.0011,4.4,13.0,3.0,18.904726501881747,7.57,14.02,18.7,795.0,8.8,0.415
12,-5.4,-15.7,10.3,1.73,252.9,270.5,2.0,19.0,0.161,0.0259,-5.2,488.6,0.5163,713.0,0.3461,0.5,698.08,0.3967,4.3,14.0,2.0,15.244449428892318,7.4,11.85,14.0,795.0,7.01,0.302
3,8.2,-4.4,12.6,1.29,468.5,465.5,2.3,41.0,0.3447,0.1188,17.0,1937.7,0.7592,907.0,0.4313,0.5,162.83,0.035,4.6,8.0,4.0,16.051505589866863,7.91,11.45,20.2,795.0,8.57,0.441
1,-0.7,-14.5,13.8,1.14,163.4,164.0,3.1,24.0,0.2014,0.0406,-0.9,395.0,0.8117,949.0,0.4139,0.5,471.4,0.0014,3.9,13.0,4.0,14.641268478415952,6.71,10.43,17.0,795.0,9.09,0.467
1,-5.1,-15.8,10.7,0.68,285.1,295.3,1.1,57.0,0.4726,0.2233,-14.4,1616.8,0.5102,708.0,0.4626,0.5,680.46,0.1724,4.5,13.0,2.0,19.034646226787075,7.74,14.68,17.5,795.0,8.26,0.525
1,-4.9,-18.0,13.1,1.41,329.0,334.8,0.7,39.0,0.3283,0.1078,-9.6,1296.2,0.6148,792.0,0.3694,0.5,668.67,0.0962,5.44,13.0,2.0,14.355774264200415,9.36,11.26,18.2,795.0,9.56,0.281
1,-0.3,-11.9,11.5,1.56,273.3,276.7,0.3,54.0,0.4485,0.2012,-0.9,1471.0,0.6527,822.0,0.5514,0.5,455.53,0.2136,4.1,18.6,4.0,6.948062139754302,7.05,4.53,15.7,795.0,6.81,0.482
12,1.1,-11.8,13.0,1.33,333.5,326.7,2.9,24.0,0.1991,0.0397,1.3,796.8,0.9291,1043.0,0.3923,0.5,394.9,0.0537,4.9,8.0,2.0,16.80879573180451,8.43,13.35,18.3,795.0,7.66,0.499
11,5.0,-7.6,12.6,0.3,366.6,371.1,2.2,24.0,0.1983,0.0393,6.0,872.2,0.7555,904.0,0.4025,0.5,254.96,0.64,3.39,12.0,1.0,12.118014007377514,5.83,10.29,21.1,795.0,7.06,0.275
11,6.7,-4.5,11.2,1.42,359.6,352.5,2.9,53.0,0.4392,0.1929,17.7,1895.3,0.6316,805.0,0.4236,0.5,204.24,0.103,4.79,14.9,2.0,11.75793996152273,8.24,9.32,17.1,795.0,7.9,0.536
11,9.6,-0.2,9.9,2.1,257.0,267.2,2.0,57.0,0.4773,0.2278,27.6,1472.1,0.6438,815.0,0.4543,0.5,128.96,1.0043,5.0,8.0,2.0,18.00921830623537,8.6,14.02,12.8,795.0,8.48,0.436
1,1.5,-7.3,8.8,0.3,189.9,205.0,0.4,25.0,0.2063,0.0426,1.8,470.2,0.7093,867.0,0.3712,0.5,381.97,0.64,7.6,15.5,3.0,10.999187144814824,13.08,8.22,15.4,795.0,6.52,0.461
12,2.5,-8.4,10.9,0.96,242.7,254.9,0.7,45.0,0.3741,0.1399,5.6,1089.7,0.5015,701.0,0.4277,0.5,341.93,0.0205,5.0,11.0,1.0,14.71314371301964,8.6,12.04,16.3,795.0,7.67,0.313
12,-1.3,-10.1,8.8,0.76,257.0,257.4,3.0,43.0,0.3588,0.1287,-2.8,1106.7,0.7168,873.0,0.3571,0.5,496.57,0.1137,5.4,15.0,1.0,15.264002941426572,9.29,12.62,15.3,795.0,7.46,0.34
12,1.2,-9.6,10.8,1.42,199.0,200.9,4.0,27.0,0.2278,0.0519,1.6,544.0,0.7526,902.0,0.394,0.5,392.37,0.0995,4.77,6.5,2.0,17.593859505515184,8.21,13.8,14.4,795.0,7.5,0.419
4,12.2,0.2,12.0,1.62,551.9,547.0,1.0,29.0,0.3447,0.1188,17.6,1595.6,0.7637,911.0,0.3958,0.5,78.24,0.2667,4.3,14.0,1.0,14.62011727557295,7.4,12.18,20.1,795.0,8.83,0.424
11,11.0,0.8,10.2,1.1,337.5,342.2,2.7,38.0,0.3825,0.1463,21.0,1292.2,0.775,920.0,0.4013,0.5,100.12,0.0,5.3,9.0,3.0,15.24903774081061,9.12,11.46,16.8,795.0,6.42,0.466
12,3.9,-7.4,11.2,0.84,248.4,259.0,2.7,24.0,0.2034,0.0414,4.7,606.2,0.7563,905.0,0.3277,0.5,293.18,0.0688,4.3,10.1,3.0,18.29662744227652,7.4,13.73,16.9,795.0,7.36,0.365
4,15.8,4.4,11.5,1.11,608.9,611.1,1.9,38.0,0.6861,0.4707,30.1,2311.9,0.6826,846.0,0.4481,0.5,26.61,0.0001,7.5,10.0,4.0,14.310573721167732,12.9,10.08,21.9,1766.7,10.63,0.579
1,-0.9,-9.8,9.0,1.11,297.5,290.6,3.4,51.0,0.4248,0.1805,-2.2,1516.8,0.2733,519.0,0.5124,0.5,478.48,0.0002,5.0,10.5,3.0,14.552341976602682,8.6,10.53,15.1,795.0,8.26,0.323
12,-0.0,-9.8,9.8,0.66,420.9,423.0,1.1,27.0,0.2234,0.0499,-0.1,1128.2,0.8392,971.0,0.3291,0.5,442.72,0.1959,6.37,10.0,3.0,20.41658571326022,10.96,15.38,18.8,795.0,6.26,0.333
12,0.6,-12.8,13.4,1.44,230.2,241.0,3.4,21.0,0.1748,0.0305,0.6,482.8,0.7385,891.0,0.3553,0.5,415.62,0.118,4.58,6.5,4.0,10.373323665124222,7.88,7.17,16.9,795.0,7.33,0.42
12,-0.5,-13.6,13.1,0.67,126.3,105.2,1.7,30.0,0.2468,0.0609,-0.8,374.1,0.5568,745.0,0.3853,0.5,463.57,0.1847,5.1,11.0,4.0,4.185805977266323,8.78,2.38,17.0,795.0,7.53,0.486
12,3.3,-8.4,11.7,0.78,268.2,254.6,2.3,60.0,0.5014,0.2514,10.0,1613.6,0.66,828.0,0.4999,0.5,313.02,0.1043,4.82,12.5,1.0,13.159831472569191,8.29,11.0,17.7,795.0,9.28,0.395
4,18.4,5.0,13.3,0.86,453.7,445.6,0.9,41.0,0.9217,0.8495,38.0,1876.0,0.8288,963.0,0.6852,0.5,6.89,0.0579,3.5,14.4,1.0,14.66827130241663,6.02,12.26,21.6,2502.5,10.77,0.482
2,0.2,-12.8,13.1,0.68,383.4,378.7,1.7,55.0,0.4616,0.2131,0.7,2123.8,0.654,823.0,0.5551,0.5,431.12,0.1752,9.6,8.0,1.0,17.67093075068278,16.52,14.38,20.8,795.0,9.5,0.424
2,-5.1,-17.0,11.9,1.13,332.3,326.4,1.3,25.0,0.2124,0.0451,-6.5,847.1,0.861,989.0,0.3506,0.5,680.82,0.0007,5.74,16.5,3.0,8.683667856324451,9.88,6.6,18.0,795.0,5.99,0.453
2,1.3,-9.2,10.4,1.59,334.2,323.5,2.9,64.0,0.5336,0.2847,4.0,2140.2,0.7893,931.0,0.4686,0.5,390.05,0.2436,5.0,8.1,3.0,18.154711739095703,8.6,13.65,15.7,795.0,10.68,0.427
12,4.6,-7.9,12.5,1.24,230.5,216.4,1.0,12.0,0.1017,0.0103,2.8,281.3,0.8798,1004.0,0.2721,0.5,269.14,0.0207,6.16,16.5,1.0,13.458671135989162,10.6,11.4,16.6,795.0,6.44,0.356
11,6.4,-2.8,9.2,1.08,246.4,233.6,1.4,49.0,0.4118,0.1696,15.7,1217.6,0.6654,832.0,0.4919,0.5,214.19,0.0003,7.9,17.0,2.0,12.1909263877054,13.59,9.68,14.6,795.0,7.92,0.35
1,-2.3,-14.0,11.7,1.36,254.9,251.0,2.0,47.0,0.3876,0.1502,-5.3,1185.7,0.6784,843.0,0.4065,0.5,542.45,0.0682,5.2,10.0,3.0,13.541955598005378,8.95,10.1,16.1,795.0,7.66,0.347
12,0.3,-8.9,9.1,1.28,207.3,193.1,1.2,33.0,0.2734,0.0747,0.4,680.1,0.6034,783.0,0.4031,0.5,429.73,0.0335,3.8,11.0,3.0,14.454751071494046,6.54,10.72,13.5,795.0,7.51,0.393
2,3.4,-5.1,8.6,0.76,376.6,365.6,3.9,37.0,0.3091,0.0956,6.4,1397.2,0.6669,834.0,0.4116,0.5,308.22,0.1171,4.8,15.0,1.0,13.924259447058226,8.26,11.58,16.9,795.0,8.43,0.369
4,14.9,4.4,10.5,1.61,474.4,480.6,1.0,45.0,0.7368,0.5429,33.3,2120.5,0.2438,495.0,0.528,0.5,37.33,0.2575,4.6,13.0,4.0,20.669008596571263,7.91,14.5,17.8,1925.9,10.03,0.456
3,6.3,-4.8,11.2,0.6,494.0,504.1,3.4,14.0,0.1168,0.0136,4.5,692.5,0.4632,671.0,0.272,0.5,214.63,0.2499,4.32,6.1,4.0,16.74262558625767,7.43,11.73,21.2,795.0,5.74,0.404
12,4.7,-4.2,8.9,1.04,222.3,223.2,0.4,19.0,0.1572,0.0247,4.4,419.5,0.6956,857.0,0.3696,0.5,266.16,0.0034,4.6,13.2,3.0,13.146915120444302,7.91,9.82,14.2,795.0,6.1,0.364
2,2.9,-8.8,11.7,0.5,344.3,340.1,3.7,13.0,0.1075,0.0116,1.9,444.2,0.4558,665.0,0.2185,0.5,327.7,0.3585,4.2,9.5,4.0,17.770013762226196,7.23,12.49,19.6,795.0,7.63,0.305
11,9.4,-1.2,10.6,0.31,314.2,294.7,2.2,61.0,0.5048,0.2548,28.5,1903.1,0.5003,700.0,0.5941,0.5,134.63,0.6285,4.5,7.4,1.0,15.46794891788962,7.74,12.6,18.8,1357.2,8.75,0.467
4,10.6,-0.8,11.3,0.75,437.1,436.2,2.2,31.0,0.2903,0.0843,16.5,1365.1,0.8402,972.0,0.4009,0.5,108.65,0.1212,4.38,13.1,2.0,13.833331746456576,7.54,11.05,20.0,795.0,8.07,0.485
4,10.7,1.2,9.4,0.82,437.3,449.0,3.4,65.0,0.6089,0.3708,34.4,2823.6,0.7881,930.0,0.5717,0.5,106.93,0.0799,5.37,13.3,3.0,15.393816120463352,9.24,11.58,18.4,963.0,10.66,0.434
3,6.9,-4.8,11.7,1.49,467.1,460.8,3.2,59.0,0.4918,0.2418,20.4,2756.5,1.0,1125.0,0.3895,0.5,198.55,0.1551,4.0,12.0,3.0,21.62621007461253,6.88,16.42,19.0,795.0,9.5,0.483
1,-3.8,-14.3,10.6,1.29,331.2,326.0,1.9,52.0,0.4341,0.1884,-9.9,1725.4,0.6658,833.0,0.4655,0.5,614.45,0.0349,4.28,11.3,1.0,8.773213269633832,7.36,7.71,16.5,795.0,8.58,0.458
1,0.9,-11.1,12.0,1.03,325.1,320.5,2.6,25.0,0.2068,0.0428,1.1,806.7,0.5976,778.0,0.3009,0.5,404.15,0.0044,4.2,7.1,2.0,14.944881962163423,7.23,11.69,18.2,795.0,8.13,0.369
2,6.6,-6.9,13.5,0.61,254.7,250.4,2.1,49.0,0.4077,0.1662,16.2,1246.2,0.6977,858.0,0.4611,0.5,206.78,0.2381,5.13,7.5,1.0,15.72894735411897,8.83,12.95,19.4,795.0,8.55,0.455
2,-0.6,-11.5,10.9,0.73,450.3,446.4,3.1,41.0,0.3457,0.1195,-1.3,1868.4,0.3463,577.0,0.3774,0.5,467.88,0.1375,5.4,15.5,2.0,9.448315338856057,9.29,7.36,20.0,795.0,7.21,0.464
2,1.1,-10.9,12.0,0.63,476.3,483.3,1.5,16.0,0.1324,0.0175,0.9,757.0,0.6935,855.0,0.3815,0.5,396.24,0.2228,3.1,13.5,4.0,11.955636070937464,5.33,8.32,21.5,795.0,7.3,0.358
2,0.3,-13.1,13.4,0.99,250.9,257.1,3.9,59.0,0.4936,0.2437,0.8,1486.0,0.4078,626.0,0.6287,0.5,429.3,0.0127,5.9,11.0,3.0,14.424115782628746,10.15,10.54,18.3,795.0,10.2,0.474
1,0.7,-7.4,8.1,1.05,397.6,407.1,3.2,63.0,0.5254,0.276,2.2,2506.9,0.4669,674.0,0.5607,0.5,412.09,0.0024,5.9,13.2,2.0,7.2509024374156725,10.15,5.81,16.1,795.0,9.22,0.4
2,2.2,-10.0,12.3,1.77,377.3,369.6,1.8,21.0,0.1744,0.0304,2.3,789.7,0.5266,721.0,0.3375,0.5,352.42,0.4431,4.54,7.3,3.0,17.002842108644757,7.81,12.57,17.3,795.0,7.06,0.315
11,8.4,-3.9,12.4,1.74,255.4,257.2,0.7,27.0,0.2228,0.0496,11.3,682.7,0.5792,763.0,0.5047,0.5,157.51,0.4053,5.83,15.0,1.0,16.864941319785263,10.03,13.71,15.7,795.0,6.93,0.337
12,0.8,-12.0,12.8,1.17,180.7,176.1,2.3,40.0,0.3337,0.1114,1.6,723.6,0.7196,876.0,0.4632,0.5,408.35,0.005,4.9,14.0,1.0,10.79301316786821,8.43,9.27,16.3,795.0,8.19,0.356
3,5.1,-6.9,12.0,1.1,379.4,386.1,3.4,18.0,0.1505,0.0227,4.6,685.4,0.9686,1075.0,0.4077,0.5,252.42,0.0,5.7,10.0,2.0,15.362927279963056,9.81,12.3,18.9,795.0,7.55,0.369
4,16.0,6.3,9.6,0.97,535.9,516.0,1.9,23.0,0.4129,0.1705,18.0,1212.0,0.7274,882.0,0.4334,0.5,25.46,0.0174,4.81,9.0,4.0,9.195234065653143,8.28,6.28,19.6,2633.8,7.9,0.477
1,-2.3,-13.4,11.1,0.59,310.7,305.9,4.0,65.0,0.5412,0.2929,-7.5,2017.7,0.5418,733.0,0.6567,0.5,542.8,0.2642,4.49,16.5,2.0,13.747166950637471,7.73,10.74,18.4,795.0,10.48,0.484
3,9.3,-2.7,12.0,0.71,406.1,415.8,1.1,10.0,0.0867,0.0075,4.8,422.4,0.2996,540.0,0.2549,0.5,136.86,0.1553,4.4,13.5,3.0,16.49883818648675,7.57,12.01,20.3,795.0,6.32,0.314
12,1.8,-8.1,10.0,1.32,151.5,148.5,1.8,45.0,0.3722,0.1386,4.1,676.5,0.8076,946.0,0.3821,0.5,367.24,0.0482,5.2,8.0,2.0,12.499062127612227,8.95,10.02,13.2,795.0,8.96,0.342
1,0.3,-13.6,13.9,1.56,232.4,238.1,1.8,23.0,0.1928,0.0372,0.4,537.8,0.8846,1008.0,0.4407,0.5,428.2,0.2083,3.7,11.0,1.0,10.398235503106314,6.37,9.11,17.0,795.0,7.15,0.364
1,-2.7,-14.4,11.8,1.26,358.6,360.5,3.7,33.0,0.275,0.0756,-4.4,1183.5,0.5518,741.0,0.2764,0.5,559.92,0.0268,5.88,11.5,1.0,16.24208286968118,10.12,13.22,17.9,795.0,8.03,0.305
2,0.7,-8.0,8.7,0.38,263.1,245.4,3.7,22.0,0.1804,0.0325,0.8,569.6,0.9362,1049.0,0.3579,0.5,410.24,0.5133,3.7,11.0,1.0,19.20859514260902,6.37,15.76,16.3,795.0,7.6,0.436
2,-0.1,-8.7,8.6,1.19,267.9,261.1,0.3,63.0,0.525,0.2756,-0.3,1687.4,0.6735,839.0,0.471,0.5,445.03,0.0083,5.0,7.7,2.0,15.208970638902471,8.6,11.95,14.2,795.0,8.69,0.462
2,6.8,-4.8,11.6,1.05,376.5,382.2,3.0,65.0,0.5388,0.2903,22.1,2434.7,0.6155,792.0,0.4978,0.5,200.25,0.0022,5.94,10.5,2.0,8.097505377939985,10.22,6.57,18.6,795.0,9.48,0.513
11,7.7,-3.6,11.3,1.08,384.6,381.3,1.2,36.0,0.3033,0.092,14.0,1399.9,0.7207,877.0,0.3484,0.5,177.25,0.0003,5.0,8.7,2.0,15.367462783148552,8.6,12.1,18.4,795.0,7.08,0.267
4,14.9,5.7,9.3,1.43,543.8,553.1,1.7,53.0,0.871,0.7587,39.3,2861.9,0.6496,820.0,0.6819,0.5,36.84,0.1083,5.33,12.0,1.0,20.945865589084804,9.17,16.83,18.3,1733.5,10.3,0.556
2,5.2,-7.9,13.1,1.67,318.3,327.4,1.4,63.0,0.527,0.2778,16.4,2013.1,0.6116,789.0,0.562,0.5,250.42,0.3263,4.13,11.0,2.0,16.346070187568873,7.11,12.75,17.3,795.0,8.88,0.502
4,13.7,4.0,9.6,0.95,416.8,409.6,0.6,53.0,0.7687,0.5909,36.3,2211.4,0.6268,801.0,0.7051,0.5,53.39,0.0224,4.1,11.6,3.0,13.310274109747834,7.05,9.88,17.9,1526.2,9.88,0.478
1,2.3,-8.4,10.7,1.56,279.6,281.2,3.9,60.0,0.4977,0.2477,6.8,1670.1,0.8683,995.0,0.516,0.5,350.6,0.2112,5.7,13.0,2.0,16.21703311783439,9.81,12.86,15.2,795.0,10.87,0.551
11,5.2,-6.7,11.9,1.01,377.4,374.7,0.4,41.0,0.3445,0.1187,10.8,1560.4,0.5194,715.0,0.4892,0.5,249.32,0.0084,5.6,8.6,1.0,10.922469890788436,9.64,9.21,18.9,795.0,6.88,0.394
2,-2.7,-13.7,10.9,1.18,448.2,442.5,1.1,56.0,0.4648,0.216,-7.6,2499.8,0.8889,1011.0,0.3973,0.5,563.41,0.0069,4.6,11.4,4.0,17.0832190227473,7.91,12.32,18.8,795.0,8.48,0.454
12,0.9,-8.9,9.7,1.07,252.5,242.0,1.1,61.0,0.5055,0.2555,2.6,1531.6,0.572,758.0,0.6995,0.5,405.13,0.0012,6.62,14.0,4.0,13.716838745923825,11.39,9.55,15.2,795.0,9.6,0.592
3,3.7,-4.5,8.1,0.43,542.6,531.6,2.7,27.0,0.224,0.0502,4.9,1458.5,0.4346,648.0,0.3682,0.5,300.86,0.4436,3.7,10.0,1.0,18.760832704790687,6.37,15.02,19.8,795.0,7.73,0.519
12,0.4,-10.1,10.5,0.83,172.7,170.3,0.4,10.0,0.084,0.0071,0.2,174.0,0.7918,933.0,0.2418,0.5,424.59,0.0713,4.3,13.0,2.0,17.936912640178278,7.4,14.09,15.2,795.0,4.42,0.423
3,9.4,1.4,8.0,1.91,530.7,535.7,1.7,58.0,0.4816,0.232,27.2,3067.1,0.4625,670.0,0.5139,0.5,134.52,0.6564,5.7,11.0,1.0,10.978289854189052,9.81,9.2,15.9,795.0,9.57,0.403
1,-2.7,-15.3,12.6,1.38,315.6,304.6,2.8,30.0,0.2525,0.0638,-4.1,956.3,0.9094,1028.0,0.4739,0.5,561.54,0.0812,5.54,7.3,2.0,16.058157555252578,9.53,12.77,17.6,795.0,8.43,0.449
3,7.0,-1.2,8.2,1.87,513.3,508.6,1.6,47.0,0.3952,0.1562,16.6,2434.2,0.7547,904.0,0.3494,0.5,196.38,0.5924,4.15,7.5,2.0,11.982051435109163,7.14,9.59,15.9,795.0,7.63,0.5
3,5.6,-5.7,11.3,1.24,469.4,468.7,3.6,11.0,0.0912,0.0083,3.1,513.8,0.8771,1002.0,0.3488,0.5,237.08,0.0185,4.9,12.6,1.0,9.224820127086357,8.43,8.22,19.3,795.0,6.62,0.261
4,15.4,3.8,11.5,0.3,458.1,469.5,3.4,43.0,0.7381,0.5448,32.8,1958.8,0.6069,785.0,0.7174,0.5,31.85,0.64,4.2,9.0,1.0,14.267773665044704,7.23,11.79,21.6,3448.0,11.13,0.465
12,1.2,-7.5,8.8,0.9,267.2,251.4,0.0,30.0,0.2529,0.064,1.9,811.0,0.4476,658.0,0.3947,0.5,390.42,0.0397,5.7,11.1,1.0,15.041935250767976,9.81,12.24,15.1,795.0,7.83,0.495
3,9.2,-1.9,11.1,1.59,392.8,398.4,2.2,17.0,0.1445,0.0209,8.0,681.3,0.7132,871.0,0.2831,0.5,139.33,0.2429,3.1,8.0,2.0,11.357889815611477,5.33,9.09,17.1,795.0,6.17,0.342
1,0.0,-12.8,12.9,0.83,217.0,211.2,0.8,51.0,0.4286,0.1837,0.0,1116.0,0.596,777.0,0.5115,0.5,440.93,0.0744,5.9,9.0,1.0,15.793496483956707,10.15,12.92,17.8,795.0,9.17,0.49
1,0.9,-7.6,8.4,0.68,275.0,271.2,2.7,23.0,0.1888,0.0356,1.0,623.0,0.8291,963.0,0.3491,0.5,405.48,0.1777,4.3,14.6,1.0,16.832562865718078,7.4,13.89,15.5,795.0,7.79,0.363
4,13.4,4.0,9.4,0.54,627.1,633.1,0.9,27.0,0.3754,0.141,18.0,1691.4,0.7948,936.0,0.5123,0.5,58.49,0.3111,4.4,12.0,3.0,17.34191592745107,7.57,13.04,21.9,2742.1,7.27,0.443
2,0.2,-10.4,10.6,1.22,351.9,336.2,0.8,36.0,0.3006,0.0904,0.3,1269.5,0.5205,716.0,0.3291,0.5,434.63,0.0146,5.65,13.5,2.0,19.074901616081167,9.72,14.72,17.0,795.0,8.5,0.447
11,10.9,-0.0,10.9,1.05,274.9,257.7,2.2,42.0,0.4073,0.1659,22.7,1147.2,0.8021,942.0,0.3578,0.5,102.86,0.0022,4.05,8.1,2.0,9.434034708280791,6.97,7.72,16.5,901.4,9.14,0.467
2,2.5,-5.9,8.3,1.53,491.7,496.7,3.1,61.0,0.5061,0.2561,7.5,2986.2,0.8247,960.0,0.6467,0.5,343.09,0.1854,4.3,11.0,1.0,18.239769005086004,7.4,14.94,16.5,795.0,9.27,0.423
4,13.9,3.3,10.6,1.17,568.7,575.8,2.2,25.0,0.3754,0.1409,17.6,1445.4,0.49,692.0,0.4665,0.5,50.96,0.0047,5.08,13.2,1.0,15.973292361466886,8.74,12.97,20.4,795.0,7.24,0.495
2,1.6,-6.5,8.1,0.33,341.7,334.5,2.1,26.0,0.2147,0.0461,2.1,880.4,0.5274,722.0,0.2745,0.5,375.78,0.5968,3.9,5.6,2.0,13.888405390579718,6.71,10.84,17.1,795.0,7.53,0.467
11,11.9,1.1,10.8,1.18,321.6,325.5,2.1,36.0,0.4103,0.1684,21.3,1150.4,0.682,846.0,0.4955,0.5,83.12,0.0071,6.4,11.8,3.0,13.556463556194192,11.01,10.11,16.8,1198.4,9.55,0.447
1,-3.1,-13.9,10.8,1.04,272.8,278.1,0.2,15.0,0.1275,0.0163,-2.4,417.5,0.6975,858.0,0.2728,0.5,581.61,0.0037,3.2,7.5,4.0,11.596492878107075,5.51,8.06,16.4,795.0,6.32,0.332
4,12.7,-1.2,13.9,1.62,439.2,447.1,3.4,65.0,0.8265,0.6831,40.9,2833.4,0.7798,924.0,0.6829,0.5,69.1,0.2674,4.3,10.7,1.0,12.027485786739062,7.4,10.24,19.9,2035.9,12.5,0.549
1,1.8,-10.1,11.9,0.65,241.9,252.4,2.1,42.0,0.3525,0.1243,3.9,1023.4,0.7303,884.0,0.4878,0.5,367.04,0.2024,5.28,14.0,2.0,12.51604880279177,9.09,9.97,17.8,795.0,8.71,0.526
2,3.8,-9.7,13.5,1.7,358.7,359.3,2.9,39.0,0.3282,0.1077,7.5,1412.8,0.6717,837.0,0.3702,0.5,295.17,0.3592,4.51,10.5,1.0,16.84119357472296,7.76,13.77,18.3,795.0,8.4,0.542
1,1.6,-8.3,10.0,1.34,223.8,214.2,1.2,46.0,0.381,0.1452,3.7,1023.3,0.455,664.0,0.3854,0.5,375.31,0.0595,3.76,11.0,4.0,13.69953066205008,6.47,9.44,14.3,795.0,8.96,0.384
2,6.4,-2.8,9.2,0.81,319.1,332.4,3.0,58.0,0.4859,0.2361,18.8,1860.9,0.598,778.0,0.4809,0.5,212.19,0.0842,5.95,10.3,1.0,17.73155395894199,10.24,14.38,16.5,795.0,9.62,0.561
12,1.9,-10.6,12.4,1.1,295.6,306.5,1.5,16.0,0.1365,0.0186,1.5,484.4,0.7415,893.0,0.2861,0.5,365.67,0.0,5.5,12.0,1.0,12.868035844361621,9.46,10.84,17.9,795.0,6.7,0.517
11,9.4,-1.5,10.9,1.16,372.9,377.3,0.3,27.0,0.2214,0.049,12.5,990.6,0.8703,996.0,0.3368,0.5,134.81,0.0035,5.7,15.3,4.0,16.14986987301304,9.81,11.61,17.7,795.0,6.45,0.381
1,-0.8,-9.3,8.5,1.14,313.1,328.0,2.6,54.0,0.4488,0.2014,-2.2,1686.0,0.5428,734.0,0.5175,0.5,476.01,0.0015,5.6,14.0,3.0,12.28790610880289,9.64,9.05,14.9,795.0,8.85,0.378
1,0.8,-7.8,8.7,0.83,278.7,274.5,3.5,47.0,0.3928,0.1543,2.0,1313.6,0.6854,848.0,0.3877,0.5,406.61,0.0732,4.2,11.2,2.0,13.002294853681768,7.23,10.3,15.4,795.0,9.27,0.446
2,2.1,-10.5,12.6,0.82,419.2,407.3,3.7,61.0,0.5084,0.2584,6.5,2557.2,0.655,824.0,0.5777,0.5,355.89,0.0772,7.2,10.0,2.0,18.195431063103854,12.39,14.17,20.6,795.0,9.84,0.455
4,14.5,3.8,10.7,1.56,454.4,453.4,3.0,62.0,0.9727,0.9462,44.6,2804.3,0.2654,512.0,0.8078,0.5,42.82,0.2147,4.9,13.0,1.0,17.246326576844723,8.43,13.75,17.7,1677.2,12.43,0.57
11,8.9,-4.9,13.7,0.82,408.4,410.5,0.3,51.0,0.4227,0.1787,22.4,2071.6,0.554,743.0,0.3889,0.5,147.59,0.0773,3.7,12.0,3.0,14.06799718585442,6.37,10.39,21.4,795.0,8.14,0.371
4,10.4,1.8,8.5,1.22,503.1,505.9,3.2,24.0,0.2119,0.0449,12.3,1192.0,0.7702,916.0,0.4113,0.5,113.08,0.014,3.5,12.1,2.0,13.65674033115238,6.02,10.86,17.6,795.0,6.8,0.407
12,3.0,-8.7,11.7,1.1,389.9,399.3,0.4,24.0,0.1998,0.0399,3.6,934.5,0.7556,904.0,0.388,0.5,324.68,0.0,5.9,8.8,4.0,14.666971834647686,10.15,10.4,18.8,795.0,6.91,0.409
1,-2.7,-16.0,13.3,0.3,226.9,231.4,2.4,47.0,0.3928,0.1543,-6.3,1069.4,0.6193,795.0,0.4643,0.5,559.86,0.64,4.7,11.0,1.0,12.869564251241805,8.09,10.75,19.6,795.0,9.28,0.439
4,9.9,-2.4,12.4,1.61,591.9,607.9,2.1,21.0,0.1728,0.0299,10.3,1227.7,0.7305,884.0,0.359,0.5,122.83,0.2585,6.35,14.0,3.0,13.419400961798173,10.93,10.05,21.0,795.0,5.49,0.332
3,7.6,-2.1,9.7,1.21,398.8,399.2,3.8,36.0,0.3041,0.0925,13.8,1455.3,0.6903,852.0,0.4415,0.5,180.56,0.0117,4.57,16.0,4.0,14.227215493354162,7.86,10.02,17.0,795.0,8.23,0.448
2,0.3,-12.6,13.0,0.65,441.6,438.1,0.8,45.0,0.3763,0.1416,0.7,1994.3,0.7215,877.0,0.3926,0.5,427.52,0.2053,5.35,9.5,2.0,18.22622312166603,9.21,14.25,21.7,795.0,7.1,0.468
12,2.2,-8.7,10.9,1.04,274.6,292.6,1.1,27.0,0.2253,0.0507,2.9,742.3,0.7007,861.0,0.4473,0.5,355.18,0.0037,5.2,8.3,2.0,9.492618226407902,8.95,7.68,16.5,795.0,6.65,0.451
3,6.5,-4.8,11.3,1.34,450.8,430.7,0.3,19.0,0.1565,0.0245,6.1,846.9,0.5806,765.0,0.2379,0.5,210.43,0.0592,4.1,10.2,3.0,14.115212384209123,7.05,10.45,18.7,795.0,5.83,0.308
1,0.1,-11.2,11.2,0.99,253.6,243.7,3.7,55.0,0.4604,0.2119,0.2,1400.9,0.5355,728.0,0.5527,0.5,438.52,0.0117,4.3,9.5,3.0,13.059661411467156,7.4,9.62,16.6,795.0,8.3,0.489
1,-6.6,-14.7,8.1,1.49,133.6,132.4,2.3,39.0,0.3277,0.1074,-13.0,525.3,0.8539,983.0,0.4975,0.5,762.8,0.1514,3.7,11.0,2.0,10.322344729455946,6.37,8.42,11.0,795.0,7.36,0.23
2,-0.9,-10.6,9.6,0.3,442.6,434.9,1.9,43.0,0.3615,0.1307,-2.0,1919.9,0.5807,765.0,0.4911,0.5,480.77,0.64,4.6,12.5,2.0,15.996372152907608,7.91,12.46,19.9,795.0,8.81,0.46
4,17.2,5.6,11.5,0.61,486.0,484.9,2.4,22.0,0.4479,0.2006,18.9,1071.3,0.6056,785.0,0.3901,0.5,14.5,0.2388,5.24,16.5,4.0,21.641967069306908,9.02,15.52,21.3,1491.6,8.17,0.435
11,7.8,-2.8,10.7,1.33,308.1,326.1,3.8,12.0,0.1026,0.0105,4.8,379.4,0.9552,1064.0,0.4108,0.5,174.01,0.0515,4.3,10.0,3.0,9.136419325951284,7.4,7.02,16.1,795.0,8.58,0.365
4,12.2,-0.5,12.7,0.75,494.7,511.6,1.2,49.0,0.5825,0.3393,29.6,2408.0,0.6638,831.0,0.6382,0.5,77.79,0.1251,4.29,9.0,4.0,15.26131815789374,7.38,10.78,22.0,1009.5,9.13,0.349
4,16.8,6.8,10.1,1.39,424.5,431.6,3.6,46.0,0.9097,0.8275,38.8,1962.6,0.3407,573.0,0.7066,0.5,17.59,0.0868,5.16,7.5,1.0,15.184003008833967,8.88,12.26,17.2,3402.4,10.53,0.526
4,12.5,0.9,11.6,0.94,497.8,494.6,1.2,58.0,0.7324,0.5364,36.6,2905.3,0.5214,717.0,0.6578,0.5,71.75,0.0247,5.8,18.5,3.0,14.115936584721197,9.98,10.4,20.7,1559.2,8.82,0.455
4,10.7,-2.4,13.0,1.41,534.1,537.0,3.1,48.0,0.4493,0.2019,25.4,2538.7,0.5521,742.0,0.4822,0.5,106.67,0.0932,3.7,14.5,3.0,21.707123104915485,6.37,16.12,21.2,795.0,8.98,0.43
3,5.3,-6.5,11.8,0.88,391.7,384.3,1.5,15.0,0.1261,0.0159,4.0,592.5,0.7136,871.0,0.1655,0.5,246.48,0.049,5.89,11.0,2.0,15.716821681987403,10.13,12.36,19.5,795.0,7.1,0.505
4,13.5,4.7,8.8,1.38,568.0,584.0,3.7,35.0,0.4928,0.2429,23.4,1965.8,0.7451,896.0,0.5695,0.5,55.6,0.0803,4.0,11.0,4.0,18.082622161826766,6.88,12.96,18.4,1744.9,9.33,0.525
4,10.9,-0.5,11.5,1.32,544.3,530.9,4.0,38.0,0.3786,0.1433,21.0,2088.9,0.5635,751.0,0.4348,0.5,101.65,0.0499,4.0,9.5,3.0,16.218347185847943,6.88,12.01,20.3,795.0,8.66,0.493
3,5.9,-6.8,12.8,1.68,402.1,393.5,3.9,19.0,0.1576,0.0249,5.6,760.7,0.7319,886.0,0.2286,0.5,226.93,0.3315,4.4,9.0,2.0,14.491419643932442,7.57,11.45,18.4,795.0,7.98,0.404
2,-0.6,-13.7,13.1,0.69,377.1,376.5,3.4,14.0,0.1145,0.0131,-0.4,518.1,0.6152,792.0,0.2727,0.5,465.76,0.167,3.9,9.7,1.0,16.04611558417856,6.71,13.13,20.7,795.0,8.17,0.415
11,7.2,-1.4,8.5,1.74,322.6,327.7,1.4,41.0,0.3443,0.1186,14.8,1333.1,0.5919,774.0,0.4423,0.5,191.22,0.4101,5.14,13.5,4.0,13.282171205539093,8.84,9.24,13.6,795.0,7.4,0.489
2,3.5,-7.1,10.7,0.96,271.2,278.9,2.2,27.0,0.229,0.0524,4.9,745.1,0.7072,866.0,0.4409,0.5,304.61,0.02,3.4,11.7,3.0,17.61845547845085,5.85,13.18,16.5,795.0,6.81,0.344
3,8.8,-1.9,10.7,0.96,449.1,432.6,0.7,34.0,0.2792,0.0779,14.7,1504.7,0.8066,945.0,0.2222,0.5,149.85,0.0203,5.7,13.0,2.0,15.159041469798986,9.81,12.01,19.2,795.0,8.48,0.325
2,1.4,-10.7,12.0,0.46,322.0,332.3,1.8,28.0,0.2302,0.053,1.9,889.6,0.7497,900.0,0.3525,0.5,384.61,0.4039,5.3,8.5,3.0,17.554660039910218,9.12,13.17,19.6,795.0,6.32,0.313
3,7.2,-4.1,11.3,2.18,458.7,454.0,3.4,63.0,0.5229,0.2734,22.7,2878.1,0.5446,736.0,0.5813,0.5,189.8,1.1559,4.7,10.0,2.0,22.71952917292171,8.09,17.48,16.8,795.0,9.85,0.481
4,14.2,3.5,10.7,0.91,595.6,594.8,0.4,25.0,0.3817,0.1457,17.7,1481.0,0.5545,744.0,0.3426,0.5,46.09,0.0352,5.58,14.0,3.0,9.77974473247006,9.6,7.18,21.5,1643.0,7.08,0.421
12,-1.5,-13.1,11.6,0.64,243.2,238.9,0.2,15.0,0.126,0.0159,-1.1,367.7,0.6197,796.0,0.3199,0.5,505.02,0.214,6.9,16.3,2.0,17.102475724274626,11.87,13.32,17.6,795.0,6.33,0.382
3,5.9,-7.6,13.5,0.75,428.7,451.3,0.5,38.0,0.3172,0.1006,11.3,1631.8,0.5046,704.0,0.4564,0.5,227.34,0.1196,5.3,10.0,2.0,18.727131667402297,9.12,14.45,21.7,795.0,5.47,0.372
11,7.0,-1.9,8.9,1.08,268.1,256.5,0.4,54.0,0.4534,0.2056,19.1,1458.7,0.6302,804.0,0.4488,0.5,195.4,0.0002,4.1,9.6,2.0,15.995861626000163,7.05,12.5,14.7,795.0,9.91,0.456
3,7.8,-0.8,8.6,1.19,364.8,371.3,3.6,28.0,0.2314,0.0535,10.8,1013.0,0.328,562.0,0.3186,0.5,174.58,0.0073,3.86,13.5,1.0,16.990723615112962,6.64,13.61,15.7,795.0,8.62,0.43
1,-0.2,-9.6,9.4,0.79,256.4,273.7,3.7,45.0,0.3739,0.1398,-0.5,1150.2,0.3991,619.0,0.229,0.5,450.55,0.096,4.58,12.0,3.0,14.4513185860665,7.88,10.56,15.7,795.0,9.28,0.433
2,-2.5,-11.8,9.3,0.75,216.4,224.3,3.3,29.0,0.2409,0.058,-3.7,625.6,0.3839,607.0,0.2785,0.5,553.75,0.1242,5.91,12.0,2.0,16.812665299791817,10.17,12.92,15.1,795.0,9.09,0.434
1,-1.2,-9.8,8.5,0.91,311.6,309.5,3.4,17.0,0.1457,0.0212,-1.1,545.0,0.3619,590.0,0.4612,0.5,494.39,0.0355,3.7,14.5,3.0,15.019843169538,6.37,10.95,15.5,795.0,6.45,0.31
1,2.2,-7.4,9.6,0.98,254.4,282.3,3.7,17.0,0.1387,0.0192,1.9,423.3,0.6196,796.0,0.2838,0.5,351.79,0.0134,5.7,8.5,4.0,15.528748391100788,9.81,10.94,15.3,795.0,9.92,0.377
11,7.6,-5.5,13.1,0.92,408.9,413.3,3.1,15.0,0.121,0.0146,5.5,593.9,0.7283,883.0,0.1444,0.5,179.81,0.0321,5.14,13.5,2.0,12.382213746712996,8.84,9.87,20.6,795.0,7.3,0.363
3,8.2,-4.5,12.7,1.04,480.1,472.7,2.6,55.0,0.4624,0.2138,22.8,2664.3,0.7063,865.0,0.4875,0.5,163.21,0.0032,5.35,16.0,2.0,13.530065171564162,9.21,10.71,21.0,795.0,8.03,0.444
12,0.8,-11.8,12.6,1.69,180.0,157.8,2.4,17.0,0.145,0.021,0.7,313.0,0.4463,657.0,0.3181,0.5,407.95,0.3429,3.54,13.5,2.0,16.89927507797001,6.09,13.03,14.8,795.0,8.23,0.432
3,7.0,-2.8,9.8,0.92,386.3,385.4,2.8,28.0,0.2348,0.0551,9.8,1088.3,0.5421,734.0,0.2804,0.5,197.0,0.0319,5.8,9.2,3.0,9.3955351926746,9.98,6.88,17.6,795.0,8.41,0.402
4,13.9,5.3,8.6,0.95,538.4,525.2,2.1,22.0,0.3222,0.1038,15.1,1167.3,0.5137,711.0,0.4225,0.5,50.2,0.0214,4.6,10.1,2.0,15.642112820826435,7.91,12.14,18.9,835.2,7.64,0.525
11,13.2,-0.1,13.3,0.3,300.1,311.5,2.8,44.0,0.6048,0.3658,29.2,1327.0,0.6065,785.0,0.6457,0.5,60.73,0.64,4.5,17.3,1.0,14.300738232002146,7.74,11.81,20.7,1547.0,9.75,0.525
4,15.9,7.6,8.3,0.67,520.9,524.4,3.7,39.0,0.7089,0.5025,31.0,2026.9,0.3953,616.0,0.5796,0.5,25.71,0.1885,5.5,14.0,2.0,16.392084827545276,9.46,12.61,19.1,1847.7,12.91,0.521
2,0.4,-10.7,11.1,1.28,323.5,320.6,0.5,11.0,0.0933,0.0087,0.2,362.3,0.6374,810.0,0.1493,0.5,423.97,0.0338,4.7,11.5,1.0,6.850802823753372,8.09,6.25,16.8,795.0,5.33,0.382
11,5.7,-7.2,13.0,1.45,338.8,350.3,3.2,59.0,0.4956,0.2456,17.0,2014.5,0.5058,705.0,0.5225,0.5,233.4,0.1192,3.6,10.3,1.0,16.321746866852095,6.19,13.25,18.1,795.0,8.82,0.386
3,8.2,-2.8,10.9,0.74,363.0,364.8,0.5,53.0,0.4441,0.1972,21.8,1934.2,0.7853,928.0,0.6326,0.5,164.1,0.1277,3.9,14.0,2.0,20.23796552186612,6.71,15.81,18.6,795.0,7.81,0.465
11,6.8,-3.1,9.9,0.99,278.5,295.7,1.0,36.0,0.2973,0.0884,12.1,993.7,0.7522,902.0,0.4894,0.5,202.04,0.0114,3.23,6.6,2.0,9.499770630110255,5.56,7.73,15.9,795.0,6.57,0.373
11,10.8,-1.6,12.4,1.85,374.6,387.4,3.0,58.0,0.563,0.317,31.4,2170.5,0.7176,874.0,0.3912,0.5,103.42,0.5637,4.98,9.5,3.0,15.750393743734,8.57,11.79,17.2,1091.4,9.68,0.521
2,-1.6,-14.8,13.2,0.96,483.6,490.4,1.8,52.0,0.4336,0.188,-4.2,2516.0,0.6078,786.0,0.481,0.5,511.14,0.0206,10.86,14.0,3.0,5.623593050684882,18.69,4.1,21.7,795.0,8.35,0.312
11,11.0,1.2,9.8,1.34,257.1,257.1,3.9,51.0,0.5121,0.2623,28.2,1320.3,0.6085,787.0,0.4855,0.5,100.34,0.0595,5.45,11.7,2.0,25.0,9.38,19.24,14.6,1392.1,8.99,0.38
11,10.8,-1.7,12.5,1.36,323.6,321.5,1.4,40.0,0.3892,0.1515,21.8,1309.3,0.3444,576.0,0.4388,0.5,104.63,0.0699,5.8,11.0,2.0,17.650314487713167,9.98,13.51,17.8,795.0,8.66,0.501
12,5.3,-3.2,8.5,0.84,313.7,298.8,0.6,18.0,0.1519,0.0231,4.9,571.8,0.4164,633.0,0.3664,0.5,245.25,0.0675,3.2,13.5,1.0,9.908945965408744,5.51,8.36,15.7,795.0,6.64,0.373
1,-2.2,-11.2,9.0,1.3,262.9,250.1,4.0,64.0,0.5323,0.2833,-6.9,1679.4,0.7685,915.0,0.5061,0.5,536.95,0.0394,6.14,10.0,2.0,12.9313192945686,10.56,10.31,14.2,795.0,11.51,0.492
4,14.9,4.7,10.2,1.02,473.6,481.4,2.3,11.0,0.1865,0.0348,8.4,534.7,0.489,691.0,0.2952,0.5,37.06,0.0067,4.29,13.1,3.0,6.2264815995596665,7.38,4.46,19.0,1307.5,7.09,0.445
12,-0.1,-10.2,10.1,1.03,188.1,200.7,3.6,61.0,0.5105,0.2607,-0.4,1152.2,0.4173,634.0,0.6462,0.5,446.33,0.0043,5.8,11.0,1.0,16.38777341002035,9.98,13.22,14.6,795.0,8.83,0.483
3,9.6,-3.8,13.4,0.89,377.9,377.9,1.9,27.0,0.2244,0.0504,13.0,1017.9,0.6638,831.0,0.4805,0.5,129.22,0.0445,4.3,12.5,1.0,20.310597496788244,7.4,16.36,20.5,795.0,6.01,0.371
11,8.7,-0.5,9.2,2.0,303.4,304.2,1.8,18.0,0.1475,0.0217,7.7,536.9,0.5135,711.0,0.4763,0.5,152.04,0.8079,6.8,15.7,2.0,16.6652242493908,11.7,12.91,13.2,795.0,6.33,0.346
4,14.1,1.1,12.9,0.86,571.6,556.2,0.8,20.0,0.2965,0.0879,13.8,1120.2,0.7081,866.0,0.3606,0.5,47.92,0.0576,5.91,10.5,1.0,16.598628876479687,10.17,13.62,23.1,1165.6,7.26,0.426
1,0.0,-8.0,8.0,1.23,344.1,335.6,0.4,15.0,0.1218,0.0148,0.0,503.1,0.5473,738.0,0.1965,0.5,439.92,0.0164,4.3,14.0,4.0,15.615288012555354,7.4,10.95,14.8,795.0,6.15,0.375
2,3.8,-9.4,13.2,1.07,228.4,216.5,2.4,21.0,0.1767,0.0312,4.0,484.4,0.5355,728.0,0.2792,0.5,295.94,0.0007,5.2,15.2,3.0,3.197964309069075,8.95,2.23,17.6,795.0,7.01,0.427
1,1.6,-8.3,10.0,1.24,228.4,246.5,3.8,12.0,0.101,0.0102,1.0,276.7,0.8568,985.0,0.3786,0.5,374.78,0.0207,4.1,13.1,2.0,11.226314760684307,7.05,9.11,14.6,795.0,7.17,0.353
3,6.4,-7.1,13.5,1.41,426.6,418.2,3.4,57.0,0.4759,0.2264,18.2,2435.8,0.6809,845.0,0.4702,0.5,213.97,0.0977,5.1,13.0,1.0,10.307953633232406,8.78,8.88,19.9,795.0,10.38,0.467
3,7.7,-4.6,12.3,1.29,482.0,478.2,3.8,30.0,0.2485,0.0618,11.5,1437.2,0.7021,862.0,0.5265,0.5,176.52,0.0348,5.8,8.0,4.0,14.404400867929677,9.98,10.16,20.1,795.0,7.96,0.455
11,11.1,-0.5,11.5,1.31,362.8,359.6,2.3,58.0,0.5884,0.3462,32.2,2115.0,0.6872,850.0,0.6481,0.5,98.9,0.044,5.5,9.0,2.0,12.311912418976526,9.46,9.78,17.7,795.0,9.19,0.469
11,8.0,-4.3,12.3,0.3,282.2,282.4,2.5,17.0,0.1422,0.0202,6.8,481.5,0.5447,736.0,0.3536,0.5,169.6,0.64,2.6,8.0,4.0,9.535047157305389,4.47,6.39,19.6,795.0,6.47,0.368
3,9.4,-3.9,13.4,0.41,500.3,516.0,2.6,40.0,0.3369,0.1135,19.1,2022.4,0.7563,905.0,0.4288,0.5,133.65,0.477,5.1,13.0,1.0,8.536734894389037,8.78,7.61,23.5,795.0,8.39,0.495
4,11.9,-0.8,12.7,1.61,481.9,469.6,3.3,51.0,0.5836,0.3406,30.3,2457.3,0.3387,571.0,0.5091,0.5,83.42,0.2587,4.32,12.8,1.0,13.149003293051603,7.43,10.73,19.6,795.0,10.62,0.54
1,-3.7,-16.3,12.6,1.58,253.5,253.9,1.0,37.0,0.3122,0.0974,-6.9,949.5,0.7206,876.0,0.37,0.5,608.63,0.2269,4.2,9.0,1.0,12.39760707141185,7.23,10.47,16.2,795.0,9.26,0.449
1,2.8,-9.8,12.6,1.21,249.5,248.1,0.3,21.0,0.1783,0.0318,3.0,533.7,0.586,769.0,0.3558,0.5,331.97,0.0122,5.74,15.5,3.0,9.352429007796928,9.88,6.88,17.1,795.0,6.5,0.32
1,3.6,-5.1,8.7,1.0,239.6,231.1,0.4,59.0,0.4953,0.2454,10.6,1424.5,0.3965,617.0,0.3839,0.5,304.25,0.0096,4.01,13.2,2.0,12.715222750040207,6.9,9.85,14.4,795.0,9.25,0.526
1,-3.9,-14.0,10.0,0.84,405.4,419.1,2.6,32.0,0.2695,0.0726,-6.4,1311.0,0.759,907.0,0.4089,0.5,621.59,0.066,4.83,6.5,2.0,13.270251948594384,8.31,10.56,18.3,795.0,9.05,0.429
3,6.9,-6.3,13.2,0.62,414.2,410.1,2.8,43.0,0.3564,0.127,14.8,1771.8,0.7319,885.0,0.4197,0.5,198.18,0.2313,5.6,11.5,2.0,13.751904681811983,9.64,10.9,21.6,795.0,9.05,0.513
1,-7.9,-19.6,11.7,0.67,185.9,172.0,2.9,30.0,0.2497,0.0623,-11.8,557.0,0.559,747.0,0.4786,0.5,832.72,0.1886,3.5,12.0,2.0,10.145258654232826,6.02,8.06,16.8,795.0,6.35,0.378
2,1.4,-11.1,12.4,1.22,317.3,323.9,0.7,48.0,0.3992,0.1594,3.2,1520.3,0.4581,666.0,0.5419,0.5,386.09,0.015,4.8,10.5,2.0,12.075496932662471,8.26,9.42,17.9,795.0,6.54,0.438
12,2.9,-6.5,9.4,1.71,200.1,197.2,0.5,13.0,0.1076,0.0116,1.8,258.5,0.6692,835.0,0.1976,0.5,328.89,0.3755,5.0,18.0,2.0,11.97750876755864,8.6,9.52,12.5,795.0,4.96,0.342
2,-1.1,-10.5,9.4,0.86,377.2,361.6,0.5,50.0,0.4178,0.1745,-2.8,1890.7,0.8003,940.0,0.4183,0.5,488.53,0.0565,6.3,8.0,2.0,11.653517340638608,10.84,9.38,17.3,795.0,6.78,0.402
2,-1.3,-10.2,8.9,1.97,422.7,422.9,1.8,38.0,0.3193,0.1019,-2.4,1619.7,0.6824,846.0,0.604,0.5,496.2,0.7527,3.4,10.5,4.0,13.132688476912254,5.85,9.2,14.8,795.0,7.99,0.437
4,12.1,-1.2,13.3,0.67,489.6,486.4,0.9,65.0,0.764,0.5837,39.1,3162.1,0.4727,678.0,0.7504,0.5,79.26,0.1862,4.7,13.0,2.0,8.633179261275568,8.09,6.85,22.6,1619.2,8.52,0.635
1,-4.7,-13.8,9.1,1.22,221.0,224.9,1.7,39.0,0.3228,0.1042,-9.1,855.9,0.8327,966.0,0.4427,0.5,661.5,0.0138,5.42,5.0,3.0,15.676713427850176,9.33,11.82,13.9,795.0,9.04,0.449
1,-1.7,-11.4,9.7,1.18,209.8,193.3,3.7,12.0,0.1031,0.0106,-1.1,259.6,0.5567,745.0,0.2766,0.5,515.97,0.0069,5.9,10.6,2.0,15.243957637073764,10.15,11.88,14.2,795.0,7.62,0.401
11,10.8,-2.1,12.9,1.13,327.8,332.1,3.3,40.0,0.3909,0.1528,21.8,1325.2,0.5005,700.0,0.2932,0.5,104.02,0.0008,5.1,7.0,4.0,15.117598599922275,8.78,10.54,18.7,795.0,9.37,0.425
1,-0.6,-10.3,9.7,0.74,293.9,306.9,3.9,54.0,0.4511,0.2035,-1.7,1591.2,0.6709,837.0,0.4974,0.5,467.01,0.1306,4.0,8.0,1.0,13.810168905732402,6.88,11.49,16.6,795.0,8.94,0.437
4,15.1,6.8,8.3,1.17,476.9,473.2,1.9,52.0,0.875,0.7656,39.2,2472.4,0.5813,765.0,0.833,0.5,34.48,0.0048,5.9,9.0,1.0,13.10708484899085,10.15,10.9,17.2,1761.0,11.47,0.429
12,3.1,-5.0,8.2,1.42,243.3,254.8,2.1,25.0,0.2124,0.0451,4.0,620.0,0.5034,703.0,0.4044,0.5,319.7,0.1008,6.44,12.0,4.0,11.3667001917057,11.08,7.73,12.9,795.0,6.62,0.442
12,5.3,-6.8,12.1,1.19,331.8,320.8,0.9,35.0,0.2912,0.0848,9.2,1159.5,0.5367,729.0,0.3828,0.5,247.73,0.0089,3.6,12.0,3.0,20.092496319624345,6.19,14.9,18.0,795.0,7.44,0.401
4,13.3,1.1,12.1,1.49,492.4,505.1,3.0,52.0,0.7128,0.5081,34.3,2552.2,0.6386,811.0,0.6941,0.5,60.04,0.15,3.8,10.0,2.0,10.268177526164248,6.54,8.21,19.7,2670.1,10.44,0.528
1,-2.4,-13.1,10.7,1.37,288.5,289.7,3.3,51.0,0.4243,0.18,-6.1,1468.7,0.6368,809.0,0.5535,0.5,546.81,0.0739,5.3,12.0,2.0,15.483638609464915,9.12,12.12,15.8,795.0,9.56,0.467
1,1.4,-12.3,13.7,1.33,288.0,284.3,3.9,33.0,0.2783,0.0774,2.4,961.9,0.6615,829.0,0.4282,0.5,382.23,0.0522,3.4,13.0,2.0,18.258362954496643,5.85,14.22,18.3,795.0,7.84,0.465
3,8.6,-4.6,13.3,1.35,412.3,419.2,3.9,24.0,0.1976,0.039,10.2,977.5,0.5115,709.0,0.3777,0.5,153.13,0.0636,5.2,10.0,3.0,15.044080555794004,8.95,11.09,19.7,795.0,9.51,0.474
11,10.2,-1.2,11.4,0.45,322.8,327.3,3.0,37.0,0.3173,0.1007,18.7,1183.2,0.7694,915.0,0.3098,0.5,116.75,0.4161,4.3,12.0,2.0,17.79692928300892,7.4,13.96,19.2,795.0,8.86,0.534
12,5.6,-7.0,12.5,1.77,227.0,222.8,2.4,21.0,0.1719,0.0296,5.7,468.2,0.8467,977.0,0.4307,0.5,238.07,0.4424,5.7,17.3,3.0,7.981753108797143,9.81,6.06,15.3,795.0,8.27,0.395
2,-0.6,-11.0,10.4,0.97,347.4,361.9,2.1,14.0,0.1201,0.0144,-0.4,500.9,0.5817,765.0,0.3099,0.5,466.26,0.0156,5.91,8.0,3.0,17.805717331124182,10.17,13.22,17.4,795.0,7.74,0.323
12,1.6,-7.3,8.8,1.09,341.4,332.9,2.9,46.0,0.3855,0.1486,3.6,1579.2,0.9158,1033.0,0.3862,0.5,377.77,0.0001,2.9,14.2,1.0,9.859288192261257,4.99,8.73,15.8,795.0,9.56,0.368
1,0.1,-11.1,11.1,1.05,280.0,278.6,3.4,40.0,0.3337,0.1114,0.1,1121.4,0.6609,829.0,0.4202,0.5,437.93,0.0024,5.38,13.0,3.0,10.955519578831652,9.26,8.15,16.8,795.0,8.53,0.475
4,16.3,7.9,8.4,0.88,529.5,538.0,0.8,34.0,0.6394,0.4089,27.7,1799.4,0.6009,781.0,0.6318,0.5,22.19,0.0496,4.9,11.0,3.0,10.443984440187242,8.43,7.71,18.8,2625.5,8.55,0.403
4,12.9,4.2,8.7,0.72,482.6,472.4,2.0,34.0,0.4507,0.2031,22.1,1659.8,0.7661,913.0,0.5252,0.5,66.23,0.1479,4.6,9.1,4.0,13.372066868994521,7.91,9.44,18.7,795.0,9.27,0.475
11,10.5,-1.4,11.9,1.17,428.6,431.6,0.1,49.0,0.455,0.207,26.0,2111.8,0.6401,812.0,0.5657,0.5,109.41,0.0045,3.64,10.0,2.0,13.777039809319326,6.26,10.84,19.3,795.0,8.11,0.382
12,0.7,-12.2,13.0,0.3,311.2,323.8,2.4,52.0,0.434,0.1884,1.9,1620.7,0.7508,901.0,0.4256,0.5,410.66,0.64,5.62,10.5,1.0,8.571967497695695,9.67,7.63,20.6,795.0,8.01,0.468
12,-3.7,-11.7,8.0,1.21,228.9,223.6,2.3,18.0,0.1537,0.0236,-3.4,422.2,0.8032,943.0,0.3764,0.5,607.89,0.0129,4.1,8.3,1.0,16.012687726258612,7.05,13.25,13.1,795.0,7.15,0.338
2,1.8,-8.8,10.7,0.3,446.5,451.2,1.3,53.0,0.4402,0.1938,4.9,2358.6,0.2992,539.0,0.5768,0.5,367.01,0.64,5.7,10.0,1.0,12.792583155548604,9.81,10.43,20.8,795.0,8.75,0.52
12,0.2,-13.4,13.6,1.4,180.8,186.4,2.0,29.0,0.2449,0.06,0.2,531.3,0.6237,799.0,0.382,0.5,434.12,0.0921,6.0,10.0,2.0,8.130307980085218,10.32,6.6,16.4,795.0,8.34,0.453
12,-0.6,-14.6,14.0,0.6,212.9,216.3,3.5,15.0,0.1268,0.0161,-0.4,324.0,0.6561,825.0,0.3028,0.5,465.82,0.2521,4.65,8.5,2.0,14.028346011734763,8.0,11.05,19.2,795.0,8.51,0.367
3,8.1,-5.4,13.5,1.01,406.2,397.3,3.6,42.0,0.3479,0.121,16.8,1695.7,0.634,807.0,0.5403,0.5,167.26,0.0082,4.1,12.0,1.0,7.907256013264344,7.05,7.04,20.7,795.0,7.94,0.449
4,16.5,6.3,10.2,1.0,569.2,560.6,2.3,41.0,0.7834,0.6137,33.7,2327.1,0.6578,826.0,0.8862,0.5,20.27,0.0094,3.85,13.5,4.0,13.681430568577753,6.62,9.59,20.5,3875.6,11.01,0.443
4,7.6,-5.4,12.9,1.11,401.9,398.8,0.4,19.0,0.1613,0.026,7.3,777.7,0.5606,749.0,0.3645,0.5,180.72,0.0002,5.93,7.4,1.0,15.085273895979697,10.2,12.36,19.9,795.0,5.66,0.344
1,1.8,-9.4,11.2,1.35,282.5,283.9,0.2,22.0,0.1812,0.0328,1.9,614.4,0.6886,851.0,0.3759,0.5,369.34,0.064,5.51,9.0,2.0,13.039934926494347,9.48,10.33,16.1,795.0,7.24,0.409
3,9.1,-4.8,14.0,0.91,469.6,465.5,3.8,56.0,0.4703,0.2212,25.8,2650.3,0.6011,781.0,0.472,0.5,140.56,0.0375,5.6,11.9,3.0,18.338279216519542,9.64,13.63,22.3,795.0,9.42,0.44
4,17.2,6.8,10.5,1.29,590.5,594.3,3.8,47.0,0.9643,0.9298,40.7,2791.7,0.8103,948.0,0.7606,0.5,14.16,0.0364,2.9,11.0,3.0,19.639229335354777,4.99,14.78,20.3,2396.4,13.67,0.508
4,11.5,3.3,8.3,1.07,479.0,462.2,0.9,19.0,0.2046,0.0418,10.8,898.5,0.7031,862.0,0.3246,0.5,89.44,0.0008,5.25,8.5,1.0,12.56860803135763,9.03,10.59,17.4,1167.3,8.59,0.398
2,2.7,-8.0,10.7,0.58,336.7,336.5,1.5,47.0,0.3895,0.1517,6.3,1573.7,0.611,789.0,0.5687,0.5,334.69,0.2666,4.0,13.5,4.0,18.190020998871045,6.88,12.93,18.4,795.0,8.81,0.379
12,1.9,-7.1,9.1,1.01,206.5,195.5,1.6,14.0,0.1174,0.0138,1.4,290.9,0.4433,655.0,0.2362,0.5,363.05,0.0081,5.0,14.0,3.0,13.786077549663013,8.6,10.09,14.1,795.0,6.61,0.337
3,5.3,-5.6,11.0,1.06,505.8,508.7,3.5,53.0,0.4446,0.1976,14.2,2698.6,0.7389,891.0,0.5728,0.5,245.87,0.0016,4.2,17.0,4.0,14.268307832770496,7.23,10.09,20.0,795.0,8.97,0.426
12,4.0,-6.1,10.1,0.9,326.5,337.6,1.3,11.0,0.0903,0.0082,2.2,353.9,0.5542,743.0,0.4366,0.5,289.38,0.0387,3.6,9.0,1.0,9.244060391989207,6.19,7.98,17.0,795.0,5.31,0.399
3,7.1,-3.0,10.1,0.82,376.5,380.2,1.7,49.0,0.4096,0.1678,17.5,1850.7,0.6841,847.0,0.4383,0.5,193.05,0.0774,6.0,10.0,2.0,18.69951356248159,10.32,14.57,18.0,795.0,7.02,0.363
4,12.5,4.0,8.5,1.96,514.7,500.7,2.7,64.0,0.7947,0.6316,39.8,3291.9,0.5143,711.0,0.5397,0.5,73.01,0.7443,5.5,14.1,1.0,7.460630151881416,9.46,6.61,15.9,1062.6,9.55,0.528
3,7.1,-2.8,9.9,1.12,397.3,393.5,0.7,21.0,0.173,0.0299,7.4,824.7,0.8057,945.0,0.1967,0.5,193.16,0.0006,5.1,8.5,1.0,12.693731175769644,8.78,10.76,17.4,795.0,5.61,0.456
12,-2.8,-14.9,12.1,1.39,222.5,223.5,3.8,21.0,0.1737,0.0302,-3.0,463.8,0.6991,859.0,0.2041,0.5,568.1,0.0847,4.6,16.2,4.0,8.567052357744402,7.91,5.78,15.8,795.0,8.86,0.415
4,17.3,6.3,11.0,1.36,444.2,440.7,2.1,59.0,1.0,1.0,50.9,2615.0,0.8262,961.0,0.8022,0.5,13.74,0.0677,5.4,12.3,4.0,9.04060055867042,9.29,6.24,18.3,3407.8,12.52,0.541
1,-2.8,-14.9,12.1,0.87,253.7,244.7,2.6,27.0,0.2249,0.0506,-3.8,684.9,0.7388,891.0,0.3421,0.5,568.34,0.0513,4.5,10.0,1.0,16.09521817378021,7.74,13.26,17.6,795.0,8.21,0.45
4,12.9,-0.8,13.7,1.34,503.2,513.0,2.9,47.0,0.6249,0.3905,30.5,2373.8,0.5756,760.0,0.5621,0.5,64.84,0.0584,4.3,14.8,2.0,13.056494132941905,7.4,10.25,21.5,1132.5,10.39,0.387
12,3.3,-9.0,12.2,1.6,351.8,356.7,3.6,15.0,0.1242,0.0154,2.4,524.5,0.579,763.0,0.2987,0.5,314.33,0.2452,4.6,11.0,1.0,20.267717910755792,7.91,16.26,17.4,795.0,7.33,0.311
1,-2.2,-13.3,11.1,1.46,355.7,358.8,1.9,47.0,0.392,0.1537,-5.3,1673.3,0.7532,903.0,0.4338,0.5,540.13,0.1279,4.53,13.0,2.0,14.92902390392318,7.79,11.8,16.8,795.0,9.06,0.466
12,-2.6,-11.5,8.9,1.8,368.4,367.8,2.5,42.0,0.3484,0.1214,-5.3,1540.1,0.4966,697.0,0.5195,0.5,554.62,0.4901,6.4,14.0,4.0,8.098443729540048,11.01,5.27,14.5,795.0,8.74,0.383
11,6.3,-5.4,11.6,1.86,289.5,300.1,3.8,57.0,0.4738,0.2245,17.8,1645.6,0.6414,813.0,0.4798,0.5,217.37,0.5821,4.52,7.1,2.0,12.99113161410384,7.78,10.26,15.3,795.0,8.91,0.399
12,2.8,-7.4,10.1,0.99,294.3,287.4,3.1,21.0,0.1748,0.0306,2.9,617.4,0.5385,731.0,0.4954,0.5,332.88,0.0128,5.7,10.0,3.0,15.050654809102666,9.81,11.12,16.3,795.0,7.1,0.387
3,4.3,-8.8,13.2,1.5,398.5,407.5,3.4,26.0,0.2207,0.0487,5.7,1055.3,0.8056,944.0,0.3097,0.5,277.53,0.1581,4.21,9.0,3.0,14.102159561658038,7.24,10.62,19.1,795.0,7.6,0.361
1,-7.3,-16.8,9.5,0.54,324.1,334.9,0.9,61.0,0.5091,0.2592,-22.2,1980.0,0.7639,911.0,0.6672,0.5,799.95,0.3134,6.0,12.5,1.0,15.829626528620063,10.32,13.08,17.4,795.0,8.7,0.414
4,11.9,-0.1,12.0,1.03,482.8,472.1,1.4,61.0,0.6979,0.487,36.1,2931.3,0.3962,617.0,0.6208,0.5,82.89,0.0052,4.1,11.3,1.0,9.15160286529991,7.05,7.78,20.6,1867.6,10.4,0.516
1,0.4,-8.4,8.8,1.16,165.3,171.9,3.5,50.0,0.4174,0.1742,1.0,827.8,0.647,818.0,0.558,0.5,424.09,0.0035,5.9,12.5,2.0,20.90597622199473,10.15,16.2,12.9,795.0,8.13,0.326
2,2.3,-11.0,13.3,1.22,332.3,326.1,2.7,26.0,0.2208,0.0487,3.0,880.4,0.6675,834.0,0.3558,0.5,350.17,0.0155,5.7,11.3,2.0,18.398925519635963,9.81,14.33,18.9,795.0,8.2,0.274
1,-2.9,-13.0,10.1,1.27,291.9,302.1,2.0,61.0,0.509,0.2591,-8.8,1782.9,0.7798,924.0,0.6574,0.5,570.3,0.0301,5.6,13.0,4.0,10.581012524363233,9.64,7.36,15.6,795.0,7.01,0.487
2,4.0,-4.6,8.6,1.54,346.4,339.8,2.7,51.0,0.4238,0.1796,10.1,1761.7,0.5611,749.0,0.5071,0.5,289.43,0.1927,6.3,14.5,2.0,18.659573178337865,10.84,14.44,14.5,795.0,8.86,0.343
1,-2.5,-13.5,11.0,0.8,327.8,331.6,2.3,43.0,0.3616,0.1307,-5.5,1422.2,0.5351,728.0,0.5877,0.5,553.81,0.0917,5.9,10.5,1.0,21.311710796256943,10.15,17.01,18.0,795.0,7.6,0.516
1,-0.6,-11.2,10.6,1.9,331.9,331.8,2.2,59.0,0.4922,0.2423,-1.7,1960.3,0.5977,778.0,0.5238,0.5,465.44,0.6367,5.7,11.8,2.0,12.239889766016365,9.81,9.66,15.0,795.0,6.73,0.453
4,12.6,1.6,11.0,1.85,473.1,466.8,1.9,55.0,0.6915,0.4781,34.5,2594.4,0.7351,888.0,0.6639,0.5,71.13,0.557,4.2,15.0,2.0,8.289156428232939,7.23,6.8,17.6,2524.6,11.64,0.489
2,1.1,-7.7,8.8,1.11,368.7,350.4,3.1,45.0,0.375,0.1407,2.5,1659.2,0.5231,718.0,0.3924,0.5,396.46,0.0001,7.6,14.0,4.0,13.206605821088113,13.08,9.12,16.1,795.0,8.57,0.395
3,3.8,-9.8,13.6,0.89,458.4,446.5,1.6,13.0,0.1089,0.0119,2.5,599.2,0.6427,814.0,0.3135,0.5,297.11,0.0451,5.93,10.7,2.0,15.654308177750792,10.2,12.25,21.8,795.0,6.41,0.338
3,10.6,1.2,9.4,0.75,325.4,318.3,2.9,53.0,0.4907,0.2408,28.0,1722.1,0.8432,975.0,0.3957,0.5,108.93,0.1195,7.0,10.0,3.0,13.914860038806752,12.04,10.51,16.8,795.0,10.34,0.456
4,13.1,4.6,8.4,0.83,524.7,532.8,0.4,15.0,0.1995,0.0398,9.7,778.6,0.8379,970.0,0.3813,0.5,62.96,0.0709,6.9,10.0,4.0,13.51757035663402,11.87,9.61,18.8,795.0,6.49,0.422
3,8.3,-4.3,12.6,0.9,444.4,435.5,2.1,60.0,0.5024,0.2524,25.1,2679.5,0.6732,839.0,0.552,0.5,160.49,0.0404,4.6,8.4,3.0,9.715999801423747,7.91,7.23,20.8,795.0,9.63,0.462
4,12.3,0.1,12.2,1.47,524.9,535.0,0.4,48.0,0.5871,0.3447,29.6,2523.9,0.5413,733.0,0.5306,0.5,75.23,0.1362,4.9,9.0,2.0,15.017131910532484,8.43,11.7,20.2,1340.2,9.22,0.531
4,14.6,4.3,10.3,1.39,463.5,473.6,1.2,47.0,0.7481,0.5596,34.1,2169.8,0.6313,805.0,0.6714,0.5,41.11,0.0827,4.2,12.5,4.0,15.134154496062278,7.23,10.66,18.0,1937.3,11.02,0.522
2,3.2,-5.8,8.9,0.9,397.8,395.2,2.3,40.0,0.3329,0.1108,6.3,1588.8,0.5383,731.0,0.3864,0.5,318.53,0.0391,3.7,10.1,1.0,16.60233185542291,6.37,13.48,17.2,795.0,8.11,0.472
2,5.4,-5.3,10.7,0.99,337.9,338.0,2.0,57.0,0.475,0.2256,15.3,1926.4,0.5996,780.0,0.5369,0.5,244.61,0.012,5.2,12.5,4.0,11.131298757389569,8.95,7.63,17.4,795.0,7.29,0.368
2,3.6,-9.5,13.1,1.56,257.4,248.0,3.2,35.0,0.2929,0.0858,6.4,904.8,1.0,1197.0,0.4741,0.5,301.27,0.2133,6.49,15.0,2.0,10.528214603589145,11.17,8.7,16.8,795.0,6.91,0.466
2,1.5,-11.6,13.1,1.32,306.3,299.2,3.4,54.0,0.4487,0.2014,4.2,1649.5,0.8277,962.0,0.6097,0.5,378.54,0.0493,6.2,8.0,1.0,10.795055620187759,10.67,9.36,18.1,795.0,8.26,0.468
3,7.7,-0.8,8.5,0.92,434.1,420.4,1.2,30.0,0.2503,0.0626,11.6,1303.7,0.7356,888.0,0.3777,0.5,175.82,0.033,4.81,13.5,3.0,21.677807834592137,8.28,16.25,17.3,795.0,6.91,0.258
11,9.2,-0.1,9.3,1.39,352.2,362.1,2.0,16.0,0.1332,0.0177,7.3,562.9,0.7732,919.0,0.2808,0.5,139.32,0.082,4.6,11.7,2.0,8.08130350621671,7.91,6.68,15.5,795.0,7.35,0.416
1,-1.0,-10.1,9.0,1.43,289.3,307.3,3.6,27.0,0.2254,0.0508,-1.4,782.4,0.7175,874.0,0.2963,0.5,485.63,0.1118,3.7,10.1,2.0,18.59530346184269,6.37,14.52,14.3,795.0,8.25,0.407
11,12.2,3.4,8.8,0.95,359.9,372.1,3.3,15.0,0.1734,0.0301,8.8,523.5,0.4985,699.0,0.2975,0.5,78.27,0.0235,5.67,10.0,2.0,9.994898028715461,9.76,7.89,16.3,795.0,8.17,0.309
4,14.8,6.4,8.3,0.78,485.1,473.6,3.2,22.0,0.3609,0.1303,16.4,1074.6,0.4447,656.0,0.4912,0.5,38.73,0.1011,5.9,10.1,2.0,14.465385717090255,10.15,11.2,18.3,1255.8,9.35,0.378
3,7.4,-1.9,9.3,0.66,472.0,464.3,4.0,41.0,0.3389,0.1149,15.0,1919.6,0.527,722.0,0.4977,0.5,185.95,0.1901,5.12,9.7,2.0,12.45437722466708,8.81,9.76,19.1,795.0,10.08,0.479
3,9.1,0.2,8.9,1.26,396.2,417.2,2.4,60.0,0.5037,0.2538,27.6,2394.8,0.8576,986.0,0.5385,0.5,141.04,0.0256,5.16,11.5,3.0,16.6232211506206,8.88,12.55,16.2,795.0,9.62,0.443
4,8.8,-1.3,10.0,1.5,466.6,451.5,2.2,28.0,0.2326,0.0541,12.2,1302.4,0.5206,716.0,0.3848,0.5,149.93,0.1584,4.36,13.5,2.0,12.933836483499775,7.5,10.12,17.6,795.0,6.8,0.297
1,3.9,-5.0,8.9,0.98,222.2,220.9,0.8,48.0,0.3989,0.1591,9.4,1063.6,0.6875,850.0,0.5091,0.5,291.56,0.0134,6.1,5.9,4.0,20.73108335359384,10.5,14.9,14.3,795.0,7.22,0.462
4,13.7,3.0,10.8,0.93,405.6,405.7,1.9,63.0,0.9132,0.8339,43.1,2541.1,0.6311,805.0,0.7779,0.5,52.63,0.028,4.2,11.0,2.0,24.59043170363329,7.23,18.95,18.7,2383.5,11.47,0.558
1,-3.6,-14.4,10.8,1.22,279.3,285.5,3.0,25.0,0.2073,0.043,-4.5,694.9,1.0,1204.0,0.4296,0.5,605.77,0.0136,2.9,13.5,1.0,15.157950669255005,4.99,12.77,16.1,795.0,8.0,0.439
4,13.2,4.0,9.2,1.74,530.0,525.5,0.8,56.0,0.7569,0.5729,36.6,2942.3,0.5315,725.0,0.8045,0.5,61.15,0.4051,5.25,13.4,2.0,14.904877456086838,9.03,11.6,17.3,2973.9,9.51,0.521
4,18.0,8.6,9.4,1.28,487.2,491.9,3.8,61.0,1.0,1.0,54.7,2958.2,0.6165,793.0,0.805,0.5,8.87,0.0338,3.8,10.0,3.0,8.949492047319183,6.54,6.61,17.9,3401.0,12.55,0.531
1,1.0,-9.5,10.6,0.55,231.4,248.5,3.4,27.0,0.2262,0.0512,1.4,628.0,0.9217,1037.0,0.4518,0.5,398.15,0.2971,4.3,10.7,3.0,12.479673505830744,7.4,9.5,16.8,795.0,8.32,0.403
11,2.5,-8.0,10.5,0.98,239.1,216.2,2.8,45.0,0.374,0.1398,5.6,1073.0,0.8633,991.0,0.519,0.5,341.93,0.0142,5.1,7.3,1.0,8.368304527701817,8.78,7.57,15.9,795.0,8.43,0.42
12,1.4,-7.9,9.3,0.72,215.1,218.7,3.7,62.0,0.5139,0.2641,4.3,1326.5,0.5439,735.0,0.6355,0.5,384.09,0.1468,6.19,12.4,1.0,13.938634653909878,10.65,11.49,15.1,795.0,10.19,0.434
12,0.4,-12.5,12.9,0.93,296.9,318.3,2.9,30.0,0.247,0.061,0.6,879.8,0.6725,838.0,0.4144,0.5,424.26,0.0299,3.8,10.0,1.0,17.00694005097305,6.54,13.89,18.7,795.0,7.23,0.368
11,5.3,-5.1,10.4,0.3,320.0,311.3,1.8,31.0,0.2607,0.068,8.2,1001.2,0.6773,842.0,0.2428,0.5,247.89,0.64,2.8,12.5,2.0,14.830510578356392,4.82,11.66,18.7,795.0,9.02,0.504
1,-2.8,-14.1,11.3,1.1,312.1,299.0,2.1,63.0,0.5218,0.2723,-8.8,1954.0,0.4519,662.0,0.4965,0.5,566.2,0.0,4.4,9.0,1.0,12.424417511904176,7.57,10.28,17.3,795.0,10.16,0.458
12,1.2,-11.5,12.7,1.27,271.0,275.5,1.9,29.0,0.2423,0.0587,1.8,787.7,0.6256,800.0,0.3013,0.5,391.48,0.0274,4.1,9.0,3.0,12.880526817667578,7.05,9.56,17.3,795.0,9.39,0.417
2,0.6,-11.6,12.2,1.81,343.1,356.4,0.5,47.0,0.3885,0.1509,1.5,1599.1,0.6244,799.0,0.5882,0.5,414.54,0.4976,3.32,12.5,3.0,14.15153619169655,5.71,10.51,16.7,795.0,7.7,0.447
3,8.5,-2.4,10.9,1.25,487.8,488.7,0.3,33.0,0.2756,0.076,14.0,1613.3,0.4918,693.0,0.4088,0.5,157.32,0.0229,5.1,9.0,2.0,15.944431580781949,8.78,12.35,19.2,795.0,8.3,0.328
4,8.6,-0.4,9.0,0.97,525.9,523.8,3.5,56.0,0.4636,0.2149,23.9,2925.7,0.4715,677.0,0.6663,0.5,153.79,0.0181,6.22,13.8,2.0,23.395796771011206,10.7,17.92,19.0,795.0,8.09,0.619
1,0.4,-12.6,12.9,0.36,250.7,232.6,0.6,61.0,0.5079,0.2579,1.1,1528.0,0.4921,694.0,0.4943,0.5,425.3,0.5427,5.2,15.0,2.0,9.85773694069618,8.95,7.79,19.5,795.0,8.08,0.374
3,8.3,-4.9,13.2,1.74,383.3,379.6,1.5,14.0,0.1132,0.0128,5.6,520.8,0.8914,1013.0,0.2154,0.5,162.12,0.4076,4.9,9.0,1.0,9.463434294931869,8.43,8.41,18.3,795.0,6.99,0.481
11,8.7,-2.6,11.3,0.98,239.9,255.2,0.2,33.0,0.2746,0.0754,14.3,790.3,0.5731,758.0,0.4601,0.5,151.13,0.0142,5.49,11.0,3.0,12.900013322169313,9.45,9.53,16.5,795.0,6.95,0.434
11,7.7,-5.8,13.5,0.88,298.5,289.6,0.9,33.0,0.2751,0.0757,12.7,985.5,0.713,870.0,0.4381,0.5,177.85,0.0477,4.49,11.4,3.0,11.298837530767704,7.73,8.44,19.3,795.0,8.33,0.382
11,7.6,-4.5,12.1,0.78,295.9,287.9,2.2,60.0,0.4987,0.2487,22.6,1771.1,0.7372,890.0,0.4505,0.5,180.75,0.1,5.9,14.7,2.0,16.285390338383998,10.15,12.8,18.4,795.0,9.15,0.453
1,-2.1,-12.4,10.4,0.92,259.4,260.5,0.8,37.0,0.3105,0.0964,-3.9,966.7,0.5307,725.0,0.4155,0.5,532.12,0.033,3.6,12.0,1.0,7.123379363665696,6.19,6.37,16.2,795.0,8.04,0.341
4,12.2,0.5,11.7,0.76,531.1,533.6,1.4,32.0,0.3788,0.1435,19.3,1675.5,0.5414,733.0,0.4184,0.5,77.35,0.1186,5.1,13.0,3.0,15.4286300380691,8.78,11.4,21.7,862.1,8.47,0.463
11,9.2,-2.5,11.7,1.8,347.1,355.8,3.9,23.0,0.1925,0.0371,10.7,801.9,0.8264,961.0,0.2949,0.5,138.53,0.496,3.3,13.0,3.0,8.919839647068738,5.68,6.75,16.4,795.0,7.83,0.399
11,7.9,-3.3,11.2,1.13,302.5,296.1,3.2,64.0,0.5295,0.2803,25.0,1922.2,0.4499,660.0,0.4388,0.5,172.1,0.0008,4.6,9.0,3.0,22.240310881204024,7.91,16.44,17.0,795.0,9.81,0.486
3,4.8,-6.4,11.2,0.86,377.9,389.6,0.2,16.0,0.1325,0.0176,3.8,600.8,0.3764,601.0,0.2659,0.5,261.56,0.0581,3.48,8.6,1.0,11.999326341861305,5.99,9.9,18.8,795.0,6.09,0.427
4,12.5,2.2,10.3,0.76,434.4,426.1,0.6,52.0,0.6487,0.4208,32.4,2242.2,0.4579,666.0,0.6423,0.5,71.55,0.1176,5.6,11.0,1.0,7.2979728054622415,9.64,6.44,19.2,795.0,9.21,0.442
12,3.2,-7.4,10.6,1.45,254.9,261.6,1.5,23.0,0.1906,0.0363,3.7,583.2,0.5711,757.0,0.3917,0.5,316.48,0.1229,3.2,17.5,1.0,17.94691640146756,5.51,14.52,15.0,795.0,6.95,0.365
4,14.2,3.6,10.6,0.99,528.8,543.3,0.2,64.0,0.985,0.9702,45.6,3402.5,0.6448,816.0,0.7827,0.5,46.44,0.0126,4.62,7.9,3.0,12.431097001763092,7.95,9.24,20.2,2496.6,10.93,0.607
2,3.5,-5.0,8.5,1.71,327.3,331.3,1.5,59.0,0.4879,0.2381,10.3,1916.4,0.905,1024.0,0.48,0.5,305.13,0.3679,3.1,10.5,2.0,8.42668956209907,5.33,7.04,13.8,795.0,7.53,0.467
11,8.2,-0.7,8.9,1.19,361.0,356.7,1.5,22.0,0.1857,0.0345,9.1,804.4,0.6818,845.0,0.4001,0.5,163.7,0.0081,2.4,9.5,1.0,15.138973634806351,4.13,12.5,15.8,795.0,7.1,0.533
1,-3.2,-12.3,9.1,1.45,256.3,257.4,1.5,21.0,0.1746,0.0305,-3.4,537.0,0.4668,673.0,0.3569,0.5,586.16,0.1215,3.6,10.0,3.0,18.721244543214276,6.19,13.81,13.8,795.0,6.61,0.46
1,0.8,-13.0,13.7,2.07,336.5,341.9,3.8,44.0,0.3655,0.1336,1.7,1475.9,0.6635,831.0,0.4069,0.5,409.84,0.9379,5.19,11.6,1.0,8.00222544449397,8.93,7.13,17.1,795.0,8.86,0.407
1,-6.1,-17.5,11.4,0.91,256.2,256.3,3.4,12.0,0.1015,0.0103,-3.7,311.9,0.7143,871.0,0.3554,0.5,733.46,0.037,5.3,11.5,2.0,16.470721292766832,9.12,12.92,17.0,795.0,6.79,0.349
3,5.7,-6.1,11.8,1.4,472.1,462.7,2.6,12.0,0.0992,0.0098,3.4,562.3,0.6449,816.0,0.3337,0.5,233.25,0.0928,4.3,15.8,2.0,14.06534390993136,7.4,11.06,19.3,795.0,7.43,0.338
4,11.7,3.4,8.3,1.1,572.7,580.9,0.4,34.0,0.3763,0.1416,19.7,1927.0,0.4072,626.0,0.4816,0.5,86.3,0.0,5.18,12.5,1.0,14.43473759205233,8.91,11.75,18.7,795.0,7.41,0.32
4,14.8,3.8,11.0,0.72,553.1,548.6,1.5,20.0,0.3304,0.1092,15.0,1117.8,0.5175,714.0,0.5319,0.5,38.33,0.1409,3.49,10.5,1.0,9.145190534431787,6.01,7.87,21.6,1117.0,7.58,0.446
2,0.6,-11.9,12.5,1.04,249.8,250.0,0.6,27.0,0.2226,0.0495,0.8,667.3,0.5716,757.0,0.273,0.5,415.95,0.0034,4.4,12.5,2.0,14.648793324142089,7.57,11.44,17.5,795.0,6.65,0.518
1,-3.7,-16.8,13.0,1.32,248.3,250.5,2.8,20.0,0.1688,0.0285,-3.8,503.1,0.5472,738.0,0.2123,0.5,610.66,0.0465,4.9,12.0,2.0,8.885706772966042,8.43,7.1,17.2,795.0,7.07,0.303
3,0.8,-10.4,11.2,0.58,362.6,356.3,1.2,62.0,0.5153,0.2655,2.5,2242.1,0.7345,888.0,0.464,0.5,408.2,0.2745,4.8,13.0,3.0,12.968371677357222,8.26,9.71,19.3,795.0,9.0,0.529
11,8.3,-4.9,13.2,1.18,256.2,252.6,0.4,39.0,0.3284,0.1078,16.4,1009.6,0.5702,756.0,0.3048,0.5,160.68,0.0065,4.1,10.3,1.0,12.656331149447789,7.05,10.55,17.7,795.0,6.83,0.408
1,-0.0,-9.3,9.3,0.79,245.5,248.2,3.5,39.0,0.3253,0.1058,-0.1,958.5,0.7911,933.0,0.3119,0.5,442.42,0.0973,4.28,10.0,2.0,18.238925308110037,7.36,14.31,15.4,795.0,8.07,0.471
2,4.0,-7.6,11.6,1.39,200.7,217.8,2.2,59.0,0.4913,0.2414,11.7,1182.9,0.5086,707.0,0.5415,0.5,290.32,0.0837,4.9,17.5,2.0,8.011582019080363,8.43,6.42,15.1,795.0,9.84,0.541
12,6.8,-2.6,9.4,1.81,239.2,243.1,0.6,42.0,0.3541,0.1254,14.5,1016.4,1.0,1142.0,0.4363,0.5,200.74,0.5081,5.7,12.4,2.0,20.706832604820328,9.81,16.33,12.9,795.0,7.91,0.492
11,7.2,-4.5,11.7,2.07,188.3,200.0,1.9,50.0,0.419,0.1755,18.0,946.5,0.5414,733.0,0.348,0.5,191.69,0.9339,11.61,15.5,1.0,16.00982571902144,19.98,13.04,13.3,795.0,8.38,0.314
4,9.9,-0.1,10.0,1.99,484.3,492.5,2.6,26.0,0.2174,0.0473,12.9,1263.7,0.6078,786.0,0.4108,0.5,123.49,0.796,4.1,15.2,4.0,4.816178245351331,7.05,2.9,16.6,795.0,7.14,0.448
11,9.3,-3.6,13.0,0.33,332.9,326.2,0.6,42.0,0.3526,0.1243,19.8,1408.5,0.5705,756.0,0.4417,0.5,135.89,0.5941,5.5,13.5,1.0,11.763492068295783,9.46,9.88,20.8,795.0,6.88,0.431
4,16.2,5.5,10.7,1.24,495.2,486.8,3.5,13.0,0.2368,0.0561,10.3,630.4,0.7187,875.0,0.3734,0.5,23.45,0.02,2.9,14.0,1.0,17.630242679316684,4.99,14.4,19.2,2630.1,7.49,0.417
12,4.7,-5.2,9.9,1.23,198.9,217.1,1.9,46.0,0.3853,0.1485,10.8,919.4,0.9064,1025.0,0.5396,0.5,265.98,0.0182,6.1,13.5,3.0,19.072597282642555,10.5,14.43,14.1,795.0,10.09,0.429
3,6.8,-2.1,8.9,1.56,381.3,384.1,3.1,28.0,0.2312,0.0535,9.4,1057.7,0.3608,589.0,0.2983,0.5,201.44,0.208,4.1,9.5,3.0,11.388110870409587,7.05,8.23,15.3,795.0,7.18,0.375
1,2.4,-9.0,11.4,1.41,256.5,244.1,3.1,61.0,0.5101,0.2602,7.4,1570.0,0.5685,755.0,0.5041,0.5,345.19,0.0964,6.2,11.0,3.0,18.989021142991753,10.67,14.1,15.7,795.0,9.62,0.465
1,0.0,-12.9,12.9,1.61,208.3,186.1,1.6,55.0,0.4577,0.2094,0.0,1144.1,0.7498,900.0,0.5173,0.5,440.73,0.2592,4.57,6.5,3.0,11.855317331542208,7.86,8.89,15.7,795.0,9.02,0.419
11,2.9,-5.4,8.3,1.04,339.3,332.1,2.0,41.0,0.3399,0.1155,6.0,1383.9,0.4436,655.0,0.4231,0.5,326.04,0.0033,6.0,13.0,2.0,17.70740323806705,10.32,13.64,15.4,795.0,9.22,0.448
11,6.5,-7.4,13.9,1.26,306.9,294.9,2.0,37.0,0.3082,0.095,12.0,1135.2,0.5158,713.0,0.3689,0.5,211.05,0.026,4.5,11.5,1.0,21.719502709535643,7.74,17.3,18.8,795.0,8.15,0.451
11,8.1,-1.3,9.3,1.58,226.2,229.6,2.4,24.0,0.203,0.0412,9.8,551.2,0.3578,586.0,0.2314,0.5,167.26,0.2321,4.1,7.9,4.0,17.002266640399604,7.05,11.84,13.2,795.0,7.18,0.425
12,4.3,-7.7,12.1,1.06,303.4,300.2,0.2,56.0,0.4694,0.2204,12.2,1708.9,0.572,758.0,0.3651,0.5,277.35,0.0016,3.22,10.4,2.0,14.63495118440805,5.54,11.43,17.9,795.0,8.16,0.516
4,17.5,8.6,9.0,1.15,531.2,521.5,0.1,15.0,0.3138,0.0985,13.2,797.4,0.8595,988.0,0.3745,0.5,11.96,0.0026,4.1,11.4,4.0,10.165676740563438,7.05,7.11,18.6,848.0,6.4,0.372
4,13.1,1.5,11.6,1.06,525.7,515.0,0.6,15.0,0.2019,0.0408,9.8,784.2,0.4985,699.0,0.3267,0.5,62.06,0.0016,5.46,10.0,1.0,13.116101910993665,9.39,10.84,20.8,888.0,7.27,0.353
1,-2.0,-14.3,12.3,1.18,256.6,261.5,1.3,18.0,0.148,0.0219,-1.8,455.9,0.1719,438.0,0.2943,0.5,528.73,0.0069,5.7,14.0,1.0,16.482601992721715,9.81,13.1,17.1,795.0,6.63,0.376
12,0.9,-12.0,12.9,0.5,254.3,255.7,0.9,39.0,0.3277,0.1074,1.8,999.8,0.7824,926.0,0.4521,0.5,403.76,0.3573,5.3,13.0,3.0,20.582064329347467,9.12,15.46,19.2,795.0,7.77,0.347
2,2.3,-11.4,13.7,1.2,384.5,371.4,3.8,56.0,0.4687,0.2197,6.5,2162.6,0.4669,673.0,0.5348,0.5,349.78,0.0091,4.3,12.8,1.0,14.936205264253674,7.4,12.18,20.0,795.0,10.11,0.5
4,12.6,1.5,11.2,1.08,467.7,456.5,2.5,30.0,0.3784,0.1432,18.8,1392.0,0.5118,709.0,0.3366,0.5,70.08,0.0003,4.0,17.2,3.0,17.28968070100329,6.88,12.78,19.5,795.0,8.14,0.383
11,9.7,1.7,8.1,0.94,282.4,292.5,3.3,45.0,0.3715,0.138,21.7,1259.0,0.7205,876.0,0.442,0.5,126.67,0.0249,5.7,10.0,1.0,10.744316702741912,9.81,9.23,14.6,795.0,6.95,0.387
2,3.4,-9.1,12.5,0.95,485.2,474.0,2.6,38.0,0.3152,0.0993,6.4,1835.2,0.9842,1087.0,0.455,0.5,310.35,0.0236,6.4,16.0,1.0,17.19521673158573,11.01,14.28,21.2,795.0,7.95,0.412
3,5.4,-4.0,9.4,1.02,466.7,477.0,1.6,14.0,0.1168,0.0136,3.8,654.0,0.4276,642.0,0.3898,0.5,243.39,0.0062,4.66,10.0,1.0,11.589507190490966,8.02,9.63,18.3,795.0,6.43,0.417
2,3.0,-8.2,11.2,0.97,286.7,285.8,3.9,49.0,0.4064,0.1652,7.3,1398.3,0.7398,892.0,0.3669,0.5,323.86,0.0157,5.13,9.0,1.0,18.59591535690466,8.83,15.14,17.1,795.0,8.85,0.444
3,8.5,-3.1,11.6,0.8,467.4,477.8,3.2,15.0,0.1223,0.015,6.2,685.8,0.4555,664.0,0.2887,0.5,156.86,0.0874,4.0,14.3,3.0,12.641504512373913,6.88,9.25,20.5,795.0,8.0,0.361
3,9.1,-4.8,13.8,1.03,304.4,320.5,3.1,16.0,0.1314,0.0173,7.2,480.1,0.7055,864.0,0.4808,0.5,142.23,0.0044,4.7,9.4,2.0,11.941507940116121,8.09,9.52,19.4,795.0,8.62,0.391
4,10.8,-2.3,13.1,1.54,467.5,472.6,1.0,27.0,0.2657,0.0706,14.8,1285.0,0.6138,791.0,0.39,0.5,104.06,0.1915,3.9,10.0,2.0,7.8474465634478205,6.71,6.38,19.9,795.0,6.09,0.384
3,7.0,-5.6,12.6,0.64,417.9,428.6,1.4,51.0,0.4213,0.1775,17.6,2113.1,0.8791,1003.0,0.5714,0.5,197.04,0.2144,5.94,11.5,1.0,14.530909459237893,10.22,12.2,21.0,795.0,7.61,0.625
11,6.6,-2.5,9.1,0.74,266.3,268.7,2.8,44.0,0.3684,0.1357,14.6,1177.3,0.5287,723.0,0.5205,0.5,206.88,0.1283,4.8,14.9,3.0,13.297048924153259,8.26,9.8,15.8,795.0,9.02,0.429
2,2.1,-11.4,13.4,1.33,173.3,177.3,2.5,39.0,0.3278,0.1074,4.1,681.6,0.8605,988.0,0.4489,0.5,358.08,0.0547,6.3,8.6,2.0,9.285832762776264,10.84,7.65,16.3,795.0,8.97,0.543
2,3.4,-9.6,13.0,1.31,436.9,445.7,2.8,33.0,0.2774,0.077,5.6,1454.6,0.5016,701.0,0.4461,0.5,310.12,0.0432,4.6,11.2,3.0,11.300825080157251,7.91,8.28,20.0,795.0,7.69,0.415
11,11.4,-1.8,13.2,0.53,267.4,240.6,0.4,56.0,0.5977,0.3573,31.9,1497.5,0.3044,544.0,0.5182,0.5,92.1,0.3251,4.4,11.0,4.0,11.86218621592614,7.57,7.94,19.5,795.0,8.12,0.442
12,1.5,-6.6,8.1,1.6,393.7,390.9,1.1,30.0,0.2491,0.062,2.2,1176.5,0.7519,902.0,0.3845,0.5,381.24,0.2509,4.4,13.4,4.0,17.62545115587755,7.57,12.62,14.7,795.0,7.07,0.388
3,8.3,-1.2,9.4,1.54,456.6,459.3,2.7,38.0,0.3147,0.099,15.6,1724.3,0.6237,799.0,0.3926,0.5,161.92,0.1978,3.8,13.5,2.0,14.72716898627084,6.54,11.54,16.8,795.0,8.73,0.428
3,3.8,-7.7,11.5,1.17,522.7,530.1,1.5,54.0,0.4521,0.2044,10.2,2835.6,0.2447,496.0,0.5607,0.5,296.92,0.0052,4.4,10.0,2.0,14.180627525871062,7.57,10.83,20.4,795.0,8.01,0.422
11,6.1,-5.5,11.5,1.8,252.3,236.7,3.3,19.0,0.1543,0.0238,5.6,467.3,0.5805,764.0,0.3677,0.5,222.98,0.4961,4.8,9.0,1.0,14.409214739528776,8.26,11.87,14.8,795.0,7.43,0.434
3,3.7,-5.2,8.8,1.39,448.3,433.4,3.4,12.0,0.0966,0.0093,2.1,519.9,0.4872,690.0,0.3251,0.5,299.99,0.0814,5.5,8.0,1.0,16.633175994039345,9.46,13.46,16.6,795.0,7.26,0.376
4,12.1,1.9,10.2,1.18,451.8,446.1,2.6,63.0,0.7471,0.5582,38.3,2865.9,0.6156,793.0,0.7084,0.5,79.8,0.0065,5.87,15.5,2.0,9.875253007549368,10.1,7.9,18.3,1911.8,11.1,0.486
2,4.2,-5.0,9.2,1.36,305.0,289.2,3.3,36.0,0.2964,0.0879,7.5,1085.1,0.8082,947.0,0.4394,0.5,281.4,0.0686,5.6,13.0,3.0,9.395571296240067,9.64,7.09,14.8,795.0,8.86,0.323
11,7.4,-6.3,13.6,1.01,353.3,360.5,0.0,47.0,0.3894,0.1516,17.2,1650.9,0.8687,995.0,0.5865,0.5,186.26,0.008,3.44,15.5,3.0,13.292585370104284,5.92,10.06,20.0,795.0,9.2,0.453
1,-4.3,-13.5,9.1,1.24,361.3,365.5,0.8,56.0,0.4694,0.2203,-12.2,2034.8,0.4672,674.0,0.4041,0.5,642.52,0.0209,4.24,10.0,3.0,9.609721663404812,7.3,6.98,15.9,795.0,8.34,0.394
12,2.3,-6.0,8.3,0.38,203.6,197.9,2.2,24.0,0.2011,0.0404,2.7,491.3,0.6315,805.0,0.2527,0.5,351.17,0.5252,4.4,13.2,1.0,12.15372621363206,7.57,10.22,15.0,795.0,6.73,0.433
12,-0.3,-8.5,8.2,1.27,307.8,308.4,3.3,31.0,0.2547,0.0649,-0.5,940.5,0.354,583.0,0.3011,0.5,455.67,0.0274,4.2,12.0,2.0,19.86732449043456,7.23,15.18,14.3,795.0,7.9,0.446
3,5.0,-4.6,9.6,0.81,402.6,413.0,1.3,48.0,0.4034,0.1627,12.1,1948.9,0.377,602.0,0.4995,0.5,256.58,0.0838,4.8,8.0,4.0,18.737397549133785,8.26,13.15,18.0,795.0,8.41,0.432
4,13.8,3.4,10.5,0.8,476.6,479.9,2.2,35.0,0.5078,0.2579,23.9,1646.5,0.9819,1085.0,0.5879,0.5,51.57,0.0893,4.68,16.9,4.0,19.23120776322078,8.05,14.01,19.8,1932.2,8.38,0.393
12,-1.2,-13.1,11.9,1.16,284.3,277.2,2.4,26.0,0.2166,0.0469,-1.6,739.1,0.5358,729.0,0.371,0.5,494.23,0.0039,4.3,15.2,2.0,13.540421189147251,7.4,10.58,17.1,795.0,6.52,0.331
3,6.4,-7.1,13.5,1.79,399.4,390.9,1.9,32.0,0.2701,0.0729,10.4,1294.4,0.5898,772.0,0.2693,0.5,213.2,0.4729,4.48,15.9,3.0,11.402527997650187,7.71,8.42,18.6,795.0,7.72,0.443
11,7.9,-3.8,11.7,0.91,343.8,336.6,2.0,51.0,0.4248,0.1804,20.2,1752.1,0.4324,646.0,0.383,0.5,170.52,0.037,5.61,15.0,1.0,13.223179821022615,9.65,10.86,18.6,795.0,8.91,0.412
4,11.4,-2.2,13.6,0.89,557.8,553.9,1.7,49.0,0.5248,0.2754,28.1,2746.0,0.4642,671.0,0.5483,0.5,92.25,0.0421,5.3,12.1,2.0,14.805660620032418,9.12,11.48,23.3,1924.1,8.94,0.538
3,4.7,-8.6,13.2,0.56,457.6,466.1,0.3,62.0,0.5161,0.2664,14.5,2833.9,0.7722,918.0,0.545,0.5,266.27,0.2866,3.1,11.6,2.0,13.705313057616124,5.33,10.9,22.4,795.0,7.79,0.48
2,3.6,-9.7,13.3,0.51,316.6,325.2,1.3,40.0,0.3317,0.11,7.2,1260.3,0.6255,800.0,0.4335,0.5,301.85,0.3461,4.8,12.5,2.0,11.492761761661102,8.26,9.12,20.4,795.0,10.02,0.415
12,3.1,-5.1,8.2,0.97,229.1,225.0,1.2,65.0,0.5411,0.2928,10.1,1487.7,0.6362,809.0,0.583,0.5,319.84,0.0175,5.38,9.0,1.0,14.268713009490968,9.26,11.81,13.9,795.0,8.44,0.366
3,5.2,-6.6,11.8,0.4,437.6,431.6,3.5,48.0,0.3984,0.1587,12.4,2092.0,0.5377,730.0,0.486,0.5,250.6,0.4846,5.48,14.9,3.0,15.554800014833871,9.43,11.5,21.3,795.0,8.45,0.444
12,-1.6,-10.2,8.6,0.89,231.0,252.2,2.5,17.0,0.1453,0.0211,-1.4,402.8,0.6925,854.0,0.2799,0.5,510.08,0.0424,4.3,10.0,4.0,16.531561149130667,7.4,11.75,14.4,795.0,6.51,0.385
11,6.6,-3.9,10.5,1.26,299.0,291.0,0.9,23.0,0.195,0.038,7.8,699.7,0.5126,710.0,0.3273,0.5,206.6,0.0269,5.92,11.0,1.0,7.40191999461245,10.19,6.56,16.0,795.0,6.27,0.493
2,4.8,-8.8,13.6,1.02,291.4,297.8,1.8,50.0,0.4207,0.177,12.1,1470.8,0.6493,819.0,0.4139,0.5,262.4,0.0062,5.0,9.1,1.0,12.124951835224069,8.6,10.21,19.0,795.0,9.0,0.396
12,2.3,-10.2,12.5,1.6,299.9,309.0,2.2,39.0,0.3275,0.1073,4.6,1178.8,0.9104,1028.0,0.5543,0.5,348.5,0.2486,4.1,10.0,2.0,8.864371230716632,7.05,7.38,16.8,795.0,7.5,0.282
1,-1.0,-11.2,10.2,1.04,345.9,365.6,3.9,55.0,0.4619,0.2133,-2.8,1916.9,0.4766,681.0,0.6203,0.5,484.93,0.0041,3.2,8.0,4.0,20.560638893645603,5.51,14.6,17.1,795.0,8.79,0.469
4,11.3,-2.6,13.9,1.14,554.4,538.0,1.8,47.0,0.491,0.2411,26.4,2586.3,0.4515,661.0,0.5927,0.5,93.79,0.0019,5.75,9.0,3.0,10.242666567277006,9.89,7.44,22.9,795.0,9.62,0.477
2,2.7,-5.4,8.1,1.01,356.0,360.4,3.3,54.0,0.45,0.2025,7.3,1922.5,0.6373,810.0,0.5049,0.5,334.45,0.0074,4.4,13.4,3.0,17.394863040908174,7.57,12.96,15.6,795.0,8.42,0.434
4,17.4,8.4,9.0,1.25,550.1,549.1,3.6,31.0,0.6294,0.3961,26.5,1678.6,0.7378,890.0,0.6728,0.5,13.14,0.0229,4.76,13.0,2.0,17.94632371899787,8.19,14.05,18.6,2848.0,11.08,0.425
1,1.9,-10.2,12.1,0.91,192.1,203.2,0.7,33.0,0.2729,0.0745,3.2,629.2,0.4767,681.0,0.4276,0.5,363.34,0.0357,3.7,9.6,1.0,19.757654945277757,6.37,15.8,16.6,795.0,8.88,0.558
11,4.7,-5.5,10.2,1.28,291.9,293.1,3.1,62.0,0.5187,0.2691,14.5,1816.8,0.8867,1009.0,0.5419,0.5,266.72,0.0316,3.8,12.2,2.0,16.46271491925188,6.54,13.06,15.6,795.0,9.44,0.488
11,11.6,2.1,9.4,1.19,242.6,224.0,2.5,57.0,0.6279,0.3943,33.2,1391.1,0.709,867.0,0.6562,0.5,88.94,0.0082,5.14,8.7,1.0,9.58812616464343,8.84,8.36,14.5,927.8,9.49,0.44
1,-1.4,-13.8,12.4,0.86,259.3,273.4,3.8,49.0,0.4099,0.168,-3.4,1275.3,0.7822,926.0,0.5341,0.5,500.22,0.0583,4.8,11.2,1.0,19.937246947506196,8.26,16.18,18.0,795.0,9.54,0.486
12,2.7,-6.3,9.0,1.07,258.5,267.5,2.3,60.0,0.499,0.249,8.1,1547.8,0.6349,808.0,0.5289,0.5,334.25,0.0011,4.01,9.1,2.0,22.127047682673826,6.9,17.1,14.7,795.0,7.38,0.403
2,2.7,-5.6,8.3,1.15,265.8,263.5,2.7,47.0,0.3888,0.1512,6.3,1240.4,0.6224,798.0,0.5559,0.5,334.74,0.0023,4.4,10.4,4.0,8.255479051139968,7.57,5.49,14.0,795.0,7.55,0.28
12,3.1,-5.9,9.0,0.9,243.2,258.7,0.6,12.0,0.1021,0.0104,1.9,298.0,0.857,986.0,0.2741,0.5,319.57,0.0386,4.66,12.0,1.0,19.925854416835826,8.02,16.23,14.9,795.0,5.45,0.325
4,11.5,3.0,8.5,0.71,447.9,450.3,1.5,19.0,0.2077,0.0432,11.0,862.5,0.4341,647.0,0.2763,0.5,90.75,0.1542,4.7,9.5,3.0,14.379441624326867,8.09,10.53,18.1,795.0,7.71,0.376
1,0.0,-12.3,12.3,0.3,303.2,300.1,1.8,12.0,0.103,0.0106,0.0,375.0,0.3808,605.0,0.2442,0.5,440.13,0.64,3.1,17.0,2.0,13.397220335612632,5.33,10.35,20.0,795.0,7.32,0.248
4,15.7,5.3,10.4,0.99,475.6,469.4,1.7,60.0,1.0,1.0,47.4,2874.6,0.5462,737.0,0.8484,0.5,28.17,0.0124,5.29,7.0,3.0,13.326037749367698,9.1,9.83,19.3,2155.3,11.77,0.511
12,0.2,-10.1,10.3,1.45,262.3,265.6,4.0,64.0,0.5319,0.2829,0.6,1674.0,0.5249,720.0,0.6452,0.5,432.92,0.1229,4.7,14.1,2.0,10.033851108757467,8.09,7.95,14.8,795.0,8.28,0.535
4,15.1,6.4,8.8,1.3,453.3,450.4,1.7,36.0,0.6131,0.3759,27.5,1644.6,0.415,632.0,0.5701,0.5,34.33,0.0388,4.9,7.6,1.0,10.217205743445573,8.43,8.59,16.9,1985.6,9.01,0.435
3,5.4,-3.1,8.5,1.12,436.5,439.3,3.3,31.0,0.2586,0.0669,8.4,1354.5,0.6349,808.0,0.386,0.5,243.14,0.0004,6.25,12.0,2.0,15.909001842660766,10.75,12.44,16.8,795.0,8.29,0.498
12,-1.9,-11.3,9.4,0.68,172.6,161.0,2.4,23.0,0.1916,0.0367,-2.2,396.9,0.4167,633.0,0.2169,0.5,525.65,0.1735,6.06,10.0,1.0,10.470366359245874,10.43,8.79,14.7,795.0,8.4,0.394
2,-3.6,-17.0,13.3,1.22,366.1,372.4,3.7,63.0,0.5224,0.2729,-11.4,2294.8,0.5898,772.0,0.4835,0.5,607.57,0.0143,10.56,8.4,4.0,17.549068337566073,18.17,12.43,19.4,795.0,10.71,0.381
3,4.9,-6.3,11.2,1.49,497.0,519.5,3.3,34.0,0.285,0.0813,8.4,1700.1,0.7081,866.0,0.5037,0.5,258.7,0.1551,4.56,11.0,1.0,9.639409689554554,7.85,8.4,19.0,795.0,7.87,0.4
4,14.7,4.8,9.8,0.91,582.2,568.5,2.1,57.0,0.9163,0.8396,41.7,3303.5,0.6961,857.0,0.8324,0.5,39.83,0.0353,5.42,8.5,2.0,15.667060100765449,9.33,12.31,20.6,2879.7,11.13,0.551
2,5.6,-6.4,12.0,1.67,313.8,320.4,3.1,19.0,0.1587,0.0252,5.3,597.5,0.6605,828.0,0.3761,0.5,236.66,0.3224,4.6,13.0,1.0,13.073076101100934,7.91,10.93,16.4,795.0,7.03,0.416
3,7.8,-5.4,13.2,1.22,353.7,366.8,1.5,58.0,0.4854,0.2356,22.7,2060.4,0.5615,749.0,0.5855,0.5,174.51,0.0151,4.68,13.0,4.0,11.125211328170707,8.05,7.59,19.1,795.0,8.49,0.455
2,1.9,-9.6,11.5,1.13,405.2,417.4,0.3,23.0,0.1888,0.0356,2.2,917.9,0.8019,942.0,0.2278,0.5,363.43,0.0011,5.1,12.0,3.0,14.356339055236832,8.78,10.81,18.7,795.0,6.05,0.358
11,2.9,-7.9,10.8,0.88,351.5,334.6,1.3,36.0,0.296,0.0876,5.1,1248.5,0.6355,808.0,0.2619,0.5,328.15,0.0471,4.0,14.0,2.0,13.342770930982319,6.88,10.52,18.0,795.0,8.19,0.291
1,0.7,-13.3,14.0,0.6,172.8,168.5,0.7,64.0,0.5353,0.2866,2.1,1109.9,0.9015,1021.0,0.4936,0.5,414.09,0.2484,4.96,10.0,2.0,13.898672445101392,8.53,11.15,18.6,795.0,8.92,0.474
12,3.1,-7.2,10.2,0.35,355.3,323.9,1.5,50.0,0.4195,0.176,7.7,1788.6,0.7097,868.0,0.404,0.5,322.1,0.5637,3.3,16.0,1.0,16.598432940110797,5.68,13.62,18.9,795.0,8.59,0.45
12,2.4,-6.1,8.5,1.1,178.2,172.1,3.7,18.0,0.149,0.0222,2.1,318.6,1.0,1164.0,0.3366,0.5,346.51,0.0,4.5,17.0,1.0,14.592530725777047,7.74,12.34,13.0,795.0,7.82,0.322
11,7.6,-0.9,8.5,1.23,346.5,332.8,3.3,31.0,0.2597,0.0675,11.8,1080.0,0.5061,705.0,0.4523,0.5,180.01,0.0167,4.9,9.0,4.0,16.806352056860273,8.43,11.81,15.2,795.0,7.55,0.476
3,5.6,-5.3,10.9,0.74,459.2,452.6,3.1,18.0,0.1459,0.0213,4.9,804.0,0.7365,889.0,0.3347,0.5,236.46,0.1317,5.0,4.1,2.0,14.937370137541153,8.6,11.79,20.1,795.0,7.0,0.391
3,5.5,-8.1,13.5,1.24,398.6,398.7,3.2,61.0,0.5063,0.2563,16.6,2421.8,0.7792,923.0,0.622,0.5,241.09,0.0206,4.31,8.1,2.0,11.583415020201272,7.42,9.31,20.0,795.0,8.51,0.517
2,-1.5,-14.3,12.8,1.02,343.2,324.4,1.0,28.0,0.2312,0.0535,-2.1,952.4,0.7899,932.0,0.3335,0.5,507.51,0.0068,5.8,14.2,3.0,12.764218335117004,9.98,9.61,19.1,795.0,5.98,0.411
11,8.3,-3.2,11.5,0.82,317.1,310.7,2.9,59.0,0.4902,0.2403,24.3,1865.5,0.4461,657.0,0.5239,0.5,161.88,0.0756,6.33,9.0,1.0,8.643632724593832,10.89,7.44,18.2,795.0,8.08,0.452
1,-3.5,-13.4,9.8,1.6,213.5,205.4,1.3,30.0,0.2537,0.0644,-5.4,649.9,0.7449,896.0,0.4929,0.5,602.32,0.2528,5.08,12.0,3.0,7.884267740782668,8.74,5.91,13.4,795.0,6.44,0.429
4,11.8,-2.1,13.9,1.62,561.2,563.8,3.7,42.0,0.4791,0.2296,24.9,2372.9,0.8495,980.0,0.5812,0.5,84.65,0.2671,4.0,9.5,1.0,16.194223792519264,6.88,13.43,21.8,795.0,11.11,0.464
1,-1.2,-14.0,12.7,0.91,346.0,339.0,3.5,47.0,0.3926,0.1541,-2.9,1629.8,0.6688,835.0,0.3528,0.5,494.19,0.0374,4.0,7.0,4.0,11.514072492707733,6.88,7.97,19.4,795.0,8.83,0.394
1,-2.2,-12.8,10.7,0.66,121.0,107.6,3.4,42.0,0.3485,0.1214,-4.5,506.0,0.587,770.0,0.5283,0.5,535.97,0.1926,4.7,10.2,3.0,16.387663960843568,8.09,12.16,15.0,795.0,8.63,0.433
12,1.7,-6.7,8.4,1.24,283.6,300.1,0.2,40.0,0.3317,0.11,3.4,1128.7,0.8038,943.0,0.4174,0.5,372.92,0.0199,5.0,9.5,3.0,12.98962204076217,8.6,9.79,14.2,795.0,9.56,0.521
11,7.5,-2.2,9.7,0.52,355.6,336.6,1.7,36.0,0.3003,0.0902,13.5,1281.2,0.945,1056.0,0.4002,0.5,182.13,0.3324,4.31,8.5,3.0,9.002859423854098,7.42,6.91,18.1,795.0,8.0,0.424
2,2.2,-6.3,8.5,0.97,318.0,333.8,3.2,19.0,0.1556,0.0242,2.0,593.7,0.6122,790.0,0.3572,0.5,354.7,0.0158,3.4,13.0,2.0,14.282172543315962,5.85,11.2,15.4,795.0,6.67,0.336
1,-2.8,-13.7,10.9,1.48,335.6,326.9,2.9,60.0,0.5025,0.2525,-8.4,2023.6,0.3193,555.0,0.4478,0.5,566.46,0.1421,5.0,14.5,2.0,15.253268110781534,8.6,11.7,16.4,795.0,10.46,0.456
1,-5.2,-14.7,9.5,1.12,289.7,292.1,3.4,23.0,0.1934,0.0374,-6.0,672.5,0.6921,854.0,0.398,0.5,687.0,0.0004,5.35,17.0,3.0,16.39395973549626,9.21,12.25,15.5,795.0,7.08,0.461
4,15.7,4.6,11.1,1.9,473.4,489.0,2.0,52.0,0.9288,0.8627,40.9,2472.5,0.7631,910.0,0.71,0.5,28.41,0.642,6.06,7.2,2.0,17.211234365688355,10.43,13.52,17.5,2972.4,10.69,0.559
2,-4.3,-16.3,12.1,1.12,315.1,298.9,2.8,29.0,0.2428,0.0589,-6.2,918.1,0.7033,863.0,0.4078,0.5,638.13,0.0003,3.8,14.5,3.0,10.106072179275845,6.54,7.54,17.9,795.0,9.45,0.443
1,2.2,-8.6,10.8,1.05,252.1,274.9,2.2,20.0,0.1696,0.0288,2.2,513.1,0.608,786.0,0.3941,0.5,353.11,0.0027,4.6,11.0,3.0,13.862039904784238,7.91,10.28,16.1,795.0,7.75,0.357
3,4.5,-6.3,10.8,1.1,464.2,472.7,1.3,52.0,0.437,0.191,11.7,2434.2,0.729,883.0,0.5365,0.5,273.62,0.0,5.29,16.0,2.0,16.757240713165928,9.1,13.15,19.2,795.0,8.55,0.426
2,0.8,-8.6,9.3,1.35,437.5,447.3,3.1,41.0,0.3454,0.1193,1.6,1813.3,0.4134,631.0,0.3601,0.5,409.84,0.0614,3.3,9.6,3.0,12.839208485313662,5.68,9.36,16.9,795.0,9.11,0.453
12,-0.2,-12.4,12.2,1.05,231.2,200.4,2.4,62.0,0.514,0.2642,-0.8,1426.4,0.6903,852.0,0.5119,0.5,451.29,0.0022,3.8,10.5,4.0,13.657925965137213,6.54,9.6,16.9,795.0,10.36,0.38
4,14.3,6.0,8.4,0.81,563.2,550.6,3.1,43.0,0.6612,0.4372,30.5,2397.3,0.9948,1096.0,0.6337,0.5,44.61,0.0844,4.32,13.0,1.0,8.93380186197982,7.43,8.1,19.4,2420.0,9.91,0.473
4,17.6,3.7,13.9,1.2,517.0,524.7,1.6,51.0,1.0,1.0,45.1,2647.0,0.5513,741.0,0.7662,0.5,11.57,0.0094,5.58,12.5,3.0,13.680433442835698,9.6,10.1,22.2,4383.2,13.07,0.643
2,-1.4,-10.9,9.5,0.3,271.5,269.8,0.4,49.0,0.4069,0.1656,-3.5,1325.9,0.6784,843.0,0.4645,0.5,502.41,0.64,4.9,8.0,2.0,15.466732036604023,8.43,12.14,17.2,795.0,7.65,0.507
1,-5.8,-15.1,9.4,0.65,269.6,268.8,0.4,29.0,0.2415,0.0583,-8.4,781.3,0.5921,774.0,0.4069,0.5,717.23,0.1997,5.79,9.6,2.0,18.44289340947922,9.96,14.31,16.2,795.0,5.48,0.3
2,-3.3,-15.2,11.8,1.93,378.1,374.0,3.3,21.0,0.177,0.0313,-3.6,803.2,0.696,857.0,0.3982,0.5,592.74,0.6959,4.5,12.0,1.0,20.213496133671867,7.74,16.32,16.6,795.0,7.92,0.464
3,10.2,2.1,8.2,0.65,335.9,349.6,1.4,42.0,0.3684,0.1357,21.6,1416.7,0.6373,810.0,0.5044,0.5,115.77,0.2067,5.1,14.0,2.0,13.586326085976118,8.78,10.7,16.2,795.0,7.01,0.401
12,0.4,-13.0,13.5,1.12,252.6,242.9,3.9,63.0,0.5215,0.272,1.4,1580.6,0.7091,867.0,0.6324,0.5,422.46,0.0005,4.3,14.5,1.0,10.722609636966688,7.4,9.21,18.1,795.0,9.65,0.439
4,14.2,2.8,11.5,0.71,508.9,501.5,0.9,32.0,0.4919,0.242,22.8,1629.4,0.7644,912.0,0.4357,0.5,45.97,0.1485,5.05,11.0,1.0,16.102747027331,8.69,13.29,21.3,1066.9,6.64,0.454
3,4.5,-3.6,8.2,0.36,462.2,450.9,3.2,40.0,0.3314,0.1098,9.0,1837.8,0.336,569.0,0.4673,0.5,271.09,0.5424,3.2,11.0,3.0,15.249861371932377,5.51,11.11,18.9,795.0,7.88,0.317
12,0.8,-7.5,8.3,1.64,220.8,217.6,0.0,46.0,0.3866,0.1495,1.9,1024.3,0.4972,698.0,0.5141,0.5,407.99,0.2925,4.5,15.0,1.0,11.75883942793458,7.74,9.82,12.1,795.0,7.23,0.452
2,0.2,-7.9,8.1,1.16,404.2,415.0,2.2,33.0,0.2771,0.0768,0.3,1344.2,0.4008,621.0,0.4027,0.5,433.14,0.0039,4.24,10.5,2.0,7.587778882849873,7.3,6.01,15.9,795.0,7.44,0.399
12,7.3,-2.3,9.7,0.84,279.0,297.3,3.2,56.0,0.466,0.2171,20.4,1560.0,0.5568,745.0,0.42,0.5,187.4,0.0671,5.24,9.0,4.0,11.970866473841976,9.02,8.22,16.1,795.0,8.95,0.439
11,8.7,-0.0,8.7,1.43,283.5,277.1,3.3,14.0,0.1175,0.0138,6.1,399.7,0.677,842.0,0.2617,0.5,152.05,0.1094,5.94,8.5,1.0,14.966150155666423,10.22,12.37,14.0,795.0,7.59,0.416
3,6.8,-3.2,10.0,1.05,518.8,496.6,0.3,64.0,0.5316,0.2826,21.7,3309.3,0.5457,737.0,0.5222,0.5,201.6,0.0023,5.33,9.0,1.0,17.976867322981917,9.17,14.52,19.4,795.0,8.79,0.421
12,-3.3,-13.0,9.7,1.23,254.9,250.7,0.2,25.0,0.2054,0.0422,-4.1,628.2,0.5646,752.0,0.3458,0.5,592.4,0.0167,5.47,14.0,3.0,13.697141711956103,9.41,10.12,14.8,795.0,7.5,0.411
2,2.2,-11.4,13.7,1.91,370.7,371.0,3.9,54.0,0.4533,0.2055,6.1,2016.8,0.7506,900.0,0.5081,0.5,352.22,0.6619,5.19,11.0,2.0,9.669934100957999,8.93,7.85,18.0,795.0,9.17,0.428
12,2.1,-9.0,11.2,0.62,231.7,210.4,0.3,35.0,0.2877,0.0828,3.7,800.2,0.608,786.0,0.5009,0.5,355.74,0.2329,4.8,16.0,2.0,13.864855126367639,8.26,10.89,17.2,795.0,5.18,0.493
3,4.6,-4.4,9.0,0.97,367.2,379.3,1.6,29.0,0.2435,0.0593,6.7,1072.8,0.4915,693.0,0.2763,0.5,269.42,0.018,4.0,15.0,1.0,10.664199801853885,6.88,8.99,16.6,795.0,6.8,0.385
1,1.7,-10.7,12.4,1.35,327.0,337.9,1.1,29.0,0.2448,0.0599,2.6,960.6,0.8819,1005.0,0.3934,0.5,370.94,0.0632,4.0,8.6,1.0,18.39890721943943,6.88,15.1,17.8,795.0,5.72,0.312
11,9.1,-2.1,11.2,1.33,286.9,303.0,1.3,10.0,0.0861,0.0074,4.7,296.4,0.6566,825.0,0.3295,0.5,141.58,0.0549,4.5,10.0,3.0,16.963208752034966,7.74,12.65,16.2,795.0,4.98,0.32
3,7.4,-6.0,13.4,0.3,356.9,348.3,2.7,28.0,0.2358,0.0556,10.5,1009.9,0.8059,945.0,0.3628,0.5,185.31,0.64,5.2,11.0,3.0,13.975238481800165,8.95,10.53,21.6,795.0,8.09,0.407
1,5.2,-8.6,13.8,0.81,306.5,298.2,2.4,16.0,0.1361,0.0185,4.3,500.6,0.6731,838.0,0.3245,0.5,248.32,0.0831,5.17,13.5,1.0,15.218802189180941,8.9,12.55,19.9,795.0,7.46,0.412
1,-2.5,-12.8,10.2,1.5,333.2,347.6,2.0,64.0,0.5329,0.284,-8.1,2130.7,0.461,669.0,0.5717,0.5,554.28,0.163,3.7,10.5,2.0,16.421289991676915,6.37,12.68,15.7,795.0,8.95,0.4
12,0.1,-11.4,11.5,0.7,288.3,296.4,3.8,11.0,0.0878,0.0077,0.1,303.8,0.4414,653.0,0.2924,0.5,435.32,0.1565,5.5,8.8,3.0,18.085350055656768,9.46,13.32,18.1,795.0,7.24,0.431
3,9.3,-3.8,13.2,0.83,398.4,396.7,1.7,33.0,0.2751,0.0757,15.4,1315.1,0.6173,794.0,0.5371,0.5,136.34,0.0754,5.41,10.0,2.0,14.041255172258717,9.31,11.02,20.7,795.0,8.28,0.584
1,3.8,-5.6,9.4,1.55,250.0,242.5,1.0,63.0,0.5242,0.2748,11.8,1572.5,0.8144,952.0,0.417,0.5,297.22,0.2001,6.6,11.0,2.0,18.995607957845145,11.36,14.9,13.7,795.0,9.07,0.533
12,-0.4,-11.7,11.2,0.9,287.7,286.7,2.2,45.0,0.3787,0.1434,-1.0,1307.1,0.4974,698.0,0.4135,0.5,459.61,0.04,4.5,7.5,3.0,14.636007403422441,7.74,10.77,17.3,795.0,7.55,0.346
2,0.0,-13.2,13.2,0.57,388.1,385.3,1.8,62.0,0.5131,0.2633,0.1,2389.9,0.6001,780.0,0.5756,0.5,439.88,0.2831,5.7,14.5,4.0,17.90223993139239,9.81,12.71,21.3,795.0,9.48,0.483
3,4.1,-9.2,13.3,1.58,303.4,302.1,3.5,11.0,0.0945,0.0089,2.3,344.0,0.7651,912.0,0.3241,0.5,286.56,0.2315,4.75,12.8,4.0,12.307546185892434,8.17,8.64,17.5,795.0,8.07,0.404
4,15.0,6.5,8.5,0.76,674.6,675.7,1.3,11.0,0.1819,0.0331,8.2,735.2,0.5482,739.0,0.2622,0.5,35.84,0.1127,4.84,17.2,4.0,18.4665791353003,8.33,13.09,21.3,795.0,5.75,0.487
1,3.0,-10.5,13.5,0.89,331.3,326.0,3.8,19.0,0.1578,0.0249,2.9,627.6,0.6415,813.0,0.3437,0.5,322.35,0.0447,4.67,15.0,1.0,19.236694361779815,8.04,15.54,19.9,795.0,7.74,0.473
3,9.7,-2.2,11.9,1.29,280.4,288.3,3.3,42.0,0.3508,0.123,20.5,1180.4,0.4904,692.0,0.3928,0.5,127.23,0.036,3.9,10.0,2.0,9.568916425397298,6.71,7.57,16.8,977.5,8.26,0.459
11,7.4,-5.8,13.2,1.19,182.1,171.1,2.7,40.0,0.3312,0.1097,14.7,723.8,0.5982,779.0,0.3337,0.5,185.66,0.0086,3.9,14.0,2.0,11.00075690944295,6.71,8.73,16.6,795.0,7.26,0.459
1,3.1,-9.5,12.6,1.13,332.8,329.8,3.4,47.0,0.3899,0.152,7.2,1557.2,0.8208,957.0,0.4221,0.5,321.5,0.0009,4.55,10.5,2.0,14.123452221446172,7.83,11.25,18.5,795.0,9.56,0.519
2,1.2,-12.6,13.8,1.46,317.4,306.2,3.8,23.0,0.1939,0.0376,1.4,738.8,0.5287,723.0,0.2115,0.5,392.27,0.131,3.7,12.0,3.0,14.356142618076303,6.37,10.59,18.4,795.0,6.89,0.379
12,0.7,-9.2,9.9,0.62,237.4,230.8,1.4,62.0,0.5135,0.2637,2.1,1463.1,0.5617,749.0,0.5543,0.5,413.23,0.2281,5.16,11.0,2.0,13.823559419904557,8.88,10.82,16.2,795.0,9.35,0.339
11,6.9,-4.7,11.6,1.2,266.0,252.8,3.5,29.0,0.2376,0.0565,9.9,758.4,0.6305,804.0,0.355,0.5,197.61,0.0105,3.72,13.0,2.0,14.831307501412086,6.4,11.63,16.6,795.0,9.44,0.318
12,1.4,-9.2,10.6,0.76,180.2,191.1,0.4,53.0,0.4434,0.1966,3.8,958.6,0.7183,875.0,0.4855,0.5,383.35,0.1174,3.9,13.5,4.0,19.60459215053597,6.71,14.08,15.6,795.0,9.04,0.46
11,8.7,-1.8,10.5,0.6,324.6,338.5,0.2,14.0,0.1181,0.0139,6.2,460.1,0.5388,731.0,0.3697,0.5,151.52,0.2482,5.15,9.4,1.0,14.46309859700632,8.86,11.88,18.1,795.0,6.58,0.365
1,-2.6,-15.1,12.4,1.14,340.6,335.6,1.9,34.0,0.282,0.0795,-4.4,1152.6,0.8417,973.0,0.3603,0.5,558.22,0.0019,6.0,13.7,3.0,12.800818872643958,10.32,9.67,18.5,795.0,8.09,0.334
11,2.5,-7.6,10.2,0.94,345.2,337.0,3.4,22.0,0.1828,0.0334,2.8,757.3,0.5833,767.0,0.3196,0.5,340.54,0.0258,3.4,10.0,1.0,17.409870800781718,5.85,14.12,17.3,795.0,8.11,0.441
2,-3.5,-13.0,9.5,1.06,483.6,514.5,0.3,64.0,0.5322,0.2832,-11.1,3088.5,0.532,726.0,0.5904,0.5,599.28,0.0019,5.61,13.2,2.0,13.08940735634808,9.65,10.24,18.5,795.0,9.97,0.422
11,7.0,-4.6,11.6,0.83,277.1,272.4,0.9,20.0,0.1679,0.0282,7.0,558.3,0.8139,951.0,0.3309,0.5,196.83,0.0737,4.6,13.0,2.0,10.760251259209433,7.91,8.72,17.7,795.0,6.94,0.429
2,3.2,-9.0,12.2,0.37,429.7,427.4,1.1,62.0,0.5145,0.2647,10.0,2653.1,0.8105,948.0,0.5335,0.5,315.82,0.5299,3.6,10.0,2.0,11.954422297501505,6.19,9.61,21.6,795.0,9.54,0.424
11,3.1,-5.1,8.2,0.98,388.9,391.1,1.9,31.0,0.2591,0.0672,4.9,1209.4,0.2808,525.0,0.3472,0.5,319.56,0.0147,11.09,14.1,2.0,8.885122378516002,19.08,6.89,16.3,795.0,8.66,0.469
3,6.4,-6.7,13.1,0.6,437.3,442.2,2.6,50.0,0.4172,0.174,15.9,2189.2,0.6202,796.0,0.5334,0.5,214.42,0.2451,4.2,13.1,2.0,15.249811800557644,7.23,11.93,21.8,795.0,10.0,0.363
2,4.1,-7.3,11.4,0.74,276.4,288.7,1.6,44.0,0.3695,0.1365,9.1,1225.6,0.685,848.0,0.3192,0.5,284.69,0.1329,3.3,11.5,1.0,13.102990652417711,5.68,10.98,17.7,795.0,8.7,0.375
4,15.8,4.6,11.2,1.02,476.6,476.5,3.4,55.0,0.9938,0.9877,43.6,2631.2,0.5217,717.0,0.6494,0.5,27.04,0.006,6.46,13.4,3.0,12.018825007646836,11.12,8.83,19.8,2798.9,12.18,0.527
11,7.6,-3.4,11.0,1.57,332.0,345.6,3.1,19.0,0.1608,0.0259,7.3,640.7,0.5993,779.0,0.4269,0.5,179.8,0.2202,4.5,7.5,2.0,13.674532447308312,7.74,10.74,16.1,795.0,7.27,0.361
1,-1.0,-10.0,9.0,0.57,245.8,255.0,1.8,19.0,0.1543,0.0238,-0.9,455.1,0.5582,747.0,0.3187,0.5,483.64,0.2842,5.33,10.5,1.0,19.376193144883512,9.17,15.58,15.8,795.0,5.01,0.431
3,6.3,-7.0,13.4,1.16,364.1,385.1,2.0,36.0,0.2996,0.0898,11.3,1309.1,0.6546,824.0,0.357,0.5,215.97,0.0034,4.2,12.0,1.0,15.22562310832631,7.23,12.54,19.5,795.0,7.25,0.429
11,5.7,-7.4,13.1,0.55,391.4,381.2,3.0,62.0,0.5197,0.27,17.8,2440.5,0.6121,790.0,0.4647,0.5,233.86,0.306,4.19,13.0,1.0,18.896221508021565,7.21,15.26,21.3,795.0,8.86,0.472
3,5.6,-7.0,12.6,1.02,398.4,396.5,2.4,43.0,0.3559,0.1267,12.0,1701.5,0.904,1023.0,0.3333,0.5,235.86,0.0068,4.2,8.0,2.0,12.779570132801013,7.23,10.31,19.8,795.0,7.99,0.421
2,-1.1,-14.0,12.9,0.86,370.8,391.4,4.0,51.0,0.4263,0.1818,-2.8,1897.3,0.5593,747.0,0.5545,0.5,488.77,0.0558,6.3,12.0,4.0,11.810945179258042,10.84,8.11,20.0,795.0,8.34,0.49
12,1.9,-6.6,8.6,0.82,266.6,258.5,0.1,50.0,0.4143,0.1716,4.8,1325.3,0.7503,900.0,0.4412,0.5,363.94,0.0803,4.0,12.8,2.0,15.946068394537571,6.88,12.56,15.1,795.0,8.15,0.493
4,13.2,4.9,8.3,0.3,509.8,496.7,2.0,28.0,0.3893,0.1515,18.8,1450.8,0.4913,693.0,0.3971,0.5,60.71,0.64,3.1,13.0,1.0,12.012623754304078,5.33,10.0,19.8,1001.0,8.76,0.478
2,1.8,-7.2,9.0,0.76,316.7,310.9,0.5,23.0,0.1951,0.0381,2.1,741.5,0.6114,789.0,0.3023,0.5,368.68,0.1123,4.9,11.5,4.0,16.1597785153629,8.43,11.41,16.3,795.0,6.87,0.458
4,15.9,7.0,8.9,1.02,447.5,434.2,2.6,17.0,0.3036,0.0922,13.3,750.3,0.6937,855.0,0.4024,0.5,26.37,0.0058,5.0,13.5,1.0,15.417323415683846,8.6,12.72,17.5,2006.7,7.64,0.484
4,11.3,2.3,9.0,1.08,511.5,517.8,3.7,57.0,0.5999,0.3599,32.3,2926.5,0.8496,980.0,0.6283,0.5,94.25,0.0006,5.4,13.0,3.0,17.27031943759776,9.29,13.03,18.5,1468.9,9.85,0.499
3,5.5,-4.5,10.0,0.52,447.3,443.8,1.4,27.0,0.2266,0.0513,7.5,1216.1,0.5645,752.0,0.4345,0.5,239.84,0.3419,4.76,12.2,4.0,15.829461585223122,8.19,11.12,19.8,795.0,6.79,0.391
1,-1.9,-10.2,8.3,0.88,260.9,249.8,3.5,13.0,0.1068,0.0114,-1.2,334.2,0.7775,922.0,0.3885,0.5,522.14,0.048,5.9,14.0,1.0,19.846993306730838,10.15,16.11,14.7,795.0,6.79,0.353
2,-2.4,-14.3,11.9,1.69,404.5,422.5,3.2,39.0,0.326,0.1063,-4.6,1582.5,0.8676,994.0,0.4404,0.5,545.53,0.3469,5.4,8.9,2.0,9.859626381956076,9.29,8.09,17.7,795.0,8.67,0.387
3,9.7,-4.2,13.9,1.16,540.4,523.4,0.3,12.0,0.1001,0.01,5.8,648.9,0.7095,868.0,0.4014,0.5,127.25,0.0038,3.8,18.0,3.0,17.077027968160422,6.54,12.78,22.7,795.0,5.83,0.452
4,16.5,4.1,12.4,1.17,542.5,540.6,3.9,41.0,0.7869,0.6193,33.9,2228.6,0.5603,748.0,0.6616,0.5,20.31,0.005,4.4,10.0,1.0,10.056405257836825,7.57,8.59,21.4,2917.4,12.98,0.528
3,4.9,-8.7,13.6,1.01,349.8,344.5,2.6,60.0,0.5027,0.2527,14.7,2110.2,0.6877,850.0,0.5318,0.5,259.57,0.0074,5.0,8.6,4.0,10.836784404333134,8.6,7.48,19.9,795.0,7.96,0.428
1,-0.5,-10.8,10.4,1.28,334.2,328.5,3.6,58.0,0.4824,0.2327,-1.3,1934.7,0.5852,768.0,0.4963,0.5,460.68,0.0309,4.93,12.5,3.0,14.42795911010274,8.48,10.69,16.4,795.0,9.32,0.425
3,10.0,1.2,8.9,1.63,393.7,402.3,1.6,44.0,0.3682,0.1356,22.0,1730.1,1.0,1165.0,0.5664,0.5,120.4,0.2855,2.62,14.5,3.0,4.44600568243607,4.51,3.53,15.2,795.0,8.51,0.453
1,-5.8,-19.4,13.6,0.53,249.9,235.1,2.4,47.0,0.3946,0.1557,-13.8,1183.5,0.5203,716.0,0.5052,0.5,718.72,0.3234,4.33,11.4,3.0,9.787288361373896,7.45,7.16,19.6,795.0,9.0,0.466
2,2.0,-10.0,12.1,1.08,313.3,325.4,1.2,59.0,0.4901,0.2402,6.0,1842.7,1.0,1121.0,0.5296,0.5,360.04,0.0003,4.0,10.2,3.0,17.294715765071494,6.88,13.17,18.0,795.0,9.23,0.492
12,2.5,-5.9,8.5,1.25,190.5,183.0,3.9,13.0,0.1107,0.0123,1.7,253.1,0.817,954.0,0.4636,0.5,340.52,0.0212,3.0,10.0,2.0,15.283873082022742,5.16,12.12,12.8,795.0,9.44,0.432
3,6.2,-4.7,10.9,0.71,523.8,515.5,2.4,47.0,0.3917,0.1534,14.6,2461.8,0.5529,742.0,0.4739,0.5,218.52,0.1501,5.2,10.0,4.0,15.292163947945866,8.95,10.71,21.1,795.0,9.25,0.411
12,1.4,-6.9,8.3,0.76,177.8,196.3,3.4,51.0,0.422,0.1781,3.6,900.4,0.3786,603.0,0.4294,0.5,383.67,0.1151,4.3,12.5,4.0,15.561501580358916,7.4,10.77,13.7,795.0,8.74,0.471
11,8.0,-2.8,10.8,0.99,260.6,247.2,2.0,12.0,0.1024,0.0105,4.9,320.1,0.863,990.0,0.2844,0.5,169.37,0.0112,5.81,8.0,3.0,15.525766839482692,10.0,11.73,16.3,795.0,7.61,0.408
1,-1.3,-13.0,11.7,0.84,330.2,331.9,1.9,46.0,0.3829,0.1466,-3.1,1516.9,0.61,788.0,0.5243,0.5,498.96,0.0654,3.43,13.0,2.0,18.520633829696028,5.9,14.38,18.5,795.0,8.09,0.461
11,7.0,-4.8,11.8,1.65,318.5,313.9,3.6,17.0,0.1446,0.0209,6.1,552.9,0.7712,917.0,0.2568,0.5,195.94,0.2975,5.0,13.0,2.0,16.173426809231824,8.6,12.75,16.4,795.0,6.19,0.394
3,11.2,2.5,8.7,0.85,459.4,438.3,1.0,26.0,0.2665,0.071,14.4,1179.4,0.8769,1002.0,0.3849,0.5,95.5,0.0621,3.7,15.0,1.0,16.419218366651616,6.37,13.62,18.0,795.0,6.86,0.379
12,2.7,-8.5,11.2,1.27,219.5,216.2,1.4,23.0,0.1922,0.0369,3.1,506.1,0.8122,950.0,0.21,0.5,334.21,0.0279,5.39,9.3,3.0,17.068343317780133,9.27,12.85,15.4,795.0,6.9,0.366
3,8.3,-4.1,12.4,0.35,231.0,225.7,3.3,19.0,0.155,0.024,7.7,429.6,0.6119,790.0,0.2493,0.5,160.65,0.5558,4.36,16.8,2.0,17.223797070462115,7.5,13.41,18.8,795.0,6.9,0.381
3,2.3,-8.4,10.7,0.87,474.3,467.1,3.9,18.0,0.15,0.0225,2.1,853.9,0.6553,824.0,0.2738,0.5,349.63,0.0549,5.3,12.0,2.0,13.140186372603,9.12,10.38,19.8,795.0,7.07,0.368
1,-0.8,-13.2,12.4,1.18,336.4,332.5,2.8,42.0,0.3508,0.1231,-1.7,1416.3,0.7613,909.0,0.4304,0.5,475.06,0.007,5.0,16.0,3.0,9.41670260435135,8.6,7.07,18.3,795.0,7.53,0.483
11,8.2,-2.3,10.4,0.57,343.9,331.9,2.7,13.0,0.1119,0.0125,5.5,461.9,0.7788,923.0,0.403,0.5,165.02,0.2793,4.5,12.5,3.0,17.25868939332143,7.74,12.97,18.4,795.0,7.64,0.419
12,0.5,-11.2,11.7,1.31,273.3,274.8,2.1,55.0,0.4591,0.2107,1.4,1505.8,0.3587,587.0,0.5324,0.5,420.58,0.0452,6.4,11.0,1.0,18.070646540132273,11.01,14.44,16.5,795.0,7.36,0.41
3,5.4,-7.5,12.9,0.83,413.2,429.7,1.4,57.0,0.4737,0.2244,15.2,2348.9,0.591,773.0,0.5553,0.5,244.77,0.0735,4.13,10.0,4.0,12.75012902724371,7.11,8.84,20.7,795.0,8.35,0.527
12,2.2,-9.4,11.6,1.43,244.2,246.1,2.9,42.0,0.3537,0.1251,4.6,1036.7,0.6259,801.0,0.4964,0.5,354.35,0.1088,6.04,11.0,4.0,13.441811489004857,10.39,9.38,15.7,795.0,8.58,0.441
1,0.5,-12.8,13.4,2.3,275.3,276.7,1.7,25.0,0.2095,0.0439,0.7,692.1,0.6208,797.0,0.2605,0.5,419.23,1.4497,6.3,8.1,1.0,14.798325810361158,10.84,12.2,15.3,795.0,7.61,0.497
3,5.2,-3.7,8.9,1.04,415.3,422.3,0.6,52.0,0.4357,0.1898,13.5,2171.1,0.7654,912.0,0.4935,0.5,250.28,0.0042,5.89,8.0,3.0,14.292584920694317,10.13,10.73,17.0,795.0,8.28,0.471
2,6.7,-2.6,9.3,0.73,326.0,295.1,2.9,29.0,0.2456,0.0603,9.9,960.8,0.4849,688.0,0.4004,0.5,204.8,0.1348,4.5,9.0,3.0,14.203849374534437,7.74,10.44,16.8,795.0,8.78,0.434
4,11.6,2.7,8.9,1.39,500.3,493.1,1.6,33.0,0.3606,0.13,19.0,1629.3,0.3705,596.0,0.4173,0.5,87.56,0.0836,6.34,9.0,2.0,14.678257922901977,10.91,11.31,17.5,795.0,8.51,0.398
12,1.3,-12.5,13.8,1.55,295.8,300.5,3.1,26.0,0.2206,0.0487,1.7,783.0,0.863,990.0,0.4896,0.5,389.1,0.1994,5.02,9.0,3.0,18.10866033139911,8.64,13.67,17.9,795.0,6.69,0.335
12,-1.4,-9.8,8.4,2.0,403.0,394.9,0.7,54.0,0.4487,0.2013,-3.8,2169.9,0.6035,783.0,0.5224,0.5,502.45,0.8088,2.8,7.3,3.0,13.644970701370436,4.82,10.12,14.0,795.0,9.75,0.424
4,16.2,5.1,11.1,1.19,453.0,449.5,3.7,24.0,0.4404,0.1939,19.1,1067.6,0.6281,803.0,0.4364,0.5,22.92,0.0075,4.64,11.0,1.0,18.413720222793028,7.98,14.91,19.0,1533.9,8.68,0.447
1,-5.8,-14.8,9.0,0.97,306.9,323.9,3.8,51.0,0.4262,0.1817,-14.9,1569.7,0.6399,812.0,0.5801,0.5,720.42,0.0177,3.75,5.5,1.0,17.348659921857703,6.45,14.12,15.7,795.0,9.52,0.466
11,11.5,-1.6,13.1,1.99,244.2,238.2,1.5,41.0,0.4479,0.2006,23.8,1011.4,1.0,1117.0,0.6507,0.5,90.46,0.7839,4.5,7.0,2.0,9.445375578396838,7.74,7.88,15.5,795.0,8.45,0.439
1,-0.4,-9.0,8.6,1.12,315.1,319.9,0.7,38.0,0.3129,0.0979,-0.7,1183.1,0.7856,928.0,0.5285,0.5,456.45,0.0004,5.04,9.0,1.0,13.268836253717934,8.67,11.18,15.1,795.0,8.62,0.352
2,0.9,-12.6,13.5,1.29,298.7,300.4,3.7,53.0,0.4377,0.1915,2.5,1569.0,0.8667,993.0,0.4656,0.5,402.36,0.038,4.53,15.8,2.0,22.784665344116448,7.79,17.78,18.4,795.0,9.87,0.444
2,7.3,-4.1,11.4,1.2,349.4,346.9,2.6,20.0,0.1628,0.0265,7.2,682.7,0.8636,991.0,0.4628,0.5,186.5,0.0105,5.9,15.0,2.0,13.279472075258827,10.15,10.65,17.7,795.0,7.38,0.445
12,-1.2,-11.0,9.8,1.12,161.4,173.5,0.2,39.0,0.3209,0.103,-2.3,621.4,0.4592,667.0,0.3934,0.5,493.21,0.0004,4.01,9.3,2.0,15.010418462106681,6.9,11.63,13.7,795.0,7.14,0.342
2,0.7,-9.3,10.0,1.11,379.0,380.3,1.2,46.0,0.3874,0.1501,1.6,1762.1,0.7912,933.0,0.4879,0.5,412.56,0.0001,5.1,11.9,1.0,8.954872603121826,8.78,7.95,17.2,795.0,8.62,0.464
1,-0.1,-12.5,12.4,1.16,269.7,262.2,3.1,34.0,0.2805,0.0787,-0.1,907.6,0.615,792.0,0.3442,0.5,443.19,0.004,5.86,13.2,4.0,23.694172161880484,10.08,17.06,17.4,795.0,6.86,0.222
11,7.2,-6.7,14.0,1.4,298.6,302.6,2.4,17.0,0.1438,0.0207,6.2,515.4,0.7585,907.0,0.2426,0.5,189.76,0.0908,4.7,14.7,3.0,15.229383129651263,8.09,11.43,18.4,795.0,6.76,0.375
3,8.2,-1.6,9.7,1.4,469.7,465.6,0.0,27.0,0.2209,0.0488,10.8,1245.3,0.7755,920.0,0.4816,0.5,164.52,0.089,4.9,14.5,4.0,12.767608610722398,8.43,9.0,17.6,795.0,7.85,0.51
2,3.4,-5.6,9.0,0.54,241.4,238.7,3.7,25.0,0.2112,0.0446,4.4,611.7,0.6425,814.0,0.4197,0.5,308.6,0.3083,5.6,9.4,2.0,10.629570946862746,9.64,8.49,15.8,795.0,8.37,0.416
11,8.1,-4.4,12.5,1.9,269.1,260.4,1.4,41.0,0.3442,0.1185,16.7,1111.5,0.6765,841.0,0.4571,0.5,166.86,0.6325,4.1,10.0,1.0,6.718961839764484,7.05,6.18,15.6,795.0,8.91,0.5
4,13.6,0.2,13.4,1.04,507.9,512.5,1.3,47.0,0.6729,0.4528,31.9,2384.0,0.3491,579.0,0.6706,0.5,54.73,0.0039,4.43,9.0,3.0,13.431413805705093,7.62,9.75,22.0,1819.1,10.01,0.596
1,0.8,-12.4,13.1,0.64,241.1,244.5,2.8,51.0,0.426,0.1815,1.9,1232.7,0.6833,847.0,0.5616,0.5,409.75,0.214,3.7,10.0,2.0,13.638277004079987,6.37,10.78,18.8,795.0,8.48,0.347
1,1.2,-7.5,8.7,1.22,309.9,302.5,0.4,52.0,0.4306,0.1854,3.1,1601.3,0.6464,817.0,0.5008,0.5,392.27,0.0142,3.52,10.0,1.0,9.774475774803093,6.06,8.45,14.9,795.0,7.04,0.337
3,7.4,-3.3,10.7,1.36,442.0,438.6,2.1,14.0,0.117,0.0137,5.2,620.5,0.459,667.0,0.3259,0.5,184.12,0.0654,5.11,9.7,2.0,12.232227542482365,8.79,9.54,18.1,795.0,6.91,0.368
2,2.7,-7.8,10.5,1.17,328.0,323.4,3.5,31.0,0.2553,0.0652,4.2,1005.0,1.0,1164.0,0.5256,0.5,333.26,0.005,4.01,9.0,1.0,12.608550731935642,6.9,10.86,16.7,795.0,7.53,0.461
12,2.3,-9.8,12.1,0.9,302.6,296.5,2.4,41.0,0.3411,0.1164,4.8,1238.5,0.8486,979.0,0.4828,0.5,348.65,0.0388,3.3,9.0,1.0,18.22895366353965,5.68,14.95,18.3,795.0,7.43,0.404
11,11.5,1.5,10.0,1.73,252.9,250.0,0.6,18.0,0.2006,0.0402,10.6,467.2,0.5315,725.0,0.4356,0.5,89.99,0.3973,4.8,12.2,2.0,15.306159865453472,8.26,11.9,13.7,795.0,7.5,0.266
12,2.8,-5.7,8.5,0.39,209.5,206.2,1.2,61.0,0.5045,0.2545,8.4,1268.1,0.5771,762.0,0.5888,0.5,332.36,0.5022,4.4,12.5,1.0,13.254340484487797,7.57,11.0,15.2,795.0,8.97,0.427
2,3.6,-6.8,10.3,1.39,417.9,414.4,2.5,15.0,0.1225,0.015,2.6,614.1,0.4659,673.0,0.2785,0.5,303.65,0.0834,4.5,13.0,3.0,12.601168421748321,7.74,9.22,17.4,795.0,4.77,0.374
4,11.2,-0.3,11.5,1.26,490.2,500.8,2.9,11.0,0.1094,0.012,5.9,522.3,0.3762,601.0,0.3471,0.5,96.84,0.0252,4.9,13.0,3.0,15.218478580072144,8.43,11.11,19.7,795.0,5.76,0.383
4,15.9,2.7,13.2,0.95,462.0,475.7,1.7,33.0,0.5991,0.359,26.2,1520.8,0.6939,855.0,0.5499,0.5,25.79,0.0215,3.9,11.0,2.0,13.655064127704089,6.71,10.8,21.4,2097.8,9.17,0.397
12,2.5,-7.4,9.9,0.79,364.3,368.1,2.4,18.0,0.1503,0.0226,2.3,656.9,0.5394,732.0,0.3201,0.5,341.78,0.0961,6.0,10.5,3.0,12.682717595349061,10.32,9.34,17.7,795.0,7.11,0.413
1,0.7,-8.3,9.0,1.45,246.5,253.0,2.5,32.0,0.2706,0.0732,1.2,800.6,0.7402,892.0,0.4316,0.5,411.65,0.1253,4.79,12.0,2.0,15.598253753592601,8.24,12.29,13.6,795.0,6.97,0.335
4,14.6,6.5,8.1,0.9,634.9,642.8,0.6,50.0,0.7963,0.6341,36.3,3160.4,0.5465,737.0,0.7772,0.5,40.99,0.0389,4.4,13.1,3.0,11.13387172608721,7.57,8.19,20.1,3112.4,8.69,0.466
2,2.0,-11.9,14.0,1.66,300.5,301.9,0.2,30.0,0.2484,0.0617,3.0,895.7,0.4352,648.0,0.4436,0.5,359.31,0.3134,3.93,14.8,4.0,11.079325545504389,6.76,7.46,17.9,795.0,6.51,0.411
3,4.2,-8.5,12.7,1.13,485.7,485.6,3.9,11.0,0.0926,0.0086,2.3,539.6,0.7699,916.0,0.2741,0.5,281.76,0.0011,5.7,13.5,2.0,9.538314662606595,9.81,7.77,20.9,795.0,7.28,0.35
12,2.0,-7.4,9.5,0.98,344.5,344.2,2.6,60.0,0.4998,0.2498,6.1,2066.1,0.6539,823.0,0.4714,0.5,359.33,0.0144,3.62,13.0,3.0,15.915177377785511,6.23,11.86,16.6,795.0,8.36,0.453
3,5.8,-6.4,12.2,0.68,402.8,413.9,1.2,51.0,0.4245,0.1802,14.8,2051.4,0.6971,858.0,0.4603,0.5,230.13,0.1767,5.7,13.0,1.0,12.832379257682549,9.81,10.78,20.4,795.0,7.6,0.524
12,-1.7,-13.7,12.0,1.02,303.9,324.5,3.1,30.0,0.2489,0.0619,-2.6,907.4,0.4124,630.0,0.4218,0.5,516.8,0.0068,5.0,10.0,1.0,13.0256772345128,8.6,10.7,17.9,795.0,8.32,0.421
4,12.6,2.6,9.9,0.6,505.1,492.6,0.9,52.0,0.652,0.4251,32.4,2602.8,0.8368,969.0,0.6085,0.5,70.71,0.2455,5.55,13.0,3.0,14.07439103323546,9.55,10.63,20.3,1886.7,8.85,0.658
2,1.8,-11.1,12.9,1.27,288.1,283.3,3.5,47.0,0.3875,0.1502,4.2,1339.8,0.7146,872.0,0.6172,0.5,368.02,0.0293,4.6,10.0,2.0,16.073869304406294,7.91,12.63,17.8,795.0,9.28,0.44
3,6.6,-7.2,13.8,1.06,387.0,388.9,3.3,48.0,0.4024,0.162,15.8,1869.1,0.524,719.0,0.4003,0.5,208.74,0.0013,4.4,10.5,1.0,15.60585565828631,7.57,12.72,20.5,795.0,8.75,0.338
3,5.2,-6.4,11.6,1.29,531.6,518.7,1.0,52.0,0.4352,0.1894,13.6,2775.9,0.4811,685.0,0.5143,0.5,249.28,0.0377,4.91,11.2,1.0,9.50241865046934,8.45,8.11,20.3,795.0,9.87,0.483
1,-2.7,-14.5,11.9,1.01,267.8,270.6,2.3,31.0,0.256,0.0655,-4.1,822.7,0.7321,886.0,0.342,0.5,560.08,0.0081,4.6,13.0,2.0,11.838246865338549,7.91,9.46,17.3,795.0,7.51,0.308
2,1.0,-8.4,9.5,1.99,372.0,376.3,1.7,48.0,0.401,0.1608,2.5,1790.1,1.0,1301.0,0.5191,0.5,398.0,0.7855,4.99,14.0,1.0,14.574519755591322,8.59,12.33,14.5,795.0,7.79,0.541
3,6.0,-4.9,10.9,1.71,526.1,537.2,0.2,45.0,0.3777,0.1427,13.7,2384.5,0.7863,929.0,0.4606,0.5,223.9,0.3694,5.23,10.0,2.0,8.708892696267213,9.0,7.16,18.7,795.0,7.47,0.393
2,1.9,-11.0,12.9,1.0,341.0,337.0,2.5,30.0,0.2517,0.0633,2.9,1029.9,0.341,573.0,0.5814,0.5,364.53,0.009,5.82,18.2,3.0,17.72065593160694,10.01,12.96,19.2,795.0,7.59,0.396
11,8.0,-5.5,13.6,0.99,265.4,264.3,1.7,56.0,0.4647,0.2159,22.4,1479.6,0.7021,862.0,0.5501,0.5,168.22,0.0118,5.0,13.5,2.0,17.832109457632466,8.6,13.94,18.7,795.0,7.58,0.494
3,6.4,-1.6,8.0,1.41,396.0,390.0,3.0,25.0,0.2098,0.044,8.1,997.2,0.526,721.0,0.3317,0.5,213.34,0.0935,3.8,10.2,4.0,14.702186630191747,6.54,10.25,15.2,795.0,6.53,0.407
12,-2.9,-13.9,11.0,0.63,310.3,315.8,0.4,14.0,0.115,0.0132,-2.0,428.1,0.7042,863.0,0.3392,0.5,568.86,0.2176,5.8,11.9,1.0,13.90723325135277,9.98,11.59,18.2,795.0,5.24,0.283
1,3.5,-6.8,10.3,1.36,253.6,265.8,0.5,61.0,0.5119,0.2621,10.8,1557.7,0.6923,854.0,0.7007,0.5,306.02,0.0701,5.63,11.1,3.0,16.37108305795582,9.69,12.23,14.9,795.0,7.03,0.501
3,3.7,-6.0,9.7,1.17,405.1,422.7,2.0,52.0,0.4349,0.1891,9.6,2113.8,0.7297,884.0,0.4942,0.5,300.16,0.005,5.28,13.2,1.0,17.05925168766917,9.09,13.98,17.2,795.0,8.69,0.409
11,6.2,-4.6,10.8,0.84,298.9,275.8,3.6,32.0,0.2666,0.0711,10.0,956.2,0.7049,864.0,0.4534,0.5,218.23,0.0681,3.7,13.7,2.0,12.657002565528732,6.37,10.06,17.3,795.0,8.25,0.349
3,8.9,-0.7,9.6,0.98,374.7,374.7,2.2,58.0,0.4855,0.2358,25.8,2183.4,0.5864,769.0,0.5555,0.5,147.17,0.0141,3.8,8.5,2.0,11.799453527945808,6.54,9.32,17.2,795.0,8.46,0.482
12,1.2,-10.1,11.3,1.15,214.1,215.5,2.1,52.0,0.4347,0.189,3.1,1116.7,0.3896,612.0,0.5773,0.5,392.68,0.0025,5.0,20.0,4.0,13.894531506497241,8.6,9.53,15.6,795.0,8.71,0.34
11,9.8,-0.3,10.1,1.18,316.4,315.0,1.1,50.0,0.4166,0.1735,24.4,1581.5,0.4784,683.0,0.6081,0.5,126.26,0.0068,5.66,14.8,4.0,16.05285220480791,9.74,11.22,16.2,795.0,8.3,0.465
2,3.5,-6.8,10.4,1.78,286.9,300.1,0.3,29.0,0.2408,0.058,5.1,829.2,0.6531,822.0,0.51,0.5,304.69,0.4658,5.47,9.0,1.0,8.741020971110844,9.41,7.68,14.5,795.0,6.86,0.406
4,10.2,1.4,8.7,1.81,405.0,389.4,4.0,20.0,0.1745,0.0304,10.3,822.8,0.496,697.0,0.3022,0.5,117.65,0.499,4.1,10.8,1.0,19.342172277302836,7.05,15.5,14.8,795.0,8.19,0.409
11,10.0,-3.0,13.0,1.21,239.6,255.4,1.6,56.0,0.4722,0.223,28.2,1346.8,0.7984,939.0,0.5737,0.5,120.11,0.0121,5.83,10.0,1.0,21.905089754010994,10.03,17.67,17.3,968.2,8.73,0.427
1,3.1,-9.5,12.6,1.54,213.1,202.3,0.8,11.0,0.0912,0.0083,1.7,233.1,0.7988,939.0,0.297,0.5,321.25,0.1922,3.37,11.5,4.0,15.925127762262399,5.8,11.38,15.7,795.0,5.72,0.303
3,10.5,-2.0,12.5,1.7,487.6,484.5,2.4,40.0,0.3657,0.1337,21.0,1954.3,0.6423,814.0,0.3865,0.5,110.78,0.3605,6.1,10.2,2.0,17.504427435758018,10.5,13.64,19.4,795.0,7.98,0.436
1,-0.7,-8.9,8.3,1.64,223.1,211.5,0.2,59.0,0.4953,0.2454,-2.0,1326.0,0.4902,692.0,0.5778,0.5,469.5,0.2957,6.0,10.3,3.0,16.48733360834506,10.32,12.16,12.1,795.0,8.54,0.382
12,3.6,-9.9,13.5,1.17,272.9,275.8,1.1,28.0,0.2332,0.0544,5.1,763.8,0.6354,808.0,0.4576,0.5,302.01,0.0044,3.21,8.0,1.0,18.57822528458066,5.52,15.04,18.3,795.0,7.31,0.408
12,-3.8,-14.1,10.3,1.08,318.9,309.1,3.1,10.0,0.0862,0.0074,-1.9,329.8,0.9239,1039.0,0.3016,0.5,612.96,0.0002,3.5,12.5,4.0,9.090622021631283,6.02,6.36,16.6,795.0,5.55,0.364
11,8.1,-1.9,10.0,1.48,338.5,350.3,1.9,29.0,0.2443,0.0597,11.9,992.5,0.4197,636.0,0.3639,0.5,165.44,0.146,5.7,14.0,4.0,18.66460073675045,9.81,13.13,15.7,795.0,8.14,0.392
4,11.2,1.2,10.1,1.04,494.3,488.5,2.1,36.0,0.377,0.1421,20.4,1789.9,0.9706,1077.0,0.3512,0.5,95.13,0.0032,6.41,9.1,2.0,16.207571637982582,11.03,12.93,19.2,795.0,8.69,0.42
3,7.4,-6.1,13.4,1.05,498.4,501.6,1.5,17.0,0.1392,0.0194,6.2,832.4,0.8511,981.0,0.2711,0.5,185.84,0.0024,6.02,11.0,2.0,16.62733449815966,10.36,13.15,21.9,795.0,7.2,0.512
11,4.9,-7.5,12.3,1.9,236.1,243.4,1.1,29.0,0.2378,0.0566,6.9,673.7,0.5934,775.0,0.3819,0.5,260.48,0.6448,4.9,13.5,3.0,12.067174245077283,8.43,8.93,15.0,795.0,7.06,0.429
11,6.7,-5.9,12.6,1.16,325.7,334.9,2.7,46.0,0.3823,0.1462,15.3,1494.3,0.5468,737.0,0.4027,0.5,204.99,0.004,4.4,13.0,2.0,18.751076384420628,7.57,14.5,18.3,795.0,9.88,0.462
2,1.1,-11.0,12.0,1.14,370.4,367.7,0.8,24.0,0.1967,0.0387,1.2,874.4,0.6178,794.0,0.2897,0.5,397.78,0.0015,5.0,7.0,4.0,13.159222533440028,8.6,9.16,18.6,795.0,7.9,0.357
1,0.5,-8.1,8.6,1.21,299.7,298.7,2.8,20.0,0.1705,0.0291,0.5,613.3,0.5044,704.0,0.3015,0.5,418.8,0.0116,4.8,9.0,3.0,17.202039749017523,8.26,12.71,14.7,795.0,7.5,0.333
2,3.4,-9.8,13.2,0.72,345.2,349.1,0.2,50.0,0.4195,0.176,8.6,1737.9,0.5942,775.0,0.4945,0.5,308.77,0.1409,5.1,10.2,3.0,17.90911551841565,8.78,13.31,20.2,795.0,9.07,0.473
4,10.8,0.8,10.1,1.37,491.4,494.5,3.5,39.0,0.3761,0.1415,20.9,1896.8,0.6218,797.0,0.4702,0.5,103.1,0.0742,4.17,14.0,2.0,14.500099342735847,7.18,11.37,18.3,795.0,8.34,0.441
2,2.2,-8.8,10.9,1.23,259.3,252.0,0.7,37.0,0.3071,0.0943,4.0,955.8,0.8947,1016.0,0.3277,0.5,355.07,0.0161,5.42,15.0,2.0,10.634310655260133,9.33,8.69,15.9,795.0,8.93,0.493
2,3.2,-8.3,11.5,0.5,320.3,309.4,0.0,33.0,0.2784,0.0775,5.3,1070.2,0.6728,838.0,0.3128,0.5,317.07,0.3605,4.9,10.0,2.0,12.45087685163451,8.43,9.88,19.1,795.0,6.89,0.444
2,5.9,-7.1,13.0,1.33,327.4,336.8,2.5,19.0,0.1569,0.0246,5.5,616.3,0.7998,940.0,0.3629,0.5,229.33,0.0518,5.8,13.8,3.0,10.695838640634152,9.98,8.06,18.3,795.0,7.83,0.338
2,-1.5,-14.6,13.1,0.68,342.8,347.0,2.4,23.0,0.1954,0.0382,-1.7,803.5,0.5571,746.0,0.3833,0.5,504.32,0.1737,4.96,8.0,2.0,13.476325700378673,8.53,10.55,20.2,795.0,5.71,0.447
3,4.2,-4.3,8.5,1.31,448.9,465.9,3.4,17.0,0.1413,0.02,3.6,761.2,0.9161,1033.0,0.2012,0.5,281.83,0.0437,4.0,11.0,4.0,14.453797915623914,6.88,10.37,16.5,795.0,7.41,0.424
12,3.2,-5.9,9.0,1.65,217.5,214.1,0.9,58.0,0.4818,0.2321,9.1,1257.3,0.7306,885.0,0.4783,0.5,318.6,0.3058,5.6,17.5,4.0,15.653760062557243,9.64,11.12,12.6,795.0,8.87,0.369
3,9.1,-2.1,11.2,0.94,528.6,533.3,1.8,59.0,0.4934,0.2435,27.1,3130.2,0.8147,952.0,0.5354,0.5,140.73,0.0261,7.7,13.5,1.0,11.973048158847725,13.25,10.23,20.9,1217.3,9.25,0.484
2,2.7,-7.9,10.6,0.84,295.4,299.4,0.5,54.0,0.4524,0.2047,7.4,1604.0,0.4502,660.0,0.5351,0.5,333.77,0.0663,4.42,13.5,4.0,14.655105841287687,7.61,10.15,17.1,795.0,8.88,0.462
3,5.7,-3.5,9.2,0.72,353.9,348.6,1.5,37.0,0.3048,0.0929,10.4,1294.5,0.7058,865.0,0.5387,0.5,233.76,0.1409,6.19,13.8,2.0,13.680462861169929,10.65,10.82,17.2,795.0,6.82,0.32
11,4.6,-7.9,12.6,0.96,335.4,357.6,2.4,11.0,0.093,0.0086,2.6,374.3,0.8589,987.0,0.3502,0.5,267.46,0.019,6.0,16.1,2.0,6.754395535329013,10.32,5.75,19.0,795.0,6.3,0.297
12,3.7,-8.9,12.5,0.63,290.5,295.7,3.5,51.0,0.4255,0.1811,9.3,1483.2,0.6231,798.0,0.5431,0.5,300.62,0.2228,2.9,9.0,1.0,16.457876320219697,4.99,13.44,19.1,795.0,10.3,0.39
1,-1.1,-14.7,13.6,0.87,292.4,295.9,2.8,11.0,0.0894,0.008,-0.6,313.7,0.7404,892.0,0.3565,0.5,488.4,0.0509,5.67,11.0,4.0,16.45322757904522,9.76,11.73,19.4,795.0,7.35,0.382
1,2.3,-11.6,13.9,0.64,275.5,274.9,0.0,29.0,0.2394,0.0573,3.3,791.4,0.7434,895.0,0.3449,0.5,348.99,0.2075,3.8,17.0,4.0,10.502392196857711,6.54,7.27,19.9,795.0,6.97,0.346
2,-2.6,-13.7,11.1,0.48,374.3,389.7,2.4,57.0,0.4776,0.2281,-7.5,2145.1,0.9483,1059.0,0.5646,0.5,557.84,0.3885,5.0,13.9,2.0,15.336798725340223,8.6,12.26,19.6,795.0,8.28,0.422
1,-1.6,-12.0,10.3,1.44,319.8,318.3,3.0,58.0,0.4863,0.2365,-4.7,1866.3,0.5456,736.0,0.5554,0.5,511.17,0.1152,4.0,9.9,2.0,7.855144213604023,6.88,6.33,15.8,795.0,8.68,0.441
12,6.7,-5.4,12.1,0.86,285.7,292.0,2.3,46.0,0.3829,0.1466,15.3,1312.8,0.4539,663.0,0.5742,0.5,205.85,0.0594,4.07,11.0,2.0,12.54503758638305,7.0,9.77,18.1,795.0,8.39,0.427
4,12.7,2.8,9.9,0.41,603.4,601.0,3.1,32.0,0.4084,0.1668,20.2,1913.9,0.5195,716.0,0.371,0.5,68.49,0.4828,3.5,12.3,1.0,16.446749456723904,6.02,13.35,22.3,1163.1,7.76,0.391
3,11.3,2.4,8.9,2.0,570.6,564.0,3.9,15.0,0.1597,0.0255,8.6,861.7,0.6232,799.0,0.3656,0.5,93.2,0.8129,6.73,10.0,3.0,14.340062044050615,11.58,10.65,17.0,795.0,6.99,0.423
1,1.5,-9.4,10.9,1.64,287.1,295.8,3.4,50.0,0.4207,0.177,3.7,1449.3,0.5676,754.0,0.5404,0.5,381.76,0.2955,5.0,13.0,2.0,13.893377836117189,8.6,10.87,15.2,795.0,9.64,0.623
12,3.0,-8.8,11.8,0.82,234.3,237.7,3.5,22.0,0.1822,0.0332,3.3,512.3,0.6613,829.0,0.3223,0.5,324.19,0.076,5.36,8.0,1.0,13.383469840410852,9.22,11.17,17.2,795.0,7.94,0.307
4,15.0,2.3,12.7,0.6,569.5,582.5,1.1,42.0,0.7063,0.4989,31.8,2413.2,0.5471,738.0,0.63,0.5,35.98,0.2521,5.31,11.0,2.0,13.979750409388103,9.14,10.92,23.5,1737.1,9.83,0.507
2,2.5,-10.2,12.8,1.1,300.6,297.0,3.9,20.0,0.17,0.0289,2.6,613.4,0.8192,955.0,0.4451,0.5,340.54,0.0,6.43,10.4,2.0,10.213925923960103,11.06,8.32,18.3,795.0,7.75,0.278
4,14.6,4.3,10.3,1.34,511.5,494.4,2.2,21.0,0.3379,0.1142,15.4,1078.0,0.4795,684.0,0.3815,0.5,40.72,0.056,5.12,8.6,4.0,16.226531018083232,8.81,11.35,18.9,1021.9,8.53,0.349
11,11.5,0.0,11.5,1.47,234.6,233.4,3.7,63.0,0.6831,0.4666,36.2,1471.9,0.4338,647.0,0.6037,0.5,89.66,0.1335,5.9,17.8,1.0,13.656807990872359,10.15,11.19,15.4,1465.9,11.01,0.332
2,0.2,-8.1,8.3,1.32,331.1,325.2,2.6,14.0,0.1165,0.0136,0.1,462.8,0.5766,761.0,0.324,0.5,434.28,0.0501,3.4,14.7,3.0,9.559957391922492,5.85,7.03,14.6,795.0,5.76,0.425
12,-4.6,-18.5,13.9,0.74,232.8,250.2,0.8,34.0,0.2814,0.0792,-7.8,786.0,0.7228,878.0,0.4814,0.5,657.21,0.1271,3.1,9.0,1.0,17.16050398177145,5.33,14.05,19.0,795.0,6.58,0.437
2,2.5,-9.1,11.6,1.13,421.6,426.9,3.6,46.0,0.3853,0.1484,5.8,1949.4,0.6451,816.0,0.403,0.5,342.05,0.0011,4.7,8.7,1.0,9.18913175597838,8.09,8.01,19.0,795.0,9.13,0.462
4,14.7,6.7,8.0,0.38,627.4,630.7,4.0,60.0,0.9809,0.9621,44.5,3792.1,0.8761,1001.0,0.7261,0.5,39.22,0.5124,6.4,9.8,3.0,17.13918290427546,11.01,12.96,21.2,3272.6,12.12,0.517
4,9.4,-0.6,10.0,0.79,517.0,519.3,3.2,17.0,0.1409,0.0199,8.0,874.1,0.5952,776.0,0.4601,0.5,134.31,0.0948,3.7,9.1,2.0,11.225251848101156,6.37,8.9,20.1,795.0,7.7,0.372
4,12.9,0.8,12.1,1.13,509.3,503.9,0.0,40.0,0.5256,0.2762,25.7,2030.4,0.5839,767.0,0.5685,0.5,65.45,0.0011,3.8,12.0,2.0,12.031190141041957,6.54,9.49,20.8,1412.7,7.38,0.474
12,-2.6,-11.4,8.8,1.31,185.2,173.6,1.8,61.0,0.5113,0.2614,-7.9,1136.2,0.8583,987.0,0.5097,0.5,556.53,0.0456,6.0,16.5,4.0,11.35583481489877,10.32,8.0,12.9,795.0,10.46,0.41
3,7.2,-3.8,11.0,1.18,347.7,341.6,2.0,53.0,0.4398,0.1934,19.0,1834.9,0.5927,774.0,0.6512,0.5,189.95,0.0061,6.0,13.0,1.0,9.900662355277515,10.32,8.5,17.4,795.0,8.04,0.329
12,2.8,-5.8,8.6,1.53,263.4,270.2,2.1,11.0,0.0953,0.0091,1.6,301.4,0.5278,722.0,0.2773,0.5,332.52,0.1813,6.4,15.0,1.0,14.289528087503957,11.01,11.74,13.3,795.0,7.54,0.392
11,8.5,-2.6,11.1,1.52,334.8,344.9,1.3,19.0,0.1572,0.0247,8.0,631.5,0.781,925.0,0.3242,0.5,155.88,0.1782,4.05,9.0,2.0,18.055429543454707,6.97,14.17,16.4,795.0,5.18,0.379
2,6.0,-3.8,9.8,1.1,292.3,280.5,3.3,36.0,0.3013,0.0908,10.8,1057.1,0.2292,483.0,0.4384,0.5,225.99,0.0,4.0,8.5,2.0,12.028103312338994,6.88,9.2,15.8,795.0,8.92,0.345
4,14.5,2.3,12.1,1.1,522.4,539.7,2.5,38.0,0.6052,0.3663,27.8,2006.1,0.5021,702.0,0.6115,0.5,42.82,0.0,5.99,6.9,4.0,17.344589707617722,10.31,12.21,21.1,1672.4,10.16,0.637
12,1.6,-11.6,13.2,1.45,267.4,269.9,1.9,64.0,0.535,0.2863,5.2,1717.0,0.6648,832.0,0.5879,0.5,375.51,0.1241,4.52,7.0,2.0,16.71829220803366,7.78,13.07,17.3,795.0,9.85,0.42
2,0.9,-10.5,11.5,1.02,314.7,329.5,1.4,13.0,0.1118,0.0125,0.6,422.2,0.7179,874.0,0.2767,0.5,402.98,0.007,5.2,9.2,2.0,10.885589036484761,8.95,8.74,17.6,795.0,7.76,0.467
4,10.9,0.7,10.1,0.95,439.8,445.0,1.8,36.0,0.3535,0.1249,19.6,1586.5,0.6725,838.0,0.3616,0.5,102.42,0.022,4.39,16.0,4.0,19.333883005349662,7.55,13.84,18.6,795.0,8.88,0.507
12,-0.1,-13.1,13.0,1.87,198.1,187.2,3.6,26.0,0.218,0.0475,-0.1,518.2,0.6971,858.0,0.3869,0.5,444.86,0.5893,5.01,18.6,2.0,19.12998558644499,8.62,14.91,15.0,795.0,8.17,0.37
12,3.0,-10.4,13.4,0.55,298.1,292.0,2.9,40.0,0.3368,0.1134,6.1,1204.9,0.4594,668.0,0.3466,0.5,323.44,0.2982,6.1,12.7,2.0,18.462789983250754,10.5,14.21,20.1,795.0,8.21,0.469
11,5.2,-3.4,8.6,1.43,245.5,251.8,0.4,34.0,0.2829,0.08,8.8,833.4,0.5314,725.0,0.4716,0.5,249.44,0.1082,5.3,15.5,2.0,13.741184797713046,9.12,10.73,13.3,795.0,6.46,0.464
12,5.5,-4.7,10.2,0.44,133.6,141.8,3.1,14.0,0.1172,0.0137,3.9,187.8,0.5569,746.0,0.2961,0.5,239.7,0.4407,4.1,13.0,1.0,13.189814607155123,7.05,10.94,15.4,795.0,8.4,0.439
3,8.2,-0.5,8.7,1.73,406.2,399.8,3.4,30.0,0.2489,0.062,12.2,1213.4,0.7341,887.0,0.4165,0.5,164.48,0.3961,4.4,7.5,3.0,10.323846979456338,7.57,7.73,15.0,795.0,8.79,0.468
11,7.6,-3.2,10.9,0.96,266.6,267.6,2.5,29.0,0.2387,0.057,10.9,763.7,0.3802,604.0,0.4287,0.5,178.64,0.0189,6.5,18.3,2.0,16.752266479127787,11.18,12.87,16.6,795.0,6.72,0.388
12,0.5,-11.8,12.4,1.04,276.6,276.8,0.6,35.0,0.2875,0.0827,0.9,954.5,0.7736,919.0,0.4389,0.5,418.92,0.0042,5.96,13.0,3.0,10.745010090700626,10.26,8.08,17.8,795.0,6.88,0.343
3,9.7,-2.9,12.6,1.26,384.3,387.0,0.7,42.0,0.3522,0.124,20.5,1624.0,0.7052,864.0,0.4906,0.5,127.72,0.0246,4.9,10.0,3.0,13.047127245882235,8.43,9.75,19.0,795.0,7.71,0.425
11,9.3,-4.5,13.8,1.08,289.2,290.6,1.3,51.0,0.4291,0.1841,23.9,1488.8,1.0,1211.0,0.3929,0.5,137.68,0.0005,4.5,9.0,2.0,12.689927748719398,7.74,10.32,19.0,795.0,9.01,0.417
11,4.7,-3.5,8.2,1.45,320.2,313.4,2.7,34.0,0.2828,0.08,8.1,1086.6,0.7139,871.0,0.4465,0.5,264.22,0.1208,6.0,17.0,3.0,10.284996012005067,10.32,7.68,14.1,795.0,8.68,0.498
12,4.2,-7.1,11.2,0.71,297.3,310.9,2.4,41.0,0.34,0.1156,8.5,1213.1,0.6074,786.0,0.4257,0.5,283.16,0.1485,5.2,12.0,2.0,17.909871735676784,8.95,13.92,18.0,795.0,8.77,0.336
11,8.8,0.2,8.7,0.37,294.5,291.0,1.9,20.0,0.1696,0.0288,9.0,599.4,0.8449,976.0,0.3847,0.5,147.64,0.5344,3.7,18.0,2.0,12.931082364755948,6.37,10.37,16.7,795.0,7.06,0.434
11,8.9,0.2,8.7,0.57,442.0,454.7,1.7,48.0,0.4017,0.1613,21.4,2130.2,0.8861,1009.0,0.3447,0.5,146.47,0.2782,5.54,13.0,3.0,16.950018520552565,9.53,12.82,18.4,795.0,8.11,0.433
1,2.5,-11.2,13.7,0.5,230.5,238.9,2.9,12.0,0.1,0.01,1.5,276.5,0.723,878.0,0.4039,0.5,340.99,0.3595,3.1,11.5,4.0,19.341244153387006,5.33,13.88,19.5,795.0,8.35,0.365
1,-2.3,-12.0,9.7,1.02,240.8,235.2,1.2,41.0,0.3434,0.1179,-4.7,992.1,0.5434,735.0,0.4206,0.5,541.92,0.0064,3.1,10.0,1.0,12.077531834197,5.33,10.09,15.1,795.0,6.96,0.349
12,-1.3,-13.1,11.9,1.88,213.5,215.7,2.5,49.0,0.4049,0.1639,-3.1,1037.3,0.4385,651.0,0.4476,0.5,496.63,0.6022,3.68,12.1,4.0,16.305493788738815,6.33,11.38,14.3,795.0,8.58,0.529
4,14.2,2.3,11.9,1.57,447.2,448.4,0.5,58.0,0.8923,0.7962,41.3,2591.1,0.913,1030.0,0.7137,0.5,45.7,0.2238,5.1,11.5,1.0,11.772219798338908,8.78,10.16,18.6,2607.4,11.05,0.519
12,1.6,-9.0,10.6,0.92,258.5,253.1,2.9,31.0,0.2587,0.0669,2.5,802.4,0.3642,591.0,0.3621,0.5,375.34,0.0314,4.24,13.0,3.0,14.920108555426603,7.3,10.88,16.4,795.0,7.48,0.46
2,6.9,-4.6,11.5,1.29,359.4,363.8,2.5,32.0,0.2652,0.0703,11.0,1143.5,0.7908,933.0,0.405,0.5,198.19,0.0369,4.51,9.0,2.0,15.083441829943206,7.76,11.95,17.7,795.0,7.85,0.418
2,0.5,-10.8,11.3,0.84,401.1,399.2,0.9,56.0,0.4679,0.2189,1.5,2252.2,0.6098,788.0,0.4538,0.5,419.5,0.0679,4.06,16.9,2.0,10.497166977333176,6.99,8.36,19.3,795.0,8.63,0.349
12,2.7,-6.4,9.1,0.78,251.9,246.5,3.9,11.0,0.0924,0.0085,1.5,279.4,1.0,1105.0,0.3516,0.5,333.98,0.1023,5.15,15.8,2.0,10.841072713281466,8.86,8.93,15.4,795.0,7.55,0.427
3,3.5,-5.3,8.8,1.17,391.6,391.4,1.9,13.0,0.1115,0.0124,2.4,524.0,0.594,775.0,0.3123,0.5,305.04,0.0046,6.2,11.1,1.0,14.774979659601858,10.67,12.16,16.3,795.0,6.94,0.514
2,0.5,-9.6,10.1,0.3,289.0,286.0,3.1,34.0,0.2817,0.0794,0.8,977.1,0.6025,782.0,0.3958,0.5,420.78,0.64,4.4,13.0,2.0,9.946468177618264,7.57,7.94,18.0,795.0,8.92,0.465
3,5.5,-5.0,10.5,1.19,335.3,335.8,3.1,65.0,0.54,0.2916,17.9,2173.1,0.422,638.0,0.4079,0.5,239.63,0.0077,5.0,10.0,2.0,16.033824597064115,8.6,12.36,16.8,795.0,8.18,0.456
12,-2.7,-15.1,12.4,1.33,230.5,234.1,3.6,23.0,0.1903,0.0362,-3.1,526.3,0.5129,710.0,0.2693,0.5,561.45,0.0541,3.9,12.0,3.0,12.870152099426068,6.71,9.46,16.4,795.0,7.26,0.417
2,3.2,-7.4,10.5,0.54,306.1,306.5,2.7,37.0,0.3124,0.0976,5.9,1147.6,0.6725,838.0,0.3552,0.5,318.14,0.3089,3.6,8.3,3.0,15.37602993865297,6.19,11.47,18.0,795.0,7.67,0.429
4,12.0,-2.0,14.0,0.86,600.5,610.0,2.8,19.0,0.2219,0.0492,11.4,1147.1,0.665,832.0,0.4824,0.5,81.53,0.0588,5.66,13.0,3.0,17.34821687357306,9.74,12.94,24.3,1389.5,6.88,0.491
3,8.2,-3.2,11.4,1.69,460.0,454.1,2.8,40.0,0.3365,0.1133,16.5,1857.8,0.4702,676.0,0.1902,0.5,164.32,0.3498,4.0,7.2,2.0,16.852357632058528,6.88,13.02,18.1,795.0,7.57,0.361
12,-3.6,-13.5,9.8,1.24,150.9,144.9,1.7,18.0,0.1529,0.0234,-3.3,276.9,0.7525,902.0,0.3284,0.5,606.27,0.0203,4.9,12.0,4.0,12.63683610995066,8.43,8.88,13.3,795.0,6.33,0.326
4,13.3,1.6,11.7,0.7,411.2,415.6,0.6,43.0,0.5914,0.3498,28.4,1754.6,0.7514,901.0,0.5594,0.5,59.02,0.1615,5.2,12.0,1.0,14.182158324049166,8.95,11.84,20.1,1189.7,8.36,0.345
2,4.2,-5.7,9.9,0.87,261.2,264.1,1.7,52.0,0.4335,0.1879,11.0,1358.8,0.5754,760.0,0.3613,0.5,281.22,0.0518,4.33,9.0,3.0,13.019970336978487,7.45,9.63,16.0,795.0,8.89,0.427
11,6.1,-5.3,11.5,1.44,306.2,309.8,0.8,24.0,0.2024,0.0409,7.5,743.6,0.887,1010.0,0.3614,0.5,220.72,0.1145,4.87,15.5,3.0,10.830534024856615,8.38,8.23,16.5,795.0,7.19,0.341
3,7.9,-5.8,13.7,0.77,562.1,548.3,3.7,55.0,0.4561,0.2081,21.7,3076.9,0.7707,917.0,0.4734,0.5,170.43,0.106,3.85,13.0,2.0,16.715194017367498,6.62,13.15,23.8,795.0,8.18,0.445
4,14.7,5.6,9.1,0.84,586.9,595.0,1.9,46.0,0.7482,0.5597,34.0,2705.4,0.4572,666.0,0.6777,0.5,39.21,0.0653,5.5,10.0,3.0,9.240545682306967,9.46,6.7,20.3,1995.5,10.21,0.536
2,1.8,-10.0,11.9,0.96,423.2,436.3,2.5,16.0,0.1293,0.0167,1.4,656.5,0.8246,960.0,0.2988,0.5,367.75,0.0205,4.6,11.6,1.0,13.128013864705972,7.91,11.11,19.7,795.0,7.53,0.349
4,14.0,2.0,12.0,0.76,489.8,480.0,2.9,15.0,0.2301,0.0529,10.7,747.2,0.7119,869.0,0.3426,0.5,48.33,0.1161,4.0,15.0,3.0,14.019755712758458,6.88,10.48,21.4,795.0,7.75,0.409
1,-0.6,-8.6,8.0,1.81,311.0,313.3,0.9,39.0,0.3291,0.1083,-1.1,1228.0,0.6447,816.0,0.3962,0.5,464.63,0.5098,4.9,12.8,3.0,8.269143018716122,8.43,6.12,12.8,795.0,6.7,0.357
12,4.5,-9.0,13.5,1.22,235.4,236.9,3.7,36.0,0.2997,0.0898,8.0,846.6,0.4624,670.0,0.4829,0.5,273.39,0.0139,5.74,10.0,2.0,8.763289334608274,9.88,6.94,17.6,795.0,7.66,0.518
4,14.5,5.0,9.6,0.86,479.2,474.0,1.4,33.0,0.5294,0.2803,24.2,1594.3,0.4193,635.0,0.4916,0.5,41.63,0.0594,4.4,8.0,4.0,13.609303876708013,7.57,9.34,19.0,1359.5,8.68,0.531
11,7.9,-4.6,12.5,0.78,325.4,315.0,0.6,33.0,0.2756,0.076,13.1,1076.2,0.4786,683.0,0.3541,0.5,171.12,0.103,6.3,10.0,4.0,14.849937449369953,10.84,10.32,19.2,795.0,7.61,0.31
4,12.8,-0.4,13.2,1.2,531.3,539.7,3.2,26.0,0.3367,0.1134,16.6,1374.4,0.7496,900.0,0.3935,0.5,67.08,0.0097,3.9,14.0,2.0,6.754244646846212,6.71,5.67,21.8,1191.0,8.37,0.406
3,6.1,-4.1,10.2,0.9,421.3,444.0,0.1,36.0,0.2981,0.0889,10.9,1507.1,0.4761,681.0,0.42,0.5,221.69,0.0416,6.36,11.8,4.0,11.81746017340192,10.94,8.04,18.5,795.0,6.18,0.367
2,2.9,-7.8,10.7,0.96,292.3,299.8,3.7,65.0,0.5378,0.2892,9.4,1886.4,0.7094,867.0,0.4891,0.5,327.55,0.0189,4.7,9.0,4.0,12.68272575497513,8.09,8.88,16.8,795.0,10.67,0.417
11,5.7,-3.2,8.9,0.79,309.5,304.3,1.2,64.0,0.5299,0.2808,18.1,1968.2,0.8667,993.0,0.5403,0.5,234.17,0.0933,4.1,15.0,1.0,13.96374513391685,7.05,11.77,16.1,795.0,6.86,0.454
1,-8.3,-22.2,13.9,1.56,285.8,295.1,3.2,61.0,0.5088,0.2589,-25.3,1745.0,0.5262,721.0,0.499,0.5,857.94,0.2154,3.3,9.0,1.0,8.194406188957643,5.68,7.17,17.8,795.0,8.94,0.503
12,-1.2,-12.3,11.1,2.16,270.9,283.6,2.9,65.0,0.5407,0.2924,-4.1,1757.9,0.5601,748.0,0.5207,0.5,495.01,1.1338,5.14,12.6,2.0,14.603410639168182,8.84,11.4,13.8,795.0,10.31,0.48
12,2.5,-8.2,10.7,1.43,308.2,309.0,2.3,24.0,0.1972,0.0389,3.0,729.3,0.6585,827.0,0.3334,0.5,341.81,0.1102,6.2,12.0,2.0,8.05239647969162,10.67,6.57,15.9,795.0,6.56,0.304
11,11.9,-1.3,13.2,1.23,411.3,432.5,2.9,63.0,0.7272,0.5288,37.7,2608.2,0.6827,846.0,0.5807,0.5,83.15,0.0169,4.66,13.9,4.0,15.043021716667711,8.02,10.63,19.9,1330.1,9.8,0.552
3,3.9,-5.5,9.4,1.4,438.2,428.9,2.2,64.0,0.5305,0.2814,12.4,2789.3,0.6393,811.0,0.6078,0.5,292.93,0.0927,3.99,14.2,3.0,12.578503092110177,6.87,9.35,16.9,795.0,10.12,0.429
1,-1.5,-14.5,13.0,0.81,315.7,322.7,1.8,51.0,0.4244,0.1801,-3.9,1607.7,0.5901,772.0,0.4827,0.5,507.66,0.0826,6.3,13.0,3.0,10.486486658320654,10.84,7.74,19.4,795.0,8.16,0.521
1,-0.9,-13.7,12.8,1.66,261.1,273.2,1.0,19.0,0.1562,0.0244,-0.9,489.4,0.5696,756.0,0.2769,0.5,480.9,0.3101,6.3,9.7,2.0,16.71987643791638,10.84,13.0,16.3,795.0,7.76,0.402
3,7.9,-0.4,8.3,1.02,408.1,405.2,3.5,53.0,0.444,0.1971,21.0,2174.2,0.5257,721.0,0.6156,0.5,171.91,0.0065,3.7,10.2,2.0,21.617211928491173,6.37,16.63,16.5,795.0,9.04,0.44
2,2.1,-10.7,12.9,1.08,342.5,350.5,3.4,19.0,0.1589,0.0253,2.0,653.1,0.6045,784.0,0.4209,0.5,356.12,0.0004,4.3,9.5,2.0,12.030216216174345,7.4,9.51,19.0,795.0,8.17,0.486
11,0.4,-10.0,10.4,0.95,184.9,183.2,3.3,31.0,0.2555,0.0653,0.6,566.9,0.35,580.0,0.3559,0.5,424.28,0.022,5.7,13.0,3.0,17.771252829368848,9.81,13.01,15.0,795.0,7.91,0.44
11,11.7,2.5,9.2,1.32,475.5,457.2,2.7,13.0,0.1403,0.0197,7.4,599.3,0.4094,627.0,0.2067,0.5,86.87,0.0489,4.8,10.7,2.0,15.620404330659284,8.26,12.04,17.5,795.0,6.35,0.325
11,6.5,-6.9,13.4,0.39,370.6,360.3,1.2,63.0,0.5236,0.2742,20.5,2329.0,0.8484,979.0,0.5848,0.5,209.71,0.5091,3.6,7.0,3.0,12.374951964835319,6.19,9.36,21.7,795.0,8.31,0.368
12,0.3,-10.5,10.8,0.91,233.7,218.1,3.6,25.0,0.205,0.042,0.3,574.7,0.6399,812.0,0.3145,0.5,429.17,0.0363,5.9,10.5,1.0,9.07250717668677,10.15,7.92,16.2,795.0,6.9,0.402
1,1.5,-11.3,12.8,0.76,283.7,266.9,2.7,43.0,0.3592,0.129,3.3,1222.8,0.7476,898.0,0.3868,0.5,379.64,0.1128,6.17,9.0,2.0,13.404653610796576,10.62,10.65,18.9,795.0,8.08,0.374
4,13.3,3.1,10.2,1.18,513.8,505.0,3.7,49.0,0.6755,0.4562,32.5,2513.7,0.6882,851.0,0.6083,0.5,59.53,0.006,4.15,14.8,3.0,13.434071311543683,7.14,10.03,19.2,1675.3,11.03,0.507
4,14.3,5.1,9.2,0.75,512.0,490.6,3.6,30.0,0.4612,0.2127,21.3,1525.9,0.9776,1082.0,0.526,0.5,45.09,0.1196,4.29,7.8,2.0,21.487149494508472,7.38,16.9,19.4,1006.9,8.07,0.34
12,-0.1,-11.8,11.8,0.66,244.2,242.0,2.3,27.0,0.2281,0.052,-0.1,668.6,0.7766,921.0,0.4279,0.5,443.38,0.1941,4.3,14.8,3.0,19.11701034533531,7.4,14.36,17.7,795.0,7.92,0.467
12,1.1,-11.9,13.1,0.9,281.0,260.3,1.1,23.0,0.1908,0.0364,1.3,643.3,0.7957,937.0,0.3628,0.5,394.42,0.0382,4.0,13.3,2.0,13.751248090558738,6.88,10.95,18.7,795.0,7.27,0.351
3,9.5,-2.6,12.2,0.99,392.8,385.7,1.4,57.0,0.4716,0.2224,27.0,2223.2,0.8187,955.0,0.6091,0.5,131.35,0.0113,4.53,16.0,3.0,14.211139544813918,7.79,10.71,19.4,795.0,9.28,0.438
2,2.1,-9.6,11.7,1.12,397.0,405.6,2.2,19.0,0.1548,0.024,2.0,737.2,0.7973,938.0,0.2239,0.5,355.91,0.0003,5.62,14.0,1.0,12.414380705276589,9.67,10.55,18.8,795.0,6.72,0.391
1,-3.7,-14.4,10.7,1.03,252.4,238.0,3.2,26.0,0.2186,0.0478,-4.8,662.1,0.8015,941.0,0.4995,0.5,608.22,0.0055,5.3,13.0,2.0,8.975461986085742,9.12,7.37,16.1,795.0,9.24,0.43
1,0.4,-11.1,11.5,1.56,170.5,178.7,0.9,58.0,0.4836,0.2339,1.2,989.1,0.6844,847.0,0.5677,0.5,423.5,0.2103,4.24,10.2,2.0,20.080515144045616,7.3,15.61,14.2,795.0,7.94,0.571
3,10.0,-2.0,12.0,0.73,363.9,363.6,3.3,27.0,0.2277,0.0519,13.6,994.5,0.772,918.0,0.3617,0.5,121.24,0.1396,4.13,14.0,2.0,18.359189160588258,7.11,14.39,19.5,795.0,8.22,0.274
1,-4.2,-14.8,10.6,0.9,287.4,263.5,3.2,38.0,0.3143,0.0988,-8.0,1083.9,0.5101,708.0,0.4227,0.5,636.61,0.039,4.5,10.0,4.0,6.967499336023904,7.74,4.43,16.8,795.0,6.51,0.339
3,1.9,-8.6,10.4,1.35,421.3,429.2,3.7,16.0,0.136,0.0185,1.5,687.4,0.5111,709.0,0.2197,0.5,366.19,0.0614,4.0,19.0,3.0,16.590974075818703,6.88,12.25,17.6,795.0,8.64,0.244
12,1.3,-9.6,10.9,0.64,276.1,267.5,1.8,35.0,0.2928,0.0857,2.3,970.0,0.6183,795.0,0.4316,0.5,387.9,0.2118,4.4,6.4,2.0,16.494286335616703,7.57,12.87,17.6,795.0,7.09,0.488
1,-0.9,-14.0,13.1,1.32,242.4,233.8,3.6,45.0,0.3717,0.1381,-2.1,1081.0,0.5829,766.0,0.5208,0.5,480.6,0.0462,5.5,9.4,1.0,15.20905375929494,9.46,12.47,17.1,795.0,9.62,0.52
4,13.0,4.2,8.8,1.53,541.0,535.2,2.7,31.0,0.4121,0.1698,20.1,1669.3,0.7322,886.0,0.4639,0.5,63.77,0.1879,6.5,11.0,1.0,16.40217813960732,11.18,13.49,17.6,1371.6,9.31,0.421
4,19.7,6.9,12.7,1.25,417.2,406.6,1.6,53.0,1.0,1.0,51.8,2194.7,0.6527,822.0,0.8419,0.5,1.73,0.0219,3.7,6.1,2.0,20.81326535851573,6.37,16.13,19.6,4334.4,9.84,0.59
11,7.7,-3.5,11.2,1.53,414.4,420.0,1.6,36.0,0.3012,0.0907,13.9,1497.8,0.5458,737.0,0.298,0.5,177.52,0.1851,6.6,8.0,2.0,17.39929094829314,11.36,13.49,17.6,795.0,7.36,0.465
4,12.6,0.7,12.0,1.79,522.5,538.2,2.3,18.0,0.2275,0.0518,11.3,935.7,0.8414,973.0,0.3086,0.5,70.18,0.4778,4.2,9.0,4.0,9.883588477785576,7.23,6.89,19.2,821.6,6.83,0.478
1,-0.6,-13.9,13.4,1.96,259.1,254.2,3.2,46.0,0.3799,0.1443,-1.3,1181.1,0.6428,814.0,0.4536,0.5,464.41,0.7382,4.0,7.6,3.0,13.165428304605527,6.88,9.79,16.0,795.0,9.38,0.444
2,0.4,-8.4,8.8,0.75,400.1,407.2,3.4,51.0,0.4244,0.1801,1.0,2037.5,0.613,790.0,0.3735,0.5,424.76,0.1194,4.6,9.9,2.0,13.557953771905222,7.91,10.66,17.4,795.0,8.51,0.414
2,-2.9,-16.3,13.4,0.62,359.1,355.8,3.5,33.0,0.2773,0.0769,-4.9,1195.1,0.5896,772.0,0.4144,0.5,572.13,0.2325,6.05,12.0,1.0,13.106804404143645,10.41,10.9,20.9,795.0,8.19,0.436
11,5.5,-2.6,8.1,1.12,360.1,368.4,3.9,12.0,0.1041,0.0108,3.4,449.6,0.87,996.0,0.1946,0.5,240.1,0.0003,5.0,11.6,3.0,16.331849378606044,8.6,12.34,15.4,795.0,6.84,0.334
11,5.1,-6.7,11.8,1.05,335.8,342.7,0.3,53.0,0.4437,0.1969,13.7,1788.3,0.7216,877.0,0.3738,0.5,251.95,0.0021,3.3,13.0,3.0,10.511111895043154,5.68,7.86,18.1,795.0,6.69,0.44
12,6.8,-5.6,12.4,0.33,188.2,191.7,3.2,33.0,0.2736,0.0748,11.1,617.8,0.8175,954.0,0.321,0.5,202.54,0.5993,4.0,11.1,1.0,6.037225666195162,6.88,5.78,18.2,795.0,8.78,0.345
11,9.8,1.6,8.2,1.1,291.6,282.9,3.8,27.0,0.2282,0.0521,13.4,798.3,0.8523,982.0,0.3901,0.5,124.93,0.0,4.6,8.0,2.0,14.684926711298491,7.91,11.7,14.5,795.0,8.68,0.392
11,5.1,-5.5,10.5,0.37,347.1,344.0,1.9,18.0,0.1537,0.0236,4.7,640.1,0.4994,700.0,0.3196,0.5,253.88,0.5305,4.5,10.0,1.0,11.814295821881014,7.74,9.86,19.0,795.0,6.94,0.433
3,2.7,-7.3,10.1,0.88,443.1,447.0,2.0,38.0,0.3162,0.1,5.2,1681.3,0.4986,699.0,0.6386,0.5,333.35,0.0489,4.5,15.0,2.0,7.291811673114912,7.74,5.87,18.8,795.0,7.2,0.422
11,10.9,2.2,8.6,0.85,506.5,501.3,0.1,24.0,0.2382,0.0568,13.2,1231.4,0.4736,679.0,0.373,0.5,102.44,0.0613,3.6,10.5,1.0,16.36950361015141,6.19,13.26,18.7,795.0,8.09,0.439
12,3.5,-7.5,11.0,1.04,181.6,182.9,0.4,51.0,0.4256,0.1811,8.8,927.4,0.9289,1043.0,0.5218,0.5,307.65,0.0042,4.5,10.0,2.0,14.766275314098623,7.74,11.82,15.2,795.0,8.61,0.494
4,16.7,5.7,11.0,0.72,504.7,516.7,3.5,27.0,0.5219,0.2724,22.3,1348.3,0.9491,1059.0,0.5691,0.5,18.31,0.141,6.53,11.0,2.0,14.475553570535222,11.24,11.62,20.9,2483.4,9.56,0.394
2,4.3,-6.4,10.7,1.73,333.5,337.3,0.1,51.0,0.422,0.1781,10.9,1688.9,0.3681,594.0,0.6087,0.5,278.76,0.3935,4.79,12.0,2.0,6.51606951590468,8.24,5.18,15.5,795.0,8.21,0.358
4,15.0,7.0,8.0,0.74,500.8,502.6,3.2,28.0,0.4664,0.2175,21.0,1406.0,0.7015,861.0,0.4715,0.5,36.41,0.1301,6.1,17.2,2.0,17.776697172879395,10.5,13.89,18.4,1441.9,9.53,0.583
1,-5.8,-15.7,9.9,1.29,231.8,241.1,1.3,65.0,0.5393,0.2909,-18.8,1500.3,0.6245,800.0,0.4539,0.5,718.62,0.0371,3.9,7.4,2.0,16.359682003866784,6.71,12.77,14.5,795.0,9.61,0.425
4,14.2,5.4,8.9,0.78,524.7,513.2,2.0,64.0,0.9828,0.9659,45.4,3347.8,0.6672,834.0,0.7317,0.5,45.67,0.103,5.7,10.0,3.0,16.340895533849636,9.81,12.19,19.3,1068.8,10.61,0.599
3,8.9,-1.9,10.8,1.55,408.2,418.6,1.1,16.0,0.1304,0.017,7.0,638.7,0.6991,859.0,0.3123,0.5,146.69,0.1995,4.0,12.0,1.0,15.785181884609127,6.88,13.0,17.2,795.0,6.53,0.421
11,5.5,-5.9,11.3,0.83,297.3,291.3,2.9,20.0,0.1695,0.0287,5.6,604.7,0.6628,830.0,0.2579,0.5,241.37,0.0723,4.5,9.5,2.0,11.40734935920769,7.74,9.09,17.7,795.0,7.24,0.424
1,-4.1,-14.5,10.4,1.55,237.3,242.0,2.1,50.0,0.4202,0.1766,-10.3,1196.5,0.47,676.0,0.6021,0.5,630.16,0.1998,5.0,18.6,4.0,13.691914822453981,8.6,9.44,14.3,795.0,9.75,0.346
1,-1.6,-10.7,9.1,1.25,308.4,313.6,1.4,16.0,0.1299,0.0169,-1.2,480.7,0.6203,796.0,0.2583,0.5,508.65,0.0214,5.57,11.5,1.0,14.679583307281984,9.58,12.11,15.1,795.0,7.25,0.372
3,5.9,-5.1,11.0,1.03,450.4,446.1,2.0,55.0,0.4607,0.2123,16.3,2490.0,0.614,791.0,0.5171,0.5,227.94,0.0051,3.8,14.0,2.0,18.623768174937766,6.54,14.46,19.3,795.0,8.44,0.419
3,4.2,-7.0,11.2,1.02,451.3,441.7,0.6,11.0,0.0918,0.0084,2.3,497.1,0.6006,780.0,0.22,0.5,281.76,0.0059,4.8,7.6,4.0,15.064312503067992,8.26,10.58,19.5,795.0,5.85,0.462
11,6.4,-2.3,8.8,0.83,254.7,260.0,0.2,27.0,0.2242,0.0503,8.6,685.3,0.6706,836.0,0.3866,0.5,212.84,0.071,5.74,13.0,2.0,15.67606366853734,9.88,12.29,15.0,795.0,6.11,0.36
3,5.3,-8.4,13.7,1.11,530.2,535.6,0.8,52.0,0.435,0.1892,13.9,2768.0,0.7648,912.0,0.6132,0.5,245.47,0.0,5.3,17.5,3.0,15.090959213541984,9.12,11.33,22.5,795.0,7.6,0.442
12,-3.9,-12.3,8.4,1.17,194.9,197.0,2.8,48.0,0.4012,0.161,-9.3,938.5,0.7471,898.0,0.4408,0.5,618.34,0.0045,4.93,17.1,2.0,14.443882487258605,8.48,11.43,13.0,795.0,7.68,0.466
3,9.5,-1.4,10.9,0.84,388.4,384.2,2.9,52.0,0.4337,0.1881,24.7,2021.7,0.5928,774.0,0.5119,0.5,132.78,0.0668,5.18,13.0,1.0,17.68972179283431,8.91,14.34,18.7,795.0,8.34,0.357
2,3.6,-7.2,10.8,0.82,348.9,344.8,3.8,47.0,0.3937,0.155,8.6,1648.1,0.5791,763.0,0.5265,0.5,301.95,0.0811,5.1,10.5,2.0,9.137852912536246,8.78,7.32,18.1,795.0,9.52,0.562
1,-0.1,-9.5,9.4,1.22,282.3,276.1,0.4,52.0,0.4303,0.1852,-0.2,1457.5,0.5929,774.0,0.5149,0.5,444.24,0.015,3.87,9.2,2.0,12.541067402468205,6.66,9.88,15.0,795.0,9.17,0.502
3,8.3,-5.0,13.3,1.35,405.0,396.6,0.1,35.0,0.2898,0.084,14.4,1408.6,0.8773,1002.0,0.4175,0.5,162.3,0.0649,5.87,14.5,4.0,18.34002249181125,10.1,13.26,19.6,795.0,6.73,0.475
11,10.3,0.6,9.7,0.78,464.5,470.3,0.9,27.0,0.2343,0.0549,13.7,1232.0,0.6642,831.0,0.3466,0.5,114.49,0.1013,5.5,13.0,1.0,14.705064462318754,9.46,12.16,19.0,795.0,7.71,0.414
12,6.4,-1.8,8.2,1.58,327.4,322.5,2.1,30.0,0.2481,0.0616,9.6,974.9,0.5467,737.0,0.336,0.5,211.75,0.2334,5.9,10.2,1.0,18.684660266004652,10.15,15.05,13.8,795.0,7.9,0.254
1,2.1,-10.3,12.3,1.73,242.8,226.3,2.6,25.0,0.2084,0.0434,2.6,607.2,0.6029,782.0,0.2852,0.5,357.98,0.3928,4.1,15.5,4.0,12.101072926744468,7.05,8.36,15.5,795.0,6.75,0.42
2,1.7,-8.1,9.8,1.07,363.2,355.2,1.3,52.0,0.4353,0.1895,4.5,1897.4,0.6377,810.0,0.4731,0.5,371.22,0.0007,3.2,10.0,3.0,15.02447386079711,5.51,11.18,16.9,795.0,6.56,0.453
1,0.3,-8.4,8.7,1.42,291.3,288.3,2.5,54.0,0.4509,0.2033,0.8,1575.9,0.8055,944.0,0.3982,0.5,428.05,0.0997,5.1,8.0,1.0,8.012442112303514,8.78,7.25,14.1,795.0,9.11,0.428
2,1.9,-6.9,8.8,1.31,326.8,330.5,2.4,28.0,0.2293,0.0526,2.6,899.0,0.7138,871.0,0.2733,0.5,365.27,0.043,5.0,13.0,1.0,16.002980971770718,8.6,13.17,14.9,795.0,7.76,0.398
1,-1.9,-12.0,10.1,0.3,217.3,224.7,2.6,14.0,0.1153,0.0133,-1.3,300.8,0.5656,753.0,0.3974,0.5,524.69,0.64,4.0,9.0,1.0,20.764438525765286,6.88,16.63,16.9,795.0,6.72,0.338
3,6.6,-6.0,12.6,1.18,380.5,360.2,2.0,50.0,0.4199,0.1763,16.6,1917.4,0.6354,808.0,0.4346,0.5,207.32,0.0061,5.0,8.2,3.0,16.234583764674092,8.6,12.08,19.2,795.0,8.11,0.499
12,6.3,-1.8,8.1,1.24,362.2,370.5,3.3,35.0,0.288,0.0829,10.9,1251.5,0.7007,861.0,0.4089,0.5,215.93,0.0189,6.3,13.5,4.0,14.004278423939908,10.84,9.86,15.1,795.0,6.89,0.31
11,5.1,-4.9,10.0,1.27,317.5,325.3,0.4,36.0,0.3027,0.0916,9.3,1153.1,0.3553,584.0,0.5367,0.5,251.82,0.0306,4.3,9.0,2.0,18.962617426319603,7.4,14.51,15.9,795.0,7.1,0.377
2,6.6,-1.6,8.2,0.62,289.6,291.1,0.9,57.0,0.4772,0.2277,19.0,1658.6,0.649,819.0,0.6219,0.5,206.76,0.2299,4.1,8.1,2.0,17.292969788594405,7.05,13.49,15.7,795.0,7.95,0.423
